motion_flag,motion_severity,motion_explanation,dropout_flag,dropout_severity,dropout_explanation,spike_flag,spike_severity,spike_explanation,flatline_flag,flatline_severity,flatline_explanation,any_artifact,artifact_burden
0,0.0,"amp_var=0.407 (thr=0.5, range-normalized), hf_power_ratio=0.029 (thr=0.4)",0,0.0078125,longest_dropout=1 samples (thr=32),0,0.0,"n_spikes=0, z_threshold=4.0",0,0.0,"flat_windows=0, threshold=0.0001",0,0.001953125
0,0.0,"amp_var=0.398 (thr=0.5, range-normalized), hf_power_ratio=0.015 (thr=0.4)",0,0.015625,longest_dropout=2 samples (thr=32),0,0.0,"n_spikes=0, z_threshold=4.0",0,0.0,"flat_windows=0, threshold=0.0001",0,0.00390625
0,0.0,"amp_var=0.268 (thr=0.5, range-normalized), hf_power_ratio=0.113 (thr=0.4)",0,0.0078125,longest_dropout=1 samples (thr=32),0,0.0,"n_spikes=0, z_threshold=4.0",0,0.0,"flat_windows=0, threshold=0.0001",0,0.001953125
0,0.0,"amp_var=0.356 (thr=0.5, range-normalized), hf_power_ratio=0.070 (thr=0.4)",0,0.0078125,longest_dropout=1 samples (thr=32),0,0.0,"n_spikes=0, z_threshold=4.0",0,0.0,"flat_windows=0, threshold=0.0001",0,0.001953125
0,0.0,"amp_var=0.410 (thr=0.5, range-normalized), hf_power_ratio=0.015 (thr=0.4)",0,0.0078125,longest_dropout=1 samples (thr=32),0,0.0,"n_spikes=0, z_threshold=4.0",0,0.0,"flat_windows=0, threshold=0.0001",0,0.001953125
0,0.0,"amp_var=0.407 (thr=0.5, range-normalized), hf_power_ratio=0.019 (thr=0.4)",0,0.0078125,longest_dropout=1 samples (thr=32),0,0.0,"n_spikes=0, z_threshold=4.0",0,0.0,"flat_windows=0, threshold=0.0001",0,0.001953125
0,0.0,"amp_var=0.284 (thr=0.5, range-normalized), hf_power_ratio=0.140 (thr=0.4)",0,0.0078125,longest_dropout=1 samples (thr=32),0,0.0,"n_spikes=0, z_threshold=4.0",0,0.0,"flat_windows=0, threshold=0.0001",0,0.001953125
0,0.0,"amp_var=0.361 (thr=0.5, range-normalized), hf_power_ratio=0.064 (thr=0.4)",0,0.015625,longest_dropout=2 samples (thr=32),0,0.0,"n_spikes=0, z_threshold=4.0",0,0.0,"flat_windows=0, threshold=0.0001",0,0.00390625
0,0.0,"amp_var=0.277 (thr=0.5, range-normalized), hf_power_ratio=0.104 (thr=0.4)",0,0.0078125,longest_dropout=1 samples (thr=32),0,0.0,"n_spikes=0, z_threshold=4.0",0,0.0,"flat_windows=0, threshold=0.0001",0,0.001953125
0,0.0,"amp_var=0.386 (thr=0.5, range-normalized), hf_power_ratio=0.052 (thr=0.4)",0,0.0078125,longest_dropout=1 samples (thr=32),0,0.0,"n_spikes=0, z_threshold=4.0",0,0.0,"flat_windows=0, threshold=0.0001",0,0.001953125
0,0.0,"amp_var=0.393 (thr=0.5, range-normalized), hf_power_ratio=0.036 (thr=0.4)",0,0.0078125,longest_dropout=1 samples (thr=32),0,0.0,"n_spikes=0, z_threshold=4.0",0,0.0,"flat_windows=0, threshold=0.0001",0,0.001953125
0,0.0,"amp_var=0.256 (thr=0.5, range-normalized), hf_power_ratio=0.165 (thr=0.4)",0,0.0078125,longest_dropout=1 samples (thr=32),0,0.0,"n_spikes=0, z_threshold=4.0",0,0.0,"flat_windows=0, threshold=0.0001",0,0.001953125
0,0.0,"amp_var=0.312 (thr=0.5, range-normalized), hf_power_ratio=0.101 (thr=0.4)",1,0.3046875,longest_dropout=39 samples (thr=32),0,0.0,"n_spikes=0, z_threshold=4.0",0,0.0,"flat_windows=0, threshold=0.0001",1,0.076171875
0,0.0,"amp_var=0.296 (thr=0.5, range-normalized), hf_power_ratio=0.233 (thr=0.4)",0,0.2109375,longest_dropout=27 samples (thr=32),0,0.0,"n_spikes=0, z_threshold=4.0",0,0.0,"flat_windows=0, threshold=0.0001",0,0.052734375
0,0.0,"amp_var=0.271 (thr=0.5, range-normalized), hf_power_ratio=0.129 (thr=0.4)",0,0.0078125,longest_dropout=1 samples (thr=32),0,0.0,"n_spikes=0, z_threshold=4.0",0,0.0,"flat_windows=0, threshold=0.0001",0,0.001953125
0,0.0,"amp_var=0.235 (thr=0.5, range-normalized), hf_power_ratio=0.205 (thr=0.4)",1,0.265625,longest_dropout=34 samples (thr=32),0,0.0,"n_spikes=0, z_threshold=4.0",0,0.0,"flat_windows=0, threshold=0.0001",1,0.06640625
0,0.0,"amp_var=0.285 (thr=0.5, range-normalized), hf_power_ratio=0.151 (thr=0.4)",1,0.4375,longest_dropout=56 samples (thr=32),0,0.0,"n_spikes=0, z_threshold=4.0",0,0.0,"flat_windows=0, threshold=0.0001",1,0.109375
0,0.0,"amp_var=0.331 (thr=0.5, range-normalized), hf_power_ratio=0.028 (thr=0.4)",0,0.15625,longest_dropout=20 samples (thr=32),0,0.0,"n_spikes=0, z_threshold=4.0",0,0.0,"flat_windows=0, threshold=0.0001",0,0.0390625
0,0.0,"amp_var=0.275 (thr=0.5, range-normalized), hf_power_ratio=0.113 (thr=0.4)",0,0.0078125,longest_dropout=1 samples (thr=32),0,0.0,"n_spikes=0, z_threshold=4.0",0,0.0,"flat_windows=0, threshold=0.0001",0,0.001953125
0,0.0,"amp_var=0.281 (thr=0.5, range-normalized), hf_power_ratio=0.150 (thr=0.4)",0,0.1328125,longest_dropout=17 samples (thr=32),0,0.0,"n_spikes=0, z_threshold=4.0",0,0.0,"flat_windows=0, threshold=0.0001",0,0.033203125
0,0.0,"amp_var=0.408 (thr=0.5, range-normalized), hf_power_ratio=0.029 (thr=0.4)",0,0.0078125,longest_dropout=1 samples (thr=32),0,0.0,"n_spikes=0, z_threshold=4.0",0,0.0,"flat_windows=0, threshold=0.0001",0,0.001953125
0,0.0,"amp_var=0.365 (thr=0.5, range-normalized), hf_power_ratio=0.011 (thr=0.4)",1,0.296875,longest_dropout=38 samples (thr=32),0,0.0,"n_spikes=0, z_threshold=4.0",0,0.0,"flat_windows=0, threshold=0.0001",1,0.07421875
0,0.0,"amp_var=0.363 (thr=0.5, range-normalized), hf_power_ratio=0.039 (thr=0.4)",0,0.015625,longest_dropout=2 samples (thr=32),0,0.0,"n_spikes=0, z_threshold=4.0",0,0.0,"flat_windows=0, threshold=0.0001",0,0.00390625
0,0.0,"amp_var=0.275 (thr=0.5, range-normalized), hf_power_ratio=0.141 (thr=0.4)",1,0.390625,longest_dropout=50 samples (thr=32),0,0.0,"n_spikes=0, z_threshold=4.0",0,0.0,"flat_windows=0, threshold=0.0001",1,0.09765625
0,0.0,"amp_var=0.361 (thr=0.5, range-normalized), hf_power_ratio=0.069 (thr=0.4)",0,0.234375,longest_dropout=30 samples (thr=32),0,0.0,"n_spikes=0, z_threshold=4.0",0,0.0,"flat_windows=0, threshold=0.0001",0,0.05859375
0,0.0,"amp_var=0.379 (thr=0.5, range-normalized), hf_power_ratio=0.052 (thr=0.4)",0,0.0078125,longest_dropout=1 samples (thr=32),0,0.0,"n_spikes=0, z_threshold=4.0",0,0.0,"flat_windows=0, threshold=0.0001",0,0.001953125
0,0.0,"amp_var=0.405 (thr=0.5, range-normalized), hf_power_ratio=0.017 (thr=0.4)",0,0.0078125,longest_dropout=1 samples (thr=32),0,0.0,"n_spikes=0, z_threshold=4.0",0,0.0,"flat_windows=0, threshold=0.0001",0,0.001953125
0,0.0,"amp_var=0.261 (thr=0.5, range-normalized), hf_power_ratio=0.161 (thr=0.4)",1,0.40625,longest_dropout=52 samples (thr=32),0,0.0,"n_spikes=0, z_threshold=4.0",0,0.0,"flat_windows=0, threshold=0.0001",1,0.1015625
0,0.0,"amp_var=0.300 (thr=0.5, range-normalized), hf_power_ratio=0.103 (thr=0.4)",0,0.0078125,longest_dropout=1 samples (thr=32),0,0.0,"n_spikes=0, z_threshold=4.0",0,0.0,"flat_windows=0, threshold=0.0001",0,0.001953125
0,0.0,"amp_var=0.349 (thr=0.5, range-normalized), hf_power_ratio=0.085 (thr=0.4)",0,0.015625,longest_dropout=2 samples (thr=32),0,0.0,"n_spikes=0, z_threshold=4.0",0,0.0,"flat_windows=0, threshold=0.0001",0,0.00390625
0,0.0,"amp_var=0.276 (thr=0.5, range-normalized), hf_power_ratio=0.130 (thr=0.4)",0,0.0078125,longest_dropout=1 samples (thr=32),0,0.0,"n_spikes=0, z_threshold=4.0",0,0.0,"flat_windows=0, threshold=0.0001",0,0.001953125
0,0.0,"amp_var=0.395 (thr=0.5, range-normalized), hf_power_ratio=0.040 (thr=0.4)",0,0.0078125,longest_dropout=1 samples (thr=32),0,0.0,"n_spikes=0, z_threshold=4.0",0,0.0,"flat_windows=0, threshold=0.0001",0,0.001953125
0,0.0,"amp_var=0.408 (thr=0.5, range-normalized), hf_power_ratio=0.014 (thr=0.4)",0,0.015625,longest_dropout=2 samples (thr=32),0,0.0,"n_spikes=0, z_threshold=4.0",0,0.0,"flat_windows=0, threshold=0.0001",0,0.00390625
0,0.0,"amp_var=0.355 (thr=0.5, range-normalized), hf_power_ratio=0.082 (thr=0.4)",0,0.0078125,longest_dropout=1 samples (thr=32),0,0.0,"n_spikes=0, z_threshold=4.0",0,0.0,"flat_windows=0, threshold=0.0001",0,0.001953125
0,0.0,"amp_var=0.318 (thr=0.5, range-normalized), hf_power_ratio=0.089 (thr=0.4)",0,0.2265625,longest_dropout=29 samples (thr=32),0,0.0,"n_spikes=0, z_threshold=4.0",0,0.0,"flat_windows=0, threshold=0.0001",0,0.056640625
0,0.0,"amp_var=0.316 (thr=0.5, range-normalized), hf_power_ratio=0.122 (thr=0.4)",0,0.0078125,longest_dropout=1 samples (thr=32),0,0.0,"n_spikes=0, z_threshold=4.0",0,0.0,"flat_windows=0, threshold=0.0001",0,0.001953125
0,0.0,"amp_var=0.398 (thr=0.5, range-normalized), hf_power_ratio=0.039 (thr=0.4)",0,0.0078125,longest_dropout=1 samples (thr=32),0,0.0,"n_spikes=0, z_threshold=4.0",0,0.0,"flat_windows=0, threshold=0.0001",0,0.001953125
0,0.0,"amp_var=0.416 (thr=0.5, range-normalized), hf_power_ratio=0.025 (thr=0.4)",0,0.015625,longest_dropout=2 samples (thr=32),0,0.0,"n_spikes=0, z_threshold=4.0",0,0.0,"flat_windows=0, threshold=0.0001",0,0.00390625
0,0.0,"amp_var=0.357 (thr=0.5, range-normalized), hf_power_ratio=0.064 (thr=0.4)",0,0.015625,longest_dropout=2 samples (thr=32),0,0.0,"n_spikes=0, z_threshold=4.0",0,0.0,"flat_windows=0, threshold=0.0001",0,0.00390625
0,0.0,"amp_var=0.278 (thr=0.5, range-normalized), hf_power_ratio=0.128 (thr=0.4)",0,0.0078125,longest_dropout=1 samples (thr=32),0,0.0,"n_spikes=0, z_threshold=4.0",0,0.0,"flat_windows=0, threshold=0.0001",0,0.001953125
0,0.0,"amp_var=0.364 (thr=0.5, range-normalized), hf_power_ratio=0.059 (thr=0.4)",0,0.0078125,longest_dropout=1 samples (thr=32),0,0.0,"n_spikes=0, z_threshold=4.0",0,0.0,"flat_windows=0, threshold=0.0001",0,0.001953125
0,0.0,"amp_var=0.399 (thr=0.5, range-normalized), hf_power_ratio=0.048 (thr=0.4)",0,0.0078125,longest_dropout=1 samples (thr=32),0,0.0,"n_spikes=0, z_threshold=4.0",0,0.0,"flat_windows=0, threshold=0.0001",0,0.001953125
0,0.0,"amp_var=0.406 (thr=0.5, range-normalized), hf_power_ratio=0.017 (thr=0.4)",0,0.015625,longest_dropout=2 samples (thr=32),0,0.0,"n_spikes=0, z_threshold=4.0",0,0.0,"flat_windows=0, threshold=0.0001",0,0.00390625
0,0.0,"amp_var=0.258 (thr=0.5, range-normalized), hf_power_ratio=0.113 (thr=0.4)",1,0.28125,longest_dropout=36 samples (thr=32),0,0.0,"n_spikes=0, z_threshold=4.0",0,0.0,"flat_windows=0, threshold=0.0001",1,0.0703125
0,0.0,"amp_var=0.313 (thr=0.5, range-normalized), hf_power_ratio=0.135 (thr=0.4)",1,0.3515625,longest_dropout=45 samples (thr=32),0,0.0,"n_spikes=0, z_threshold=4.0",0,0.0,"flat_windows=0, threshold=0.0001",1,0.087890625
0,0.0,"amp_var=0.406 (thr=0.5, range-normalized), hf_power_ratio=0.070 (thr=0.4)",0,0.0078125,longest_dropout=1 samples (thr=32),0,0.0,"n_spikes=0, z_threshold=4.0",0,0.0,"flat_windows=0, threshold=0.0001",0,0.001953125
0,0.0,"amp_var=0.408 (thr=0.5, range-normalized), hf_power_ratio=0.028 (thr=0.4)",0,0.0078125,longest_dropout=1 samples (thr=32),0,0.0,"n_spikes=0, z_threshold=4.0",0,0.0,"flat_windows=0, threshold=0.0001",0,0.001953125
0,0.0,"amp_var=0.291 (thr=0.5, range-normalized), hf_power_ratio=0.130 (thr=0.4)",0,0.125,longest_dropout=16 samples (thr=32),0,0.0,"n_spikes=0, z_threshold=4.0",0,0.0,"flat_windows=0, threshold=0.0001",0,0.03125
0,0.0,"amp_var=0.421 (thr=0.5, range-normalized), hf_power_ratio=0.009 (thr=0.4)",0,0.0078125,longest_dropout=1 samples (thr=32),0,0.0,"n_spikes=0, z_threshold=4.0",0,0.0,"flat_windows=0, threshold=0.0001",0,0.001953125
0,0.0,"amp_var=0.378 (thr=0.5, range-normalized), hf_power_ratio=0.041 (thr=0.4)",0,0.0078125,longest_dropout=1 samples (thr=32),0,0.0,"n_spikes=0, z_threshold=4.0",0,0.0,"flat_windows=0, threshold=0.0001",0,0.001953125
0,0.0,"amp_var=0.376 (thr=0.5, range-normalized), hf_power_ratio=0.030 (thr=0.4)",0,0.015625,longest_dropout=2 samples (thr=32),0,0.0,"n_spikes=0, z_threshold=4.0",0,0.0,"flat_windows=0, threshold=0.0001",0,0.00390625
0,0.0,"amp_var=0.328 (thr=0.5, range-normalized), hf_power_ratio=0.106 (thr=0.4)",0,0.0078125,longest_dropout=1 samples (thr=32),0,0.0,"n_spikes=0, z_threshold=4.0",0,0.0,"flat_windows=0, threshold=0.0001",0,0.001953125
0,0.0,"amp_var=0.328 (thr=0.5, range-normalized), hf_power_ratio=0.093 (thr=0.4)",0,0.15625,longest_dropout=20 samples (thr=32),0,0.0,"n_spikes=0, z_threshold=4.0",0,0.0,"flat_windows=0, threshold=0.0001",0,0.0390625
0,0.0,"amp_var=0.372 (thr=0.5, range-normalized), hf_power_ratio=0.031 (thr=0.4)",0,0.015625,longest_dropout=2 samples (thr=32),0,0.0,"n_spikes=0, z_threshold=4.0",0,0.0,"flat_windows=0, threshold=0.0001",0,0.00390625
0,0.0,"amp_var=0.352 (thr=0.5, range-normalized), hf_power_ratio=0.055 (thr=0.4)",1,0.28125,longest_dropout=36 samples (thr=32),0,0.0,"n_spikes=0, z_threshold=4.0",0,0.0,"flat_windows=0, threshold=0.0001",1,0.0703125
0,0.0,"amp_var=0.274 (thr=0.5, range-normalized), hf_power_ratio=0.120 (thr=0.4)",1,0.484375,longest_dropout=62 samples (thr=32),0,0.0,"n_spikes=0, z_threshold=4.0",0,0.0,"flat_windows=0, threshold=0.0001",1,0.12109375
0,0.0,"amp_var=0.347 (thr=0.5, range-normalized), hf_power_ratio=0.090 (thr=0.4)",0,0.0078125,longest_dropout=1 samples (thr=32),0,0.0,"n_spikes=0, z_threshold=4.0",0,0.0,"flat_windows=0, threshold=0.0001",0,0.001953125
0,0.0,"amp_var=0.282 (thr=0.5, range-normalized), hf_power_ratio=0.132 (thr=0.4)",1,0.3671875,longest_dropout=47 samples (thr=32),0,0.0,"n_spikes=0, z_threshold=4.0",0,0.0,"flat_windows=0, threshold=0.0001",1,0.091796875
0,0.0,"amp_var=0.364 (thr=0.5, range-normalized), hf_power_ratio=0.092 (thr=0.4)",0,0.0078125,longest_dropout=1 samples (thr=32),0,0.0,"n_spikes=0, z_threshold=4.0",0,0.0,"flat_windows=0, threshold=0.0001",0,0.001953125
0,0.0,"amp_var=0.282 (thr=0.5, range-normalized), hf_power_ratio=0.116 (thr=0.4)",0,0.0078125,longest_dropout=1 samples (thr=32),0,0.0,"n_spikes=0, z_threshold=4.0",0,0.0,"flat_windows=0, threshold=0.0001",0,0.001953125
0,0.0,"amp_var=0.361 (thr=0.5, range-normalized), hf_power_ratio=0.045 (thr=0.4)",1,0.2734375,longest_dropout=35 samples (thr=32),0,0.0,"n_spikes=0, z_threshold=4.0",0,0.0,"flat_windows=0, threshold=0.0001",1,0.068359375
0,0.0,"amp_var=0.396 (thr=0.5, range-normalized), hf_power_ratio=0.033 (thr=0.4)",0,0.0078125,longest_dropout=1 samples (thr=32),0,0.0,"n_spikes=0, z_threshold=4.0",0,0.0,"flat_windows=0, threshold=0.0001",0,0.001953125
0,0.0,"amp_var=0.409 (thr=0.5, range-normalized), hf_power_ratio=0.024 (thr=0.4)",0,0.015625,longest_dropout=2 samples (thr=32),0,0.0,"n_spikes=0, z_threshold=4.0",0,0.0,"flat_windows=0, threshold=0.0001",0,0.00390625
0,0.0,"amp_var=0.395 (thr=0.5, range-normalized), hf_power_ratio=0.033 (thr=0.4)",0,0.0078125,longest_dropout=1 samples (thr=32),0,0.0,"n_spikes=0, z_threshold=4.0",0,0.0,"flat_windows=0, threshold=0.0001",0,0.001953125
0,0.0,"amp_var=0.278 (thr=0.5, range-normalized), hf_power_ratio=0.120 (thr=0.4)",0,0.0078125,longest_dropout=1 samples (thr=32),0,0.0,"n_spikes=0, z_threshold=4.0",0,0.0,"flat_windows=0, threshold=0.0001",0,0.001953125
0,0.0,"amp_var=0.288 (thr=0.5, range-normalized), hf_power_ratio=0.112 (thr=0.4)",0,0.0078125,longest_dropout=1 samples (thr=32),0,0.0,"n_spikes=0, z_threshold=4.0",0,0.0,"flat_windows=0, threshold=0.0001",0,0.001953125
0,0.0,"amp_var=0.374 (thr=0.5, range-normalized), hf_power_ratio=0.044 (thr=0.4)",0,0.015625,longest_dropout=2 samples (thr=32),0,0.0,"n_spikes=0, z_threshold=4.0",0,0.0,"flat_windows=0, threshold=0.0001",0,0.00390625
0,0.0,"amp_var=0.239 (thr=0.5, range-normalized), hf_power_ratio=0.205 (thr=0.4)",1,0.25,longest_dropout=32 samples (thr=32),0,0.0,"n_spikes=0, z_threshold=4.0",0,0.0,"flat_windows=0, threshold=0.0001",1,0.0625
0,0.0,"amp_var=0.283 (thr=0.5, range-normalized), hf_power_ratio=0.109 (thr=0.4)",0,0.0078125,longest_dropout=1 samples (thr=32),0,0.0,"n_spikes=0, z_threshold=4.0",0,0.0,"flat_windows=0, threshold=0.0001",0,0.001953125
0,0.0,"amp_var=0.309 (thr=0.5, range-normalized), hf_power_ratio=0.114 (thr=0.4)",0,0.0078125,longest_dropout=1 samples (thr=32),0,0.0,"n_spikes=0, z_threshold=4.0",0,0.0,"flat_windows=0, threshold=0.0001",0,0.001953125
0,0.0,"amp_var=0.413 (thr=0.5, range-normalized), hf_power_ratio=0.025 (thr=0.4)",0,0.015625,longest_dropout=2 samples (thr=32),0,0.0,"n_spikes=0, z_threshold=4.0",0,0.0,"flat_windows=0, threshold=0.0001",0,0.00390625
0,0.0,"amp_var=0.414 (thr=0.5, range-normalized), hf_power_ratio=0.011 (thr=0.4)",0,0.015625,longest_dropout=2 samples (thr=32),0,0.0,"n_spikes=0, z_threshold=4.0",0,0.0,"flat_windows=0, threshold=0.0001",0,0.00390625
0,0.0,"amp_var=0.297 (thr=0.5, range-normalized), hf_power_ratio=0.110 (thr=0.4)",1,0.390625,longest_dropout=50 samples (thr=32),0,0.0,"n_spikes=0, z_threshold=4.0",0,0.0,"flat_windows=0, threshold=0.0001",1,0.09765625
0,0.0,"amp_var=0.293 (thr=0.5, range-normalized), hf_power_ratio=0.100 (thr=0.4)",0,0.0078125,longest_dropout=1 samples (thr=32),0,0.0,"n_spikes=0, z_threshold=4.0",0,0.0,"flat_windows=0, threshold=0.0001",0,0.001953125
0,0.0,"amp_var=0.421 (thr=0.5, range-normalized), hf_power_ratio=0.010 (thr=0.4)",0,0.0078125,longest_dropout=1 samples (thr=32),0,0.0,"n_spikes=0, z_threshold=4.0",0,0.0,"flat_windows=0, threshold=0.0001",0,0.001953125
0,0.0,"amp_var=0.270 (thr=0.5, range-normalized), hf_power_ratio=0.131 (thr=0.4)",1,0.4375,longest_dropout=56 samples (thr=32),0,0.0,"n_spikes=0, z_threshold=4.0",0,0.0,"flat_windows=0, threshold=0.0001",1,0.109375
0,0.0,"amp_var=0.406 (thr=0.5, range-normalized), hf_power_ratio=0.015 (thr=0.4)",0,0.0078125,longest_dropout=1 samples (thr=32),0,0.0,"n_spikes=0, z_threshold=4.0",0,0.0,"flat_windows=0, threshold=0.0001",0,0.001953125
0,0.0,"amp_var=0.337 (thr=0.5, range-normalized), hf_power_ratio=0.048 (thr=0.4)",1,0.265625,longest_dropout=34 samples (thr=32),0,0.0,"n_spikes=0, z_threshold=4.0",0,0.0,"flat_windows=0, threshold=0.0001",1,0.06640625
0,0.0,"amp_var=0.362 (thr=0.5, range-normalized), hf_power_ratio=0.078 (thr=0.4)",0,0.015625,longest_dropout=2 samples (thr=32),0,0.0,"n_spikes=0, z_threshold=4.0",0,0.0,"flat_windows=0, threshold=0.0001",0,0.00390625
0,0.0,"amp_var=0.406 (thr=0.5, range-normalized), hf_power_ratio=0.030 (thr=0.4)",0,0.0078125,longest_dropout=1 samples (thr=32),0,0.0,"n_spikes=0, z_threshold=4.0",0,0.0,"flat_windows=0, threshold=0.0001",0,0.001953125
0,0.0,"amp_var=0.375 (thr=0.5, range-normalized), hf_power_ratio=0.038 (thr=0.4)",0,0.015625,longest_dropout=2 samples (thr=32),0,0.0,"n_spikes=0, z_threshold=4.0",0,0.0,"flat_windows=0, threshold=0.0001",0,0.00390625
0,0.0,"amp_var=0.386 (thr=0.5, range-normalized), hf_power_ratio=0.055 (thr=0.4)",0,0.0078125,longest_dropout=1 samples (thr=32),0,0.0,"n_spikes=0, z_threshold=4.0",0,0.0,"flat_windows=0, threshold=0.0001",0,0.001953125
0,0.0,"amp_var=0.359 (thr=0.5, range-normalized), hf_power_ratio=0.033 (thr=0.4)",0,0.0078125,longest_dropout=1 samples (thr=32),0,0.0,"n_spikes=0, z_threshold=4.0",0,0.0,"flat_windows=0, threshold=0.0001",0,0.001953125
0,0.0,"amp_var=0.435 (thr=0.5, range-normalized), hf_power_ratio=0.013 (thr=0.4)",0,0.0078125,longest_dropout=1 samples (thr=32),0,0.0,"n_spikes=0, z_threshold=4.0",0,0.0,"flat_windows=0, threshold=0.0001",0,0.001953125
0,0.0,"amp_var=0.253 (thr=0.5, range-normalized), hf_power_ratio=0.100 (thr=0.4)",0,0.0078125,longest_dropout=1 samples (thr=32),0,0.0,"n_spikes=0, z_threshold=4.0",0,0.0,"flat_windows=0, threshold=0.0001",0,0.001953125
0,0.0,"amp_var=0.360 (thr=0.5, range-normalized), hf_power_ratio=0.046 (thr=0.4)",0,0.0078125,longest_dropout=1 samples (thr=32),0,0.0,"n_spikes=0, z_threshold=4.0",0,0.0,"flat_windows=0, threshold=0.0001",0,0.001953125
0,0.0,"amp_var=0.370 (thr=0.5, range-normalized), hf_power_ratio=0.025 (thr=0.4)",0,0.015625,longest_dropout=2 samples (thr=32),0,0.0,"n_spikes=0, z_threshold=4.0",0,0.0,"flat_windows=0, threshold=0.0001",0,0.00390625
0,0.0,"amp_var=0.289 (thr=0.5, range-normalized), hf_power_ratio=0.145 (thr=0.4)",0,0.0078125,longest_dropout=1 samples (thr=32),0,0.0,"n_spikes=0, z_threshold=4.0",0,0.0,"flat_windows=0, threshold=0.0001",0,0.001953125
0,0.0,"amp_var=0.396 (thr=0.5, range-normalized), hf_power_ratio=0.051 (thr=0.4)",0,0.015625,longest_dropout=2 samples (thr=32),0,0.0,"n_spikes=0, z_threshold=4.0",0,0.0,"flat_windows=0, threshold=0.0001",0,0.00390625
0,0.0,"amp_var=0.308 (thr=0.5, range-normalized), hf_power_ratio=0.120 (thr=0.4)",0,0.0078125,longest_dropout=1 samples (thr=32),0,0.0,"n_spikes=0, z_threshold=4.0",0,0.0,"flat_windows=0, threshold=0.0001",0,0.001953125
0,0.0,"amp_var=0.271 (thr=0.5, range-normalized), hf_power_ratio=0.163 (thr=0.4)",0,0.1328125,longest_dropout=17 samples (thr=32),0,0.0,"n_spikes=0, z_threshold=4.0",0,0.0,"flat_windows=0, threshold=0.0001",0,0.033203125
0,0.0,"amp_var=0.372 (thr=0.5, range-normalized), hf_power_ratio=0.060 (thr=0.4)",0,0.015625,longest_dropout=2 samples (thr=32),0,0.0,"n_spikes=0, z_threshold=4.0",0,0.0,"flat_windows=0, threshold=0.0001",0,0.00390625
0,0.0,"amp_var=0.285 (thr=0.5, range-normalized), hf_power_ratio=0.160 (thr=0.4)",1,0.34375,longest_dropout=44 samples (thr=32),0,0.0,"n_spikes=0, z_threshold=4.0",0,0.0,"flat_windows=0, threshold=0.0001",1,0.0859375
0,0.0,"amp_var=0.381 (thr=0.5, range-normalized), hf_power_ratio=0.059 (thr=0.4)",0,0.0078125,longest_dropout=1 samples (thr=32),0,0.0,"n_spikes=0, z_threshold=4.0",0,0.0,"flat_windows=0, threshold=0.0001",0,0.001953125
0,0.0,"amp_var=0.324 (thr=0.5, range-normalized), hf_power_ratio=0.122 (thr=0.4)",0,0.0078125,longest_dropout=1 samples (thr=32),0,0.0,"n_spikes=0, z_threshold=4.0",0,0.0,"flat_windows=0, threshold=0.0001",0,0.001953125
0,0.0,"amp_var=0.370 (thr=0.5, range-normalized), hf_power_ratio=0.049 (thr=0.4)",0,0.0078125,longest_dropout=1 samples (thr=32),0,0.0,"n_spikes=0, z_threshold=4.0",0,0.0,"flat_windows=0, threshold=0.0001",0,0.001953125
0,0.0,"amp_var=0.334 (thr=0.5, range-normalized), hf_power_ratio=0.076 (thr=0.4)",1,0.296875,longest_dropout=38 samples (thr=32),0,0.0,"n_spikes=0, z_threshold=4.0",0,0.0,"flat_windows=0, threshold=0.0001",1,0.07421875
0,0.0,"amp_var=0.298 (thr=0.5, range-normalized), hf_power_ratio=0.069 (thr=0.4)",1,0.4296875,longest_dropout=55 samples (thr=32),0,0.0,"n_spikes=0, z_threshold=4.0",0,0.0,"flat_windows=0, threshold=0.0001",1,0.107421875
0,0.0,"amp_var=0.394 (thr=0.5, range-normalized), hf_power_ratio=0.021 (thr=0.4)",0,0.015625,longest_dropout=2 samples (thr=32),0,0.0,"n_spikes=0, z_threshold=4.0",0,0.0,"flat_windows=0, threshold=0.0001",0,0.00390625
0,0.0,"amp_var=0.330 (thr=0.5, range-normalized), hf_power_ratio=0.043 (thr=0.4)",1,0.40625,longest_dropout=52 samples (thr=32),0,0.0,"n_spikes=0, z_threshold=4.0",0,0.0,"flat_windows=0, threshold=0.0001",1,0.1015625
0,0.0,"amp_var=0.320 (thr=0.5, range-normalized), hf_power_ratio=0.137 (thr=0.4)",1,0.359375,longest_dropout=46 samples (thr=32),0,0.0,"n_spikes=0, z_threshold=4.0",0,0.0,"flat_windows=0, threshold=0.0001",1,0.08984375
0,0.0,"amp_var=0.396 (thr=0.5, range-normalized), hf_power_ratio=0.031 (thr=0.4)",0,0.015625,longest_dropout=2 samples (thr=32),0,0.0,"n_spikes=0, z_threshold=4.0",0,0.0,"flat_windows=0, threshold=0.0001",0,0.00390625
0,0.0,"amp_var=0.405 (thr=0.5, range-normalized), hf_power_ratio=0.030 (thr=0.4)",0,0.0078125,longest_dropout=1 samples (thr=32),0,0.0,"n_spikes=0, z_threshold=4.0",0,0.0,"flat_windows=0, threshold=0.0001",0,0.001953125
0,0.0,"amp_var=0.299 (thr=0.5, range-normalized), hf_power_ratio=0.123 (thr=0.4)",0,0.0078125,longest_dropout=1 samples (thr=32),0,0.0,"n_spikes=0, z_threshold=4.0",0,0.0,"flat_windows=0, threshold=0.0001",0,0.001953125
0,0.0,"amp_var=0.287 (thr=0.5, range-normalized), hf_power_ratio=0.164 (thr=0.4)",1,0.28125,longest_dropout=36 samples (thr=32),0,0.0,"n_spikes=0, z_threshold=4.0",0,0.0,"flat_windows=0, threshold=0.0001",1,0.0703125
0,0.0,"amp_var=0.301 (thr=0.5, range-normalized), hf_power_ratio=0.135 (thr=0.4)",0,0.0078125,longest_dropout=1 samples (thr=32),0,0.0,"n_spikes=0, z_threshold=4.0",0,0.0,"flat_windows=0, threshold=0.0001",0,0.001953125
0,0.0,"amp_var=0.292 (thr=0.5, range-normalized), hf_power_ratio=0.128 (thr=0.4)",1,0.375,longest_dropout=48 samples (thr=32),0,0.0,"n_spikes=0, z_threshold=4.0",0,0.0,"flat_windows=0, threshold=0.0001",1,0.09375
0,0.0,"amp_var=0.416 (thr=0.5, range-normalized), hf_power_ratio=0.025 (thr=0.4)",0,0.0078125,longest_dropout=1 samples (thr=32),0,0.0,"n_spikes=0, z_threshold=4.0",0,0.0,"flat_windows=0, threshold=0.0001",0,0.001953125
0,0.0,"amp_var=0.399 (thr=0.5, range-normalized), hf_power_ratio=0.024 (thr=0.4)",0,0.0078125,longest_dropout=1 samples (thr=32),0,0.0,"n_spikes=0, z_threshold=4.0",0,0.0,"flat_windows=0, threshold=0.0001",0,0.001953125
0,0.0,"amp_var=0.350 (thr=0.5, range-normalized), hf_power_ratio=0.064 (thr=0.4)",0,0.2265625,longest_dropout=29 samples (thr=32),0,0.0,"n_spikes=0, z_threshold=4.0",0,0.0,"flat_windows=0, threshold=0.0001",0,0.056640625
0,0.0,"amp_var=0.430 (thr=0.5, range-normalized), hf_power_ratio=0.009 (thr=0.4)",0,0.0078125,longest_dropout=1 samples (thr=32),0,0.0,"n_spikes=0, z_threshold=4.0",0,0.0,"flat_windows=0, threshold=0.0001",0,0.001953125
0,0.0,"amp_var=0.389 (thr=0.5, range-normalized), hf_power_ratio=0.034 (thr=0.4)",0,0.015625,longest_dropout=2 samples (thr=32),0,0.0,"n_spikes=0, z_threshold=4.0",0,0.0,"flat_windows=0, threshold=0.0001",0,0.00390625
0,0.0,"amp_var=0.285 (thr=0.5, range-normalized), hf_power_ratio=0.178 (thr=0.4)",0,0.2421875,longest_dropout=31 samples (thr=32),0,0.0,"n_spikes=0, z_threshold=4.0",0,0.0,"flat_windows=0, threshold=0.0001",0,0.060546875
0,0.0,"amp_var=0.251 (thr=0.5, range-normalized), hf_power_ratio=0.116 (thr=0.4)",0,0.0078125,longest_dropout=1 samples (thr=32),0,0.0,"n_spikes=0, z_threshold=4.0",0,0.0,"flat_windows=0, threshold=0.0001",0,0.001953125
0,0.0,"amp_var=0.302 (thr=0.5, range-normalized), hf_power_ratio=0.128 (thr=0.4)",0,0.15625,longest_dropout=20 samples (thr=32),0,0.0,"n_spikes=0, z_threshold=4.0",0,0.0,"flat_windows=0, threshold=0.0001",0,0.0390625
0,0.0,"amp_var=0.390 (thr=0.5, range-normalized), hf_power_ratio=0.025 (thr=0.4)",0,0.0078125,longest_dropout=1 samples (thr=32),0,0.0,"n_spikes=0, z_threshold=4.0",0,0.0,"flat_windows=0, threshold=0.0001",0,0.001953125
0,0.0,"amp_var=0.378 (thr=0.5, range-normalized), hf_power_ratio=0.051 (thr=0.4)",0,0.0078125,longest_dropout=1 samples (thr=32),0,0.0,"n_spikes=0, z_threshold=4.0",0,0.0,"flat_windows=0, threshold=0.0001",0,0.001953125
0,0.0,"amp_var=0.369 (thr=0.5, range-normalized), hf_power_ratio=0.037 (thr=0.4)",0,0.0078125,longest_dropout=1 samples (thr=32),0,0.0,"n_spikes=0, z_threshold=4.0",0,0.0,"flat_windows=0, threshold=0.0001",0,0.001953125
0,0.0,"amp_var=0.299 (thr=0.5, range-normalized), hf_power_ratio=0.139 (thr=0.4)",1,0.3359375,longest_dropout=43 samples (thr=32),0,0.0,"n_spikes=0, z_threshold=4.0",0,0.0,"flat_windows=0, threshold=0.0001",1,0.083984375
0,0.0,"amp_var=0.289 (thr=0.5, range-normalized), hf_power_ratio=0.102 (thr=0.4)",0,0.0078125,longest_dropout=1 samples (thr=32),0,0.0,"n_spikes=0, z_threshold=4.0",0,0.0,"flat_windows=0, threshold=0.0001",0,0.001953125
0,0.0,"amp_var=0.338 (thr=0.5, range-normalized), hf_power_ratio=0.096 (thr=0.4)",0,0.0078125,longest_dropout=1 samples (thr=32),0,0.0,"n_spikes=0, z_threshold=4.0",0,0.0,"flat_windows=0, threshold=0.0001",0,0.001953125
0,0.0,"amp_var=0.379 (thr=0.5, range-normalized), hf_power_ratio=0.047 (thr=0.4)",0,0.0078125,longest_dropout=1 samples (thr=32),0,0.0,"n_spikes=0, z_threshold=4.0",0,0.0,"flat_windows=0, threshold=0.0001",0,0.001953125
0,0.0,"amp_var=0.259 (thr=0.5, range-normalized), hf_power_ratio=0.184 (thr=0.4)",1,0.46875,longest_dropout=60 samples (thr=32),0,0.0,"n_spikes=0, z_threshold=4.0",0,0.0,"flat_windows=0, threshold=0.0001",1,0.1171875
0,0.0,"amp_var=0.416 (thr=0.5, range-normalized), hf_power_ratio=0.019 (thr=0.4)",0,0.015625,longest_dropout=2 samples (thr=32),0,0.0,"n_spikes=0, z_threshold=4.0",0,0.0,"flat_windows=0, threshold=0.0001",0,0.00390625
0,0.0,"amp_var=0.382 (thr=0.5, range-normalized), hf_power_ratio=0.049 (thr=0.4)",0,0.0078125,longest_dropout=1 samples (thr=32),0,0.0,"n_spikes=0, z_threshold=4.0",0,0.0,"flat_windows=0, threshold=0.0001",0,0.001953125
0,0.0,"amp_var=0.353 (thr=0.5, range-normalized), hf_power_ratio=0.040 (thr=0.4)",0,0.0078125,longest_dropout=1 samples (thr=32),0,0.0,"n_spikes=0, z_threshold=4.0",0,0.0,"flat_windows=0, threshold=0.0001",0,0.001953125
0,0.0,"amp_var=0.245 (thr=0.5, range-normalized), hf_power_ratio=0.176 (thr=0.4)",1,0.453125,longest_dropout=58 samples (thr=32),1,0.15625,"n_spikes=1, z_threshold=4.0",0,0.0,"flat_windows=0, threshold=0.0001",1,0.15234375
0,0.0,"amp_var=0.402 (thr=0.5, range-normalized), hf_power_ratio=0.038 (thr=0.4)",0,0.015625,longest_dropout=2 samples (thr=32),0,0.0,"n_spikes=0, z_threshold=4.0",0,0.0,"flat_windows=0, threshold=0.0001",0,0.00390625
0,0.0,"amp_var=0.381 (thr=0.5, range-normalized), hf_power_ratio=0.048 (thr=0.4)",0,0.0078125,longest_dropout=1 samples (thr=32),0,0.0,"n_spikes=0, z_threshold=4.0",0,0.0,"flat_windows=0, threshold=0.0001",0,0.001953125
0,0.0,"amp_var=0.391 (thr=0.5, range-normalized), hf_power_ratio=0.031 (thr=0.4)",0,0.0078125,longest_dropout=1 samples (thr=32),0,0.0,"n_spikes=0, z_threshold=4.0",0,0.0,"flat_windows=0, threshold=0.0001",0,0.001953125
0,0.0,"amp_var=0.367 (thr=0.5, range-normalized), hf_power_ratio=0.069 (thr=0.4)",0,0.015625,longest_dropout=2 samples (thr=32),0,0.0,"n_spikes=0, z_threshold=4.0",0,0.0,"flat_windows=0, threshold=0.0001",0,0.00390625
0,0.0,"amp_var=0.418 (thr=0.5, range-normalized), hf_power_ratio=0.051 (thr=0.4)",0,0.0078125,longest_dropout=1 samples (thr=32),0,0.0,"n_spikes=0, z_threshold=4.0",0,0.0,"flat_windows=0, threshold=0.0001",0,0.001953125
0,0.0,"amp_var=0.363 (thr=0.5, range-normalized), hf_power_ratio=0.051 (thr=0.4)",0,0.0234375,longest_dropout=3 samples (thr=32),0,0.0,"n_spikes=0, z_threshold=4.0",0,0.0,"flat_windows=0, threshold=0.0001",0,0.005859375
0,0.0,"amp_var=0.295 (thr=0.5, range-normalized), hf_power_ratio=0.164 (thr=0.4)",1,0.390625,longest_dropout=50 samples (thr=32),0,0.0,"n_spikes=0, z_threshold=4.0",0,0.0,"flat_windows=0, threshold=0.0001",1,0.09765625
0,0.0,"amp_var=0.371 (thr=0.5, range-normalized), hf_power_ratio=0.057 (thr=0.4)",0,0.0078125,longest_dropout=1 samples (thr=32),0,0.0,"n_spikes=0, z_threshold=4.0",0,0.0,"flat_windows=0, threshold=0.0001",0,0.001953125
0,0.0,"amp_var=0.347 (thr=0.5, range-normalized), hf_power_ratio=0.103 (thr=0.4)",0,0.0078125,longest_dropout=1 samples (thr=32),0,0.0,"n_spikes=0, z_threshold=4.0",0,0.0,"flat_windows=0, threshold=0.0001",0,0.001953125
0,0.0,"amp_var=0.369 (thr=0.5, range-normalized), hf_power_ratio=0.046 (thr=0.4)",0,0.015625,longest_dropout=2 samples (thr=32),0,0.0,"n_spikes=0, z_threshold=4.0",0,0.0,"flat_windows=0, threshold=0.0001",0,0.00390625
0,0.0,"amp_var=0.381 (thr=0.5, range-normalized), hf_power_ratio=0.032 (thr=0.4)",0,0.015625,longest_dropout=2 samples (thr=32),0,0.0,"n_spikes=0, z_threshold=4.0",0,0.0,"flat_windows=0, threshold=0.0001",0,0.00390625
0,0.0,"amp_var=0.344 (thr=0.5, range-normalized), hf_power_ratio=0.072 (thr=0.4)",0,0.0078125,longest_dropout=1 samples (thr=32),0,0.0,"n_spikes=0, z_threshold=4.0",0,0.0,"flat_windows=0, threshold=0.0001",0,0.001953125
0,0.0,"amp_var=0.395 (thr=0.5, range-normalized), hf_power_ratio=0.037 (thr=0.4)",0,0.0078125,longest_dropout=1 samples (thr=32),0,0.0,"n_spikes=0, z_threshold=4.0",0,0.0,"flat_windows=0, threshold=0.0001",0,0.001953125
0,0.0,"amp_var=0.377 (thr=0.5, range-normalized), hf_power_ratio=0.046 (thr=0.4)",0,0.015625,longest_dropout=2 samples (thr=32),0,0.0,"n_spikes=0, z_threshold=4.0",0,0.0,"flat_windows=0, threshold=0.0001",0,0.00390625
0,0.0,"amp_var=0.271 (thr=0.5, range-normalized), hf_power_ratio=0.141 (thr=0.4)",0,0.125,longest_dropout=16 samples (thr=32),0,0.0,"n_spikes=0, z_threshold=4.0",0,0.0,"flat_windows=0, threshold=0.0001",0,0.03125
0,0.0,"amp_var=0.280 (thr=0.5, range-normalized), hf_power_ratio=0.127 (thr=0.4)",0,0.015625,longest_dropout=2 samples (thr=32),0,0.0,"n_spikes=0, z_threshold=4.0",0,0.0,"flat_windows=0, threshold=0.0001",0,0.00390625
0,0.0,"amp_var=0.351 (thr=0.5, range-normalized), hf_power_ratio=0.086 (thr=0.4)",0,0.0078125,longest_dropout=1 samples (thr=32),0,0.0,"n_spikes=0, z_threshold=4.0",0,0.0,"flat_windows=0, threshold=0.0001",0,0.001953125
0,0.0,"amp_var=0.343 (thr=0.5, range-normalized), hf_power_ratio=0.097 (thr=0.4)",0,0.0078125,longest_dropout=1 samples (thr=32),0,0.0,"n_spikes=0, z_threshold=4.0",0,0.0,"flat_windows=0, threshold=0.0001",0,0.001953125
0,0.0,"amp_var=0.299 (thr=0.5, range-normalized), hf_power_ratio=0.122 (thr=0.4)",0,0.0078125,longest_dropout=1 samples (thr=32),0,0.0,"n_spikes=0, z_threshold=4.0",0,0.0,"flat_windows=0, threshold=0.0001",0,0.001953125
0,0.0,"amp_var=0.287 (thr=0.5, range-normalized), hf_power_ratio=0.158 (thr=0.4)",1,0.2734375,longest_dropout=35 samples (thr=32),0,0.0,"n_spikes=0, z_threshold=4.0",0,0.0,"flat_windows=0, threshold=0.0001",1,0.068359375
0,0.0,"amp_var=0.275 (thr=0.5, range-normalized), hf_power_ratio=0.155 (thr=0.4)",1,0.28125,longest_dropout=36 samples (thr=32),0,0.0,"n_spikes=0, z_threshold=4.0",0,0.0,"flat_windows=0, threshold=0.0001",1,0.0703125
0,0.0,"amp_var=0.313 (thr=0.5, range-normalized), hf_power_ratio=0.155 (thr=0.4)",1,0.265625,longest_dropout=34 samples (thr=32),0,0.0,"n_spikes=0, z_threshold=4.0",0,0.0,"flat_windows=0, threshold=0.0001",1,0.06640625
0,0.0,"amp_var=0.329 (thr=0.5, range-normalized), hf_power_ratio=0.110 (thr=0.4)",1,0.3125,longest_dropout=40 samples (thr=32),0,0.0,"n_spikes=0, z_threshold=4.0",0,0.0,"flat_windows=0, threshold=0.0001",1,0.078125
0,0.0,"amp_var=0.297 (thr=0.5, range-normalized), hf_power_ratio=0.132 (thr=0.4)",1,0.4140625,longest_dropout=53 samples (thr=32),0,0.0,"n_spikes=0, z_threshold=4.0",0,0.0,"flat_windows=0, threshold=0.0001",1,0.103515625
0,0.0,"amp_var=0.276 (thr=0.5, range-normalized), hf_power_ratio=0.174 (thr=0.4)",1,0.28125,longest_dropout=36 samples (thr=32),0,0.0,"n_spikes=0, z_threshold=4.0",0,0.0,"flat_windows=0, threshold=0.0001",1,0.0703125
0,0.0,"amp_var=0.280 (thr=0.5, range-normalized), hf_power_ratio=0.193 (thr=0.4)",1,0.4140625,longest_dropout=53 samples (thr=32),0,0.0,"n_spikes=0, z_threshold=4.0",0,0.0,"flat_windows=0, threshold=0.0001",1,0.103515625
0,0.0,"amp_var=0.344 (thr=0.5, range-normalized), hf_power_ratio=0.074 (thr=0.4)",0,0.0078125,longest_dropout=1 samples (thr=32),0,0.0,"n_spikes=0, z_threshold=4.0",0,0.0,"flat_windows=0, threshold=0.0001",0,0.001953125
0,0.0,"amp_var=0.279 (thr=0.5, range-normalized), hf_power_ratio=0.139 (thr=0.4)",0,0.0078125,longest_dropout=1 samples (thr=32),0,0.0,"n_spikes=0, z_threshold=4.0",0,0.0,"flat_windows=0, threshold=0.0001",0,0.001953125
0,0.0,"amp_var=0.402 (thr=0.5, range-normalized), hf_power_ratio=0.030 (thr=0.4)",0,0.0078125,longest_dropout=1 samples (thr=32),0,0.0,"n_spikes=0, z_threshold=4.0",0,0.0,"flat_windows=0, threshold=0.0001",0,0.001953125
0,0.0,"amp_var=0.380 (thr=0.5, range-normalized), hf_power_ratio=0.028 (thr=0.4)",0,0.0078125,longest_dropout=1 samples (thr=32),0,0.0,"n_spikes=0, z_threshold=4.0",0,0.0,"flat_windows=0, threshold=0.0001",0,0.001953125
0,0.0,"amp_var=0.420 (thr=0.5, range-normalized), hf_power_ratio=0.014 (thr=0.4)",0,0.015625,longest_dropout=2 samples (thr=32),0,0.0,"n_spikes=0, z_threshold=4.0",0,0.0,"flat_windows=0, threshold=0.0001",0,0.00390625
0,0.0,"amp_var=0.423 (thr=0.5, range-normalized), hf_power_ratio=0.030 (thr=0.4)",0,0.0078125,longest_dropout=1 samples (thr=32),0,0.0,"n_spikes=0, z_threshold=4.0",0,0.0,"flat_windows=0, threshold=0.0001",0,0.001953125
0,0.0,"amp_var=0.281 (thr=0.5, range-normalized), hf_power_ratio=0.237 (thr=0.4)",1,0.40625,longest_dropout=52 samples (thr=32),0,0.0,"n_spikes=0, z_threshold=4.0",0,0.0,"flat_windows=0, threshold=0.0001",1,0.1015625
0,0.0,"amp_var=0.398 (thr=0.5, range-normalized), hf_power_ratio=0.018 (thr=0.4)",0,0.0078125,longest_dropout=1 samples (thr=32),0,0.0,"n_spikes=0, z_threshold=4.0",0,0.0,"flat_windows=0, threshold=0.0001",0,0.001953125
0,0.0,"amp_var=0.380 (thr=0.5, range-normalized), hf_power_ratio=0.042 (thr=0.4)",0,0.015625,longest_dropout=2 samples (thr=32),0,0.0,"n_spikes=0, z_threshold=4.0",0,0.0,"flat_windows=0, threshold=0.0001",0,0.00390625
0,0.0,"amp_var=0.280 (thr=0.5, range-normalized), hf_power_ratio=0.152 (thr=0.4)",1,0.3046875,longest_dropout=39 samples (thr=32),0,0.0,"n_spikes=0, z_threshold=4.0",0,0.0,"flat_windows=0, threshold=0.0001",1,0.076171875
0,0.0,"amp_var=0.385 (thr=0.5, range-normalized), hf_power_ratio=0.063 (thr=0.4)",0,0.0078125,longest_dropout=1 samples (thr=32),0,0.0,"n_spikes=0, z_threshold=4.0",0,0.0,"flat_windows=0, threshold=0.0001",0,0.001953125
0,0.0,"amp_var=0.356 (thr=0.5, range-normalized), hf_power_ratio=0.060 (thr=0.4)",0,0.0078125,longest_dropout=1 samples (thr=32),0,0.0,"n_spikes=0, z_threshold=4.0",0,0.0,"flat_windows=0, threshold=0.0001",0,0.001953125
0,0.0,"amp_var=0.376 (thr=0.5, range-normalized), hf_power_ratio=0.040 (thr=0.4)",0,0.0078125,longest_dropout=1 samples (thr=32),0,0.0,"n_spikes=0, z_threshold=4.0",0,0.0,"flat_windows=0, threshold=0.0001",0,0.001953125
0,0.0,"amp_var=0.407 (thr=0.5, range-normalized), hf_power_ratio=0.008 (thr=0.4)",0,0.015625,longest_dropout=2 samples (thr=32),0,0.0,"n_spikes=0, z_threshold=4.0",0,0.0,"flat_windows=0, threshold=0.0001",0,0.00390625
0,0.0,"amp_var=0.303 (thr=0.5, range-normalized), hf_power_ratio=0.094 (thr=0.4)",1,0.4140625,longest_dropout=53 samples (thr=32),0,0.0,"n_spikes=0, z_threshold=4.0",0,0.0,"flat_windows=0, threshold=0.0001",1,0.103515625
0,0.0,"amp_var=0.258 (thr=0.5, range-normalized), hf_power_ratio=0.168 (thr=0.4)",1,0.4453125,longest_dropout=57 samples (thr=32),0,0.0,"n_spikes=0, z_threshold=4.0",0,0.0,"flat_windows=0, threshold=0.0001",1,0.111328125
0,0.0,"amp_var=0.399 (thr=0.5, range-normalized), hf_power_ratio=0.042 (thr=0.4)",0,0.0078125,longest_dropout=1 samples (thr=32),0,0.0,"n_spikes=0, z_threshold=4.0",0,0.0,"flat_windows=0, threshold=0.0001",0,0.001953125
0,0.0,"amp_var=0.288 (thr=0.5, range-normalized), hf_power_ratio=0.164 (thr=0.4)",0,0.0078125,longest_dropout=1 samples (thr=32),0,0.0,"n_spikes=0, z_threshold=4.0",0,0.0,"flat_windows=0, threshold=0.0001",0,0.001953125
0,0.0,"amp_var=0.441 (thr=0.5, range-normalized), hf_power_ratio=0.005 (thr=0.4)",0,0.0078125,longest_dropout=1 samples (thr=32),0,0.0,"n_spikes=0, z_threshold=4.0",0,0.0,"flat_windows=0, threshold=0.0001",0,0.001953125
0,0.0,"amp_var=0.421 (thr=0.5, range-normalized), hf_power_ratio=0.015 (thr=0.4)",0,0.0078125,longest_dropout=1 samples (thr=32),0,0.0,"n_spikes=0, z_threshold=4.0",0,0.0,"flat_windows=0, threshold=0.0001",0,0.001953125
0,0.0,"amp_var=0.387 (thr=0.5, range-normalized), hf_power_ratio=0.065 (thr=0.4)",0,0.015625,longest_dropout=2 samples (thr=32),0,0.0,"n_spikes=0, z_threshold=4.0",0,0.0,"flat_windows=0, threshold=0.0001",0,0.00390625
0,0.0,"amp_var=0.416 (thr=0.5, range-normalized), hf_power_ratio=0.027 (thr=0.4)",0,0.015625,longest_dropout=2 samples (thr=32),0,0.0,"n_spikes=0, z_threshold=4.0",0,0.0,"flat_windows=0, threshold=0.0001",0,0.00390625
0,0.0,"amp_var=0.355 (thr=0.5, range-normalized), hf_power_ratio=0.077 (thr=0.4)",0,0.015625,longest_dropout=2 samples (thr=32),0,0.0,"n_spikes=0, z_threshold=4.0",0,0.0,"flat_windows=0, threshold=0.0001",0,0.00390625
0,0.0,"amp_var=0.366 (thr=0.5, range-normalized), hf_power_ratio=0.083 (thr=0.4)",0,0.015625,longest_dropout=2 samples (thr=32),0,0.0,"n_spikes=0, z_threshold=4.0",0,0.0,"flat_windows=0, threshold=0.0001",0,0.00390625
0,0.0,"amp_var=0.386 (thr=0.5, range-normalized), hf_power_ratio=0.055 (thr=0.4)",0,0.0078125,longest_dropout=1 samples (thr=32),0,0.0,"n_spikes=0, z_threshold=4.0",0,0.0,"flat_windows=0, threshold=0.0001",0,0.001953125
0,0.0,"amp_var=0.388 (thr=0.5, range-normalized), hf_power_ratio=0.058 (thr=0.4)",0,0.0078125,longest_dropout=1 samples (thr=32),0,0.0,"n_spikes=0, z_threshold=4.0",0,0.0,"flat_windows=0, threshold=0.0001",0,0.001953125
0,0.0,"amp_var=0.360 (thr=0.5, range-normalized), hf_power_ratio=0.074 (thr=0.4)",0,0.0078125,longest_dropout=1 samples (thr=32),0,0.0,"n_spikes=0, z_threshold=4.0",0,0.0,"flat_windows=0, threshold=0.0001",0,0.001953125
0,0.0,"amp_var=0.277 (thr=0.5, range-normalized), hf_power_ratio=0.155 (thr=0.4)",0,0.0078125,longest_dropout=1 samples (thr=32),0,0.0,"n_spikes=0, z_threshold=4.0",0,0.0,"flat_windows=0, threshold=0.0001",0,0.001953125
0,0.0,"amp_var=0.316 (thr=0.5, range-normalized), hf_power_ratio=0.145 (thr=0.4)",1,0.3828125,longest_dropout=49 samples (thr=32),0,0.0,"n_spikes=0, z_threshold=4.0",0,0.0,"flat_windows=0, threshold=0.0001",1,0.095703125
0,0.0,"amp_var=0.360 (thr=0.5, range-normalized), hf_power_ratio=0.051 (thr=0.4)",0,0.0078125,longest_dropout=1 samples (thr=32),0,0.0,"n_spikes=0, z_threshold=4.0",0,0.0,"flat_windows=0, threshold=0.0001",0,0.001953125
0,0.0,"amp_var=0.298 (thr=0.5, range-normalized), hf_power_ratio=0.163 (thr=0.4)",1,0.3046875,longest_dropout=39 samples (thr=32),0,0.0,"n_spikes=0, z_threshold=4.0",0,0.0,"flat_windows=0, threshold=0.0001",1,0.076171875
0,0.0,"amp_var=0.296 (thr=0.5, range-normalized), hf_power_ratio=0.100 (thr=0.4)",1,0.28125,longest_dropout=36 samples (thr=32),0,0.0,"n_spikes=0, z_threshold=4.0",0,0.0,"flat_windows=0, threshold=0.0001",1,0.0703125
0,0.0,"amp_var=0.386 (thr=0.5, range-normalized), hf_power_ratio=0.063 (thr=0.4)",0,0.015625,longest_dropout=2 samples (thr=32),0,0.0,"n_spikes=0, z_threshold=4.0",0,0.0,"flat_windows=0, threshold=0.0001",0,0.00390625
0,0.0,"amp_var=0.368 (thr=0.5, range-normalized), hf_power_ratio=0.054 (thr=0.4)",0,0.0078125,longest_dropout=1 samples (thr=32),0,0.0,"n_spikes=0, z_threshold=4.0",0,0.0,"flat_windows=0, threshold=0.0001",0,0.001953125
0,0.0,"amp_var=0.324 (thr=0.5, range-normalized), hf_power_ratio=0.157 (thr=0.4)",0,0.2109375,longest_dropout=27 samples (thr=32),0,0.0,"n_spikes=0, z_threshold=4.0",0,0.0,"flat_windows=0, threshold=0.0001",0,0.052734375
0,0.0,"amp_var=0.440 (thr=0.5, range-normalized), hf_power_ratio=0.009 (thr=0.4)",0,0.015625,longest_dropout=2 samples (thr=32),0,0.0,"n_spikes=0, z_threshold=4.0",0,0.0,"flat_windows=0, threshold=0.0001",0,0.00390625
0,0.0,"amp_var=0.340 (thr=0.5, range-normalized), hf_power_ratio=0.072 (thr=0.4)",0,0.0078125,longest_dropout=1 samples (thr=32),0,0.0,"n_spikes=0, z_threshold=4.0",0,0.0,"flat_windows=0, threshold=0.0001",0,0.001953125
0,0.0,"amp_var=0.281 (thr=0.5, range-normalized), hf_power_ratio=0.137 (thr=0.4)",0,0.0078125,longest_dropout=1 samples (thr=32),0,0.0,"n_spikes=0, z_threshold=4.0",0,0.0,"flat_windows=0, threshold=0.0001",0,0.001953125
0,0.0,"amp_var=0.318 (thr=0.5, range-normalized), hf_power_ratio=0.115 (thr=0.4)",1,0.3046875,longest_dropout=39 samples (thr=32),0,0.0,"n_spikes=0, z_threshold=4.0",0,0.0,"flat_windows=0, threshold=0.0001",1,0.076171875
0,0.0,"amp_var=0.269 (thr=0.5, range-normalized), hf_power_ratio=0.173 (thr=0.4)",1,0.28125,longest_dropout=36 samples (thr=32),0,0.0,"n_spikes=0, z_threshold=4.0",0,0.0,"flat_windows=0, threshold=0.0001",1,0.0703125
0,0.0,"amp_var=0.353 (thr=0.5, range-normalized), hf_power_ratio=0.011 (thr=0.4)",1,0.265625,longest_dropout=34 samples (thr=32),0,0.0,"n_spikes=0, z_threshold=4.0",0,0.0,"flat_windows=0, threshold=0.0001",1,0.06640625
0,0.0,"amp_var=0.410 (thr=0.5, range-normalized), hf_power_ratio=0.008 (thr=0.4)",0,0.0078125,longest_dropout=1 samples (thr=32),0,0.0,"n_spikes=0, z_threshold=4.0",0,0.0,"flat_windows=0, threshold=0.0001",0,0.001953125
0,0.0,"amp_var=0.415 (thr=0.5, range-normalized), hf_power_ratio=0.003 (thr=0.4)",0,0.015625,longest_dropout=2 samples (thr=32),0,0.0,"n_spikes=0, z_threshold=4.0",0,0.0,"flat_windows=0, threshold=0.0001",0,0.00390625
0,0.0,"amp_var=0.390 (thr=0.5, range-normalized), hf_power_ratio=0.013 (thr=0.4)",0,0.0078125,longest_dropout=1 samples (thr=32),0,0.0,"n_spikes=0, z_threshold=4.0",0,0.0,"flat_windows=0, threshold=0.0001",0,0.001953125
0,0.0,"amp_var=0.398 (thr=0.5, range-normalized), hf_power_ratio=0.017 (thr=0.4)",0,0.0078125,longest_dropout=1 samples (thr=32),0,0.0,"n_spikes=0, z_threshold=4.0",0,0.0,"flat_windows=0, threshold=0.0001",0,0.001953125
0,0.0,"amp_var=0.312 (thr=0.5, range-normalized), hf_power_ratio=0.141 (thr=0.4)",0,0.171875,longest_dropout=22 samples (thr=32),0,0.0,"n_spikes=0, z_threshold=4.0",0,0.0,"flat_windows=0, threshold=0.0001",0,0.04296875
0,0.0,"amp_var=0.295 (thr=0.5, range-normalized), hf_power_ratio=0.136 (thr=0.4)",0,0.0078125,longest_dropout=1 samples (thr=32),0,0.0,"n_spikes=0, z_threshold=4.0",0,0.0,"flat_windows=0, threshold=0.0001",0,0.001953125
0,0.0,"amp_var=0.298 (thr=0.5, range-normalized), hf_power_ratio=0.108 (thr=0.4)",1,0.4296875,longest_dropout=55 samples (thr=32),0,0.0,"n_spikes=0, z_threshold=4.0",0,0.0,"flat_windows=0, threshold=0.0001",1,0.107421875
0,0.0,"amp_var=0.292 (thr=0.5, range-normalized), hf_power_ratio=0.104 (thr=0.4)",0,0.0078125,longest_dropout=1 samples (thr=32),0,0.0,"n_spikes=0, z_threshold=4.0",0,0.0,"flat_windows=0, threshold=0.0001",0,0.001953125
0,0.0,"amp_var=0.397 (thr=0.5, range-normalized), hf_power_ratio=0.025 (thr=0.4)",0,0.015625,longest_dropout=2 samples (thr=32),0,0.0,"n_spikes=0, z_threshold=4.0",0,0.0,"flat_windows=0, threshold=0.0001",0,0.00390625
0,0.0,"amp_var=0.399 (thr=0.5, range-normalized), hf_power_ratio=0.021 (thr=0.4)",0,0.0078125,longest_dropout=1 samples (thr=32),0,0.0,"n_spikes=0, z_threshold=4.0",0,0.0,"flat_windows=0, threshold=0.0001",0,0.001953125
0,0.0,"amp_var=0.369 (thr=0.5, range-normalized), hf_power_ratio=0.081 (thr=0.4)",0,0.0078125,longest_dropout=1 samples (thr=32),0,0.0,"n_spikes=0, z_threshold=4.0",0,0.0,"flat_windows=0, threshold=0.0001",0,0.001953125
0,0.0,"amp_var=0.405 (thr=0.5, range-normalized), hf_power_ratio=0.028 (thr=0.4)",0,0.015625,longest_dropout=2 samples (thr=32),0,0.0,"n_spikes=0, z_threshold=4.0",0,0.0,"flat_windows=0, threshold=0.0001",0,0.00390625
0,0.0,"amp_var=0.380 (thr=0.5, range-normalized), hf_power_ratio=0.044 (thr=0.4)",0,0.0078125,longest_dropout=1 samples (thr=32),0,0.0,"n_spikes=0, z_threshold=4.0",0,0.0,"flat_windows=0, threshold=0.0001",0,0.001953125
0,0.0,"amp_var=0.399 (thr=0.5, range-normalized), hf_power_ratio=0.028 (thr=0.4)",0,0.0078125,longest_dropout=1 samples (thr=32),0,0.0,"n_spikes=0, z_threshold=4.0",0,0.0,"flat_windows=0, threshold=0.0001",0,0.001953125
0,0.0,"amp_var=0.387 (thr=0.5, range-normalized), hf_power_ratio=0.024 (thr=0.4)",0,0.0078125,longest_dropout=1 samples (thr=32),0,0.0,"n_spikes=0, z_threshold=4.0",0,0.0,"flat_windows=0, threshold=0.0001",0,0.001953125
0,0.0,"amp_var=0.297 (thr=0.5, range-normalized), hf_power_ratio=0.063 (thr=0.4)",1,0.453125,longest_dropout=58 samples (thr=32),0,0.0,"n_spikes=0, z_threshold=4.0",0,0.0,"flat_windows=0, threshold=0.0001",1,0.11328125
0,0.0,"amp_var=0.363 (thr=0.5, range-normalized), hf_power_ratio=0.048 (thr=0.4)",0,0.015625,longest_dropout=2 samples (thr=32),0,0.0,"n_spikes=0, z_threshold=4.0",0,0.0,"flat_windows=0, threshold=0.0001",0,0.00390625
0,0.0,"amp_var=0.379 (thr=0.5, range-normalized), hf_power_ratio=0.048 (thr=0.4)",0,0.0078125,longest_dropout=1 samples (thr=32),0,0.0,"n_spikes=0, z_threshold=4.0",0,0.0,"flat_windows=0, threshold=0.0001",0,0.001953125
0,0.0,"amp_var=0.298 (thr=0.5, range-normalized), hf_power_ratio=0.119 (thr=0.4)",0,0.015625,longest_dropout=2 samples (thr=32),0,0.0,"n_spikes=0, z_threshold=4.0",0,0.0,"flat_windows=0, threshold=0.0001",0,0.00390625
0,0.0,"amp_var=0.306 (thr=0.5, range-normalized), hf_power_ratio=0.107 (thr=0.4)",0,0.1796875,longest_dropout=23 samples (thr=32),0,0.0,"n_spikes=0, z_threshold=4.0",0,0.0,"flat_windows=0, threshold=0.0001",0,0.044921875
0,0.0,"amp_var=0.400 (thr=0.5, range-normalized), hf_power_ratio=0.023 (thr=0.4)",0,0.015625,longest_dropout=2 samples (thr=32),0,0.0,"n_spikes=0, z_threshold=4.0",0,0.0,"flat_windows=0, threshold=0.0001",0,0.00390625
0,0.0,"amp_var=0.347 (thr=0.5, range-normalized), hf_power_ratio=0.080 (thr=0.4)",0,0.0,No dropout segments detected.,0,0.0,"n_spikes=0, z_threshold=4.0",0,0.0,"flat_windows=0, threshold=0.0001",0,0.0
0,0.0,"amp_var=0.280 (thr=0.5, range-normalized), hf_power_ratio=0.134 (thr=0.4)",0,0.0078125,longest_dropout=1 samples (thr=32),0,0.0,"n_spikes=0, z_threshold=4.0",0,0.0,"flat_windows=0, threshold=0.0001",0,0.001953125
0,0.0,"amp_var=0.292 (thr=0.5, range-normalized), hf_power_ratio=0.142 (thr=0.4)",1,0.3984375,longest_dropout=51 samples (thr=32),0,0.0,"n_spikes=0, z_threshold=4.0",0,0.0,"flat_windows=0, threshold=0.0001",1,0.099609375
0,0.0,"amp_var=0.417 (thr=0.5, range-normalized), hf_power_ratio=0.013 (thr=0.4)",0,0.0078125,longest_dropout=1 samples (thr=32),0,0.0,"n_spikes=0, z_threshold=4.0",0,0.0,"flat_windows=0, threshold=0.0001",0,0.001953125
0,0.0,"amp_var=0.276 (thr=0.5, range-normalized), hf_power_ratio=0.113 (thr=0.4)",0,0.0078125,longest_dropout=1 samples (thr=32),0,0.0,"n_spikes=0, z_threshold=4.0",0,0.0,"flat_windows=0, threshold=0.0001",0,0.001953125
0,0.0,"amp_var=0.275 (thr=0.5, range-normalized), hf_power_ratio=0.160 (thr=0.4)",1,0.4609375,longest_dropout=59 samples (thr=32),0,0.0,"n_spikes=0, z_threshold=4.0",0,0.0,"flat_windows=0, threshold=0.0001",1,0.115234375
0,0.0,"amp_var=0.264 (thr=0.5, range-normalized), hf_power_ratio=0.100 (thr=0.4)",0,0.0078125,longest_dropout=1 samples (thr=32),0,0.0,"n_spikes=0, z_threshold=4.0",0,0.0,"flat_windows=0, threshold=0.0001",0,0.001953125
0,0.0,"amp_var=0.403 (thr=0.5, range-normalized), hf_power_ratio=0.020 (thr=0.4)",0,0.0078125,longest_dropout=1 samples (thr=32),0,0.0,"n_spikes=0, z_threshold=4.0",0,0.0,"flat_windows=0, threshold=0.0001",0,0.001953125
0,0.0,"amp_var=0.371 (thr=0.5, range-normalized), hf_power_ratio=0.072 (thr=0.4)",0,0.203125,longest_dropout=26 samples (thr=32),0,0.0,"n_spikes=0, z_threshold=4.0",0,0.0,"flat_windows=0, threshold=0.0001",0,0.05078125
0,0.0,"amp_var=0.411 (thr=0.5, range-normalized), hf_power_ratio=0.003 (thr=0.4)",0,0.015625,longest_dropout=2 samples (thr=32),0,0.0,"n_spikes=0, z_threshold=4.0",0,0.0,"flat_windows=0, threshold=0.0001",0,0.00390625
0,0.0,"amp_var=0.347 (thr=0.5, range-normalized), hf_power_ratio=0.084 (thr=0.4)",0,0.015625,longest_dropout=2 samples (thr=32),0,0.0,"n_spikes=0, z_threshold=4.0",0,0.0,"flat_windows=0, threshold=0.0001",0,0.00390625
0,0.0,"amp_var=0.284 (thr=0.5, range-normalized), hf_power_ratio=0.151 (thr=0.4)",1,0.3828125,longest_dropout=49 samples (thr=32),0,0.0,"n_spikes=0, z_threshold=4.0",0,0.0,"flat_windows=0, threshold=0.0001",1,0.095703125
0,0.0,"amp_var=0.301 (thr=0.5, range-normalized), hf_power_ratio=0.159 (thr=0.4)",1,0.265625,longest_dropout=34 samples (thr=32),0,0.0,"n_spikes=0, z_threshold=4.0",0,0.0,"flat_windows=0, threshold=0.0001",1,0.06640625
0,0.0,"amp_var=0.366 (thr=0.5, range-normalized), hf_power_ratio=0.088 (thr=0.4)",0,0.0078125,longest_dropout=1 samples (thr=32),0,0.0,"n_spikes=0, z_threshold=4.0",0,0.0,"flat_windows=0, threshold=0.0001",0,0.001953125
0,0.0,"amp_var=0.342 (thr=0.5, range-normalized), hf_power_ratio=0.070 (thr=0.4)",0,0.0078125,longest_dropout=1 samples (thr=32),0,0.0,"n_spikes=0, z_threshold=4.0",0,0.0,"flat_windows=0, threshold=0.0001",0,0.001953125
0,0.0,"amp_var=0.261 (thr=0.5, range-normalized), hf_power_ratio=0.106 (thr=0.4)",0,0.0078125,longest_dropout=1 samples (thr=32),0,0.0,"n_spikes=0, z_threshold=4.0",0,0.0,"flat_windows=0, threshold=0.0001",0,0.001953125
0,0.0,"amp_var=0.372 (thr=0.5, range-normalized), hf_power_ratio=0.055 (thr=0.4)",0,0.0078125,longest_dropout=1 samples (thr=32),0,0.0,"n_spikes=0, z_threshold=4.0",0,0.0,"flat_windows=0, threshold=0.0001",0,0.001953125
0,0.0,"amp_var=0.288 (thr=0.5, range-normalized), hf_power_ratio=0.101 (thr=0.4)",1,0.453125,longest_dropout=58 samples (thr=32),0,0.0,"n_spikes=0, z_threshold=4.0",0,0.0,"flat_windows=0, threshold=0.0001",1,0.11328125
0,0.0,"amp_var=0.329 (thr=0.5, range-normalized), hf_power_ratio=0.107 (thr=0.4)",0,0.0078125,longest_dropout=1 samples (thr=32),0,0.0,"n_spikes=0, z_threshold=4.0",0,0.0,"flat_windows=0, threshold=0.0001",0,0.001953125
0,0.0,"amp_var=0.338 (thr=0.5, range-normalized), hf_power_ratio=0.075 (thr=0.4)",0,0.0078125,longest_dropout=1 samples (thr=32),0,0.0,"n_spikes=0, z_threshold=4.0",0,0.0,"flat_windows=0, threshold=0.0001",0,0.001953125
0,0.0,"amp_var=0.287 (thr=0.5, range-normalized), hf_power_ratio=0.127 (thr=0.4)",1,0.421875,longest_dropout=54 samples (thr=32),0,0.0,"n_spikes=0, z_threshold=4.0",0,0.0,"flat_windows=0, threshold=0.0001",1,0.10546875
0,0.0,"amp_var=0.401 (thr=0.5, range-normalized), hf_power_ratio=0.029 (thr=0.4)",0,0.0078125,longest_dropout=1 samples (thr=32),0,0.0,"n_spikes=0, z_threshold=4.0",0,0.0,"flat_windows=0, threshold=0.0001",0,0.001953125
0,0.0,"amp_var=0.366 (thr=0.5, range-normalized), hf_power_ratio=0.051 (thr=0.4)",0,0.0078125,longest_dropout=1 samples (thr=32),0,0.0,"n_spikes=0, z_threshold=4.0",0,0.0,"flat_windows=0, threshold=0.0001",0,0.001953125
0,0.0,"amp_var=0.356 (thr=0.5, range-normalized), hf_power_ratio=0.087 (thr=0.4)",0,0.0078125,longest_dropout=1 samples (thr=32),0,0.0,"n_spikes=0, z_threshold=4.0",0,0.0,"flat_windows=0, threshold=0.0001",0,0.001953125
0,0.0,"amp_var=0.440 (thr=0.5, range-normalized), hf_power_ratio=0.006 (thr=0.4)",0,0.015625,longest_dropout=2 samples (thr=32),0,0.0,"n_spikes=0, z_threshold=4.0",0,0.0,"flat_windows=0, threshold=0.0001",0,0.00390625
0,0.0,"amp_var=0.239 (thr=0.5, range-normalized), hf_power_ratio=0.154 (thr=0.4)",1,0.4765625,longest_dropout=61 samples (thr=32),0,0.0,"n_spikes=0, z_threshold=4.0",0,0.0,"flat_windows=0, threshold=0.0001",1,0.119140625
0,0.0,"amp_var=0.299 (thr=0.5, range-normalized), hf_power_ratio=0.136 (thr=0.4)",0,0.0078125,longest_dropout=1 samples (thr=32),0,0.0,"n_spikes=0, z_threshold=4.0",0,0.0,"flat_windows=0, threshold=0.0001",0,0.001953125
0,0.0,"amp_var=0.277 (thr=0.5, range-normalized), hf_power_ratio=0.122 (thr=0.4)",0,0.0078125,longest_dropout=1 samples (thr=32),0,0.0,"n_spikes=0, z_threshold=4.0",0,0.0,"flat_windows=0, threshold=0.0001",0,0.001953125
0,0.0,"amp_var=0.330 (thr=0.5, range-normalized), hf_power_ratio=0.117 (thr=0.4)",1,0.4140625,longest_dropout=53 samples (thr=32),0,0.0,"n_spikes=0, z_threshold=4.0",0,0.0,"flat_windows=0, threshold=0.0001",1,0.103515625
0,0.0,"amp_var=0.331 (thr=0.5, range-normalized), hf_power_ratio=0.131 (thr=0.4)",0,0.2109375,longest_dropout=27 samples (thr=32),0,0.0,"n_spikes=0, z_threshold=4.0",0,0.0,"flat_windows=0, threshold=0.0001",0,0.052734375
0,0.0,"amp_var=0.385 (thr=0.5, range-normalized), hf_power_ratio=0.049 (thr=0.4)",0,0.0078125,longest_dropout=1 samples (thr=32),0,0.0,"n_spikes=0, z_threshold=4.0",0,0.0,"flat_windows=0, threshold=0.0001",0,0.001953125
0,0.0,"amp_var=0.380 (thr=0.5, range-normalized), hf_power_ratio=0.028 (thr=0.4)",0,0.0078125,longest_dropout=1 samples (thr=32),0,0.0,"n_spikes=0, z_threshold=4.0",0,0.0,"flat_windows=0, threshold=0.0001",0,0.001953125
0,0.0,"amp_var=0.271 (thr=0.5, range-normalized), hf_power_ratio=0.145 (thr=0.4)",1,0.25,longest_dropout=32 samples (thr=32),0,0.0,"n_spikes=0, z_threshold=4.0",0,0.0,"flat_windows=0, threshold=0.0001",1,0.0625
0,0.0,"amp_var=0.388 (thr=0.5, range-normalized), hf_power_ratio=0.025 (thr=0.4)",0,0.0078125,longest_dropout=1 samples (thr=32),0,0.0,"n_spikes=0, z_threshold=4.0",0,0.0,"flat_windows=0, threshold=0.0001",0,0.001953125
0,0.0,"amp_var=0.368 (thr=0.5, range-normalized), hf_power_ratio=0.048 (thr=0.4)",0,0.015625,longest_dropout=2 samples (thr=32),0,0.0,"n_spikes=0, z_threshold=4.0",0,0.0,"flat_windows=0, threshold=0.0001",0,0.00390625
0,0.0,"amp_var=0.333 (thr=0.5, range-normalized), hf_power_ratio=0.071 (thr=0.4)",0,0.0078125,longest_dropout=1 samples (thr=32),0,0.0,"n_spikes=0, z_threshold=4.0",0,0.0,"flat_windows=0, threshold=0.0001",0,0.001953125
0,0.0,"amp_var=0.389 (thr=0.5, range-normalized), hf_power_ratio=0.022 (thr=0.4)",0,0.015625,longest_dropout=2 samples (thr=32),0,0.0,"n_spikes=0, z_threshold=4.0",0,0.0,"flat_windows=0, threshold=0.0001",0,0.00390625
0,0.0,"amp_var=0.252 (thr=0.5, range-normalized), hf_power_ratio=0.207 (thr=0.4)",1,0.25,longest_dropout=32 samples (thr=32),0,0.0,"n_spikes=0, z_threshold=4.0",0,0.0,"flat_windows=0, threshold=0.0001",1,0.0625
0,0.0,"amp_var=0.382 (thr=0.5, range-normalized), hf_power_ratio=0.049 (thr=0.4)",0,0.015625,longest_dropout=2 samples (thr=32),0,0.0,"n_spikes=0, z_threshold=4.0",0,0.0,"flat_windows=0, threshold=0.0001",0,0.00390625
0,0.0,"amp_var=0.371 (thr=0.5, range-normalized), hf_power_ratio=0.047 (thr=0.4)",0,0.0078125,longest_dropout=1 samples (thr=32),0,0.0,"n_spikes=0, z_threshold=4.0",0,0.0,"flat_windows=0, threshold=0.0001",0,0.001953125
0,0.0,"amp_var=0.300 (thr=0.5, range-normalized), hf_power_ratio=0.091 (thr=0.4)",1,0.4609375,longest_dropout=59 samples (thr=32),0,0.0,"n_spikes=0, z_threshold=4.0",0,0.0,"flat_windows=0, threshold=0.0001",1,0.115234375
0,0.0,"amp_var=0.326 (thr=0.5, range-normalized), hf_power_ratio=0.093 (thr=0.4)",0,0.0078125,longest_dropout=1 samples (thr=32),0,0.0,"n_spikes=0, z_threshold=4.0",0,0.0,"flat_windows=0, threshold=0.0001",0,0.001953125
0,0.0,"amp_var=0.239 (thr=0.5, range-normalized), hf_power_ratio=0.196 (thr=0.4)",1,0.3828125,longest_dropout=49 samples (thr=32),0,0.0,"n_spikes=0, z_threshold=4.0",0,0.0,"flat_windows=0, threshold=0.0001",1,0.095703125
0,0.0,"amp_var=0.335 (thr=0.5, range-normalized), hf_power_ratio=0.134 (thr=0.4)",1,0.2734375,longest_dropout=35 samples (thr=32),0,0.0,"n_spikes=0, z_threshold=4.0",0,0.0,"flat_windows=0, threshold=0.0001",1,0.068359375
0,0.0,"amp_var=0.283 (thr=0.5, range-normalized), hf_power_ratio=0.199 (thr=0.4)",0,0.2265625,longest_dropout=29 samples (thr=32),0,0.0,"n_spikes=0, z_threshold=4.0",0,0.0,"flat_windows=0, threshold=0.0001",0,0.056640625
0,0.0,"amp_var=0.385 (thr=0.5, range-normalized), hf_power_ratio=0.044 (thr=0.4)",0,0.0078125,longest_dropout=1 samples (thr=32),0,0.0,"n_spikes=0, z_threshold=4.0",0,0.0,"flat_windows=0, threshold=0.0001",0,0.001953125
0,0.0,"amp_var=0.407 (thr=0.5, range-normalized), hf_power_ratio=0.029 (thr=0.4)",0,0.015625,longest_dropout=2 samples (thr=32),0,0.0,"n_spikes=0, z_threshold=4.0",0,0.0,"flat_windows=0, threshold=0.0001",0,0.00390625
0,0.0,"amp_var=0.424 (thr=0.5, range-normalized), hf_power_ratio=0.023 (thr=0.4)",0,0.015625,longest_dropout=2 samples (thr=32),0,0.0,"n_spikes=0, z_threshold=4.0",0,0.0,"flat_windows=0, threshold=0.0001",0,0.00390625
0,0.0,"amp_var=0.374 (thr=0.5, range-normalized), hf_power_ratio=0.039 (thr=0.4)",0,0.0078125,longest_dropout=1 samples (thr=32),0,0.0,"n_spikes=0, z_threshold=4.0",0,0.0,"flat_windows=0, threshold=0.0001",0,0.001953125
0,0.0,"amp_var=0.410 (thr=0.5, range-normalized), hf_power_ratio=0.013 (thr=0.4)",0,0.015625,longest_dropout=2 samples (thr=32),0,0.0,"n_spikes=0, z_threshold=4.0",0,0.0,"flat_windows=0, threshold=0.0001",0,0.00390625
0,0.0,"amp_var=0.243 (thr=0.5, range-normalized), hf_power_ratio=0.228 (thr=0.4)",1,0.46875,longest_dropout=60 samples (thr=32),0,0.0,"n_spikes=0, z_threshold=4.0",0,0.0,"flat_windows=0, threshold=0.0001",1,0.1171875
0,0.0,"amp_var=0.352 (thr=0.5, range-normalized), hf_power_ratio=0.072 (thr=0.4)",0,0.015625,longest_dropout=2 samples (thr=32),0,0.0,"n_spikes=0, z_threshold=4.0",0,0.0,"flat_windows=0, threshold=0.0001",0,0.00390625
0,0.0,"amp_var=0.236 (thr=0.5, range-normalized), hf_power_ratio=0.212 (thr=0.4)",1,0.2578125,longest_dropout=33 samples (thr=32),0,0.0,"n_spikes=0, z_threshold=4.0",0,0.0,"flat_windows=0, threshold=0.0001",1,0.064453125
0,0.0,"amp_var=0.333 (thr=0.5, range-normalized), hf_power_ratio=0.081 (thr=0.4)",0,0.015625,longest_dropout=2 samples (thr=32),0,0.0,"n_spikes=0, z_threshold=4.0",0,0.0,"flat_windows=0, threshold=0.0001",0,0.00390625
0,0.0,"amp_var=0.375 (thr=0.5, range-normalized), hf_power_ratio=0.049 (thr=0.4)",0,0.1484375,longest_dropout=19 samples (thr=32),0,0.0,"n_spikes=0, z_threshold=4.0",0,0.0,"flat_windows=0, threshold=0.0001",0,0.037109375
0,0.0,"amp_var=0.282 (thr=0.5, range-normalized), hf_power_ratio=0.114 (thr=0.4)",0,0.0078125,longest_dropout=1 samples (thr=32),0,0.0,"n_spikes=0, z_threshold=4.0",0,0.0,"flat_windows=0, threshold=0.0001",0,0.001953125
0,0.0,"amp_var=0.390 (thr=0.5, range-normalized), hf_power_ratio=0.032 (thr=0.4)",0,0.0078125,longest_dropout=1 samples (thr=32),0,0.0,"n_spikes=0, z_threshold=4.0",0,0.0,"flat_windows=0, threshold=0.0001",0,0.001953125
0,0.0,"amp_var=0.297 (thr=0.5, range-normalized), hf_power_ratio=0.104 (thr=0.4)",0,0.0078125,longest_dropout=1 samples (thr=32),0,0.0,"n_spikes=0, z_threshold=4.0",0,0.0,"flat_windows=0, threshold=0.0001",0,0.001953125
0,0.0,"amp_var=0.274 (thr=0.5, range-normalized), hf_power_ratio=0.115 (thr=0.4)",0,0.0078125,longest_dropout=1 samples (thr=32),0,0.0,"n_spikes=0, z_threshold=4.0",0,0.0,"flat_windows=0, threshold=0.0001",0,0.001953125
0,0.0,"amp_var=0.334 (thr=0.5, range-normalized), hf_power_ratio=0.100 (thr=0.4)",0,0.0078125,longest_dropout=1 samples (thr=32),0,0.0,"n_spikes=0, z_threshold=4.0",0,0.0,"flat_windows=0, threshold=0.0001",0,0.001953125
0,0.0,"amp_var=0.317 (thr=0.5, range-normalized), hf_power_ratio=0.156 (thr=0.4)",0,0.15625,longest_dropout=20 samples (thr=32),0,0.0,"n_spikes=0, z_threshold=4.0",0,0.0,"flat_windows=0, threshold=0.0001",0,0.0390625
0,0.0,"amp_var=0.395 (thr=0.5, range-normalized), hf_power_ratio=0.043 (thr=0.4)",0,0.0078125,longest_dropout=1 samples (thr=32),0,0.0,"n_spikes=0, z_threshold=4.0",0,0.0,"flat_windows=0, threshold=0.0001",0,0.001953125
0,0.0,"amp_var=0.310 (thr=0.5, range-normalized), hf_power_ratio=0.106 (thr=0.4)",0,0.0078125,longest_dropout=1 samples (thr=32),0,0.0,"n_spikes=0, z_threshold=4.0",0,0.0,"flat_windows=0, threshold=0.0001",0,0.001953125
0,0.0,"amp_var=0.382 (thr=0.5, range-normalized), hf_power_ratio=0.032 (thr=0.4)",0,0.0078125,longest_dropout=1 samples (thr=32),0,0.0,"n_spikes=0, z_threshold=4.0",0,0.0,"flat_windows=0, threshold=0.0001",0,0.001953125
0,0.0,"amp_var=0.363 (thr=0.5, range-normalized), hf_power_ratio=0.064 (thr=0.4)",0,0.0078125,longest_dropout=1 samples (thr=32),0,0.0,"n_spikes=0, z_threshold=4.0",0,0.0,"flat_windows=0, threshold=0.0001",0,0.001953125
0,0.0,"amp_var=0.380 (thr=0.5, range-normalized), hf_power_ratio=0.045 (thr=0.4)",0,0.0234375,longest_dropout=3 samples (thr=32),0,0.0,"n_spikes=0, z_threshold=4.0",0,0.0,"flat_windows=0, threshold=0.0001",0,0.005859375
0,0.0,"amp_var=0.355 (thr=0.5, range-normalized), hf_power_ratio=0.043 (thr=0.4)",0,0.203125,longest_dropout=26 samples (thr=32),0,0.0,"n_spikes=0, z_threshold=4.0",0,0.0,"flat_windows=0, threshold=0.0001",0,0.05078125
0,0.0,"amp_var=0.379 (thr=0.5, range-normalized), hf_power_ratio=0.059 (thr=0.4)",0,0.0078125,longest_dropout=1 samples (thr=32),0,0.0,"n_spikes=0, z_threshold=4.0",0,0.0,"flat_windows=0, threshold=0.0001",0,0.001953125
0,0.0,"amp_var=0.342 (thr=0.5, range-normalized), hf_power_ratio=0.095 (thr=0.4)",0,0.0078125,longest_dropout=1 samples (thr=32),0,0.0,"n_spikes=0, z_threshold=4.0",0,0.0,"flat_windows=0, threshold=0.0001",0,0.001953125
0,0.0,"amp_var=0.331 (thr=0.5, range-normalized), hf_power_ratio=0.154 (thr=0.4)",0,0.1796875,longest_dropout=23 samples (thr=32),0,0.0,"n_spikes=0, z_threshold=4.0",0,0.0,"flat_windows=0, threshold=0.0001",0,0.044921875
0,0.0,"amp_var=0.269 (thr=0.5, range-normalized), hf_power_ratio=0.182 (thr=0.4)",1,0.484375,longest_dropout=62 samples (thr=32),0,0.0,"n_spikes=0, z_threshold=4.0",0,0.0,"flat_windows=0, threshold=0.0001",1,0.12109375
0,0.0,"amp_var=0.393 (thr=0.5, range-normalized), hf_power_ratio=0.041 (thr=0.4)",0,0.0078125,longest_dropout=1 samples (thr=32),0,0.0,"n_spikes=0, z_threshold=4.0",0,0.0,"flat_windows=0, threshold=0.0001",0,0.001953125
0,0.0,"amp_var=0.417 (thr=0.5, range-normalized), hf_power_ratio=0.013 (thr=0.4)",0,0.015625,longest_dropout=2 samples (thr=32),0,0.0,"n_spikes=0, z_threshold=4.0",0,0.0,"flat_windows=0, threshold=0.0001",0,0.00390625
0,0.0,"amp_var=0.263 (thr=0.5, range-normalized), hf_power_ratio=0.116 (thr=0.4)",0,0.0078125,longest_dropout=1 samples (thr=32),0,0.0,"n_spikes=0, z_threshold=4.0",0,0.0,"flat_windows=0, threshold=0.0001",0,0.001953125
0,0.0,"amp_var=0.354 (thr=0.5, range-normalized), hf_power_ratio=0.080 (thr=0.4)",0,0.1640625,longest_dropout=21 samples (thr=32),0,0.0,"n_spikes=0, z_threshold=4.0",0,0.0,"flat_windows=0, threshold=0.0001",0,0.041015625
0,0.0,"amp_var=0.305 (thr=0.5, range-normalized), hf_power_ratio=0.101 (thr=0.4)",1,0.40625,longest_dropout=52 samples (thr=32),0,0.0,"n_spikes=0, z_threshold=4.0",0,0.0,"flat_windows=0, threshold=0.0001",1,0.1015625
0,0.0,"amp_var=0.402 (thr=0.5, range-normalized), hf_power_ratio=0.027 (thr=0.4)",0,0.0234375,longest_dropout=3 samples (thr=32),0,0.0,"n_spikes=0, z_threshold=4.0",0,0.0,"flat_windows=0, threshold=0.0001",0,0.005859375
0,0.0,"amp_var=0.416 (thr=0.5, range-normalized), hf_power_ratio=0.016 (thr=0.4)",0,0.0078125,longest_dropout=1 samples (thr=32),0,0.0,"n_spikes=0, z_threshold=4.0",0,0.0,"flat_windows=0, threshold=0.0001",0,0.001953125
0,0.0,"amp_var=0.315 (thr=0.5, range-normalized), hf_power_ratio=0.118 (thr=0.4)",1,0.2578125,longest_dropout=33 samples (thr=32),0,0.0,"n_spikes=0, z_threshold=4.0",0,0.0,"flat_windows=0, threshold=0.0001",1,0.064453125
0,0.0,"amp_var=0.399 (thr=0.5, range-normalized), hf_power_ratio=0.053 (thr=0.4)",0,0.0078125,longest_dropout=1 samples (thr=32),0,0.0,"n_spikes=0, z_threshold=4.0",0,0.0,"flat_windows=0, threshold=0.0001",0,0.001953125
0,0.0,"amp_var=0.388 (thr=0.5, range-normalized), hf_power_ratio=0.035 (thr=0.4)",0,0.0078125,longest_dropout=1 samples (thr=32),0,0.0,"n_spikes=0, z_threshold=4.0",0,0.0,"flat_windows=0, threshold=0.0001",0,0.001953125
0,0.0,"amp_var=0.424 (thr=0.5, range-normalized), hf_power_ratio=0.019 (thr=0.4)",0,0.015625,longest_dropout=2 samples (thr=32),0,0.0,"n_spikes=0, z_threshold=4.0",0,0.0,"flat_windows=0, threshold=0.0001",0,0.00390625
0,0.0,"amp_var=0.231 (thr=0.5, range-normalized), hf_power_ratio=0.185 (thr=0.4)",1,0.390625,longest_dropout=50 samples (thr=32),0,0.0,"n_spikes=0, z_threshold=4.0",0,0.0,"flat_windows=0, threshold=0.0001",1,0.09765625
0,0.0,"amp_var=0.295 (thr=0.5, range-normalized), hf_power_ratio=0.103 (thr=0.4)",0,0.0078125,longest_dropout=1 samples (thr=32),0,0.0,"n_spikes=0, z_threshold=4.0",0,0.0,"flat_windows=0, threshold=0.0001",0,0.001953125
0,0.0,"amp_var=0.403 (thr=0.5, range-normalized), hf_power_ratio=0.022 (thr=0.4)",0,0.015625,longest_dropout=2 samples (thr=32),0,0.0,"n_spikes=0, z_threshold=4.0",0,0.0,"flat_windows=0, threshold=0.0001",0,0.00390625
0,0.0,"amp_var=0.298 (thr=0.5, range-normalized), hf_power_ratio=0.156 (thr=0.4)",0,0.2421875,longest_dropout=31 samples (thr=32),0,0.0,"n_spikes=0, z_threshold=4.0",0,0.0,"flat_windows=0, threshold=0.0001",0,0.060546875
0,0.0,"amp_var=0.312 (thr=0.5, range-normalized), hf_power_ratio=0.115 (thr=0.4)",0,0.1328125,longest_dropout=17 samples (thr=32),0,0.0,"n_spikes=0, z_threshold=4.0",0,0.0,"flat_windows=0, threshold=0.0001",0,0.033203125
0,0.0,"amp_var=0.279 (thr=0.5, range-normalized), hf_power_ratio=0.114 (thr=0.4)",0,0.0078125,longest_dropout=1 samples (thr=32),0,0.0,"n_spikes=0, z_threshold=4.0",0,0.0,"flat_windows=0, threshold=0.0001",0,0.001953125
0,0.0,"amp_var=0.410 (thr=0.5, range-normalized), hf_power_ratio=0.001 (thr=0.4)",0,0.0078125,longest_dropout=1 samples (thr=32),0,0.0,"n_spikes=0, z_threshold=4.0",0,0.0,"flat_windows=0, threshold=0.0001",0,0.001953125
0,0.0,"amp_var=0.353 (thr=0.5, range-normalized), hf_power_ratio=0.055 (thr=0.4)",0,0.015625,longest_dropout=2 samples (thr=32),0,0.0,"n_spikes=0, z_threshold=4.0",0,0.0,"flat_windows=0, threshold=0.0001",0,0.00390625
0,0.0,"amp_var=0.401 (thr=0.5, range-normalized), hf_power_ratio=0.027 (thr=0.4)",0,0.0234375,longest_dropout=3 samples (thr=32),0,0.0,"n_spikes=0, z_threshold=4.0",0,0.0,"flat_windows=0, threshold=0.0001",0,0.005859375
0,0.0,"amp_var=0.402 (thr=0.5, range-normalized), hf_power_ratio=0.018 (thr=0.4)",0,0.015625,longest_dropout=2 samples (thr=32),0,0.0,"n_spikes=0, z_threshold=4.0",0,0.0,"flat_windows=0, threshold=0.0001",0,0.00390625
0,0.0,"amp_var=0.305 (thr=0.5, range-normalized), hf_power_ratio=0.135 (thr=0.4)",0,0.171875,longest_dropout=22 samples (thr=32),0,0.0,"n_spikes=0, z_threshold=4.0",0,0.0,"flat_windows=0, threshold=0.0001",0,0.04296875
0,0.0,"amp_var=0.285 (thr=0.5, range-normalized), hf_power_ratio=0.120 (thr=0.4)",0,0.0078125,longest_dropout=1 samples (thr=32),0,0.0,"n_spikes=0, z_threshold=4.0",0,0.0,"flat_windows=0, threshold=0.0001",0,0.001953125
0,0.0,"amp_var=0.307 (thr=0.5, range-normalized), hf_power_ratio=0.116 (thr=0.4)",1,0.3359375,longest_dropout=43 samples (thr=32),0,0.0,"n_spikes=0, z_threshold=4.0",0,0.0,"flat_windows=0, threshold=0.0001",1,0.083984375
0,0.0,"amp_var=0.383 (thr=0.5, range-normalized), hf_power_ratio=0.042 (thr=0.4)",0,0.0078125,longest_dropout=1 samples (thr=32),0,0.0,"n_spikes=0, z_threshold=4.0",0,0.0,"flat_windows=0, threshold=0.0001",0,0.001953125
0,0.0,"amp_var=0.368 (thr=0.5, range-normalized), hf_power_ratio=0.061 (thr=0.4)",0,0.0078125,longest_dropout=1 samples (thr=32),0,0.0,"n_spikes=0, z_threshold=4.0",0,0.0,"flat_windows=0, threshold=0.0001",0,0.001953125
0,0.0,"amp_var=0.339 (thr=0.5, range-normalized), hf_power_ratio=0.071 (thr=0.4)",0,0.140625,longest_dropout=18 samples (thr=32),0,0.0,"n_spikes=0, z_threshold=4.0",0,0.0,"flat_windows=0, threshold=0.0001",0,0.03515625
0,0.0,"amp_var=0.385 (thr=0.5, range-normalized), hf_power_ratio=0.042 (thr=0.4)",0,0.015625,longest_dropout=2 samples (thr=32),0,0.0,"n_spikes=0, z_threshold=4.0",0,0.0,"flat_windows=0, threshold=0.0001",0,0.00390625
0,0.0,"amp_var=0.396 (thr=0.5, range-normalized), hf_power_ratio=0.035 (thr=0.4)",0,0.0078125,longest_dropout=1 samples (thr=32),0,0.0,"n_spikes=0, z_threshold=4.0",0,0.0,"flat_windows=0, threshold=0.0001",0,0.001953125
0,0.0,"amp_var=0.277 (thr=0.5, range-normalized), hf_power_ratio=0.108 (thr=0.4)",0,0.0078125,longest_dropout=1 samples (thr=32),0,0.0,"n_spikes=0, z_threshold=4.0",0,0.0,"flat_windows=0, threshold=0.0001",0,0.001953125
0,0.0,"amp_var=0.371 (thr=0.5, range-normalized), hf_power_ratio=0.056 (thr=0.4)",0,0.0078125,longest_dropout=1 samples (thr=32),0,0.0,"n_spikes=0, z_threshold=4.0",0,0.0,"flat_windows=0, threshold=0.0001",0,0.001953125
0,0.0,"amp_var=0.278 (thr=0.5, range-normalized), hf_power_ratio=0.124 (thr=0.4)",0,0.0078125,longest_dropout=1 samples (thr=32),0,0.0,"n_spikes=0, z_threshold=4.0",0,0.0,"flat_windows=0, threshold=0.0001",0,0.001953125
0,0.0,"amp_var=0.324 (thr=0.5, range-normalized), hf_power_ratio=0.091 (thr=0.4)",1,0.25,longest_dropout=32 samples (thr=32),0,0.0,"n_spikes=0, z_threshold=4.0",0,0.0,"flat_windows=0, threshold=0.0001",1,0.0625
0,0.0,"amp_var=0.352 (thr=0.5, range-normalized), hf_power_ratio=0.067 (thr=0.4)",0,0.0078125,longest_dropout=1 samples (thr=32),0,0.0,"n_spikes=0, z_threshold=4.0",0,0.0,"flat_windows=0, threshold=0.0001",0,0.001953125
0,0.0,"amp_var=0.348 (thr=0.5, range-normalized), hf_power_ratio=0.089 (thr=0.4)",0,0.0078125,longest_dropout=1 samples (thr=32),0,0.0,"n_spikes=0, z_threshold=4.0",0,0.0,"flat_windows=0, threshold=0.0001",0,0.001953125
0,0.0,"amp_var=0.284 (thr=0.5, range-normalized), hf_power_ratio=0.163 (thr=0.4)",1,0.4453125,longest_dropout=57 samples (thr=32),0,0.0,"n_spikes=0, z_threshold=4.0",0,0.0,"flat_windows=0, threshold=0.0001",1,0.111328125
0,0.0,"amp_var=0.314 (thr=0.5, range-normalized), hf_power_ratio=0.120 (thr=0.4)",1,0.359375,longest_dropout=46 samples (thr=32),0,0.0,"n_spikes=0, z_threshold=4.0",0,0.0,"flat_windows=0, threshold=0.0001",1,0.08984375
0,0.0,"amp_var=0.290 (thr=0.5, range-normalized), hf_power_ratio=0.122 (thr=0.4)",0,0.0078125,longest_dropout=1 samples (thr=32),0,0.0,"n_spikes=0, z_threshold=4.0",0,0.0,"flat_windows=0, threshold=0.0001",0,0.001953125
0,0.0,"amp_var=0.420 (thr=0.5, range-normalized), hf_power_ratio=0.007 (thr=0.4)",0,0.0078125,longest_dropout=1 samples (thr=32),0,0.0,"n_spikes=0, z_threshold=4.0",0,0.0,"flat_windows=0, threshold=0.0001",0,0.001953125
0,0.0,"amp_var=0.363 (thr=0.5, range-normalized), hf_power_ratio=0.082 (thr=0.4)",0,0.0078125,longest_dropout=1 samples (thr=32),0,0.0,"n_spikes=0, z_threshold=4.0",0,0.0,"flat_windows=0, threshold=0.0001",0,0.001953125
0,0.0,"amp_var=0.265 (thr=0.5, range-normalized), hf_power_ratio=0.113 (thr=0.4)",0,0.0078125,longest_dropout=1 samples (thr=32),0,0.0,"n_spikes=0, z_threshold=4.0",0,0.0,"flat_windows=0, threshold=0.0001",0,0.001953125
0,0.0,"amp_var=0.392 (thr=0.5, range-normalized), hf_power_ratio=0.014 (thr=0.4)",0,0.015625,longest_dropout=2 samples (thr=32),0,0.0,"n_spikes=0, z_threshold=4.0",0,0.0,"flat_windows=0, threshold=0.0001",0,0.00390625
0,0.0,"amp_var=0.357 (thr=0.5, range-normalized), hf_power_ratio=0.082 (thr=0.4)",0,0.0078125,longest_dropout=1 samples (thr=32),0,0.0,"n_spikes=0, z_threshold=4.0",0,0.0,"flat_windows=0, threshold=0.0001",0,0.001953125
0,0.0,"amp_var=0.375 (thr=0.5, range-normalized), hf_power_ratio=0.045 (thr=0.4)",0,0.0078125,longest_dropout=1 samples (thr=32),0,0.0,"n_spikes=0, z_threshold=4.0",0,0.0,"flat_windows=0, threshold=0.0001",0,0.001953125
0,0.0,"amp_var=0.355 (thr=0.5, range-normalized), hf_power_ratio=0.062 (thr=0.4)",0,0.015625,longest_dropout=2 samples (thr=32),0,0.0,"n_spikes=0, z_threshold=4.0",0,0.0,"flat_windows=0, threshold=0.0001",0,0.00390625
0,0.0,"amp_var=0.356 (thr=0.5, range-normalized), hf_power_ratio=0.093 (thr=0.4)",0,0.0,No dropout segments detected.,0,0.0,"n_spikes=0, z_threshold=4.0",0,0.0,"flat_windows=0, threshold=0.0001",0,0.0
0,0.0,"amp_var=0.353 (thr=0.5, range-normalized), hf_power_ratio=0.057 (thr=0.4)",0,0.0078125,longest_dropout=1 samples (thr=32),0,0.0,"n_spikes=0, z_threshold=4.0",0,0.0,"flat_windows=0, threshold=0.0001",0,0.001953125
0,0.0,"amp_var=0.296 (thr=0.5, range-normalized), hf_power_ratio=0.226 (thr=0.4)",1,0.3671875,longest_dropout=47 samples (thr=32),0,0.0,"n_spikes=0, z_threshold=4.0",0,0.0,"flat_windows=0, threshold=0.0001",1,0.091796875
0,0.0,"amp_var=0.392 (thr=0.5, range-normalized), hf_power_ratio=0.034 (thr=0.4)",0,0.0078125,longest_dropout=1 samples (thr=32),0,0.0,"n_spikes=0, z_threshold=4.0",0,0.0,"flat_windows=0, threshold=0.0001",0,0.001953125
0,0.0,"amp_var=0.327 (thr=0.5, range-normalized), hf_power_ratio=0.098 (thr=0.4)",0,0.0078125,longest_dropout=1 samples (thr=32),0,0.0,"n_spikes=0, z_threshold=4.0",0,0.0,"flat_windows=0, threshold=0.0001",0,0.001953125
0,0.0,"amp_var=0.384 (thr=0.5, range-normalized), hf_power_ratio=0.035 (thr=0.4)",0,0.0078125,longest_dropout=1 samples (thr=32),0,0.0,"n_spikes=0, z_threshold=4.0",0,0.0,"flat_windows=0, threshold=0.0001",0,0.001953125
0,0.0,"amp_var=0.292 (thr=0.5, range-normalized), hf_power_ratio=0.116 (thr=0.4)",0,0.0078125,longest_dropout=1 samples (thr=32),0,0.0,"n_spikes=0, z_threshold=4.0",0,0.0,"flat_windows=0, threshold=0.0001",0,0.001953125
0,0.0,"amp_var=0.275 (thr=0.5, range-normalized), hf_power_ratio=0.136 (thr=0.4)",0,0.0078125,longest_dropout=1 samples (thr=32),0,0.0,"n_spikes=0, z_threshold=4.0",0,0.0,"flat_windows=0, threshold=0.0001",0,0.001953125
0,0.0,"amp_var=0.393 (thr=0.5, range-normalized), hf_power_ratio=0.015 (thr=0.4)",0,0.0078125,longest_dropout=1 samples (thr=32),0,0.0,"n_spikes=0, z_threshold=4.0",0,0.0,"flat_windows=0, threshold=0.0001",0,0.001953125
0,0.0,"amp_var=0.288 (thr=0.5, range-normalized), hf_power_ratio=0.143 (thr=0.4)",0,0.0078125,longest_dropout=1 samples (thr=32),0,0.0,"n_spikes=0, z_threshold=4.0",0,0.0,"flat_windows=0, threshold=0.0001",0,0.001953125
0,0.0,"amp_var=0.340 (thr=0.5, range-normalized), hf_power_ratio=0.213 (thr=0.4)",0,0.140625,longest_dropout=18 samples (thr=32),0,0.0,"n_spikes=0, z_threshold=4.0",0,0.0,"flat_windows=0, threshold=0.0001",0,0.03515625
0,0.0,"amp_var=0.402 (thr=0.5, range-normalized), hf_power_ratio=0.013 (thr=0.4)",0,0.0078125,longest_dropout=1 samples (thr=32),0,0.0,"n_spikes=0, z_threshold=4.0",0,0.0,"flat_windows=0, threshold=0.0001",0,0.001953125
0,0.0,"amp_var=0.384 (thr=0.5, range-normalized), hf_power_ratio=0.047 (thr=0.4)",0,0.015625,longest_dropout=2 samples (thr=32),0,0.0,"n_spikes=0, z_threshold=4.0",0,0.0,"flat_windows=0, threshold=0.0001",0,0.00390625
0,0.0,"amp_var=0.335 (thr=0.5, range-normalized), hf_power_ratio=0.139 (thr=0.4)",1,0.2734375,longest_dropout=35 samples (thr=32),0,0.0,"n_spikes=0, z_threshold=4.0",0,0.0,"flat_windows=0, threshold=0.0001",1,0.068359375
0,0.0,"amp_var=0.394 (thr=0.5, range-normalized), hf_power_ratio=0.032 (thr=0.4)",0,0.0078125,longest_dropout=1 samples (thr=32),0,0.0,"n_spikes=0, z_threshold=4.0",0,0.0,"flat_windows=0, threshold=0.0001",0,0.001953125
0,0.0,"amp_var=0.332 (thr=0.5, range-normalized), hf_power_ratio=0.035 (thr=0.4)",1,0.40625,longest_dropout=52 samples (thr=32),0,0.0,"n_spikes=0, z_threshold=4.0",0,0.0,"flat_windows=0, threshold=0.0001",1,0.1015625
0,0.0,"amp_var=0.378 (thr=0.5, range-normalized), hf_power_ratio=0.049 (thr=0.4)",0,0.0078125,longest_dropout=1 samples (thr=32),0,0.0,"n_spikes=0, z_threshold=4.0",0,0.0,"flat_windows=0, threshold=0.0001",0,0.001953125
0,0.0,"amp_var=0.411 (thr=0.5, range-normalized), hf_power_ratio=0.025 (thr=0.4)",0,0.015625,longest_dropout=2 samples (thr=32),0,0.0,"n_spikes=0, z_threshold=4.0",0,0.0,"flat_windows=0, threshold=0.0001",0,0.00390625
0,0.0,"amp_var=0.411 (thr=0.5, range-normalized), hf_power_ratio=0.013 (thr=0.4)",0,0.0078125,longest_dropout=1 samples (thr=32),0,0.0,"n_spikes=0, z_threshold=4.0",0,0.0,"flat_windows=0, threshold=0.0001",0,0.001953125
0,0.0,"amp_var=0.349 (thr=0.5, range-normalized), hf_power_ratio=0.073 (thr=0.4)",0,0.0078125,longest_dropout=1 samples (thr=32),0,0.0,"n_spikes=0, z_threshold=4.0",0,0.0,"flat_windows=0, threshold=0.0001",0,0.001953125
0,0.0,"amp_var=0.368 (thr=0.5, range-normalized), hf_power_ratio=0.065 (thr=0.4)",0,0.0078125,longest_dropout=1 samples (thr=32),0,0.0,"n_spikes=0, z_threshold=4.0",0,0.0,"flat_windows=0, threshold=0.0001",0,0.001953125
0,0.0,"amp_var=0.391 (thr=0.5, range-normalized), hf_power_ratio=0.025 (thr=0.4)",0,0.015625,longest_dropout=2 samples (thr=32),0,0.0,"n_spikes=0, z_threshold=4.0",0,0.0,"flat_windows=0, threshold=0.0001",0,0.00390625
0,0.0,"amp_var=0.344 (thr=0.5, range-normalized), hf_power_ratio=0.133 (thr=0.4)",0,0.0078125,longest_dropout=1 samples (thr=32),0,0.0,"n_spikes=0, z_threshold=4.0",0,0.0,"flat_windows=0, threshold=0.0001",0,0.001953125
0,0.0,"amp_var=0.357 (thr=0.5, range-normalized), hf_power_ratio=0.056 (thr=0.4)",0,0.0078125,longest_dropout=1 samples (thr=32),0,0.0,"n_spikes=0, z_threshold=4.0",0,0.0,"flat_windows=0, threshold=0.0001",0,0.001953125
0,0.0,"amp_var=0.346 (thr=0.5, range-normalized), hf_power_ratio=0.095 (thr=0.4)",0,0.125,longest_dropout=16 samples (thr=32),0,0.0,"n_spikes=0, z_threshold=4.0",0,0.0,"flat_windows=0, threshold=0.0001",0,0.03125
0,0.0,"amp_var=0.337 (thr=0.5, range-normalized), hf_power_ratio=0.089 (thr=0.4)",0,0.0078125,longest_dropout=1 samples (thr=32),0,0.0,"n_spikes=0, z_threshold=4.0",0,0.0,"flat_windows=0, threshold=0.0001",0,0.001953125
0,0.0,"amp_var=0.367 (thr=0.5, range-normalized), hf_power_ratio=0.049 (thr=0.4)",0,0.015625,longest_dropout=2 samples (thr=32),0,0.0,"n_spikes=0, z_threshold=4.0",0,0.0,"flat_windows=0, threshold=0.0001",0,0.00390625
0,0.0,"amp_var=0.286 (thr=0.5, range-normalized), hf_power_ratio=0.111 (thr=0.4)",1,0.3671875,longest_dropout=47 samples (thr=32),0,0.0,"n_spikes=0, z_threshold=4.0",0,0.0,"flat_windows=0, threshold=0.0001",1,0.091796875
0,0.0,"amp_var=0.398 (thr=0.5, range-normalized), hf_power_ratio=0.013 (thr=0.4)",0,0.015625,longest_dropout=2 samples (thr=32),0,0.0,"n_spikes=0, z_threshold=4.0",0,0.0,"flat_windows=0, threshold=0.0001",0,0.00390625
0,0.0,"amp_var=0.262 (thr=0.5, range-normalized), hf_power_ratio=0.137 (thr=0.4)",1,0.3359375,longest_dropout=43 samples (thr=32),0,0.0,"n_spikes=0, z_threshold=4.0",0,0.0,"flat_windows=0, threshold=0.0001",1,0.083984375
0,0.0,"amp_var=0.307 (thr=0.5, range-normalized), hf_power_ratio=0.167 (thr=0.4)",0,0.140625,longest_dropout=18 samples (thr=32),0,0.0,"n_spikes=0, z_threshold=4.0",0,0.0,"flat_windows=0, threshold=0.0001",0,0.03515625
0,0.0,"amp_var=0.280 (thr=0.5, range-normalized), hf_power_ratio=0.157 (thr=0.4)",1,0.40625,longest_dropout=52 samples (thr=32),0,0.0,"n_spikes=0, z_threshold=4.0",0,0.0,"flat_windows=0, threshold=0.0001",1,0.1015625
0,0.0,"amp_var=0.357 (thr=0.5, range-normalized), hf_power_ratio=0.048 (thr=0.4)",0,0.0078125,longest_dropout=1 samples (thr=32),0,0.0,"n_spikes=0, z_threshold=4.0",0,0.0,"flat_windows=0, threshold=0.0001",0,0.001953125
0,0.0,"amp_var=0.290 (thr=0.5, range-normalized), hf_power_ratio=0.092 (thr=0.4)",1,0.34375,longest_dropout=44 samples (thr=32),0,0.0,"n_spikes=0, z_threshold=4.0",0,0.0,"flat_windows=0, threshold=0.0001",1,0.0859375
0,0.0,"amp_var=0.351 (thr=0.5, range-normalized), hf_power_ratio=0.078 (thr=0.4)",0,0.0078125,longest_dropout=1 samples (thr=32),0,0.0,"n_spikes=0, z_threshold=4.0",0,0.0,"flat_windows=0, threshold=0.0001",0,0.001953125
0,0.0,"amp_var=0.393 (thr=0.5, range-normalized), hf_power_ratio=0.064 (thr=0.4)",0,0.0078125,longest_dropout=1 samples (thr=32),0,0.0,"n_spikes=0, z_threshold=4.0",0,0.0,"flat_windows=0, threshold=0.0001",0,0.001953125
0,0.0,"amp_var=0.417 (thr=0.5, range-normalized), hf_power_ratio=0.027 (thr=0.4)",0,0.015625,longest_dropout=2 samples (thr=32),0,0.0,"n_spikes=0, z_threshold=4.0",0,0.0,"flat_windows=0, threshold=0.0001",0,0.00390625
0,0.0,"amp_var=0.367 (thr=0.5, range-normalized), hf_power_ratio=0.067 (thr=0.4)",0,0.0078125,longest_dropout=1 samples (thr=32),0,0.0,"n_spikes=0, z_threshold=4.0",0,0.0,"flat_windows=0, threshold=0.0001",0,0.001953125
0,0.0,"amp_var=0.410 (thr=0.5, range-normalized), hf_power_ratio=0.029 (thr=0.4)",0,0.0078125,longest_dropout=1 samples (thr=32),0,0.0,"n_spikes=0, z_threshold=4.0",0,0.0,"flat_windows=0, threshold=0.0001",0,0.001953125
0,0.0,"amp_var=0.370 (thr=0.5, range-normalized), hf_power_ratio=0.050 (thr=0.4)",0,0.0078125,longest_dropout=1 samples (thr=32),0,0.0,"n_spikes=0, z_threshold=4.0",0,0.0,"flat_windows=0, threshold=0.0001",0,0.001953125
0,0.0,"amp_var=0.350 (thr=0.5, range-normalized), hf_power_ratio=0.071 (thr=0.4)",0,0.0078125,longest_dropout=1 samples (thr=32),0,0.0,"n_spikes=0, z_threshold=4.0",0,0.0,"flat_windows=0, threshold=0.0001",0,0.001953125
0,0.0,"amp_var=0.326 (thr=0.5, range-normalized), hf_power_ratio=0.106 (thr=0.4)",0,0.2421875,longest_dropout=31 samples (thr=32),0,0.0,"n_spikes=0, z_threshold=4.0",0,0.0,"flat_windows=0, threshold=0.0001",0,0.060546875
0,0.0,"amp_var=0.321 (thr=0.5, range-normalized), hf_power_ratio=0.057 (thr=0.4)",1,0.4765625,longest_dropout=61 samples (thr=32),0,0.0,"n_spikes=0, z_threshold=4.0",0,0.0,"flat_windows=0, threshold=0.0001",1,0.119140625
0,0.0,"amp_var=0.306 (thr=0.5, range-normalized), hf_power_ratio=0.109 (thr=0.4)",1,0.328125,longest_dropout=42 samples (thr=32),0,0.0,"n_spikes=0, z_threshold=4.0",0,0.0,"flat_windows=0, threshold=0.0001",1,0.08203125
0,0.0,"amp_var=0.301 (thr=0.5, range-normalized), hf_power_ratio=0.158 (thr=0.4)",0,0.2109375,longest_dropout=27 samples (thr=32),0,0.0,"n_spikes=0, z_threshold=4.0",0,0.0,"flat_windows=0, threshold=0.0001",0,0.052734375
0,0.0,"amp_var=0.363 (thr=0.5, range-normalized), hf_power_ratio=0.060 (thr=0.4)",0,0.0078125,longest_dropout=1 samples (thr=32),0,0.0,"n_spikes=0, z_threshold=4.0",0,0.0,"flat_windows=0, threshold=0.0001",0,0.001953125
0,0.0,"amp_var=0.270 (thr=0.5, range-normalized), hf_power_ratio=0.134 (thr=0.4)",0,0.0078125,longest_dropout=1 samples (thr=32),0,0.0,"n_spikes=0, z_threshold=4.0",0,0.0,"flat_windows=0, threshold=0.0001",0,0.001953125
0,0.0,"amp_var=0.342 (thr=0.5, range-normalized), hf_power_ratio=0.081 (thr=0.4)",0,0.0078125,longest_dropout=1 samples (thr=32),0,0.0,"n_spikes=0, z_threshold=4.0",0,0.0,"flat_windows=0, threshold=0.0001",0,0.001953125
0,0.0,"amp_var=0.263 (thr=0.5, range-normalized), hf_power_ratio=0.178 (thr=0.4)",1,0.390625,longest_dropout=50 samples (thr=32),0,0.0,"n_spikes=0, z_threshold=4.0",0,0.0,"flat_windows=0, threshold=0.0001",1,0.09765625
0,0.0,"amp_var=0.415 (thr=0.5, range-normalized), hf_power_ratio=0.027 (thr=0.4)",0,0.0078125,longest_dropout=1 samples (thr=32),0,0.0,"n_spikes=0, z_threshold=4.0",0,0.0,"flat_windows=0, threshold=0.0001",0,0.001953125
0,0.0,"amp_var=0.368 (thr=0.5, range-normalized), hf_power_ratio=0.040 (thr=0.4)",0,0.0078125,longest_dropout=1 samples (thr=32),0,0.0,"n_spikes=0, z_threshold=4.0",0,0.0,"flat_windows=0, threshold=0.0001",0,0.001953125
0,0.0,"amp_var=0.309 (thr=0.5, range-normalized), hf_power_ratio=0.113 (thr=0.4)",0,0.2109375,longest_dropout=27 samples (thr=32),0,0.0,"n_spikes=0, z_threshold=4.0",0,0.0,"flat_windows=0, threshold=0.0001",0,0.052734375
0,0.0,"amp_var=0.282 (thr=0.5, range-normalized), hf_power_ratio=0.106 (thr=0.4)",1,0.4453125,longest_dropout=57 samples (thr=32),0,0.0,"n_spikes=0, z_threshold=4.0",0,0.0,"flat_windows=0, threshold=0.0001",1,0.111328125
0,0.0,"amp_var=0.248 (thr=0.5, range-normalized), hf_power_ratio=0.237 (thr=0.4)",1,0.390625,longest_dropout=50 samples (thr=32),0,0.0,"n_spikes=0, z_threshold=4.0",0,0.0,"flat_windows=0, threshold=0.0001",1,0.09765625
0,0.0,"amp_var=0.390 (thr=0.5, range-normalized), hf_power_ratio=0.038 (thr=0.4)",0,0.0078125,longest_dropout=1 samples (thr=32),0,0.0,"n_spikes=0, z_threshold=4.0",0,0.0,"flat_windows=0, threshold=0.0001",0,0.001953125
0,0.0,"amp_var=0.282 (thr=0.5, range-normalized), hf_power_ratio=0.227 (thr=0.4)",0,0.1796875,longest_dropout=23 samples (thr=32),0,0.0,"n_spikes=0, z_threshold=4.0",0,0.0,"flat_windows=0, threshold=0.0001",0,0.044921875
0,0.0,"amp_var=0.354 (thr=0.5, range-normalized), hf_power_ratio=0.053 (thr=0.4)",0,0.0078125,longest_dropout=1 samples (thr=32),0,0.0,"n_spikes=0, z_threshold=4.0",0,0.0,"flat_windows=0, threshold=0.0001",0,0.001953125
0,0.0,"amp_var=0.387 (thr=0.5, range-normalized), hf_power_ratio=0.062 (thr=0.4)",0,0.0078125,longest_dropout=1 samples (thr=32),0,0.0,"n_spikes=0, z_threshold=4.0",0,0.0,"flat_windows=0, threshold=0.0001",0,0.001953125
0,0.0,"amp_var=0.300 (thr=0.5, range-normalized), hf_power_ratio=0.120 (thr=0.4)",1,0.3515625,longest_dropout=45 samples (thr=32),0,0.0,"n_spikes=0, z_threshold=4.0",0,0.0,"flat_windows=0, threshold=0.0001",1,0.087890625
0,0.0,"amp_var=0.285 (thr=0.5, range-normalized), hf_power_ratio=0.156 (thr=0.4)",1,0.4375,longest_dropout=56 samples (thr=32),0,0.0,"n_spikes=0, z_threshold=4.0",0,0.0,"flat_windows=0, threshold=0.0001",1,0.109375
0,0.0,"amp_var=0.299 (thr=0.5, range-normalized), hf_power_ratio=0.120 (thr=0.4)",0,0.0078125,longest_dropout=1 samples (thr=32),0,0.0,"n_spikes=0, z_threshold=4.0",0,0.0,"flat_windows=0, threshold=0.0001",0,0.001953125
0,0.0,"amp_var=0.404 (thr=0.5, range-normalized), hf_power_ratio=0.028 (thr=0.4)",0,0.0078125,longest_dropout=1 samples (thr=32),0,0.0,"n_spikes=0, z_threshold=4.0",0,0.0,"flat_windows=0, threshold=0.0001",0,0.001953125
0,0.0,"amp_var=0.270 (thr=0.5, range-normalized), hf_power_ratio=0.133 (thr=0.4)",0,0.0078125,longest_dropout=1 samples (thr=32),0,0.0,"n_spikes=0, z_threshold=4.0",0,0.0,"flat_windows=0, threshold=0.0001",0,0.001953125
0,0.0,"amp_var=0.396 (thr=0.5, range-normalized), hf_power_ratio=0.047 (thr=0.4)",0,0.0078125,longest_dropout=1 samples (thr=32),0,0.0,"n_spikes=0, z_threshold=4.0",0,0.0,"flat_windows=0, threshold=0.0001",0,0.001953125
0,0.0,"amp_var=0.273 (thr=0.5, range-normalized), hf_power_ratio=0.131 (thr=0.4)",0,0.0078125,longest_dropout=1 samples (thr=32),0,0.0,"n_spikes=0, z_threshold=4.0",0,0.0,"flat_windows=0, threshold=0.0001",0,0.001953125
0,0.0,"amp_var=0.378 (thr=0.5, range-normalized), hf_power_ratio=0.030 (thr=0.4)",0,0.015625,longest_dropout=2 samples (thr=32),0,0.0,"n_spikes=0, z_threshold=4.0",0,0.0,"flat_windows=0, threshold=0.0001",0,0.00390625
0,0.0,"amp_var=0.369 (thr=0.5, range-normalized), hf_power_ratio=0.079 (thr=0.4)",0,0.0078125,longest_dropout=1 samples (thr=32),0,0.0,"n_spikes=0, z_threshold=4.0",0,0.0,"flat_windows=0, threshold=0.0001",0,0.001953125
0,0.0,"amp_var=0.390 (thr=0.5, range-normalized), hf_power_ratio=0.039 (thr=0.4)",0,0.0,No dropout segments detected.,0,0.0,"n_spikes=0, z_threshold=4.0",0,0.0,"flat_windows=0, threshold=0.0001",0,0.0
0,0.0,"amp_var=0.316 (thr=0.5, range-normalized), hf_power_ratio=0.218 (thr=0.4)",0,0.1328125,longest_dropout=17 samples (thr=32),0,0.0,"n_spikes=0, z_threshold=4.0",0,0.0,"flat_windows=0, threshold=0.0001",0,0.033203125
0,0.0,"amp_var=0.280 (thr=0.5, range-normalized), hf_power_ratio=0.131 (thr=0.4)",0,0.0078125,longest_dropout=1 samples (thr=32),0,0.0,"n_spikes=0, z_threshold=4.0",0,0.0,"flat_windows=0, threshold=0.0001",0,0.001953125
0,0.0,"amp_var=0.249 (thr=0.5, range-normalized), hf_power_ratio=0.140 (thr=0.4)",1,0.28125,longest_dropout=36 samples (thr=32),0,0.0,"n_spikes=0, z_threshold=4.0",0,0.0,"flat_windows=0, threshold=0.0001",1,0.0703125
0,0.0,"amp_var=0.372 (thr=0.5, range-normalized), hf_power_ratio=0.050 (thr=0.4)",0,0.0078125,longest_dropout=1 samples (thr=32),0,0.0,"n_spikes=0, z_threshold=4.0",0,0.0,"flat_windows=0, threshold=0.0001",0,0.001953125
0,0.0,"amp_var=0.297 (thr=0.5, range-normalized), hf_power_ratio=0.143 (thr=0.4)",1,0.3359375,longest_dropout=43 samples (thr=32),0,0.0,"n_spikes=0, z_threshold=4.0",0,0.0,"flat_windows=0, threshold=0.0001",1,0.083984375
0,0.0,"amp_var=0.400 (thr=0.5, range-normalized), hf_power_ratio=0.020 (thr=0.4)",0,0.015625,longest_dropout=2 samples (thr=32),0,0.0,"n_spikes=0, z_threshold=4.0",0,0.0,"flat_windows=0, threshold=0.0001",0,0.00390625
0,0.0,"amp_var=0.234 (thr=0.5, range-normalized), hf_power_ratio=0.129 (thr=0.4)",0,0.0078125,longest_dropout=1 samples (thr=32),0,0.0,"n_spikes=0, z_threshold=4.0",0,0.0,"flat_windows=0, threshold=0.0001",0,0.001953125
0,0.0,"amp_var=0.401 (thr=0.5, range-normalized), hf_power_ratio=0.031 (thr=0.4)",0,0.0078125,longest_dropout=1 samples (thr=32),0,0.0,"n_spikes=0, z_threshold=4.0",0,0.0,"flat_windows=0, threshold=0.0001",0,0.001953125
0,0.0,"amp_var=0.400 (thr=0.5, range-normalized), hf_power_ratio=0.027 (thr=0.4)",0,0.0078125,longest_dropout=1 samples (thr=32),0,0.0,"n_spikes=0, z_threshold=4.0",0,0.0,"flat_windows=0, threshold=0.0001",0,0.001953125
0,0.0,"amp_var=0.367 (thr=0.5, range-normalized), hf_power_ratio=0.060 (thr=0.4)",0,0.015625,longest_dropout=2 samples (thr=32),0,0.0,"n_spikes=0, z_threshold=4.0",0,0.0,"flat_windows=0, threshold=0.0001",0,0.00390625
0,0.0,"amp_var=0.283 (thr=0.5, range-normalized), hf_power_ratio=0.163 (thr=0.4)",0,0.1875,longest_dropout=24 samples (thr=32),0,0.0,"n_spikes=0, z_threshold=4.0",0,0.0,"flat_windows=0, threshold=0.0001",0,0.046875
0,0.0,"amp_var=0.348 (thr=0.5, range-normalized), hf_power_ratio=0.102 (thr=0.4)",0,0.0078125,longest_dropout=1 samples (thr=32),0,0.0,"n_spikes=0, z_threshold=4.0",0,0.0,"flat_windows=0, threshold=0.0001",0,0.001953125
0,0.0,"amp_var=0.297 (thr=0.5, range-normalized), hf_power_ratio=0.105 (thr=0.4)",1,0.28125,longest_dropout=36 samples (thr=32),0,0.0,"n_spikes=0, z_threshold=4.0",0,0.0,"flat_windows=0, threshold=0.0001",1,0.0703125
0,0.0,"amp_var=0.285 (thr=0.5, range-normalized), hf_power_ratio=0.104 (thr=0.4)",0,0.0078125,longest_dropout=1 samples (thr=32),0,0.0,"n_spikes=0, z_threshold=4.0",0,0.0,"flat_windows=0, threshold=0.0001",0,0.001953125
0,0.0,"amp_var=0.341 (thr=0.5, range-normalized), hf_power_ratio=0.104 (thr=0.4)",0,0.0078125,longest_dropout=1 samples (thr=32),0,0.0,"n_spikes=0, z_threshold=4.0",0,0.0,"flat_windows=0, threshold=0.0001",0,0.001953125
0,0.0,"amp_var=0.377 (thr=0.5, range-normalized), hf_power_ratio=0.055 (thr=0.4)",0,0.0078125,longest_dropout=1 samples (thr=32),0,0.0,"n_spikes=0, z_threshold=4.0",0,0.0,"flat_windows=0, threshold=0.0001",0,0.001953125
0,0.0,"amp_var=0.324 (thr=0.5, range-normalized), hf_power_ratio=0.059 (thr=0.4)",1,0.328125,longest_dropout=42 samples (thr=32),0,0.0,"n_spikes=0, z_threshold=4.0",0,0.0,"flat_windows=0, threshold=0.0001",1,0.08203125
0,0.0,"amp_var=0.412 (thr=0.5, range-normalized), hf_power_ratio=0.019 (thr=0.4)",0,0.0078125,longest_dropout=1 samples (thr=32),0,0.0,"n_spikes=0, z_threshold=4.0",0,0.0,"flat_windows=0, threshold=0.0001",0,0.001953125
0,0.0,"amp_var=0.277 (thr=0.5, range-normalized), hf_power_ratio=0.153 (thr=0.4)",1,0.2890625,longest_dropout=37 samples (thr=32),0,0.0,"n_spikes=0, z_threshold=4.0",0,0.0,"flat_windows=0, threshold=0.0001",1,0.072265625
0,0.0,"amp_var=0.407 (thr=0.5, range-normalized), hf_power_ratio=0.018 (thr=0.4)",0,0.0234375,longest_dropout=3 samples (thr=32),0,0.0,"n_spikes=0, z_threshold=4.0",0,0.0,"flat_windows=0, threshold=0.0001",0,0.005859375
0,0.0,"amp_var=0.306 (thr=0.5, range-normalized), hf_power_ratio=0.186 (thr=0.4)",0,0.21875,longest_dropout=28 samples (thr=32),0,0.0,"n_spikes=0, z_threshold=4.0",0,0.0,"flat_windows=0, threshold=0.0001",0,0.0546875
0,0.0,"amp_var=0.306 (thr=0.5, range-normalized), hf_power_ratio=0.138 (thr=0.4)",0,0.1640625,longest_dropout=21 samples (thr=32),0,0.0,"n_spikes=0, z_threshold=4.0",0,0.0,"flat_windows=0, threshold=0.0001",0,0.041015625
0,0.0,"amp_var=0.301 (thr=0.5, range-normalized), hf_power_ratio=0.108 (thr=0.4)",0,0.0078125,longest_dropout=1 samples (thr=32),0,0.0,"n_spikes=0, z_threshold=4.0",0,0.0,"flat_windows=0, threshold=0.0001",0,0.001953125
0,0.0,"amp_var=0.356 (thr=0.5, range-normalized), hf_power_ratio=0.061 (thr=0.4)",0,0.0078125,longest_dropout=1 samples (thr=32),0,0.0,"n_spikes=0, z_threshold=4.0",0,0.0,"flat_windows=0, threshold=0.0001",0,0.001953125
0,0.0,"amp_var=0.244 (thr=0.5, range-normalized), hf_power_ratio=0.153 (thr=0.4)",0,0.0078125,longest_dropout=1 samples (thr=32),0,0.0,"n_spikes=0, z_threshold=4.0",0,0.0,"flat_windows=0, threshold=0.0001",0,0.001953125
0,0.0,"amp_var=0.364 (thr=0.5, range-normalized), hf_power_ratio=0.056 (thr=0.4)",0,0.015625,longest_dropout=2 samples (thr=32),0,0.0,"n_spikes=0, z_threshold=4.0",0,0.0,"flat_windows=0, threshold=0.0001",0,0.00390625
0,0.0,"amp_var=0.271 (thr=0.5, range-normalized), hf_power_ratio=0.143 (thr=0.4)",0,0.1484375,longest_dropout=19 samples (thr=32),0,0.0,"n_spikes=0, z_threshold=4.0",0,0.0,"flat_windows=0, threshold=0.0001",0,0.037109375
0,0.0,"amp_var=0.319 (thr=0.5, range-normalized), hf_power_ratio=0.084 (thr=0.4)",1,0.484375,longest_dropout=62 samples (thr=32),0,0.0,"n_spikes=0, z_threshold=4.0",0,0.0,"flat_windows=0, threshold=0.0001",1,0.12109375
0,0.0,"amp_var=0.229 (thr=0.5, range-normalized), hf_power_ratio=0.159 (thr=0.4)",1,0.4140625,longest_dropout=53 samples (thr=32),0,0.0,"n_spikes=0, z_threshold=4.0",0,0.0,"flat_windows=0, threshold=0.0001",1,0.103515625
0,0.0,"amp_var=0.289 (thr=0.5, range-normalized), hf_power_ratio=0.123 (thr=0.4)",0,0.0078125,longest_dropout=1 samples (thr=32),0,0.0,"n_spikes=0, z_threshold=4.0",0,0.0,"flat_windows=0, threshold=0.0001",0,0.001953125
0,0.0,"amp_var=0.358 (thr=0.5, range-normalized), hf_power_ratio=0.110 (thr=0.4)",0,0.0078125,longest_dropout=1 samples (thr=32),0,0.0,"n_spikes=0, z_threshold=4.0",0,0.0,"flat_windows=0, threshold=0.0001",0,0.001953125
0,0.0,"amp_var=0.399 (thr=0.5, range-normalized), hf_power_ratio=0.030 (thr=0.4)",0,0.0078125,longest_dropout=1 samples (thr=32),0,0.0,"n_spikes=0, z_threshold=4.0",0,0.0,"flat_windows=0, threshold=0.0001",0,0.001953125
0,0.0,"amp_var=0.397 (thr=0.5, range-normalized), hf_power_ratio=0.030 (thr=0.4)",0,0.015625,longest_dropout=2 samples (thr=32),0,0.0,"n_spikes=0, z_threshold=4.0",0,0.0,"flat_windows=0, threshold=0.0001",0,0.00390625
0,0.0,"amp_var=0.377 (thr=0.5, range-normalized), hf_power_ratio=0.050 (thr=0.4)",0,0.0078125,longest_dropout=1 samples (thr=32),0,0.0,"n_spikes=0, z_threshold=4.0",0,0.0,"flat_windows=0, threshold=0.0001",0,0.001953125
0,0.0,"amp_var=0.408 (thr=0.5, range-normalized), hf_power_ratio=0.027 (thr=0.4)",0,0.015625,longest_dropout=2 samples (thr=32),0,0.0,"n_spikes=0, z_threshold=4.0",0,0.0,"flat_windows=0, threshold=0.0001",0,0.00390625
0,0.0,"amp_var=0.415 (thr=0.5, range-normalized), hf_power_ratio=0.012 (thr=0.4)",0,0.0078125,longest_dropout=1 samples (thr=32),0,0.0,"n_spikes=0, z_threshold=4.0",0,0.0,"flat_windows=0, threshold=0.0001",0,0.001953125
0,0.0,"amp_var=0.392 (thr=0.5, range-normalized), hf_power_ratio=0.030 (thr=0.4)",0,0.015625,longest_dropout=2 samples (thr=32),0,0.0,"n_spikes=0, z_threshold=4.0",0,0.0,"flat_windows=0, threshold=0.0001",0,0.00390625
0,0.0,"amp_var=0.416 (thr=0.5, range-normalized), hf_power_ratio=0.028 (thr=0.4)",0,0.0078125,longest_dropout=1 samples (thr=32),0,0.0,"n_spikes=0, z_threshold=4.0",0,0.0,"flat_windows=0, threshold=0.0001",0,0.001953125
0,0.0,"amp_var=0.405 (thr=0.5, range-normalized), hf_power_ratio=0.018 (thr=0.4)",0,0.0078125,longest_dropout=1 samples (thr=32),0,0.0,"n_spikes=0, z_threshold=4.0",0,0.0,"flat_windows=0, threshold=0.0001",0,0.001953125
0,0.0,"amp_var=0.403 (thr=0.5, range-normalized), hf_power_ratio=0.017 (thr=0.4)",0,0.0078125,longest_dropout=1 samples (thr=32),0,0.0,"n_spikes=0, z_threshold=4.0",0,0.0,"flat_windows=0, threshold=0.0001",0,0.001953125
0,0.0,"amp_var=0.350 (thr=0.5, range-normalized), hf_power_ratio=0.055 (thr=0.4)",0,0.0078125,longest_dropout=1 samples (thr=32),0,0.0,"n_spikes=0, z_threshold=4.0",0,0.0,"flat_windows=0, threshold=0.0001",0,0.001953125
0,0.0,"amp_var=0.329 (thr=0.5, range-normalized), hf_power_ratio=0.116 (thr=0.4)",0,0.2109375,longest_dropout=27 samples (thr=32),0,0.0,"n_spikes=0, z_threshold=4.0",0,0.0,"flat_windows=0, threshold=0.0001",0,0.052734375
0,0.0,"amp_var=0.290 (thr=0.5, range-normalized), hf_power_ratio=0.139 (thr=0.4)",1,0.2890625,longest_dropout=37 samples (thr=32),0,0.0,"n_spikes=0, z_threshold=4.0",0,0.0,"flat_windows=0, threshold=0.0001",1,0.072265625
0,0.0,"amp_var=0.317 (thr=0.5, range-normalized), hf_power_ratio=0.094 (thr=0.4)",1,0.3046875,longest_dropout=39 samples (thr=32),0,0.0,"n_spikes=0, z_threshold=4.0",0,0.0,"flat_windows=0, threshold=0.0001",1,0.076171875
0,0.0,"amp_var=0.301 (thr=0.5, range-normalized), hf_power_ratio=0.110 (thr=0.4)",1,0.296875,longest_dropout=38 samples (thr=32),0,0.0,"n_spikes=0, z_threshold=4.0",0,0.0,"flat_windows=0, threshold=0.0001",1,0.07421875
0,0.0,"amp_var=0.372 (thr=0.5, range-normalized), hf_power_ratio=0.072 (thr=0.4)",0,0.0078125,longest_dropout=1 samples (thr=32),0,0.0,"n_spikes=0, z_threshold=4.0",0,0.0,"flat_windows=0, threshold=0.0001",0,0.001953125
0,0.0,"amp_var=0.388 (thr=0.5, range-normalized), hf_power_ratio=0.029 (thr=0.4)",0,0.21875,longest_dropout=28 samples (thr=32),0,0.0,"n_spikes=0, z_threshold=4.0",0,0.0,"flat_windows=0, threshold=0.0001",0,0.0546875
0,0.0,"amp_var=0.319 (thr=0.5, range-normalized), hf_power_ratio=0.109 (thr=0.4)",1,0.2734375,longest_dropout=35 samples (thr=32),0,0.0,"n_spikes=0, z_threshold=4.0",0,0.0,"flat_windows=0, threshold=0.0001",1,0.068359375
0,0.0,"amp_var=0.294 (thr=0.5, range-normalized), hf_power_ratio=0.097 (thr=0.4)",1,0.4140625,longest_dropout=53 samples (thr=32),0,0.0,"n_spikes=0, z_threshold=4.0",0,0.0,"flat_windows=0, threshold=0.0001",1,0.103515625
0,0.0,"amp_var=0.299 (thr=0.5, range-normalized), hf_power_ratio=0.139 (thr=0.4)",1,0.453125,longest_dropout=58 samples (thr=32),0,0.0,"n_spikes=0, z_threshold=4.0",0,0.0,"flat_windows=0, threshold=0.0001",1,0.11328125
0,0.0,"amp_var=0.402 (thr=0.5, range-normalized), hf_power_ratio=0.040 (thr=0.4)",0,0.0078125,longest_dropout=1 samples (thr=32),0,0.0,"n_spikes=0, z_threshold=4.0",0,0.0,"flat_windows=0, threshold=0.0001",0,0.001953125
0,0.0,"amp_var=0.390 (thr=0.5, range-normalized), hf_power_ratio=0.050 (thr=0.4)",0,0.0078125,longest_dropout=1 samples (thr=32),0,0.0,"n_spikes=0, z_threshold=4.0",0,0.0,"flat_windows=0, threshold=0.0001",0,0.001953125
0,0.0,"amp_var=0.360 (thr=0.5, range-normalized), hf_power_ratio=0.051 (thr=0.4)",0,0.0078125,longest_dropout=1 samples (thr=32),0,0.0,"n_spikes=0, z_threshold=4.0",0,0.0,"flat_windows=0, threshold=0.0001",0,0.001953125
0,0.0,"amp_var=0.259 (thr=0.5, range-normalized), hf_power_ratio=0.249 (thr=0.4)",1,0.484375,longest_dropout=62 samples (thr=32),0,0.0,"n_spikes=0, z_threshold=4.0",0,0.0,"flat_windows=0, threshold=0.0001",1,0.12109375
0,0.0,"amp_var=0.373 (thr=0.5, range-normalized), hf_power_ratio=0.048 (thr=0.4)",1,0.25,longest_dropout=32 samples (thr=32),0,0.0,"n_spikes=0, z_threshold=4.0",0,0.0,"flat_windows=0, threshold=0.0001",1,0.0625
0,0.0,"amp_var=0.426 (thr=0.5, range-normalized), hf_power_ratio=0.012 (thr=0.4)",0,0.0234375,longest_dropout=3 samples (thr=32),0,0.0,"n_spikes=0, z_threshold=4.0",0,0.0,"flat_windows=0, threshold=0.0001",0,0.005859375
0,0.0,"amp_var=0.388 (thr=0.5, range-normalized), hf_power_ratio=0.035 (thr=0.4)",0,0.0078125,longest_dropout=1 samples (thr=32),0,0.0,"n_spikes=0, z_threshold=4.0",0,0.0,"flat_windows=0, threshold=0.0001",0,0.001953125
0,0.0,"amp_var=0.361 (thr=0.5, range-normalized), hf_power_ratio=0.064 (thr=0.4)",0,0.0078125,longest_dropout=1 samples (thr=32),0,0.0,"n_spikes=0, z_threshold=4.0",0,0.0,"flat_windows=0, threshold=0.0001",0,0.001953125
0,0.0,"amp_var=0.309 (thr=0.5, range-normalized), hf_power_ratio=0.122 (thr=0.4)",0,0.21875,longest_dropout=28 samples (thr=32),0,0.0,"n_spikes=0, z_threshold=4.0",0,0.0,"flat_windows=0, threshold=0.0001",0,0.0546875
0,0.0,"amp_var=0.333 (thr=0.5, range-normalized), hf_power_ratio=0.065 (thr=0.4)",1,0.3359375,longest_dropout=43 samples (thr=32),0,0.0,"n_spikes=0, z_threshold=4.0",0,0.0,"flat_windows=0, threshold=0.0001",1,0.083984375
0,0.0,"amp_var=0.324 (thr=0.5, range-normalized), hf_power_ratio=0.070 (thr=0.4)",1,0.296875,longest_dropout=38 samples (thr=32),0,0.0,"n_spikes=0, z_threshold=4.0",0,0.0,"flat_windows=0, threshold=0.0001",1,0.07421875
0,0.0,"amp_var=0.291 (thr=0.5, range-normalized), hf_power_ratio=0.168 (thr=0.4)",1,0.2578125,longest_dropout=33 samples (thr=32),0,0.0,"n_spikes=0, z_threshold=4.0",0,0.0,"flat_windows=0, threshold=0.0001",1,0.064453125
0,0.0,"amp_var=0.392 (thr=0.5, range-normalized), hf_power_ratio=0.054 (thr=0.4)",0,0.0078125,longest_dropout=1 samples (thr=32),0,0.0,"n_spikes=0, z_threshold=4.0",0,0.0,"flat_windows=0, threshold=0.0001",0,0.001953125
0,0.0,"amp_var=0.275 (thr=0.5, range-normalized), hf_power_ratio=0.148 (thr=0.4)",0,0.0078125,longest_dropout=1 samples (thr=32),0,0.0,"n_spikes=0, z_threshold=4.0",0,0.0,"flat_windows=0, threshold=0.0001",0,0.001953125
0,0.0,"amp_var=0.376 (thr=0.5, range-normalized), hf_power_ratio=0.037 (thr=0.4)",0,0.0078125,longest_dropout=1 samples (thr=32),0,0.0,"n_spikes=0, z_threshold=4.0",0,0.0,"flat_windows=0, threshold=0.0001",0,0.001953125
0,0.0,"amp_var=0.350 (thr=0.5, range-normalized), hf_power_ratio=0.083 (thr=0.4)",0,0.0078125,longest_dropout=1 samples (thr=32),0,0.0,"n_spikes=0, z_threshold=4.0",0,0.0,"flat_windows=0, threshold=0.0001",0,0.001953125
0,0.0,"amp_var=0.357 (thr=0.5, range-normalized), hf_power_ratio=0.099 (thr=0.4)",0,0.0078125,longest_dropout=1 samples (thr=32),0,0.0,"n_spikes=0, z_threshold=4.0",0,0.0,"flat_windows=0, threshold=0.0001",0,0.001953125
0,0.0,"amp_var=0.252 (thr=0.5, range-normalized), hf_power_ratio=0.166 (thr=0.4)",1,0.34375,longest_dropout=44 samples (thr=32),0,0.0,"n_spikes=0, z_threshold=4.0",0,0.0,"flat_windows=0, threshold=0.0001",1,0.0859375
0,0.0,"amp_var=0.372 (thr=0.5, range-normalized), hf_power_ratio=0.069 (thr=0.4)",0,0.0078125,longest_dropout=1 samples (thr=32),0,0.0,"n_spikes=0, z_threshold=4.0",0,0.0,"flat_windows=0, threshold=0.0001",0,0.001953125
0,0.0,"amp_var=0.313 (thr=0.5, range-normalized), hf_power_ratio=0.089 (thr=0.4)",1,0.2734375,longest_dropout=35 samples (thr=32),0,0.0,"n_spikes=0, z_threshold=4.0",0,0.0,"flat_windows=0, threshold=0.0001",1,0.068359375
0,0.0,"amp_var=0.385 (thr=0.5, range-normalized), hf_power_ratio=0.035 (thr=0.4)",0,0.0078125,longest_dropout=1 samples (thr=32),0,0.0,"n_spikes=0, z_threshold=4.0",0,0.0,"flat_windows=0, threshold=0.0001",0,0.001953125
0,0.0,"amp_var=0.362 (thr=0.5, range-normalized), hf_power_ratio=0.039 (thr=0.4)",1,0.25,longest_dropout=32 samples (thr=32),0,0.0,"n_spikes=0, z_threshold=4.0",0,0.0,"flat_windows=0, threshold=0.0001",1,0.0625
0,0.0,"amp_var=0.417 (thr=0.5, range-normalized), hf_power_ratio=0.029 (thr=0.4)",0,0.0078125,longest_dropout=1 samples (thr=32),0,0.0,"n_spikes=0, z_threshold=4.0",0,0.0,"flat_windows=0, threshold=0.0001",0,0.001953125
0,0.0,"amp_var=0.334 (thr=0.5, range-normalized), hf_power_ratio=0.065 (thr=0.4)",1,0.4296875,longest_dropout=55 samples (thr=32),0,0.0,"n_spikes=0, z_threshold=4.0",0,0.0,"flat_windows=0, threshold=0.0001",1,0.107421875
0,0.0,"amp_var=0.268 (thr=0.5, range-normalized), hf_power_ratio=0.223 (thr=0.4)",1,0.3828125,longest_dropout=49 samples (thr=32),0,0.0,"n_spikes=0, z_threshold=4.0",0,0.0,"flat_windows=0, threshold=0.0001",1,0.095703125
0,0.0,"amp_var=0.250 (thr=0.5, range-normalized), hf_power_ratio=0.108 (thr=0.4)",1,0.4453125,longest_dropout=57 samples (thr=32),0,0.0,"n_spikes=0, z_threshold=4.0",0,0.0,"flat_windows=0, threshold=0.0001",1,0.111328125
0,0.0,"amp_var=0.263 (thr=0.5, range-normalized), hf_power_ratio=0.171 (thr=0.4)",0,0.21875,longest_dropout=28 samples (thr=32),0,0.0,"n_spikes=0, z_threshold=4.0",0,0.0,"flat_windows=0, threshold=0.0001",0,0.0546875
0,0.0,"amp_var=0.335 (thr=0.5, range-normalized), hf_power_ratio=0.137 (thr=0.4)",0,0.1875,longest_dropout=24 samples (thr=32),0,0.0,"n_spikes=0, z_threshold=4.0",0,0.0,"flat_windows=0, threshold=0.0001",0,0.046875
0,0.0,"amp_var=0.363 (thr=0.5, range-normalized), hf_power_ratio=0.042 (thr=0.4)",0,0.015625,longest_dropout=2 samples (thr=32),0,0.0,"n_spikes=0, z_threshold=4.0",0,0.0,"flat_windows=0, threshold=0.0001",0,0.00390625
0,0.0,"amp_var=0.297 (thr=0.5, range-normalized), hf_power_ratio=0.104 (thr=0.4)",1,0.34375,longest_dropout=44 samples (thr=32),0,0.0,"n_spikes=0, z_threshold=4.0",0,0.0,"flat_windows=0, threshold=0.0001",1,0.0859375
0,0.0,"amp_var=0.349 (thr=0.5, range-normalized), hf_power_ratio=0.047 (thr=0.4)",0,0.171875,longest_dropout=22 samples (thr=32),0,0.0,"n_spikes=0, z_threshold=4.0",0,0.0,"flat_windows=0, threshold=0.0001",0,0.04296875
0,0.0,"amp_var=0.393 (thr=0.5, range-normalized), hf_power_ratio=0.052 (thr=0.4)",0,0.0078125,longest_dropout=1 samples (thr=32),0,0.0,"n_spikes=0, z_threshold=4.0",0,0.0,"flat_windows=0, threshold=0.0001",0,0.001953125
0,0.0,"amp_var=0.359 (thr=0.5, range-normalized), hf_power_ratio=0.065 (thr=0.4)",0,0.0234375,longest_dropout=3 samples (thr=32),0,0.0,"n_spikes=0, z_threshold=4.0",0,0.0,"flat_windows=0, threshold=0.0001",0,0.005859375
0,0.0,"amp_var=0.305 (thr=0.5, range-normalized), hf_power_ratio=0.096 (thr=0.4)",1,0.2734375,longest_dropout=35 samples (thr=32),0,0.0,"n_spikes=0, z_threshold=4.0",0,0.0,"flat_windows=0, threshold=0.0001",1,0.068359375
0,0.0,"amp_var=0.396 (thr=0.5, range-normalized), hf_power_ratio=0.020 (thr=0.4)",0,0.0078125,longest_dropout=1 samples (thr=32),0,0.0,"n_spikes=0, z_threshold=4.0",0,0.0,"flat_windows=0, threshold=0.0001",0,0.001953125
0,0.0,"amp_var=0.275 (thr=0.5, range-normalized), hf_power_ratio=0.168 (thr=0.4)",1,0.28125,longest_dropout=36 samples (thr=32),0,0.0,"n_spikes=0, z_threshold=4.0",0,0.0,"flat_windows=0, threshold=0.0001",1,0.0703125
0,0.0,"amp_var=0.300 (thr=0.5, range-normalized), hf_power_ratio=0.141 (thr=0.4)",1,0.296875,longest_dropout=38 samples (thr=32),0,0.0,"n_spikes=0, z_threshold=4.0",0,0.0,"flat_windows=0, threshold=0.0001",1,0.07421875
0,0.0,"amp_var=0.327 (thr=0.5, range-normalized), hf_power_ratio=0.048 (thr=0.4)",1,0.453125,longest_dropout=58 samples (thr=32),0,0.0,"n_spikes=0, z_threshold=4.0",0,0.0,"flat_windows=0, threshold=0.0001",1,0.11328125
0,0.0,"amp_var=0.275 (thr=0.5, range-normalized), hf_power_ratio=0.126 (thr=0.4)",0,0.0078125,longest_dropout=1 samples (thr=32),0,0.0,"n_spikes=0, z_threshold=4.0",0,0.0,"flat_windows=0, threshold=0.0001",0,0.001953125
0,0.0,"amp_var=0.271 (thr=0.5, range-normalized), hf_power_ratio=0.118 (thr=0.4)",0,0.0078125,longest_dropout=1 samples (thr=32),0,0.0,"n_spikes=0, z_threshold=4.0",0,0.0,"flat_windows=0, threshold=0.0001",0,0.001953125
0,0.0,"amp_var=0.396 (thr=0.5, range-normalized), hf_power_ratio=0.031 (thr=0.4)",0,0.0078125,longest_dropout=1 samples (thr=32),0,0.0,"n_spikes=0, z_threshold=4.0",0,0.0,"flat_windows=0, threshold=0.0001",0,0.001953125
0,0.0,"amp_var=0.365 (thr=0.5, range-normalized), hf_power_ratio=0.051 (thr=0.4)",0,0.015625,longest_dropout=2 samples (thr=32),0,0.0,"n_spikes=0, z_threshold=4.0",0,0.0,"flat_windows=0, threshold=0.0001",0,0.00390625
0,0.0,"amp_var=0.268 (thr=0.5, range-normalized), hf_power_ratio=0.126 (thr=0.4)",0,0.0078125,longest_dropout=1 samples (thr=32),0,0.0,"n_spikes=0, z_threshold=4.0",0,0.0,"flat_windows=0, threshold=0.0001",0,0.001953125
0,0.0,"amp_var=0.231 (thr=0.5, range-normalized), hf_power_ratio=0.149 (thr=0.4)",1,0.3359375,longest_dropout=43 samples (thr=32),0,0.0,"n_spikes=0, z_threshold=4.0",0,0.0,"flat_windows=0, threshold=0.0001",1,0.083984375
0,0.0,"amp_var=0.349 (thr=0.5, range-normalized), hf_power_ratio=0.090 (thr=0.4)",0,0.0078125,longest_dropout=1 samples (thr=32),0,0.0,"n_spikes=0, z_threshold=4.0",0,0.0,"flat_windows=0, threshold=0.0001",0,0.001953125
0,0.0,"amp_var=0.393 (thr=0.5, range-normalized), hf_power_ratio=0.025 (thr=0.4)",0,0.015625,longest_dropout=2 samples (thr=32),0,0.0,"n_spikes=0, z_threshold=4.0",0,0.0,"flat_windows=0, threshold=0.0001",0,0.00390625
0,0.0,"amp_var=0.391 (thr=0.5, range-normalized), hf_power_ratio=0.030 (thr=0.4)",0,0.015625,longest_dropout=2 samples (thr=32),0,0.0,"n_spikes=0, z_threshold=4.0",0,0.0,"flat_windows=0, threshold=0.0001",0,0.00390625
0,0.0,"amp_var=0.369 (thr=0.5, range-normalized), hf_power_ratio=0.060 (thr=0.4)",0,0.0078125,longest_dropout=1 samples (thr=32),0,0.0,"n_spikes=0, z_threshold=4.0",0,0.0,"flat_windows=0, threshold=0.0001",0,0.001953125
0,0.0,"amp_var=0.386 (thr=0.5, range-normalized), hf_power_ratio=0.043 (thr=0.4)",0,0.0078125,longest_dropout=1 samples (thr=32),0,0.0,"n_spikes=0, z_threshold=4.0",0,0.0,"flat_windows=0, threshold=0.0001",0,0.001953125
0,0.0,"amp_var=0.295 (thr=0.5, range-normalized), hf_power_ratio=0.101 (thr=0.4)",1,0.453125,longest_dropout=58 samples (thr=32),0,0.0,"n_spikes=0, z_threshold=4.0",0,0.0,"flat_windows=0, threshold=0.0001",1,0.11328125
0,0.0,"amp_var=0.367 (thr=0.5, range-normalized), hf_power_ratio=0.046 (thr=0.4)",0,0.0078125,longest_dropout=1 samples (thr=32),0,0.0,"n_spikes=0, z_threshold=4.0",0,0.0,"flat_windows=0, threshold=0.0001",0,0.001953125
0,0.0,"amp_var=0.274 (thr=0.5, range-normalized), hf_power_ratio=0.097 (thr=0.4)",0,0.0078125,longest_dropout=1 samples (thr=32),0,0.0,"n_spikes=0, z_threshold=4.0",0,0.0,"flat_windows=0, threshold=0.0001",0,0.001953125
0,0.0,"amp_var=0.282 (thr=0.5, range-normalized), hf_power_ratio=0.179 (thr=0.4)",0,0.2265625,longest_dropout=29 samples (thr=32),0,0.0,"n_spikes=0, z_threshold=4.0",0,0.0,"flat_windows=0, threshold=0.0001",0,0.056640625
0,0.0,"amp_var=0.391 (thr=0.5, range-normalized), hf_power_ratio=0.039 (thr=0.4)",0,0.0078125,longest_dropout=1 samples (thr=32),0,0.0,"n_spikes=0, z_threshold=4.0",0,0.0,"flat_windows=0, threshold=0.0001",0,0.001953125
0,0.0,"amp_var=0.415 (thr=0.5, range-normalized), hf_power_ratio=0.018 (thr=0.4)",0,0.0078125,longest_dropout=1 samples (thr=32),0,0.0,"n_spikes=0, z_threshold=4.0",0,0.0,"flat_windows=0, threshold=0.0001",0,0.001953125
0,0.0,"amp_var=0.324 (thr=0.5, range-normalized), hf_power_ratio=0.094 (thr=0.4)",0,0.2265625,longest_dropout=29 samples (thr=32),0,0.0,"n_spikes=0, z_threshold=4.0",0,0.0,"flat_windows=0, threshold=0.0001",0,0.056640625
0,0.0,"amp_var=0.354 (thr=0.5, range-normalized), hf_power_ratio=0.038 (thr=0.4)",0,0.015625,longest_dropout=2 samples (thr=32),0,0.0,"n_spikes=0, z_threshold=4.0",0,0.0,"flat_windows=0, threshold=0.0001",0,0.00390625
0,0.0,"amp_var=0.426 (thr=0.5, range-normalized), hf_power_ratio=0.006 (thr=0.4)",0,0.0078125,longest_dropout=1 samples (thr=32),0,0.0,"n_spikes=0, z_threshold=4.0",0,0.0,"flat_windows=0, threshold=0.0001",0,0.001953125
0,0.0,"amp_var=0.300 (thr=0.5, range-normalized), hf_power_ratio=0.128 (thr=0.4)",1,0.375,longest_dropout=48 samples (thr=32),0,0.0,"n_spikes=0, z_threshold=4.0",0,0.0,"flat_windows=0, threshold=0.0001",1,0.09375
0,0.0,"amp_var=0.283 (thr=0.5, range-normalized), hf_power_ratio=0.180 (thr=0.4)",0,0.1953125,longest_dropout=25 samples (thr=32),0,0.0,"n_spikes=0, z_threshold=4.0",0,0.0,"flat_windows=0, threshold=0.0001",0,0.048828125
0,0.0,"amp_var=0.287 (thr=0.5, range-normalized), hf_power_ratio=0.144 (thr=0.4)",0,0.0078125,longest_dropout=1 samples (thr=32),0,0.0,"n_spikes=0, z_threshold=4.0",0,0.0,"flat_windows=0, threshold=0.0001",0,0.001953125
0,0.0,"amp_var=0.348 (thr=0.5, range-normalized), hf_power_ratio=0.030 (thr=0.4)",1,0.4296875,longest_dropout=55 samples (thr=32),0,0.0,"n_spikes=0, z_threshold=4.0",0,0.0,"flat_windows=0, threshold=0.0001",1,0.107421875
0,0.0,"amp_var=0.245 (thr=0.5, range-normalized), hf_power_ratio=0.175 (thr=0.4)",1,0.453125,longest_dropout=58 samples (thr=32),0,0.0,"n_spikes=0, z_threshold=4.0",0,0.0,"flat_windows=0, threshold=0.0001",1,0.11328125
0,0.0,"amp_var=0.392 (thr=0.5, range-normalized), hf_power_ratio=0.021 (thr=0.4)",0,0.015625,longest_dropout=2 samples (thr=32),0,0.0,"n_spikes=0, z_threshold=4.0",0,0.0,"flat_windows=0, threshold=0.0001",0,0.00390625
0,0.0,"amp_var=0.356 (thr=0.5, range-normalized), hf_power_ratio=0.047 (thr=0.4)",0,0.0078125,longest_dropout=1 samples (thr=32),0,0.0,"n_spikes=0, z_threshold=4.0",0,0.0,"flat_windows=0, threshold=0.0001",0,0.001953125
0,0.0,"amp_var=0.363 (thr=0.5, range-normalized), hf_power_ratio=0.052 (thr=0.4)",0,0.0078125,longest_dropout=1 samples (thr=32),0,0.0,"n_spikes=0, z_threshold=4.0",0,0.0,"flat_windows=0, threshold=0.0001",0,0.001953125
0,0.0,"amp_var=0.271 (thr=0.5, range-normalized), hf_power_ratio=0.172 (thr=0.4)",1,0.3515625,longest_dropout=45 samples (thr=32),0,0.0,"n_spikes=0, z_threshold=4.0",0,0.0,"flat_windows=0, threshold=0.0001",1,0.087890625
0,0.0,"amp_var=0.356 (thr=0.5, range-normalized), hf_power_ratio=0.073 (thr=0.4)",0,0.0078125,longest_dropout=1 samples (thr=32),0,0.0,"n_spikes=0, z_threshold=4.0",0,0.0,"flat_windows=0, threshold=0.0001",0,0.001953125
0,0.0,"amp_var=0.292 (thr=0.5, range-normalized), hf_power_ratio=0.110 (thr=0.4)",1,0.3125,longest_dropout=40 samples (thr=32),0,0.0,"n_spikes=0, z_threshold=4.0",0,0.0,"flat_windows=0, threshold=0.0001",1,0.078125
0,0.0,"amp_var=0.277 (thr=0.5, range-normalized), hf_power_ratio=0.185 (thr=0.4)",1,0.328125,longest_dropout=42 samples (thr=32),0,0.0,"n_spikes=0, z_threshold=4.0",0,0.0,"flat_windows=0, threshold=0.0001",1,0.08203125
0,0.0,"amp_var=0.281 (thr=0.5, range-normalized), hf_power_ratio=0.153 (thr=0.4)",1,0.4609375,longest_dropout=59 samples (thr=32),0,0.0,"n_spikes=0, z_threshold=4.0",0,0.0,"flat_windows=0, threshold=0.0001",1,0.115234375
0,0.0,"amp_var=0.256 (thr=0.5, range-normalized), hf_power_ratio=0.148 (thr=0.4)",0,0.171875,longest_dropout=22 samples (thr=32),0,0.0,"n_spikes=0, z_threshold=4.0",0,0.0,"flat_windows=0, threshold=0.0001",0,0.04296875
0,0.0,"amp_var=0.321 (thr=0.5, range-normalized), hf_power_ratio=0.152 (thr=0.4)",0,0.1484375,longest_dropout=19 samples (thr=32),0,0.0,"n_spikes=0, z_threshold=4.0",0,0.0,"flat_windows=0, threshold=0.0001",0,0.037109375
0,0.0,"amp_var=0.356 (thr=0.5, range-normalized), hf_power_ratio=0.077 (thr=0.4)",0,0.0078125,longest_dropout=1 samples (thr=32),0,0.0,"n_spikes=0, z_threshold=4.0",0,0.0,"flat_windows=0, threshold=0.0001",0,0.001953125
0,0.0,"amp_var=0.284 (thr=0.5, range-normalized), hf_power_ratio=0.123 (thr=0.4)",0,0.0078125,longest_dropout=1 samples (thr=32),0,0.0,"n_spikes=0, z_threshold=4.0",0,0.0,"flat_windows=0, threshold=0.0001",0,0.001953125
0,0.0,"amp_var=0.299 (thr=0.5, range-normalized), hf_power_ratio=0.143 (thr=0.4)",0,0.1640625,longest_dropout=21 samples (thr=32),0,0.0,"n_spikes=0, z_threshold=4.0",0,0.0,"flat_windows=0, threshold=0.0001",0,0.041015625
0,0.0,"amp_var=0.389 (thr=0.5, range-normalized), hf_power_ratio=0.035 (thr=0.4)",0,0.015625,longest_dropout=2 samples (thr=32),0,0.0,"n_spikes=0, z_threshold=4.0",0,0.0,"flat_windows=0, threshold=0.0001",0,0.00390625
0,0.0,"amp_var=0.302 (thr=0.5, range-normalized), hf_power_ratio=0.194 (thr=0.4)",0,0.234375,longest_dropout=30 samples (thr=32),0,0.0,"n_spikes=0, z_threshold=4.0",0,0.0,"flat_windows=0, threshold=0.0001",0,0.05859375
0,0.0,"amp_var=0.280 (thr=0.5, range-normalized), hf_power_ratio=0.129 (thr=0.4)",0,0.0078125,longest_dropout=1 samples (thr=32),0,0.0,"n_spikes=0, z_threshold=4.0",0,0.0,"flat_windows=0, threshold=0.0001",0,0.001953125
0,0.0,"amp_var=0.291 (thr=0.5, range-normalized), hf_power_ratio=0.118 (thr=0.4)",1,0.4140625,longest_dropout=53 samples (thr=32),0,0.0,"n_spikes=0, z_threshold=4.0",0,0.0,"flat_windows=0, threshold=0.0001",1,0.103515625
0,0.0,"amp_var=0.313 (thr=0.5, range-normalized), hf_power_ratio=0.060 (thr=0.4)",1,0.34375,longest_dropout=44 samples (thr=32),0,0.0,"n_spikes=0, z_threshold=4.0",0,0.0,"flat_windows=0, threshold=0.0001",1,0.0859375
0,0.0,"amp_var=0.262 (thr=0.5, range-normalized), hf_power_ratio=0.179 (thr=0.4)",1,0.328125,longest_dropout=42 samples (thr=32),0,0.0,"n_spikes=0, z_threshold=4.0",0,0.0,"flat_windows=0, threshold=0.0001",1,0.08203125
0,0.0,"amp_var=0.367 (thr=0.5, range-normalized), hf_power_ratio=0.057 (thr=0.4)",0,0.0078125,longest_dropout=1 samples (thr=32),0,0.0,"n_spikes=0, z_threshold=4.0",0,0.0,"flat_windows=0, threshold=0.0001",0,0.001953125
0,0.0,"amp_var=0.277 (thr=0.5, range-normalized), hf_power_ratio=0.201 (thr=0.4)",0,0.1875,longest_dropout=24 samples (thr=32),0,0.0,"n_spikes=0, z_threshold=4.0",0,0.0,"flat_windows=0, threshold=0.0001",0,0.046875
0,0.0,"amp_var=0.312 (thr=0.5, range-normalized), hf_power_ratio=0.115 (thr=0.4)",1,0.3203125,longest_dropout=41 samples (thr=32),0,0.0,"n_spikes=0, z_threshold=4.0",0,0.0,"flat_windows=0, threshold=0.0001",1,0.080078125
0,0.0,"amp_var=0.378 (thr=0.5, range-normalized), hf_power_ratio=0.042 (thr=0.4)",0,0.0078125,longest_dropout=1 samples (thr=32),0,0.0,"n_spikes=0, z_threshold=4.0",0,0.0,"flat_windows=0, threshold=0.0001",0,0.001953125
0,0.0,"amp_var=0.393 (thr=0.5, range-normalized), hf_power_ratio=0.062 (thr=0.4)",0,0.0078125,longest_dropout=1 samples (thr=32),0,0.0,"n_spikes=0, z_threshold=4.0",0,0.0,"flat_windows=0, threshold=0.0001",0,0.001953125
0,0.0,"amp_var=0.285 (thr=0.5, range-normalized), hf_power_ratio=0.092 (thr=0.4)",0,0.0078125,longest_dropout=1 samples (thr=32),0,0.0,"n_spikes=0, z_threshold=4.0",0,0.0,"flat_windows=0, threshold=0.0001",0,0.001953125
0,0.0,"amp_var=0.380 (thr=0.5, range-normalized), hf_power_ratio=0.052 (thr=0.4)",0,0.0078125,longest_dropout=1 samples (thr=32),0,0.0,"n_spikes=0, z_threshold=4.0",0,0.0,"flat_windows=0, threshold=0.0001",0,0.001953125
0,0.0,"amp_var=0.441 (thr=0.5, range-normalized), hf_power_ratio=0.007 (thr=0.4)",0,0.0078125,longest_dropout=1 samples (thr=32),0,0.0,"n_spikes=0, z_threshold=4.0",0,0.0,"flat_windows=0, threshold=0.0001",0,0.001953125
0,0.0,"amp_var=0.290 (thr=0.5, range-normalized), hf_power_ratio=0.189 (thr=0.4)",0,0.2109375,longest_dropout=27 samples (thr=32),0,0.0,"n_spikes=0, z_threshold=4.0",0,0.0,"flat_windows=0, threshold=0.0001",0,0.052734375
0,0.0,"amp_var=0.347 (thr=0.5, range-normalized), hf_power_ratio=0.058 (thr=0.4)",0,0.0078125,longest_dropout=1 samples (thr=32),0,0.0,"n_spikes=0, z_threshold=4.0",0,0.0,"flat_windows=0, threshold=0.0001",0,0.001953125
0,0.0,"amp_var=0.377 (thr=0.5, range-normalized), hf_power_ratio=0.050 (thr=0.4)",0,0.0078125,longest_dropout=1 samples (thr=32),0,0.0,"n_spikes=0, z_threshold=4.0",0,0.0,"flat_windows=0, threshold=0.0001",0,0.001953125
0,0.0,"amp_var=0.387 (thr=0.5, range-normalized), hf_power_ratio=0.056 (thr=0.4)",0,0.0078125,longest_dropout=1 samples (thr=32),0,0.0,"n_spikes=0, z_threshold=4.0",0,0.0,"flat_windows=0, threshold=0.0001",0,0.001953125
0,0.0,"amp_var=0.406 (thr=0.5, range-normalized), hf_power_ratio=0.008 (thr=0.4)",0,0.015625,longest_dropout=2 samples (thr=32),0,0.0,"n_spikes=0, z_threshold=4.0",0,0.0,"flat_windows=0, threshold=0.0001",0,0.00390625
0,0.0,"amp_var=0.380 (thr=0.5, range-normalized), hf_power_ratio=0.040 (thr=0.4)",0,0.015625,longest_dropout=2 samples (thr=32),0,0.0,"n_spikes=0, z_threshold=4.0",0,0.0,"flat_windows=0, threshold=0.0001",0,0.00390625
0,0.0,"amp_var=0.307 (thr=0.5, range-normalized), hf_power_ratio=0.152 (thr=0.4)",0,0.171875,longest_dropout=22 samples (thr=32),0,0.0,"n_spikes=0, z_threshold=4.0",0,0.0,"flat_windows=0, threshold=0.0001",0,0.04296875
0,0.0,"amp_var=0.440 (thr=0.5, range-normalized), hf_power_ratio=0.003 (thr=0.4)",0,0.0078125,longest_dropout=1 samples (thr=32),0,0.0,"n_spikes=0, z_threshold=4.0",0,0.0,"flat_windows=0, threshold=0.0001",0,0.001953125
0,0.0,"amp_var=0.271 (thr=0.5, range-normalized), hf_power_ratio=0.137 (thr=0.4)",0,0.0078125,longest_dropout=1 samples (thr=32),0,0.0,"n_spikes=0, z_threshold=4.0",0,0.0,"flat_windows=0, threshold=0.0001",0,0.001953125
0,0.0,"amp_var=0.368 (thr=0.5, range-normalized), hf_power_ratio=0.050 (thr=0.4)",0,0.015625,longest_dropout=2 samples (thr=32),0,0.0,"n_spikes=0, z_threshold=4.0",0,0.0,"flat_windows=0, threshold=0.0001",0,0.00390625
0,0.0,"amp_var=0.325 (thr=0.5, range-normalized), hf_power_ratio=0.107 (thr=0.4)",1,0.3828125,longest_dropout=49 samples (thr=32),0,0.0,"n_spikes=0, z_threshold=4.0",0,0.0,"flat_windows=0, threshold=0.0001",1,0.095703125
0,0.0,"amp_var=0.286 (thr=0.5, range-normalized), hf_power_ratio=0.184 (thr=0.4)",1,0.328125,longest_dropout=42 samples (thr=32),0,0.0,"n_spikes=0, z_threshold=4.0",0,0.0,"flat_windows=0, threshold=0.0001",1,0.08203125
0,0.0,"amp_var=0.341 (thr=0.5, range-normalized), hf_power_ratio=0.088 (thr=0.4)",0,0.0078125,longest_dropout=1 samples (thr=32),0,0.0,"n_spikes=0, z_threshold=4.0",0,0.0,"flat_windows=0, threshold=0.0001",0,0.001953125
0,0.0,"amp_var=0.299 (thr=0.5, range-normalized), hf_power_ratio=0.134 (thr=0.4)",0,0.0078125,longest_dropout=1 samples (thr=32),0,0.0,"n_spikes=0, z_threshold=4.0",0,0.0,"flat_windows=0, threshold=0.0001",0,0.001953125
0,0.0,"amp_var=0.383 (thr=0.5, range-normalized), hf_power_ratio=0.046 (thr=0.4)",0,0.0078125,longest_dropout=1 samples (thr=32),0,0.0,"n_spikes=0, z_threshold=4.0",0,0.0,"flat_windows=0, threshold=0.0001",0,0.001953125
0,0.0,"amp_var=0.283 (thr=0.5, range-normalized), hf_power_ratio=0.113 (thr=0.4)",0,0.0078125,longest_dropout=1 samples (thr=32),0,0.0,"n_spikes=0, z_threshold=4.0",0,0.0,"flat_windows=0, threshold=0.0001",0,0.001953125
0,0.0,"amp_var=0.267 (thr=0.5, range-normalized), hf_power_ratio=0.253 (thr=0.4)",0,0.1328125,longest_dropout=17 samples (thr=32),0,0.0,"n_spikes=0, z_threshold=4.0",0,0.0,"flat_windows=0, threshold=0.0001",0,0.033203125
0,0.0,"amp_var=0.394 (thr=0.5, range-normalized), hf_power_ratio=0.020 (thr=0.4)",0,0.015625,longest_dropout=2 samples (thr=32),0,0.0,"n_spikes=0, z_threshold=4.0",0,0.0,"flat_windows=0, threshold=0.0001",0,0.00390625
0,0.0,"amp_var=0.367 (thr=0.5, range-normalized), hf_power_ratio=0.051 (thr=0.4)",0,0.0078125,longest_dropout=1 samples (thr=32),0,0.0,"n_spikes=0, z_threshold=4.0",0,0.0,"flat_windows=0, threshold=0.0001",0,0.001953125
0,0.0,"amp_var=0.317 (thr=0.5, range-normalized), hf_power_ratio=0.140 (thr=0.4)",0,0.1484375,longest_dropout=19 samples (thr=32),0,0.0,"n_spikes=0, z_threshold=4.0",0,0.0,"flat_windows=0, threshold=0.0001",0,0.037109375
0,0.0,"amp_var=0.403 (thr=0.5, range-normalized), hf_power_ratio=0.030 (thr=0.4)",0,0.0078125,longest_dropout=1 samples (thr=32),0,0.0,"n_spikes=0, z_threshold=4.0",0,0.0,"flat_windows=0, threshold=0.0001",0,0.001953125
0,0.0,"amp_var=0.402 (thr=0.5, range-normalized), hf_power_ratio=0.027 (thr=0.4)",0,0.0078125,longest_dropout=1 samples (thr=32),0,0.0,"n_spikes=0, z_threshold=4.0",0,0.0,"flat_windows=0, threshold=0.0001",0,0.001953125
0,0.0,"amp_var=0.271 (thr=0.5, range-normalized), hf_power_ratio=0.123 (thr=0.4)",0,0.0078125,longest_dropout=1 samples (thr=32),0,0.0,"n_spikes=0, z_threshold=4.0",0,0.0,"flat_windows=0, threshold=0.0001",0,0.001953125
0,0.0,"amp_var=0.268 (thr=0.5, range-normalized), hf_power_ratio=0.144 (thr=0.4)",1,0.4921875,longest_dropout=63 samples (thr=32),0,0.0,"n_spikes=0, z_threshold=4.0",0,0.0,"flat_windows=0, threshold=0.0001",1,0.123046875
0,0.0,"amp_var=0.397 (thr=0.5, range-normalized), hf_power_ratio=0.020 (thr=0.4)",0,0.0078125,longest_dropout=1 samples (thr=32),0,0.0,"n_spikes=0, z_threshold=4.0",0,0.0,"flat_windows=0, threshold=0.0001",0,0.001953125
0,0.0,"amp_var=0.303 (thr=0.5, range-normalized), hf_power_ratio=0.107 (thr=0.4)",0,0.0078125,longest_dropout=1 samples (thr=32),0,0.0,"n_spikes=0, z_threshold=4.0",0,0.0,"flat_windows=0, threshold=0.0001",0,0.001953125
0,0.0,"amp_var=0.351 (thr=0.5, range-normalized), hf_power_ratio=0.045 (thr=0.4)",1,0.2890625,longest_dropout=37 samples (thr=32),0,0.0,"n_spikes=0, z_threshold=4.0",0,0.0,"flat_windows=0, threshold=0.0001",1,0.072265625
0,0.0,"amp_var=0.303 (thr=0.5, range-normalized), hf_power_ratio=0.144 (thr=0.4)",1,0.3984375,longest_dropout=51 samples (thr=32),0,0.0,"n_spikes=0, z_threshold=4.0",0,0.0,"flat_windows=0, threshold=0.0001",1,0.099609375
0,0.0,"amp_var=0.311 (thr=0.5, range-normalized), hf_power_ratio=0.138 (thr=0.4)",1,0.3671875,longest_dropout=47 samples (thr=32),0,0.0,"n_spikes=0, z_threshold=4.0",0,0.0,"flat_windows=0, threshold=0.0001",1,0.091796875
0,0.0,"amp_var=0.369 (thr=0.5, range-normalized), hf_power_ratio=0.043 (thr=0.4)",0,0.0078125,longest_dropout=1 samples (thr=32),0,0.0,"n_spikes=0, z_threshold=4.0",0,0.0,"flat_windows=0, threshold=0.0001",0,0.001953125
0,0.0,"amp_var=0.299 (thr=0.5, range-normalized), hf_power_ratio=0.169 (thr=0.4)",1,0.2578125,longest_dropout=33 samples (thr=32),0,0.0,"n_spikes=0, z_threshold=4.0",0,0.0,"flat_windows=0, threshold=0.0001",1,0.064453125
0,0.0,"amp_var=0.342 (thr=0.5, range-normalized), hf_power_ratio=0.040 (thr=0.4)",1,0.40625,longest_dropout=52 samples (thr=32),0,0.0,"n_spikes=0, z_threshold=4.0",0,0.0,"flat_windows=0, threshold=0.0001",1,0.1015625
0,0.0,"amp_var=0.364 (thr=0.5, range-normalized), hf_power_ratio=0.083 (thr=0.4)",0,0.015625,longest_dropout=2 samples (thr=32),0,0.0,"n_spikes=0, z_threshold=4.0",0,0.0,"flat_windows=0, threshold=0.0001",0,0.00390625
0,0.0,"amp_var=0.396 (thr=0.5, range-normalized), hf_power_ratio=0.026 (thr=0.4)",0,0.0078125,longest_dropout=1 samples (thr=32),0,0.0,"n_spikes=0, z_threshold=4.0",0,0.0,"flat_windows=0, threshold=0.0001",0,0.001953125
0,0.0,"amp_var=0.253 (thr=0.5, range-normalized), hf_power_ratio=0.130 (thr=0.4)",0,0.0078125,longest_dropout=1 samples (thr=32),0,0.0,"n_spikes=0, z_threshold=4.0",0,0.0,"flat_windows=0, threshold=0.0001",0,0.001953125
0,0.0,"amp_var=0.349 (thr=0.5, range-normalized), hf_power_ratio=0.074 (thr=0.4)",0,0.0078125,longest_dropout=1 samples (thr=32),0,0.0,"n_spikes=0, z_threshold=4.0",0,0.0,"flat_windows=0, threshold=0.0001",0,0.001953125
0,0.0,"amp_var=0.316 (thr=0.5, range-normalized), hf_power_ratio=0.047 (thr=0.4)",1,0.4609375,longest_dropout=59 samples (thr=32),0,0.0,"n_spikes=0, z_threshold=4.0",0,0.0,"flat_windows=0, threshold=0.0001",1,0.115234375
0,0.0,"amp_var=0.383 (thr=0.5, range-normalized), hf_power_ratio=0.036 (thr=0.4)",0,0.0078125,longest_dropout=1 samples (thr=32),0,0.0,"n_spikes=0, z_threshold=4.0",0,0.0,"flat_windows=0, threshold=0.0001",0,0.001953125
0,0.0,"amp_var=0.436 (thr=0.5, range-normalized), hf_power_ratio=0.007 (thr=0.4)",0,0.0078125,longest_dropout=1 samples (thr=32),0,0.0,"n_spikes=0, z_threshold=4.0",0,0.0,"flat_windows=0, threshold=0.0001",0,0.001953125
0,0.0,"amp_var=0.371 (thr=0.5, range-normalized), hf_power_ratio=0.049 (thr=0.4)",0,0.0078125,longest_dropout=1 samples (thr=32),0,0.0,"n_spikes=0, z_threshold=4.0",0,0.0,"flat_windows=0, threshold=0.0001",0,0.001953125
0,0.0,"amp_var=0.427 (thr=0.5, range-normalized), hf_power_ratio=0.014 (thr=0.4)",0,0.0078125,longest_dropout=1 samples (thr=32),0,0.0,"n_spikes=0, z_threshold=4.0",0,0.0,"flat_windows=0, threshold=0.0001",0,0.001953125
0,0.0,"amp_var=0.395 (thr=0.5, range-normalized), hf_power_ratio=0.018 (thr=0.4)",0,0.0234375,longest_dropout=3 samples (thr=32),0,0.0,"n_spikes=0, z_threshold=4.0",0,0.0,"flat_windows=0, threshold=0.0001",0,0.005859375
0,0.0,"amp_var=0.315 (thr=0.5, range-normalized), hf_power_ratio=0.068 (thr=0.4)",1,0.3671875,longest_dropout=47 samples (thr=32),0,0.0,"n_spikes=0, z_threshold=4.0",0,0.0,"flat_windows=0, threshold=0.0001",1,0.091796875
0,0.0,"amp_var=0.353 (thr=0.5, range-normalized), hf_power_ratio=0.059 (thr=0.4)",0,0.0078125,longest_dropout=1 samples (thr=32),0,0.0,"n_spikes=0, z_threshold=4.0",0,0.0,"flat_windows=0, threshold=0.0001",0,0.001953125
0,0.0,"amp_var=0.273 (thr=0.5, range-normalized), hf_power_ratio=0.172 (thr=0.4)",0,0.140625,longest_dropout=18 samples (thr=32),0,0.0,"n_spikes=0, z_threshold=4.0",0,0.0,"flat_windows=0, threshold=0.0001",0,0.03515625
0,0.0,"amp_var=0.331 (thr=0.5, range-normalized), hf_power_ratio=0.148 (thr=0.4)",0,0.1640625,longest_dropout=21 samples (thr=32),0,0.0,"n_spikes=0, z_threshold=4.0",0,0.0,"flat_windows=0, threshold=0.0001",0,0.041015625
0,0.0,"amp_var=0.413 (thr=0.5, range-normalized), hf_power_ratio=0.008 (thr=0.4)",0,0.0078125,longest_dropout=1 samples (thr=32),0,0.0,"n_spikes=0, z_threshold=4.0",0,0.0,"flat_windows=0, threshold=0.0001",0,0.001953125
0,0.0,"amp_var=0.383 (thr=0.5, range-normalized), hf_power_ratio=0.052 (thr=0.4)",0,0.0078125,longest_dropout=1 samples (thr=32),0,0.0,"n_spikes=0, z_threshold=4.0",0,0.0,"flat_windows=0, threshold=0.0001",0,0.001953125
0,0.0,"amp_var=0.375 (thr=0.5, range-normalized), hf_power_ratio=0.022 (thr=0.4)",0,0.0078125,longest_dropout=1 samples (thr=32),0,0.0,"n_spikes=0, z_threshold=4.0",0,0.0,"flat_windows=0, threshold=0.0001",0,0.001953125
0,0.0,"amp_var=0.399 (thr=0.5, range-normalized), hf_power_ratio=0.032 (thr=0.4)",0,0.0078125,longest_dropout=1 samples (thr=32),0,0.0,"n_spikes=0, z_threshold=4.0",0,0.0,"flat_windows=0, threshold=0.0001",0,0.001953125
0,0.0,"amp_var=0.296 (thr=0.5, range-normalized), hf_power_ratio=0.122 (thr=0.4)",1,0.4609375,longest_dropout=59 samples (thr=32),0,0.0,"n_spikes=0, z_threshold=4.0",0,0.0,"flat_windows=0, threshold=0.0001",1,0.115234375
0,0.0,"amp_var=0.405 (thr=0.5, range-normalized), hf_power_ratio=0.023 (thr=0.4)",0,0.0078125,longest_dropout=1 samples (thr=32),0,0.0,"n_spikes=0, z_threshold=4.0",0,0.0,"flat_windows=0, threshold=0.0001",0,0.001953125
0,0.0,"amp_var=0.269 (thr=0.5, range-normalized), hf_power_ratio=0.110 (thr=0.4)",0,0.0078125,longest_dropout=1 samples (thr=32),0,0.0,"n_spikes=0, z_threshold=4.0",0,0.0,"flat_windows=0, threshold=0.0001",0,0.001953125
0,0.0,"amp_var=0.385 (thr=0.5, range-normalized), hf_power_ratio=0.036 (thr=0.4)",0,0.0078125,longest_dropout=1 samples (thr=32),0,0.0,"n_spikes=0, z_threshold=4.0",0,0.0,"flat_windows=0, threshold=0.0001",0,0.001953125
0,0.0,"amp_var=0.366 (thr=0.5, range-normalized), hf_power_ratio=0.062 (thr=0.4)",0,0.0078125,longest_dropout=1 samples (thr=32),0,0.0,"n_spikes=0, z_threshold=4.0",0,0.0,"flat_windows=0, threshold=0.0001",0,0.001953125
0,0.0,"amp_var=0.364 (thr=0.5, range-normalized), hf_power_ratio=0.098 (thr=0.4)",0,0.0078125,longest_dropout=1 samples (thr=32),0,0.0,"n_spikes=0, z_threshold=4.0",0,0.0,"flat_windows=0, threshold=0.0001",0,0.001953125
0,0.0,"amp_var=0.291 (thr=0.5, range-normalized), hf_power_ratio=0.119 (thr=0.4)",0,0.0078125,longest_dropout=1 samples (thr=32),0,0.0,"n_spikes=0, z_threshold=4.0",0,0.0,"flat_windows=0, threshold=0.0001",0,0.001953125
0,0.0,"amp_var=0.373 (thr=0.5, range-normalized), hf_power_ratio=0.052 (thr=0.4)",0,0.0078125,longest_dropout=1 samples (thr=32),0,0.0,"n_spikes=0, z_threshold=4.0",0,0.0,"flat_windows=0, threshold=0.0001",0,0.001953125
0,0.0,"amp_var=0.288 (thr=0.5, range-normalized), hf_power_ratio=0.127 (thr=0.4)",1,0.3515625,longest_dropout=45 samples (thr=32),0,0.0,"n_spikes=0, z_threshold=4.0",0,0.0,"flat_windows=0, threshold=0.0001",1,0.087890625
0,0.0,"amp_var=0.297 (thr=0.5, range-normalized), hf_power_ratio=0.170 (thr=0.4)",0,0.15625,longest_dropout=20 samples (thr=32),0,0.0,"n_spikes=0, z_threshold=4.0",0,0.0,"flat_windows=0, threshold=0.0001",0,0.0390625
0,0.0,"amp_var=0.276 (thr=0.5, range-normalized), hf_power_ratio=0.182 (thr=0.4)",0,0.1875,longest_dropout=24 samples (thr=32),0,0.0,"n_spikes=0, z_threshold=4.0",0,0.0,"flat_windows=0, threshold=0.0001",0,0.046875
0,0.0,"amp_var=0.367 (thr=0.5, range-normalized), hf_power_ratio=0.033 (thr=0.4)",0,0.015625,longest_dropout=2 samples (thr=32),0,0.0,"n_spikes=0, z_threshold=4.0",0,0.0,"flat_windows=0, threshold=0.0001",0,0.00390625
0,0.0,"amp_var=0.361 (thr=0.5, range-normalized), hf_power_ratio=0.015 (thr=0.4)",1,0.4609375,longest_dropout=59 samples (thr=32),0,0.0,"n_spikes=0, z_threshold=4.0",0,0.0,"flat_windows=0, threshold=0.0001",1,0.115234375
0,0.0,"amp_var=0.419 (thr=0.5, range-normalized), hf_power_ratio=0.010 (thr=0.4)",0,0.0078125,longest_dropout=1 samples (thr=32),0,0.0,"n_spikes=0, z_threshold=4.0",0,0.0,"flat_windows=0, threshold=0.0001",0,0.001953125
0,0.0,"amp_var=0.298 (thr=0.5, range-normalized), hf_power_ratio=0.188 (thr=0.4)",1,0.4375,longest_dropout=56 samples (thr=32),0,0.0,"n_spikes=0, z_threshold=4.0",0,0.0,"flat_windows=0, threshold=0.0001",1,0.109375
0,0.0,"amp_var=0.392 (thr=0.5, range-normalized), hf_power_ratio=0.022 (thr=0.4)",0,0.015625,longest_dropout=2 samples (thr=32),0,0.0,"n_spikes=0, z_threshold=4.0",0,0.0,"flat_windows=0, threshold=0.0001",0,0.00390625
0,0.0,"amp_var=0.258 (thr=0.5, range-normalized), hf_power_ratio=0.152 (thr=0.4)",0,0.1953125,longest_dropout=25 samples (thr=32),0,0.0,"n_spikes=0, z_threshold=4.0",0,0.0,"flat_windows=0, threshold=0.0001",0,0.048828125
0,0.0,"amp_var=0.268 (thr=0.5, range-normalized), hf_power_ratio=0.112 (thr=0.4)",0,0.0078125,longest_dropout=1 samples (thr=32),0,0.0,"n_spikes=0, z_threshold=4.0",0,0.0,"flat_windows=0, threshold=0.0001",0,0.001953125
0,0.0,"amp_var=0.368 (thr=0.5, range-normalized), hf_power_ratio=0.082 (thr=0.4)",0,0.0078125,longest_dropout=1 samples (thr=32),0,0.0,"n_spikes=0, z_threshold=4.0",0,0.0,"flat_windows=0, threshold=0.0001",0,0.001953125
0,0.0,"amp_var=0.395 (thr=0.5, range-normalized), hf_power_ratio=0.033 (thr=0.4)",0,0.0078125,longest_dropout=1 samples (thr=32),0,0.0,"n_spikes=0, z_threshold=4.0",0,0.0,"flat_windows=0, threshold=0.0001",0,0.001953125
0,0.0,"amp_var=0.436 (thr=0.5, range-normalized), hf_power_ratio=0.011 (thr=0.4)",0,0.015625,longest_dropout=2 samples (thr=32),0,0.0,"n_spikes=0, z_threshold=4.0",0,0.0,"flat_windows=0, threshold=0.0001",0,0.00390625
0,0.0,"amp_var=0.410 (thr=0.5, range-normalized), hf_power_ratio=0.021 (thr=0.4)",0,0.015625,longest_dropout=2 samples (thr=32),0,0.0,"n_spikes=0, z_threshold=4.0",0,0.0,"flat_windows=0, threshold=0.0001",0,0.00390625
0,0.0,"amp_var=0.247 (thr=0.5, range-normalized), hf_power_ratio=0.148 (thr=0.4)",0,0.0078125,longest_dropout=1 samples (thr=32),0,0.0,"n_spikes=0, z_threshold=4.0",0,0.0,"flat_windows=0, threshold=0.0001",0,0.001953125
0,0.0,"amp_var=0.376 (thr=0.5, range-normalized), hf_power_ratio=0.034 (thr=0.4)",0,0.0078125,longest_dropout=1 samples (thr=32),0,0.0,"n_spikes=0, z_threshold=4.0",0,0.0,"flat_windows=0, threshold=0.0001",0,0.001953125
0,0.0,"amp_var=0.399 (thr=0.5, range-normalized), hf_power_ratio=0.030 (thr=0.4)",0,0.0078125,longest_dropout=1 samples (thr=32),0,0.0,"n_spikes=0, z_threshold=4.0",0,0.0,"flat_windows=0, threshold=0.0001",0,0.001953125
0,0.0,"amp_var=0.390 (thr=0.5, range-normalized), hf_power_ratio=0.057 (thr=0.4)",0,0.0078125,longest_dropout=1 samples (thr=32),0,0.0,"n_spikes=0, z_threshold=4.0",0,0.0,"flat_windows=0, threshold=0.0001",0,0.001953125
0,0.0,"amp_var=0.409 (thr=0.5, range-normalized), hf_power_ratio=0.047 (thr=0.4)",0,0.0078125,longest_dropout=1 samples (thr=32),0,0.0,"n_spikes=0, z_threshold=4.0",0,0.0,"flat_windows=0, threshold=0.0001",0,0.001953125
0,0.0,"amp_var=0.326 (thr=0.5, range-normalized), hf_power_ratio=0.143 (thr=0.4)",0,0.140625,longest_dropout=18 samples (thr=32),0,0.0,"n_spikes=0, z_threshold=4.0",0,0.0,"flat_windows=0, threshold=0.0001",0,0.03515625
0,0.0,"amp_var=0.380 (thr=0.5, range-normalized), hf_power_ratio=0.028 (thr=0.4)",0,0.0078125,longest_dropout=1 samples (thr=32),0,0.0,"n_spikes=0, z_threshold=4.0",0,0.0,"flat_windows=0, threshold=0.0001",0,0.001953125
0,0.0,"amp_var=0.332 (thr=0.5, range-normalized), hf_power_ratio=0.105 (thr=0.4)",0,0.0078125,longest_dropout=1 samples (thr=32),0,0.0,"n_spikes=0, z_threshold=4.0",0,0.0,"flat_windows=0, threshold=0.0001",0,0.001953125
0,0.0,"amp_var=0.323 (thr=0.5, range-normalized), hf_power_ratio=0.144 (thr=0.4)",1,0.3203125,longest_dropout=41 samples (thr=32),0,0.0,"n_spikes=0, z_threshold=4.0",0,0.0,"flat_windows=0, threshold=0.0001",1,0.080078125
0,0.0,"amp_var=0.259 (thr=0.5, range-normalized), hf_power_ratio=0.132 (thr=0.4)",1,0.25,longest_dropout=32 samples (thr=32),0,0.0,"n_spikes=0, z_threshold=4.0",0,0.0,"flat_windows=0, threshold=0.0001",1,0.0625
0,0.0,"amp_var=0.384 (thr=0.5, range-normalized), hf_power_ratio=0.064 (thr=0.4)",0,0.015625,longest_dropout=2 samples (thr=32),0,0.0,"n_spikes=0, z_threshold=4.0",0,0.0,"flat_windows=0, threshold=0.0001",0,0.00390625
0,0.0,"amp_var=0.392 (thr=0.5, range-normalized), hf_power_ratio=0.039 (thr=0.4)",0,0.015625,longest_dropout=2 samples (thr=32),0,0.0,"n_spikes=0, z_threshold=4.0",0,0.0,"flat_windows=0, threshold=0.0001",0,0.00390625
0,0.0,"amp_var=0.260 (thr=0.5, range-normalized), hf_power_ratio=0.131 (thr=0.4)",0,0.0078125,longest_dropout=1 samples (thr=32),0,0.0,"n_spikes=0, z_threshold=4.0",0,0.0,"flat_windows=0, threshold=0.0001",0,0.001953125
0,0.0,"amp_var=0.271 (thr=0.5, range-normalized), hf_power_ratio=0.132 (thr=0.4)",0,0.0078125,longest_dropout=1 samples (thr=32),0,0.0,"n_spikes=0, z_threshold=4.0",0,0.0,"flat_windows=0, threshold=0.0001",0,0.001953125
0,0.0,"amp_var=0.296 (thr=0.5, range-normalized), hf_power_ratio=0.127 (thr=0.4)",0,0.171875,longest_dropout=22 samples (thr=32),0,0.0,"n_spikes=0, z_threshold=4.0",0,0.0,"flat_windows=0, threshold=0.0001",0,0.04296875
0,0.0,"amp_var=0.391 (thr=0.5, range-normalized), hf_power_ratio=0.026 (thr=0.4)",0,0.0078125,longest_dropout=1 samples (thr=32),0,0.0,"n_spikes=0, z_threshold=4.0",0,0.0,"flat_windows=0, threshold=0.0001",0,0.001953125
0,0.0,"amp_var=0.395 (thr=0.5, range-normalized), hf_power_ratio=0.020 (thr=0.4)",0,0.0078125,longest_dropout=1 samples (thr=32),0,0.0,"n_spikes=0, z_threshold=4.0",0,0.0,"flat_windows=0, threshold=0.0001",0,0.001953125
0,0.0,"amp_var=0.401 (thr=0.5, range-normalized), hf_power_ratio=0.020 (thr=0.4)",0,0.015625,longest_dropout=2 samples (thr=32),0,0.0,"n_spikes=0, z_threshold=4.0",0,0.0,"flat_windows=0, threshold=0.0001",0,0.00390625
0,0.0,"amp_var=0.360 (thr=0.5, range-normalized), hf_power_ratio=0.079 (thr=0.4)",0,0.0078125,longest_dropout=1 samples (thr=32),0,0.0,"n_spikes=0, z_threshold=4.0",0,0.0,"flat_windows=0, threshold=0.0001",0,0.001953125
0,0.0,"amp_var=0.271 (thr=0.5, range-normalized), hf_power_ratio=0.117 (thr=0.4)",0,0.0078125,longest_dropout=1 samples (thr=32),0,0.0,"n_spikes=0, z_threshold=4.0",0,0.0,"flat_windows=0, threshold=0.0001",0,0.001953125
0,0.0,"amp_var=0.276 (thr=0.5, range-normalized), hf_power_ratio=0.196 (thr=0.4)",1,0.265625,longest_dropout=34 samples (thr=32),0,0.0,"n_spikes=0, z_threshold=4.0",0,0.0,"flat_windows=0, threshold=0.0001",1,0.06640625
0,0.0,"amp_var=0.354 (thr=0.5, range-normalized), hf_power_ratio=0.088 (thr=0.4)",0,0.0078125,longest_dropout=1 samples (thr=32),0,0.0,"n_spikes=0, z_threshold=4.0",0,0.0,"flat_windows=0, threshold=0.0001",0,0.001953125
0,0.0,"amp_var=0.288 (thr=0.5, range-normalized), hf_power_ratio=0.133 (thr=0.4)",0,0.0078125,longest_dropout=1 samples (thr=32),0,0.0,"n_spikes=0, z_threshold=4.0",0,0.0,"flat_windows=0, threshold=0.0001",0,0.001953125
0,0.0,"amp_var=0.419 (thr=0.5, range-normalized), hf_power_ratio=0.017 (thr=0.4)",0,0.0078125,longest_dropout=1 samples (thr=32),0,0.0,"n_spikes=0, z_threshold=4.0",0,0.0,"flat_windows=0, threshold=0.0001",0,0.001953125
0,0.0,"amp_var=0.316 (thr=0.5, range-normalized), hf_power_ratio=0.092 (thr=0.4)",0,0.0078125,longest_dropout=1 samples (thr=32),0,0.0,"n_spikes=0, z_threshold=4.0",0,0.0,"flat_windows=0, threshold=0.0001",0,0.001953125
0,0.0,"amp_var=0.376 (thr=0.5, range-normalized), hf_power_ratio=0.033 (thr=0.4)",0,0.0078125,longest_dropout=1 samples (thr=32),0,0.0,"n_spikes=0, z_threshold=4.0",0,0.0,"flat_windows=0, threshold=0.0001",0,0.001953125
0,0.0,"amp_var=0.382 (thr=0.5, range-normalized), hf_power_ratio=0.031 (thr=0.4)",0,0.0078125,longest_dropout=1 samples (thr=32),0,0.0,"n_spikes=0, z_threshold=4.0",0,0.0,"flat_windows=0, threshold=0.0001",0,0.001953125
0,0.0,"amp_var=0.328 (thr=0.5, range-normalized), hf_power_ratio=0.060 (thr=0.4)",1,0.4609375,longest_dropout=59 samples (thr=32),0,0.0,"n_spikes=0, z_threshold=4.0",0,0.0,"flat_windows=0, threshold=0.0001",1,0.115234375
0,0.0,"amp_var=0.335 (thr=0.5, range-normalized), hf_power_ratio=0.125 (thr=0.4)",0,0.140625,longest_dropout=18 samples (thr=32),0,0.0,"n_spikes=0, z_threshold=4.0",0,0.0,"flat_windows=0, threshold=0.0001",0,0.03515625
0,0.0,"amp_var=0.361 (thr=0.5, range-normalized), hf_power_ratio=0.071 (thr=0.4)",0,0.0078125,longest_dropout=1 samples (thr=32),0,0.0,"n_spikes=0, z_threshold=4.0",0,0.0,"flat_windows=0, threshold=0.0001",0,0.001953125
0,0.0,"amp_var=0.252 (thr=0.5, range-normalized), hf_power_ratio=0.189 (thr=0.4)",1,0.4765625,longest_dropout=61 samples (thr=32),0,0.0,"n_spikes=0, z_threshold=4.0",0,0.0,"flat_windows=0, threshold=0.0001",1,0.119140625
0,0.0,"amp_var=0.351 (thr=0.5, range-normalized), hf_power_ratio=0.064 (thr=0.4)",0,0.0078125,longest_dropout=1 samples (thr=32),0,0.0,"n_spikes=0, z_threshold=4.0",0,0.0,"flat_windows=0, threshold=0.0001",0,0.001953125
0,0.0,"amp_var=0.386 (thr=0.5, range-normalized), hf_power_ratio=0.027 (thr=0.4)",0,0.0078125,longest_dropout=1 samples (thr=32),0,0.0,"n_spikes=0, z_threshold=4.0",0,0.0,"flat_windows=0, threshold=0.0001",0,0.001953125
0,0.0,"amp_var=0.404 (thr=0.5, range-normalized), hf_power_ratio=0.025 (thr=0.4)",0,0.0078125,longest_dropout=1 samples (thr=32),0,0.0,"n_spikes=0, z_threshold=4.0",0,0.0,"flat_windows=0, threshold=0.0001",0,0.001953125
0,0.0,"amp_var=0.434 (thr=0.5, range-normalized), hf_power_ratio=0.009 (thr=0.4)",0,0.015625,longest_dropout=2 samples (thr=32),0,0.0,"n_spikes=0, z_threshold=4.0",0,0.0,"flat_windows=0, threshold=0.0001",0,0.00390625
0,0.0,"amp_var=0.257 (thr=0.5, range-normalized), hf_power_ratio=0.179 (thr=0.4)",1,0.3984375,longest_dropout=51 samples (thr=32),0,0.0,"n_spikes=0, z_threshold=4.0",0,0.0,"flat_windows=0, threshold=0.0001",1,0.099609375
0,0.0,"amp_var=0.305 (thr=0.5, range-normalized), hf_power_ratio=0.131 (thr=0.4)",0,0.0078125,longest_dropout=1 samples (thr=32),0,0.0,"n_spikes=0, z_threshold=4.0",0,0.0,"flat_windows=0, threshold=0.0001",0,0.001953125
0,0.0,"amp_var=0.290 (thr=0.5, range-normalized), hf_power_ratio=0.123 (thr=0.4)",0,0.0078125,longest_dropout=1 samples (thr=32),0,0.0,"n_spikes=0, z_threshold=4.0",0,0.0,"flat_windows=0, threshold=0.0001",0,0.001953125
0,0.0,"amp_var=0.360 (thr=0.5, range-normalized), hf_power_ratio=0.068 (thr=0.4)",0,0.015625,longest_dropout=2 samples (thr=32),0,0.0,"n_spikes=0, z_threshold=4.0",0,0.0,"flat_windows=0, threshold=0.0001",0,0.00390625
0,0.0,"amp_var=0.401 (thr=0.5, range-normalized), hf_power_ratio=0.016 (thr=0.4)",0,0.015625,longest_dropout=2 samples (thr=32),0,0.0,"n_spikes=0, z_threshold=4.0",0,0.0,"flat_windows=0, threshold=0.0001",0,0.00390625
0,0.0,"amp_var=0.300 (thr=0.5, range-normalized), hf_power_ratio=0.169 (thr=0.4)",1,0.3828125,longest_dropout=49 samples (thr=32),0,0.0,"n_spikes=0, z_threshold=4.0",0,0.0,"flat_windows=0, threshold=0.0001",1,0.095703125
0,0.0,"amp_var=0.345 (thr=0.5, range-normalized), hf_power_ratio=0.050 (thr=0.4)",0,0.015625,longest_dropout=2 samples (thr=32),0,0.0,"n_spikes=0, z_threshold=4.0",0,0.0,"flat_windows=0, threshold=0.0001",0,0.00390625
0,0.0,"amp_var=0.369 (thr=0.5, range-normalized), hf_power_ratio=0.069 (thr=0.4)",0,0.0078125,longest_dropout=1 samples (thr=32),0,0.0,"n_spikes=0, z_threshold=4.0",0,0.0,"flat_windows=0, threshold=0.0001",0,0.001953125
0,0.0,"amp_var=0.287 (thr=0.5, range-normalized), hf_power_ratio=0.173 (thr=0.4)",1,0.3046875,longest_dropout=39 samples (thr=32),0,0.0,"n_spikes=0, z_threshold=4.0",0,0.0,"flat_windows=0, threshold=0.0001",1,0.076171875
0,0.0,"amp_var=0.398 (thr=0.5, range-normalized), hf_power_ratio=0.020 (thr=0.4)",0,0.0078125,longest_dropout=1 samples (thr=32),0,0.0,"n_spikes=0, z_threshold=4.0",0,0.0,"flat_windows=0, threshold=0.0001",0,0.001953125
0,0.0,"amp_var=0.340 (thr=0.5, range-normalized), hf_power_ratio=0.046 (thr=0.4)",1,0.2734375,longest_dropout=35 samples (thr=32),0,0.0,"n_spikes=0, z_threshold=4.0",0,0.0,"flat_windows=0, threshold=0.0001",1,0.068359375
0,0.0,"amp_var=0.300 (thr=0.5, range-normalized), hf_power_ratio=0.142 (thr=0.4)",0,0.0078125,longest_dropout=1 samples (thr=32),0,0.0,"n_spikes=0, z_threshold=4.0",0,0.0,"flat_windows=0, threshold=0.0001",0,0.001953125
0,0.0,"amp_var=0.358 (thr=0.5, range-normalized), hf_power_ratio=0.078 (thr=0.4)",0,0.0078125,longest_dropout=1 samples (thr=32),0,0.0,"n_spikes=0, z_threshold=4.0",0,0.0,"flat_windows=0, threshold=0.0001",0,0.001953125
0,0.0,"amp_var=0.348 (thr=0.5, range-normalized), hf_power_ratio=0.080 (thr=0.4)",0,0.0078125,longest_dropout=1 samples (thr=32),0,0.0,"n_spikes=0, z_threshold=4.0",0,0.0,"flat_windows=0, threshold=0.0001",0,0.001953125
0,0.0,"amp_var=0.300 (thr=0.5, range-normalized), hf_power_ratio=0.142 (thr=0.4)",1,0.296875,longest_dropout=38 samples (thr=32),0,0.0,"n_spikes=0, z_threshold=4.0",0,0.0,"flat_windows=0, threshold=0.0001",1,0.07421875
0,0.0,"amp_var=0.385 (thr=0.5, range-normalized), hf_power_ratio=0.037 (thr=0.4)",0,0.0078125,longest_dropout=1 samples (thr=32),0,0.0,"n_spikes=0, z_threshold=4.0",0,0.0,"flat_windows=0, threshold=0.0001",0,0.001953125
0,0.0,"amp_var=0.273 (thr=0.5, range-normalized), hf_power_ratio=0.219 (thr=0.4)",1,0.2734375,longest_dropout=35 samples (thr=32),0,0.0,"n_spikes=0, z_threshold=4.0",0,0.0,"flat_windows=0, threshold=0.0001",1,0.068359375
0,0.0,"amp_var=0.362 (thr=0.5, range-normalized), hf_power_ratio=0.059 (thr=0.4)",0,0.015625,longest_dropout=2 samples (thr=32),0,0.0,"n_spikes=0, z_threshold=4.0",0,0.0,"flat_windows=0, threshold=0.0001",0,0.00390625
0,0.0,"amp_var=0.425 (thr=0.5, range-normalized), hf_power_ratio=0.047 (thr=0.4)",0,0.0078125,longest_dropout=1 samples (thr=32),0,0.0,"n_spikes=0, z_threshold=4.0",0,0.0,"flat_windows=0, threshold=0.0001",0,0.001953125
0,0.0,"amp_var=0.247 (thr=0.5, range-normalized), hf_power_ratio=0.174 (thr=0.4)",1,0.3125,longest_dropout=40 samples (thr=32),0,0.0,"n_spikes=0, z_threshold=4.0",0,0.0,"flat_windows=0, threshold=0.0001",1,0.078125
0,0.0,"amp_var=0.312 (thr=0.5, range-normalized), hf_power_ratio=0.188 (thr=0.4)",0,0.21875,longest_dropout=28 samples (thr=32),0,0.0,"n_spikes=0, z_threshold=4.0",0,0.0,"flat_windows=0, threshold=0.0001",0,0.0546875
0,0.0,"amp_var=0.291 (thr=0.5, range-normalized), hf_power_ratio=0.142 (thr=0.4)",0,0.0078125,longest_dropout=1 samples (thr=32),0,0.0,"n_spikes=0, z_threshold=4.0",0,0.0,"flat_windows=0, threshold=0.0001",0,0.001953125
0,0.0,"amp_var=0.303 (thr=0.5, range-normalized), hf_power_ratio=0.185 (thr=0.4)",1,0.4375,longest_dropout=56 samples (thr=32),0,0.0,"n_spikes=0, z_threshold=4.0",0,0.0,"flat_windows=0, threshold=0.0001",1,0.109375
0,0.0,"amp_var=0.288 (thr=0.5, range-normalized), hf_power_ratio=0.132 (thr=0.4)",0,0.0078125,longest_dropout=1 samples (thr=32),0,0.0,"n_spikes=0, z_threshold=4.0",0,0.0,"flat_windows=0, threshold=0.0001",0,0.001953125
0,0.0,"amp_var=0.331 (thr=0.5, range-normalized), hf_power_ratio=0.068 (thr=0.4)",1,0.25,longest_dropout=32 samples (thr=32),0,0.0,"n_spikes=0, z_threshold=4.0",0,0.0,"flat_windows=0, threshold=0.0001",1,0.0625
0,0.0,"amp_var=0.363 (thr=0.5, range-normalized), hf_power_ratio=0.040 (thr=0.4)",0,0.0078125,longest_dropout=1 samples (thr=32),0,0.0,"n_spikes=0, z_threshold=4.0",0,0.0,"flat_windows=0, threshold=0.0001",0,0.001953125
0,0.0,"amp_var=0.313 (thr=0.5, range-normalized), hf_power_ratio=0.051 (thr=0.4)",1,0.375,longest_dropout=48 samples (thr=32),0,0.0,"n_spikes=0, z_threshold=4.0",0,0.0,"flat_windows=0, threshold=0.0001",1,0.09375
0,0.0,"amp_var=0.343 (thr=0.5, range-normalized), hf_power_ratio=0.068 (thr=0.4)",0,0.0078125,longest_dropout=1 samples (thr=32),0,0.0,"n_spikes=0, z_threshold=4.0",0,0.0,"flat_windows=0, threshold=0.0001",0,0.001953125
0,0.0,"amp_var=0.282 (thr=0.5, range-normalized), hf_power_ratio=0.216 (thr=0.4)",1,0.375,longest_dropout=48 samples (thr=32),0,0.0,"n_spikes=0, z_threshold=4.0",0,0.0,"flat_windows=0, threshold=0.0001",1,0.09375
0,0.0,"amp_var=0.357 (thr=0.5, range-normalized), hf_power_ratio=0.051 (thr=0.4)",0,0.0078125,longest_dropout=1 samples (thr=32),0,0.0,"n_spikes=0, z_threshold=4.0",0,0.0,"flat_windows=0, threshold=0.0001",0,0.001953125
0,0.0,"amp_var=0.436 (thr=0.5, range-normalized), hf_power_ratio=0.006 (thr=0.4)",0,0.0078125,longest_dropout=1 samples (thr=32),0,0.0,"n_spikes=0, z_threshold=4.0",0,0.0,"flat_windows=0, threshold=0.0001",0,0.001953125
0,0.0,"amp_var=0.406 (thr=0.5, range-normalized), hf_power_ratio=0.021 (thr=0.4)",0,0.0078125,longest_dropout=1 samples (thr=32),0,0.0,"n_spikes=0, z_threshold=4.0",0,0.0,"flat_windows=0, threshold=0.0001",0,0.001953125
0,0.0,"amp_var=0.317 (thr=0.5, range-normalized), hf_power_ratio=0.102 (thr=0.4)",1,0.2578125,longest_dropout=33 samples (thr=32),0,0.0,"n_spikes=0, z_threshold=4.0",0,0.0,"flat_windows=0, threshold=0.0001",1,0.064453125
0,0.0,"amp_var=0.343 (thr=0.5, range-normalized), hf_power_ratio=0.084 (thr=0.4)",0,0.0078125,longest_dropout=1 samples (thr=32),0,0.0,"n_spikes=0, z_threshold=4.0",0,0.0,"flat_windows=0, threshold=0.0001",0,0.001953125
0,0.0,"amp_var=0.370 (thr=0.5, range-normalized), hf_power_ratio=0.048 (thr=0.4)",0,0.015625,longest_dropout=2 samples (thr=32),0,0.0,"n_spikes=0, z_threshold=4.0",0,0.0,"flat_windows=0, threshold=0.0001",0,0.00390625
0,0.0,"amp_var=0.376 (thr=0.5, range-normalized), hf_power_ratio=0.056 (thr=0.4)",0,0.0078125,longest_dropout=1 samples (thr=32),0,0.0,"n_spikes=0, z_threshold=4.0",0,0.0,"flat_windows=0, threshold=0.0001",0,0.001953125
0,0.0,"amp_var=0.314 (thr=0.5, range-normalized), hf_power_ratio=0.108 (thr=0.4)",1,0.4140625,longest_dropout=53 samples (thr=32),0,0.0,"n_spikes=0, z_threshold=4.0",0,0.0,"flat_windows=0, threshold=0.0001",1,0.103515625
0,0.0,"amp_var=0.369 (thr=0.5, range-normalized), hf_power_ratio=0.063 (thr=0.4)",0,0.0078125,longest_dropout=1 samples (thr=32),0,0.0,"n_spikes=0, z_threshold=4.0",0,0.0,"flat_windows=0, threshold=0.0001",0,0.001953125
0,0.0,"amp_var=0.363 (thr=0.5, range-normalized), hf_power_ratio=0.051 (thr=0.4)",0,0.0078125,longest_dropout=1 samples (thr=32),0,0.0,"n_spikes=0, z_threshold=4.0",0,0.0,"flat_windows=0, threshold=0.0001",0,0.001953125
0,0.0,"amp_var=0.373 (thr=0.5, range-normalized), hf_power_ratio=0.051 (thr=0.4)",0,0.0078125,longest_dropout=1 samples (thr=32),0,0.0,"n_spikes=0, z_threshold=4.0",0,0.0,"flat_windows=0, threshold=0.0001",0,0.001953125
0,0.0,"amp_var=0.292 (thr=0.5, range-normalized), hf_power_ratio=0.106 (thr=0.4)",0,0.0078125,longest_dropout=1 samples (thr=32),0,0.0,"n_spikes=0, z_threshold=4.0",0,0.0,"flat_windows=0, threshold=0.0001",0,0.001953125
0,0.0,"amp_var=0.309 (thr=0.5, range-normalized), hf_power_ratio=0.175 (thr=0.4)",1,0.3828125,longest_dropout=49 samples (thr=32),0,0.0,"n_spikes=0, z_threshold=4.0",0,0.0,"flat_windows=0, threshold=0.0001",1,0.095703125
0,0.0,"amp_var=0.293 (thr=0.5, range-normalized), hf_power_ratio=0.112 (thr=0.4)",0,0.0078125,longest_dropout=1 samples (thr=32),0,0.0,"n_spikes=0, z_threshold=4.0",0,0.0,"flat_windows=0, threshold=0.0001",0,0.001953125
0,0.0,"amp_var=0.398 (thr=0.5, range-normalized), hf_power_ratio=0.045 (thr=0.4)",0,0.015625,longest_dropout=2 samples (thr=32),0,0.0,"n_spikes=0, z_threshold=4.0",0,0.0,"flat_windows=0, threshold=0.0001",0,0.00390625
0,0.0,"amp_var=0.391 (thr=0.5, range-normalized), hf_power_ratio=0.024 (thr=0.4)",0,0.015625,longest_dropout=2 samples (thr=32),0,0.0,"n_spikes=0, z_threshold=4.0",0,0.0,"flat_windows=0, threshold=0.0001",0,0.00390625
0,0.0,"amp_var=0.353 (thr=0.5, range-normalized), hf_power_ratio=0.053 (thr=0.4)",0,0.0078125,longest_dropout=1 samples (thr=32),0,0.0,"n_spikes=0, z_threshold=4.0",0,0.0,"flat_windows=0, threshold=0.0001",0,0.001953125
0,0.0,"amp_var=0.290 (thr=0.5, range-normalized), hf_power_ratio=0.149 (thr=0.4)",0,0.2265625,longest_dropout=29 samples (thr=32),0,0.0,"n_spikes=0, z_threshold=4.0",0,0.0,"flat_windows=0, threshold=0.0001",0,0.056640625
0,0.0,"amp_var=0.297 (thr=0.5, range-normalized), hf_power_ratio=0.100 (thr=0.4)",0,0.0078125,longest_dropout=1 samples (thr=32),0,0.0,"n_spikes=0, z_threshold=4.0",0,0.0,"flat_windows=0, threshold=0.0001",0,0.001953125
0,0.0,"amp_var=0.404 (thr=0.5, range-normalized), hf_power_ratio=0.015 (thr=0.4)",0,0.015625,longest_dropout=2 samples (thr=32),0,0.0,"n_spikes=0, z_threshold=4.0",0,0.0,"flat_windows=0, threshold=0.0001",0,0.00390625
0,0.0,"amp_var=0.370 (thr=0.5, range-normalized), hf_power_ratio=0.063 (thr=0.4)",0,0.0078125,longest_dropout=1 samples (thr=32),0,0.0,"n_spikes=0, z_threshold=4.0",0,0.0,"flat_windows=0, threshold=0.0001",0,0.001953125
0,0.0,"amp_var=0.371 (thr=0.5, range-normalized), hf_power_ratio=0.049 (thr=0.4)",0,0.0078125,longest_dropout=1 samples (thr=32),0,0.0,"n_spikes=0, z_threshold=4.0",0,0.0,"flat_windows=0, threshold=0.0001",0,0.001953125
0,0.0,"amp_var=0.350 (thr=0.5, range-normalized), hf_power_ratio=0.034 (thr=0.4)",1,0.3203125,longest_dropout=41 samples (thr=32),0,0.0,"n_spikes=0, z_threshold=4.0",0,0.0,"flat_windows=0, threshold=0.0001",1,0.080078125
0,0.0,"amp_var=0.372 (thr=0.5, range-normalized), hf_power_ratio=0.060 (thr=0.4)",0,0.0078125,longest_dropout=1 samples (thr=32),0,0.0,"n_spikes=0, z_threshold=4.0",0,0.0,"flat_windows=0, threshold=0.0001",0,0.001953125
0,0.0,"amp_var=0.271 (thr=0.5, range-normalized), hf_power_ratio=0.126 (thr=0.4)",0,0.0234375,longest_dropout=3 samples (thr=32),0,0.0,"n_spikes=0, z_threshold=4.0",0,0.0,"flat_windows=0, threshold=0.0001",0,0.005859375
0,0.0,"amp_var=0.367 (thr=0.5, range-normalized), hf_power_ratio=0.028 (thr=0.4)",0,0.0078125,longest_dropout=1 samples (thr=32),0,0.0,"n_spikes=0, z_threshold=4.0",0,0.0,"flat_windows=0, threshold=0.0001",0,0.001953125
0,0.0,"amp_var=0.441 (thr=0.5, range-normalized), hf_power_ratio=0.007 (thr=0.4)",0,0.0078125,longest_dropout=1 samples (thr=32),0,0.0,"n_spikes=0, z_threshold=4.0",0,0.0,"flat_windows=0, threshold=0.0001",0,0.001953125
0,0.0,"amp_var=0.282 (thr=0.5, range-normalized), hf_power_ratio=0.160 (thr=0.4)",1,0.375,longest_dropout=48 samples (thr=32),0,0.0,"n_spikes=0, z_threshold=4.0",0,0.0,"flat_windows=0, threshold=0.0001",1,0.09375
0,0.0,"amp_var=0.293 (thr=0.5, range-normalized), hf_power_ratio=0.101 (thr=0.4)",0,0.0078125,longest_dropout=1 samples (thr=32),0,0.0,"n_spikes=0, z_threshold=4.0",0,0.0,"flat_windows=0, threshold=0.0001",0,0.001953125
0,0.0,"amp_var=0.248 (thr=0.5, range-normalized), hf_power_ratio=0.165 (thr=0.4)",1,0.28125,longest_dropout=36 samples (thr=32),0,0.0,"n_spikes=0, z_threshold=4.0",0,0.0,"flat_windows=0, threshold=0.0001",1,0.0703125
0,0.0,"amp_var=0.356 (thr=0.5, range-normalized), hf_power_ratio=0.074 (thr=0.4)",0,0.0078125,longest_dropout=1 samples (thr=32),0,0.0,"n_spikes=0, z_threshold=4.0",0,0.0,"flat_windows=0, threshold=0.0001",0,0.001953125
0,0.0,"amp_var=0.400 (thr=0.5, range-normalized), hf_power_ratio=0.042 (thr=0.4)",0,0.015625,longest_dropout=2 samples (thr=32),0,0.0,"n_spikes=0, z_threshold=4.0",0,0.0,"flat_windows=0, threshold=0.0001",0,0.00390625
0,0.0,"amp_var=0.390 (thr=0.5, range-normalized), hf_power_ratio=0.021 (thr=0.4)",0,0.0078125,longest_dropout=1 samples (thr=32),0,0.0,"n_spikes=0, z_threshold=4.0",0,0.0,"flat_windows=0, threshold=0.0001",0,0.001953125
0,0.0,"amp_var=0.387 (thr=0.5, range-normalized), hf_power_ratio=0.046 (thr=0.4)",0,0.0078125,longest_dropout=1 samples (thr=32),0,0.0,"n_spikes=0, z_threshold=4.0",0,0.0,"flat_windows=0, threshold=0.0001",0,0.001953125
0,0.0,"amp_var=0.353 (thr=0.5, range-normalized), hf_power_ratio=0.022 (thr=0.4)",1,0.390625,longest_dropout=50 samples (thr=32),0,0.0,"n_spikes=0, z_threshold=4.0",0,0.0,"flat_windows=0, threshold=0.0001",1,0.09765625
0,0.0,"amp_var=0.368 (thr=0.5, range-normalized), hf_power_ratio=0.032 (thr=0.4)",0,0.0078125,longest_dropout=1 samples (thr=32),0,0.0,"n_spikes=0, z_threshold=4.0",0,0.0,"flat_windows=0, threshold=0.0001",0,0.001953125
0,0.0,"amp_var=0.340 (thr=0.5, range-normalized), hf_power_ratio=0.080 (thr=0.4)",0,0.0078125,longest_dropout=1 samples (thr=32),0,0.0,"n_spikes=0, z_threshold=4.0",0,0.0,"flat_windows=0, threshold=0.0001",0,0.001953125
0,0.0,"amp_var=0.304 (thr=0.5, range-normalized), hf_power_ratio=0.121 (thr=0.4)",1,0.3984375,longest_dropout=51 samples (thr=32),0,0.0,"n_spikes=0, z_threshold=4.0",0,0.0,"flat_windows=0, threshold=0.0001",1,0.099609375
0,0.0,"amp_var=0.300 (thr=0.5, range-normalized), hf_power_ratio=0.167 (thr=0.4)",1,0.3984375,longest_dropout=51 samples (thr=32),0,0.0,"n_spikes=0, z_threshold=4.0",0,0.0,"flat_windows=0, threshold=0.0001",1,0.099609375
0,0.0,"amp_var=0.420 (thr=0.5, range-normalized), hf_power_ratio=0.019 (thr=0.4)",0,0.0078125,longest_dropout=1 samples (thr=32),0,0.0,"n_spikes=0, z_threshold=4.0",0,0.0,"flat_windows=0, threshold=0.0001",0,0.001953125
0,0.0,"amp_var=0.315 (thr=0.5, range-normalized), hf_power_ratio=0.156 (thr=0.4)",0,0.15625,longest_dropout=20 samples (thr=32),0,0.0,"n_spikes=0, z_threshold=4.0",0,0.0,"flat_windows=0, threshold=0.0001",0,0.0390625
0,0.0,"amp_var=0.369 (thr=0.5, range-normalized), hf_power_ratio=0.032 (thr=0.4)",0,0.0078125,longest_dropout=1 samples (thr=32),0,0.0,"n_spikes=0, z_threshold=4.0",0,0.0,"flat_windows=0, threshold=0.0001",0,0.001953125
0,0.0,"amp_var=0.369 (thr=0.5, range-normalized), hf_power_ratio=0.037 (thr=0.4)",0,0.0078125,longest_dropout=1 samples (thr=32),0,0.0,"n_spikes=0, z_threshold=4.0",0,0.0,"flat_windows=0, threshold=0.0001",0,0.001953125
0,0.0,"amp_var=0.362 (thr=0.5, range-normalized), hf_power_ratio=0.042 (thr=0.4)",0,0.0078125,longest_dropout=1 samples (thr=32),0,0.0,"n_spikes=0, z_threshold=4.0",0,0.0,"flat_windows=0, threshold=0.0001",0,0.001953125
0,0.0,"amp_var=0.363 (thr=0.5, range-normalized), hf_power_ratio=0.057 (thr=0.4)",0,0.0078125,longest_dropout=1 samples (thr=32),0,0.0,"n_spikes=0, z_threshold=4.0",0,0.0,"flat_windows=0, threshold=0.0001",0,0.001953125
0,0.0,"amp_var=0.400 (thr=0.5, range-normalized), hf_power_ratio=0.018 (thr=0.4)",0,0.015625,longest_dropout=2 samples (thr=32),0,0.0,"n_spikes=0, z_threshold=4.0",0,0.0,"flat_windows=0, threshold=0.0001",0,0.00390625
0,0.0,"amp_var=0.265 (thr=0.5, range-normalized), hf_power_ratio=0.129 (thr=0.4)",1,0.3125,longest_dropout=40 samples (thr=32),0,0.0,"n_spikes=0, z_threshold=4.0",0,0.0,"flat_windows=0, threshold=0.0001",1,0.078125
0,0.0,"amp_var=0.270 (thr=0.5, range-normalized), hf_power_ratio=0.189 (thr=0.4)",1,0.4140625,longest_dropout=53 samples (thr=32),0,0.0,"n_spikes=0, z_threshold=4.0",0,0.0,"flat_windows=0, threshold=0.0001",1,0.103515625
0,0.0,"amp_var=0.330 (thr=0.5, range-normalized), hf_power_ratio=0.030 (thr=0.4)",1,0.3828125,longest_dropout=49 samples (thr=32),0,0.0,"n_spikes=0, z_threshold=4.0",0,0.0,"flat_windows=0, threshold=0.0001",1,0.095703125
0,0.0,"amp_var=0.284 (thr=0.5, range-normalized), hf_power_ratio=0.165 (thr=0.4)",1,0.40625,longest_dropout=52 samples (thr=32),0,0.0,"n_spikes=0, z_threshold=4.0",0,0.0,"flat_windows=0, threshold=0.0001",1,0.1015625
0,0.0,"amp_var=0.393 (thr=0.5, range-normalized), hf_power_ratio=0.050 (thr=0.4)",0,0.0078125,longest_dropout=1 samples (thr=32),0,0.0,"n_spikes=0, z_threshold=4.0",0,0.0,"flat_windows=0, threshold=0.0001",0,0.001953125
0,0.0,"amp_var=0.410 (thr=0.5, range-normalized), hf_power_ratio=0.006 (thr=0.4)",0,0.0078125,longest_dropout=1 samples (thr=32),0,0.0,"n_spikes=0, z_threshold=4.0",0,0.0,"flat_windows=0, threshold=0.0001",0,0.001953125
0,0.0,"amp_var=0.391 (thr=0.5, range-normalized), hf_power_ratio=0.030 (thr=0.4)",0,0.015625,longest_dropout=2 samples (thr=32),0,0.0,"n_spikes=0, z_threshold=4.0",0,0.0,"flat_windows=0, threshold=0.0001",0,0.00390625
0,0.0,"amp_var=0.409 (thr=0.5, range-normalized), hf_power_ratio=0.028 (thr=0.4)",0,0.015625,longest_dropout=2 samples (thr=32),0,0.0,"n_spikes=0, z_threshold=4.0",0,0.0,"flat_windows=0, threshold=0.0001",0,0.00390625
0,0.0,"amp_var=0.369 (thr=0.5, range-normalized), hf_power_ratio=0.062 (thr=0.4)",0,0.015625,longest_dropout=2 samples (thr=32),0,0.0,"n_spikes=0, z_threshold=4.0",0,0.0,"flat_windows=0, threshold=0.0001",0,0.00390625
0,0.0,"amp_var=0.350 (thr=0.5, range-normalized), hf_power_ratio=0.038 (thr=0.4)",0,0.015625,longest_dropout=2 samples (thr=32),0,0.0,"n_spikes=0, z_threshold=4.0",0,0.0,"flat_windows=0, threshold=0.0001",0,0.00390625
0,0.0,"amp_var=0.361 (thr=0.5, range-normalized), hf_power_ratio=0.042 (thr=0.4)",0,0.0078125,longest_dropout=1 samples (thr=32),0,0.0,"n_spikes=0, z_threshold=4.0",0,0.0,"flat_windows=0, threshold=0.0001",0,0.001953125
0,0.0,"amp_var=0.309 (thr=0.5, range-normalized), hf_power_ratio=0.126 (thr=0.4)",1,0.328125,longest_dropout=42 samples (thr=32),0,0.0,"n_spikes=0, z_threshold=4.0",0,0.0,"flat_windows=0, threshold=0.0001",1,0.08203125
0,0.0,"amp_var=0.303 (thr=0.5, range-normalized), hf_power_ratio=0.131 (thr=0.4)",1,0.3203125,longest_dropout=41 samples (thr=32),0,0.0,"n_spikes=0, z_threshold=4.0",0,0.0,"flat_windows=0, threshold=0.0001",1,0.080078125
0,0.0,"amp_var=0.302 (thr=0.5, range-normalized), hf_power_ratio=0.124 (thr=0.4)",1,0.359375,longest_dropout=46 samples (thr=32),0,0.0,"n_spikes=0, z_threshold=4.0",0,0.0,"flat_windows=0, threshold=0.0001",1,0.08984375
0,0.0,"amp_var=0.360 (thr=0.5, range-normalized), hf_power_ratio=0.039 (thr=0.4)",0,0.0078125,longest_dropout=1 samples (thr=32),0,0.0,"n_spikes=0, z_threshold=4.0",0,0.0,"flat_windows=0, threshold=0.0001",0,0.001953125
0,0.0,"amp_var=0.309 (thr=0.5, range-normalized), hf_power_ratio=0.178 (thr=0.4)",1,0.4140625,longest_dropout=53 samples (thr=32),0,0.0,"n_spikes=0, z_threshold=4.0",0,0.0,"flat_windows=0, threshold=0.0001",1,0.103515625
0,0.0,"amp_var=0.250 (thr=0.5, range-normalized), hf_power_ratio=0.208 (thr=0.4)",1,0.359375,longest_dropout=46 samples (thr=32),0,0.0,"n_spikes=0, z_threshold=4.0",0,0.0,"flat_windows=0, threshold=0.0001",1,0.08984375
0,0.0,"amp_var=0.286 (thr=0.5, range-normalized), hf_power_ratio=0.190 (thr=0.4)",0,0.171875,longest_dropout=22 samples (thr=32),0,0.0,"n_spikes=0, z_threshold=4.0",0,0.0,"flat_windows=0, threshold=0.0001",0,0.04296875
0,0.0,"amp_var=0.272 (thr=0.5, range-normalized), hf_power_ratio=0.237 (thr=0.4)",0,0.234375,longest_dropout=30 samples (thr=32),0,0.0,"n_spikes=0, z_threshold=4.0",0,0.0,"flat_windows=0, threshold=0.0001",0,0.05859375
0,0.0,"amp_var=0.398 (thr=0.5, range-normalized), hf_power_ratio=0.044 (thr=0.4)",0,0.0078125,longest_dropout=1 samples (thr=32),0,0.0,"n_spikes=0, z_threshold=4.0",0,0.0,"flat_windows=0, threshold=0.0001",0,0.001953125
0,0.0,"amp_var=0.374 (thr=0.5, range-normalized), hf_power_ratio=0.060 (thr=0.4)",0,0.0078125,longest_dropout=1 samples (thr=32),0,0.0,"n_spikes=0, z_threshold=4.0",0,0.0,"flat_windows=0, threshold=0.0001",0,0.001953125
0,0.0,"amp_var=0.226 (thr=0.5, range-normalized), hf_power_ratio=0.158 (thr=0.4)",1,0.4609375,longest_dropout=59 samples (thr=32),0,0.0,"n_spikes=0, z_threshold=4.0",0,0.0,"flat_windows=0, threshold=0.0001",1,0.115234375
0,0.0,"amp_var=0.395 (thr=0.5, range-normalized), hf_power_ratio=0.021 (thr=0.4)",0,0.015625,longest_dropout=2 samples (thr=32),0,0.0,"n_spikes=0, z_threshold=4.0",0,0.0,"flat_windows=0, threshold=0.0001",0,0.00390625
0,0.0,"amp_var=0.279 (thr=0.5, range-normalized), hf_power_ratio=0.123 (thr=0.4)",0,0.0078125,longest_dropout=1 samples (thr=32),0,0.0,"n_spikes=0, z_threshold=4.0",0,0.0,"flat_windows=0, threshold=0.0001",0,0.001953125
0,0.0,"amp_var=0.255 (thr=0.5, range-normalized), hf_power_ratio=0.127 (thr=0.4)",0,0.0078125,longest_dropout=1 samples (thr=32),0,0.0,"n_spikes=0, z_threshold=4.0",0,0.0,"flat_windows=0, threshold=0.0001",0,0.001953125
0,0.0,"amp_var=0.386 (thr=0.5, range-normalized), hf_power_ratio=0.039 (thr=0.4)",0,0.0078125,longest_dropout=1 samples (thr=32),0,0.0,"n_spikes=0, z_threshold=4.0",0,0.0,"flat_windows=0, threshold=0.0001",0,0.001953125
0,0.0,"amp_var=0.379 (thr=0.5, range-normalized), hf_power_ratio=0.044 (thr=0.4)",0,0.015625,longest_dropout=2 samples (thr=32),0,0.0,"n_spikes=0, z_threshold=4.0",0,0.0,"flat_windows=0, threshold=0.0001",0,0.00390625
0,0.0,"amp_var=0.392 (thr=0.5, range-normalized), hf_power_ratio=0.048 (thr=0.4)",0,0.0078125,longest_dropout=1 samples (thr=32),0,0.0,"n_spikes=0, z_threshold=4.0",0,0.0,"flat_windows=0, threshold=0.0001",0,0.001953125
0,0.0,"amp_var=0.371 (thr=0.5, range-normalized), hf_power_ratio=0.061 (thr=0.4)",0,0.0078125,longest_dropout=1 samples (thr=32),0,0.0,"n_spikes=0, z_threshold=4.0",0,0.0,"flat_windows=0, threshold=0.0001",0,0.001953125
0,0.0,"amp_var=0.355 (thr=0.5, range-normalized), hf_power_ratio=0.063 (thr=0.4)",0,0.1328125,longest_dropout=17 samples (thr=32),0,0.0,"n_spikes=0, z_threshold=4.0",0,0.0,"flat_windows=0, threshold=0.0001",0,0.033203125
0,0.0,"amp_var=0.394 (thr=0.5, range-normalized), hf_power_ratio=0.025 (thr=0.4)",0,0.0078125,longest_dropout=1 samples (thr=32),0,0.0,"n_spikes=0, z_threshold=4.0",0,0.0,"flat_windows=0, threshold=0.0001",0,0.001953125
0,0.0,"amp_var=0.245 (thr=0.5, range-normalized), hf_power_ratio=0.145 (thr=0.4)",1,0.265625,longest_dropout=34 samples (thr=32),0,0.0,"n_spikes=0, z_threshold=4.0",0,0.0,"flat_windows=0, threshold=0.0001",1,0.06640625
0,0.0,"amp_var=0.332 (thr=0.5, range-normalized), hf_power_ratio=0.088 (thr=0.4)",1,0.328125,longest_dropout=42 samples (thr=32),0,0.0,"n_spikes=0, z_threshold=4.0",0,0.0,"flat_windows=0, threshold=0.0001",1,0.08203125
0,0.0,"amp_var=0.302 (thr=0.5, range-normalized), hf_power_ratio=0.116 (thr=0.4)",0,0.0078125,longest_dropout=1 samples (thr=32),0,0.0,"n_spikes=0, z_threshold=4.0",0,0.0,"flat_windows=0, threshold=0.0001",0,0.001953125
0,0.0,"amp_var=0.296 (thr=0.5, range-normalized), hf_power_ratio=0.138 (thr=0.4)",1,0.328125,longest_dropout=42 samples (thr=32),0,0.0,"n_spikes=0, z_threshold=4.0",0,0.0,"flat_windows=0, threshold=0.0001",1,0.08203125
0,0.0,"amp_var=0.250 (thr=0.5, range-normalized), hf_power_ratio=0.120 (thr=0.4)",0,0.0078125,longest_dropout=1 samples (thr=32),0,0.0,"n_spikes=0, z_threshold=4.0",0,0.0,"flat_windows=0, threshold=0.0001",0,0.001953125
0,0.0,"amp_var=0.423 (thr=0.5, range-normalized), hf_power_ratio=0.016 (thr=0.4)",0,0.015625,longest_dropout=2 samples (thr=32),0,0.0,"n_spikes=0, z_threshold=4.0",0,0.0,"flat_windows=0, threshold=0.0001",0,0.00390625
0,0.0,"amp_var=0.398 (thr=0.5, range-normalized), hf_power_ratio=0.017 (thr=0.4)",0,0.0078125,longest_dropout=1 samples (thr=32),0,0.0,"n_spikes=0, z_threshold=4.0",0,0.0,"flat_windows=0, threshold=0.0001",0,0.001953125
0,0.0,"amp_var=0.376 (thr=0.5, range-normalized), hf_power_ratio=0.040 (thr=0.4)",0,0.0078125,longest_dropout=1 samples (thr=32),0,0.0,"n_spikes=0, z_threshold=4.0",0,0.0,"flat_windows=0, threshold=0.0001",0,0.001953125
0,0.0,"amp_var=0.391 (thr=0.5, range-normalized), hf_power_ratio=0.034 (thr=0.4)",0,0.015625,longest_dropout=2 samples (thr=32),0,0.0,"n_spikes=0, z_threshold=4.0",0,0.0,"flat_windows=0, threshold=0.0001",0,0.00390625
0,0.0,"amp_var=0.400 (thr=0.5, range-normalized), hf_power_ratio=0.036 (thr=0.4)",0,0.015625,longest_dropout=2 samples (thr=32),0,0.0,"n_spikes=0, z_threshold=4.0",0,0.0,"flat_windows=0, threshold=0.0001",0,0.00390625
0,0.0,"amp_var=0.299 (thr=0.5, range-normalized), hf_power_ratio=0.114 (thr=0.4)",0,0.0078125,longest_dropout=1 samples (thr=32),0,0.0,"n_spikes=0, z_threshold=4.0",0,0.0,"flat_windows=0, threshold=0.0001",0,0.001953125
0,0.0,"amp_var=0.275 (thr=0.5, range-normalized), hf_power_ratio=0.134 (thr=0.4)",1,0.328125,longest_dropout=42 samples (thr=32),0,0.0,"n_spikes=0, z_threshold=4.0",0,0.0,"flat_windows=0, threshold=0.0001",1,0.08203125
0,0.0,"amp_var=0.291 (thr=0.5, range-normalized), hf_power_ratio=0.150 (thr=0.4)",1,0.4609375,longest_dropout=59 samples (thr=32),0,0.0,"n_spikes=0, z_threshold=4.0",0,0.0,"flat_windows=0, threshold=0.0001",1,0.115234375
0,0.0,"amp_var=0.349 (thr=0.5, range-normalized), hf_power_ratio=0.085 (thr=0.4)",0,0.0078125,longest_dropout=1 samples (thr=32),0,0.0,"n_spikes=0, z_threshold=4.0",0,0.0,"flat_windows=0, threshold=0.0001",0,0.001953125
0,0.0,"amp_var=0.393 (thr=0.5, range-normalized), hf_power_ratio=0.053 (thr=0.4)",0,0.0078125,longest_dropout=1 samples (thr=32),0,0.0,"n_spikes=0, z_threshold=4.0",0,0.0,"flat_windows=0, threshold=0.0001",0,0.001953125
0,0.0,"amp_var=0.365 (thr=0.5, range-normalized), hf_power_ratio=0.068 (thr=0.4)",0,0.0078125,longest_dropout=1 samples (thr=32),0,0.0,"n_spikes=0, z_threshold=4.0",0,0.0,"flat_windows=0, threshold=0.0001",0,0.001953125
0,0.0,"amp_var=0.393 (thr=0.5, range-normalized), hf_power_ratio=0.019 (thr=0.4)",0,0.0078125,longest_dropout=1 samples (thr=32),0,0.0,"n_spikes=0, z_threshold=4.0",0,0.0,"flat_windows=0, threshold=0.0001",0,0.001953125
0,0.0,"amp_var=0.386 (thr=0.5, range-normalized), hf_power_ratio=0.058 (thr=0.4)",0,0.0078125,longest_dropout=1 samples (thr=32),0,0.0,"n_spikes=0, z_threshold=4.0",0,0.0,"flat_windows=0, threshold=0.0001",0,0.001953125
0,0.0,"amp_var=0.289 (thr=0.5, range-normalized), hf_power_ratio=0.119 (thr=0.4)",0,0.0078125,longest_dropout=1 samples (thr=32),0,0.0,"n_spikes=0, z_threshold=4.0",0,0.0,"flat_windows=0, threshold=0.0001",0,0.001953125
0,0.0,"amp_var=0.299 (thr=0.5, range-normalized), hf_power_ratio=0.131 (thr=0.4)",1,0.4296875,longest_dropout=55 samples (thr=32),0,0.0,"n_spikes=0, z_threshold=4.0",0,0.0,"flat_windows=0, threshold=0.0001",1,0.107421875
0,0.0,"amp_var=0.354 (thr=0.5, range-normalized), hf_power_ratio=0.102 (thr=0.4)",0,0.140625,longest_dropout=18 samples (thr=32),0,0.0,"n_spikes=0, z_threshold=4.0",0,0.0,"flat_windows=0, threshold=0.0001",0,0.03515625
0,0.0,"amp_var=0.332 (thr=0.5, range-normalized), hf_power_ratio=0.128 (thr=0.4)",0,0.171875,longest_dropout=22 samples (thr=32),0,0.0,"n_spikes=0, z_threshold=4.0",0,0.0,"flat_windows=0, threshold=0.0001",0,0.04296875
0,0.0,"amp_var=0.337 (thr=0.5, range-normalized), hf_power_ratio=0.098 (thr=0.4)",0,0.0078125,longest_dropout=1 samples (thr=32),0,0.0,"n_spikes=0, z_threshold=4.0",0,0.0,"flat_windows=0, threshold=0.0001",0,0.001953125
0,0.0,"amp_var=0.346 (thr=0.5, range-normalized), hf_power_ratio=0.111 (thr=0.4)",0,0.0078125,longest_dropout=1 samples (thr=32),0,0.0,"n_spikes=0, z_threshold=4.0",0,0.0,"flat_windows=0, threshold=0.0001",0,0.001953125
0,0.0,"amp_var=0.375 (thr=0.5, range-normalized), hf_power_ratio=0.046 (thr=0.4)",0,0.0078125,longest_dropout=1 samples (thr=32),0,0.0,"n_spikes=0, z_threshold=4.0",0,0.0,"flat_windows=0, threshold=0.0001",0,0.001953125
0,0.0,"amp_var=0.358 (thr=0.5, range-normalized), hf_power_ratio=0.082 (thr=0.4)",0,0.0078125,longest_dropout=1 samples (thr=32),0,0.0,"n_spikes=0, z_threshold=4.0",0,0.0,"flat_windows=0, threshold=0.0001",0,0.001953125
0,0.0,"amp_var=0.307 (thr=0.5, range-normalized), hf_power_ratio=0.091 (thr=0.4)",1,0.28125,longest_dropout=36 samples (thr=32),0,0.0,"n_spikes=0, z_threshold=4.0",0,0.0,"flat_windows=0, threshold=0.0001",1,0.0703125
0,0.0,"amp_var=0.383 (thr=0.5, range-normalized), hf_power_ratio=0.043 (thr=0.4)",0,0.0234375,longest_dropout=3 samples (thr=32),0,0.0,"n_spikes=0, z_threshold=4.0",0,0.0,"flat_windows=0, threshold=0.0001",0,0.005859375
0,0.0,"amp_var=0.402 (thr=0.5, range-normalized), hf_power_ratio=0.025 (thr=0.4)",0,0.0078125,longest_dropout=1 samples (thr=32),0,0.0,"n_spikes=0, z_threshold=4.0",0,0.0,"flat_windows=0, threshold=0.0001",0,0.001953125
0,0.0,"amp_var=0.290 (thr=0.5, range-normalized), hf_power_ratio=0.142 (thr=0.4)",1,0.3046875,longest_dropout=39 samples (thr=32),0,0.0,"n_spikes=0, z_threshold=4.0",0,0.0,"flat_windows=0, threshold=0.0001",1,0.076171875
0,0.0,"amp_var=0.301 (thr=0.5, range-normalized), hf_power_ratio=0.120 (thr=0.4)",0,0.0078125,longest_dropout=1 samples (thr=32),0,0.0,"n_spikes=0, z_threshold=4.0",0,0.0,"flat_windows=0, threshold=0.0001",0,0.001953125
0,0.0,"amp_var=0.405 (thr=0.5, range-normalized), hf_power_ratio=0.028 (thr=0.4)",0,0.0078125,longest_dropout=1 samples (thr=32),0,0.0,"n_spikes=0, z_threshold=4.0",0,0.0,"flat_windows=0, threshold=0.0001",0,0.001953125
0,0.0,"amp_var=0.298 (thr=0.5, range-normalized), hf_power_ratio=0.130 (thr=0.4)",0,0.0078125,longest_dropout=1 samples (thr=32),0,0.0,"n_spikes=0, z_threshold=4.0",0,0.0,"flat_windows=0, threshold=0.0001",0,0.001953125
0,0.0,"amp_var=0.402 (thr=0.5, range-normalized), hf_power_ratio=0.025 (thr=0.4)",0,0.015625,longest_dropout=2 samples (thr=32),0,0.0,"n_spikes=0, z_threshold=4.0",0,0.0,"flat_windows=0, threshold=0.0001",0,0.00390625
0,0.0,"amp_var=0.380 (thr=0.5, range-normalized), hf_power_ratio=0.047 (thr=0.4)",0,0.0078125,longest_dropout=1 samples (thr=32),0,0.0,"n_spikes=0, z_threshold=4.0",0,0.0,"flat_windows=0, threshold=0.0001",0,0.001953125
0,0.0,"amp_var=0.265 (thr=0.5, range-normalized), hf_power_ratio=0.107 (thr=0.4)",0,0.0234375,longest_dropout=3 samples (thr=32),0,0.0,"n_spikes=0, z_threshold=4.0",0,0.0,"flat_windows=0, threshold=0.0001",0,0.005859375
0,0.0,"amp_var=0.305 (thr=0.5, range-normalized), hf_power_ratio=0.151 (thr=0.4)",0,0.2265625,longest_dropout=29 samples (thr=32),0,0.0,"n_spikes=0, z_threshold=4.0",0,0.0,"flat_windows=0, threshold=0.0001",0,0.056640625
0,0.0,"amp_var=0.313 (thr=0.5, range-normalized), hf_power_ratio=0.161 (thr=0.4)",0,0.0078125,longest_dropout=1 samples (thr=32),0,0.0,"n_spikes=0, z_threshold=4.0",0,0.0,"flat_windows=0, threshold=0.0001",0,0.001953125
0,0.0,"amp_var=0.349 (thr=0.5, range-normalized), hf_power_ratio=0.040 (thr=0.4)",0,0.015625,longest_dropout=2 samples (thr=32),0,0.0,"n_spikes=0, z_threshold=4.0",0,0.0,"flat_windows=0, threshold=0.0001",0,0.00390625
0,0.0,"amp_var=0.386 (thr=0.5, range-normalized), hf_power_ratio=0.064 (thr=0.4)",0,0.015625,longest_dropout=2 samples (thr=32),0,0.0,"n_spikes=0, z_threshold=4.0",0,0.0,"flat_windows=0, threshold=0.0001",0,0.00390625
0,0.0,"amp_var=0.292 (thr=0.5, range-normalized), hf_power_ratio=0.107 (thr=0.4)",0,0.0078125,longest_dropout=1 samples (thr=32),0,0.0,"n_spikes=0, z_threshold=4.0",0,0.0,"flat_windows=0, threshold=0.0001",0,0.001953125
0,0.0,"amp_var=0.292 (thr=0.5, range-normalized), hf_power_ratio=0.104 (thr=0.4)",1,0.484375,longest_dropout=62 samples (thr=32),0,0.0,"n_spikes=0, z_threshold=4.0",0,0.0,"flat_windows=0, threshold=0.0001",1,0.12109375
0,0.0,"amp_var=0.277 (thr=0.5, range-normalized), hf_power_ratio=0.151 (thr=0.4)",0,0.0078125,longest_dropout=1 samples (thr=32),0,0.0,"n_spikes=0, z_threshold=4.0",0,0.0,"flat_windows=0, threshold=0.0001",0,0.001953125
0,0.0,"amp_var=0.345 (thr=0.5, range-normalized), hf_power_ratio=0.046 (thr=0.4)",1,0.375,longest_dropout=48 samples (thr=32),0,0.0,"n_spikes=0, z_threshold=4.0",0,0.0,"flat_windows=0, threshold=0.0001",1,0.09375
0,0.0,"amp_var=0.244 (thr=0.5, range-normalized), hf_power_ratio=0.129 (thr=0.4)",1,0.2578125,longest_dropout=33 samples (thr=32),0,0.0,"n_spikes=0, z_threshold=4.0",0,0.0,"flat_windows=0, threshold=0.0001",1,0.064453125
0,0.0,"amp_var=0.391 (thr=0.5, range-normalized), hf_power_ratio=0.036 (thr=0.4)",0,0.0078125,longest_dropout=1 samples (thr=32),0,0.0,"n_spikes=0, z_threshold=4.0",0,0.0,"flat_windows=0, threshold=0.0001",0,0.001953125
0,0.0,"amp_var=0.348 (thr=0.5, range-normalized), hf_power_ratio=0.071 (thr=0.4)",0,0.0078125,longest_dropout=1 samples (thr=32),0,0.0,"n_spikes=0, z_threshold=4.0",0,0.0,"flat_windows=0, threshold=0.0001",0,0.001953125
0,0.0,"amp_var=0.377 (thr=0.5, range-normalized), hf_power_ratio=0.051 (thr=0.4)",0,0.0078125,longest_dropout=1 samples (thr=32),0,0.0,"n_spikes=0, z_threshold=4.0",0,0.0,"flat_windows=0, threshold=0.0001",0,0.001953125
0,0.0,"amp_var=0.267 (thr=0.5, range-normalized), hf_power_ratio=0.104 (thr=0.4)",1,0.25,longest_dropout=32 samples (thr=32),0,0.0,"n_spikes=0, z_threshold=4.0",0,0.0,"flat_windows=0, threshold=0.0001",1,0.0625
0,0.0,"amp_var=0.394 (thr=0.5, range-normalized), hf_power_ratio=0.016 (thr=0.4)",0,0.015625,longest_dropout=2 samples (thr=32),0,0.0,"n_spikes=0, z_threshold=4.0",0,0.0,"flat_windows=0, threshold=0.0001",0,0.00390625
0,0.0,"amp_var=0.298 (thr=0.5, range-normalized), hf_power_ratio=0.217 (thr=0.4)",0,0.171875,longest_dropout=22 samples (thr=32),0,0.0,"n_spikes=0, z_threshold=4.0",0,0.0,"flat_windows=0, threshold=0.0001",0,0.04296875
0,0.0,"amp_var=0.403 (thr=0.5, range-normalized), hf_power_ratio=0.021 (thr=0.4)",0,0.015625,longest_dropout=2 samples (thr=32),0,0.0,"n_spikes=0, z_threshold=4.0",0,0.0,"flat_windows=0, threshold=0.0001",0,0.00390625
0,0.0,"amp_var=0.271 (thr=0.5, range-normalized), hf_power_ratio=0.103 (thr=0.4)",0,0.0078125,longest_dropout=1 samples (thr=32),0,0.0,"n_spikes=0, z_threshold=4.0",0,0.0,"flat_windows=0, threshold=0.0001",0,0.001953125
0,0.0,"amp_var=0.405 (thr=0.5, range-normalized), hf_power_ratio=0.027 (thr=0.4)",0,0.015625,longest_dropout=2 samples (thr=32),0,0.0,"n_spikes=0, z_threshold=4.0",0,0.0,"flat_windows=0, threshold=0.0001",0,0.00390625
0,0.0,"amp_var=0.393 (thr=0.5, range-normalized), hf_power_ratio=0.016 (thr=0.4)",0,0.0078125,longest_dropout=1 samples (thr=32),0,0.0,"n_spikes=0, z_threshold=4.0",0,0.0,"flat_windows=0, threshold=0.0001",0,0.001953125
0,0.0,"amp_var=0.359 (thr=0.5, range-normalized), hf_power_ratio=0.065 (thr=0.4)",0,0.0078125,longest_dropout=1 samples (thr=32),0,0.0,"n_spikes=0, z_threshold=4.0",0,0.0,"flat_windows=0, threshold=0.0001",0,0.001953125
0,0.0,"amp_var=0.439 (thr=0.5, range-normalized), hf_power_ratio=0.004 (thr=0.4)",0,0.0078125,longest_dropout=1 samples (thr=32),0,0.0,"n_spikes=0, z_threshold=4.0",0,0.0,"flat_windows=0, threshold=0.0001",0,0.001953125
0,0.0,"amp_var=0.342 (thr=0.5, range-normalized), hf_power_ratio=0.043 (thr=0.4)",0,0.0078125,longest_dropout=1 samples (thr=32),0,0.0,"n_spikes=0, z_threshold=4.0",0,0.0,"flat_windows=0, threshold=0.0001",0,0.001953125
0,0.0,"amp_var=0.412 (thr=0.5, range-normalized), hf_power_ratio=0.018 (thr=0.4)",0,0.0078125,longest_dropout=1 samples (thr=32),0,0.0,"n_spikes=0, z_threshold=4.0",0,0.0,"flat_windows=0, threshold=0.0001",0,0.001953125
0,0.0,"amp_var=0.356 (thr=0.5, range-normalized), hf_power_ratio=0.069 (thr=0.4)",0,0.0078125,longest_dropout=1 samples (thr=32),0,0.0,"n_spikes=0, z_threshold=4.0",0,0.0,"flat_windows=0, threshold=0.0001",0,0.001953125
0,0.0,"amp_var=0.397 (thr=0.5, range-normalized), hf_power_ratio=0.033 (thr=0.4)",0,0.0078125,longest_dropout=1 samples (thr=32),0,0.0,"n_spikes=0, z_threshold=4.0",0,0.0,"flat_windows=0, threshold=0.0001",0,0.001953125
0,0.0,"amp_var=0.442 (thr=0.5, range-normalized), hf_power_ratio=0.008 (thr=0.4)",0,0.015625,longest_dropout=2 samples (thr=32),0,0.0,"n_spikes=0, z_threshold=4.0",0,0.0,"flat_windows=0, threshold=0.0001",0,0.00390625
0,0.0,"amp_var=0.346 (thr=0.5, range-normalized), hf_power_ratio=0.068 (thr=0.4)",0,0.0078125,longest_dropout=1 samples (thr=32),0,0.0,"n_spikes=0, z_threshold=4.0",0,0.0,"flat_windows=0, threshold=0.0001",0,0.001953125
0,0.0,"amp_var=0.379 (thr=0.5, range-normalized), hf_power_ratio=0.040 (thr=0.4)",0,0.015625,longest_dropout=2 samples (thr=32),0,0.0,"n_spikes=0, z_threshold=4.0",0,0.0,"flat_windows=0, threshold=0.0001",0,0.00390625
0,0.0,"amp_var=0.385 (thr=0.5, range-normalized), hf_power_ratio=0.044 (thr=0.4)",0,0.0078125,longest_dropout=1 samples (thr=32),0,0.0,"n_spikes=0, z_threshold=4.0",0,0.0,"flat_windows=0, threshold=0.0001",0,0.001953125
0,0.0,"amp_var=0.391 (thr=0.5, range-normalized), hf_power_ratio=0.034 (thr=0.4)",0,0.0078125,longest_dropout=1 samples (thr=32),0,0.0,"n_spikes=0, z_threshold=4.0",0,0.0,"flat_windows=0, threshold=0.0001",0,0.001953125
0,0.0,"amp_var=0.287 (thr=0.5, range-normalized), hf_power_ratio=0.165 (thr=0.4)",1,0.4140625,longest_dropout=53 samples (thr=32),0,0.0,"n_spikes=0, z_threshold=4.0",0,0.0,"flat_windows=0, threshold=0.0001",1,0.103515625
0,0.0,"amp_var=0.293 (thr=0.5, range-normalized), hf_power_ratio=0.104 (thr=0.4)",0,0.0078125,longest_dropout=1 samples (thr=32),0,0.0,"n_spikes=0, z_threshold=4.0",0,0.0,"flat_windows=0, threshold=0.0001",0,0.001953125
0,0.0,"amp_var=0.269 (thr=0.5, range-normalized), hf_power_ratio=0.125 (thr=0.4)",0,0.0078125,longest_dropout=1 samples (thr=32),0,0.0,"n_spikes=0, z_threshold=4.0",0,0.0,"flat_windows=0, threshold=0.0001",0,0.001953125
0,0.0,"amp_var=0.295 (thr=0.5, range-normalized), hf_power_ratio=0.121 (thr=0.4)",0,0.0078125,longest_dropout=1 samples (thr=32),0,0.0,"n_spikes=0, z_threshold=4.0",0,0.0,"flat_windows=0, threshold=0.0001",0,0.001953125
0,0.0,"amp_var=0.332 (thr=0.5, range-normalized), hf_power_ratio=0.083 (thr=0.4)",1,0.3125,longest_dropout=40 samples (thr=32),0,0.0,"n_spikes=0, z_threshold=4.0",0,0.0,"flat_windows=0, threshold=0.0001",1,0.078125
0,0.0,"amp_var=0.376 (thr=0.5, range-normalized), hf_power_ratio=0.035 (thr=0.4)",0,0.0078125,longest_dropout=1 samples (thr=32),0,0.0,"n_spikes=0, z_threshold=4.0",0,0.0,"flat_windows=0, threshold=0.0001",0,0.001953125
0,0.0,"amp_var=0.262 (thr=0.5, range-normalized), hf_power_ratio=0.152 (thr=0.4)",1,0.3359375,longest_dropout=43 samples (thr=32),0,0.0,"n_spikes=0, z_threshold=4.0",0,0.0,"flat_windows=0, threshold=0.0001",1,0.083984375
0,0.0,"amp_var=0.308 (thr=0.5, range-normalized), hf_power_ratio=0.072 (thr=0.4)",1,0.3984375,longest_dropout=51 samples (thr=32),0,0.0,"n_spikes=0, z_threshold=4.0",0,0.0,"flat_windows=0, threshold=0.0001",1,0.099609375
0,0.0,"amp_var=0.392 (thr=0.5, range-normalized), hf_power_ratio=0.027 (thr=0.4)",0,0.0078125,longest_dropout=1 samples (thr=32),0,0.0,"n_spikes=0, z_threshold=4.0",0,0.0,"flat_windows=0, threshold=0.0001",0,0.001953125
0,0.0,"amp_var=0.370 (thr=0.5, range-normalized), hf_power_ratio=0.035 (thr=0.4)",0,0.0078125,longest_dropout=1 samples (thr=32),0,0.0,"n_spikes=0, z_threshold=4.0",0,0.0,"flat_windows=0, threshold=0.0001",0,0.001953125
0,0.0,"amp_var=0.397 (thr=0.5, range-normalized), hf_power_ratio=0.032 (thr=0.4)",0,0.0078125,longest_dropout=1 samples (thr=32),0,0.0,"n_spikes=0, z_threshold=4.0",0,0.0,"flat_windows=0, threshold=0.0001",0,0.001953125
0,0.0,"amp_var=0.233 (thr=0.5, range-normalized), hf_power_ratio=0.181 (thr=0.4)",0,0.2109375,longest_dropout=27 samples (thr=32),0,0.0,"n_spikes=0, z_threshold=4.0",0,0.0,"flat_windows=0, threshold=0.0001",0,0.052734375
0,0.0,"amp_var=0.341 (thr=0.5, range-normalized), hf_power_ratio=0.122 (thr=0.4)",0,0.1328125,longest_dropout=17 samples (thr=32),0,0.0,"n_spikes=0, z_threshold=4.0",0,0.0,"flat_windows=0, threshold=0.0001",0,0.033203125
0,0.0,"amp_var=0.311 (thr=0.5, range-normalized), hf_power_ratio=0.157 (thr=0.4)",1,0.2734375,longest_dropout=35 samples (thr=32),0,0.0,"n_spikes=0, z_threshold=4.0",0,0.0,"flat_windows=0, threshold=0.0001",1,0.068359375
0,0.0,"amp_var=0.407 (thr=0.5, range-normalized), hf_power_ratio=0.021 (thr=0.4)",0,0.015625,longest_dropout=2 samples (thr=32),0,0.0,"n_spikes=0, z_threshold=4.0",0,0.0,"flat_windows=0, threshold=0.0001",0,0.00390625
0,0.0,"amp_var=0.355 (thr=0.5, range-normalized), hf_power_ratio=0.008 (thr=0.4)",1,0.484375,longest_dropout=62 samples (thr=32),0,0.0,"n_spikes=0, z_threshold=4.0",0,0.0,"flat_windows=0, threshold=0.0001",1,0.12109375
0,0.0,"amp_var=0.251 (thr=0.5, range-normalized), hf_power_ratio=0.126 (thr=0.4)",1,0.46875,longest_dropout=60 samples (thr=32),0,0.0,"n_spikes=0, z_threshold=4.0",0,0.0,"flat_windows=0, threshold=0.0001",1,0.1171875
0,0.0,"amp_var=0.303 (thr=0.5, range-normalized), hf_power_ratio=0.124 (thr=0.4)",0,0.015625,longest_dropout=2 samples (thr=32),0,0.0,"n_spikes=0, z_threshold=4.0",0,0.0,"flat_windows=0, threshold=0.0001",0,0.00390625
0,0.0,"amp_var=0.403 (thr=0.5, range-normalized), hf_power_ratio=0.026 (thr=0.4)",0,0.0078125,longest_dropout=1 samples (thr=32),0,0.0,"n_spikes=0, z_threshold=4.0",0,0.0,"flat_windows=0, threshold=0.0001",0,0.001953125
0,0.0,"amp_var=0.329 (thr=0.5, range-normalized), hf_power_ratio=0.136 (thr=0.4)",0,0.1875,longest_dropout=24 samples (thr=32),0,0.0,"n_spikes=0, z_threshold=4.0",0,0.0,"flat_windows=0, threshold=0.0001",0,0.046875
0,0.0,"amp_var=0.369 (thr=0.5, range-normalized), hf_power_ratio=0.046 (thr=0.4)",0,0.0078125,longest_dropout=1 samples (thr=32),0,0.0,"n_spikes=0, z_threshold=4.0",0,0.0,"flat_windows=0, threshold=0.0001",0,0.001953125
0,0.0,"amp_var=0.387 (thr=0.5, range-normalized), hf_power_ratio=0.028 (thr=0.4)",0,0.015625,longest_dropout=2 samples (thr=32),0,0.0,"n_spikes=0, z_threshold=4.0",0,0.0,"flat_windows=0, threshold=0.0001",0,0.00390625
0,0.0,"amp_var=0.425 (thr=0.5, range-normalized), hf_power_ratio=0.020 (thr=0.4)",0,0.0078125,longest_dropout=1 samples (thr=32),0,0.0,"n_spikes=0, z_threshold=4.0",0,0.0,"flat_windows=0, threshold=0.0001",0,0.001953125
0,0.0,"amp_var=0.402 (thr=0.5, range-normalized), hf_power_ratio=0.040 (thr=0.4)",0,0.015625,longest_dropout=2 samples (thr=32),0,0.0,"n_spikes=0, z_threshold=4.0",0,0.0,"flat_windows=0, threshold=0.0001",0,0.00390625
0,0.0,"amp_var=0.379 (thr=0.5, range-normalized), hf_power_ratio=0.034 (thr=0.4)",0,0.0078125,longest_dropout=1 samples (thr=32),0,0.0,"n_spikes=0, z_threshold=4.0",0,0.0,"flat_windows=0, threshold=0.0001",0,0.001953125
0,0.0,"amp_var=0.417 (thr=0.5, range-normalized), hf_power_ratio=0.016 (thr=0.4)",0,0.015625,longest_dropout=2 samples (thr=32),0,0.0,"n_spikes=0, z_threshold=4.0",0,0.0,"flat_windows=0, threshold=0.0001",0,0.00390625
0,0.0,"amp_var=0.282 (thr=0.5, range-normalized), hf_power_ratio=0.115 (thr=0.4)",0,0.0078125,longest_dropout=1 samples (thr=32),0,0.0,"n_spikes=0, z_threshold=4.0",0,0.0,"flat_windows=0, threshold=0.0001",0,0.001953125
0,0.0,"amp_var=0.416 (thr=0.5, range-normalized), hf_power_ratio=0.012 (thr=0.4)",0,0.0078125,longest_dropout=1 samples (thr=32),0,0.0,"n_spikes=0, z_threshold=4.0",0,0.0,"flat_windows=0, threshold=0.0001",0,0.001953125
0,0.0,"amp_var=0.398 (thr=0.5, range-normalized), hf_power_ratio=0.026 (thr=0.4)",0,0.0234375,longest_dropout=3 samples (thr=32),0,0.0,"n_spikes=0, z_threshold=4.0",0,0.0,"flat_windows=0, threshold=0.0001",0,0.005859375
0,0.0,"amp_var=0.386 (thr=0.5, range-normalized), hf_power_ratio=0.054 (thr=0.4)",0,0.0078125,longest_dropout=1 samples (thr=32),0,0.0,"n_spikes=0, z_threshold=4.0",0,0.0,"flat_windows=0, threshold=0.0001",0,0.001953125
0,0.0,"amp_var=0.321 (thr=0.5, range-normalized), hf_power_ratio=0.138 (thr=0.4)",0,0.125,longest_dropout=16 samples (thr=32),0,0.0,"n_spikes=0, z_threshold=4.0",0,0.0,"flat_windows=0, threshold=0.0001",0,0.03125
0,0.0,"amp_var=0.421 (thr=0.5, range-normalized), hf_power_ratio=0.020 (thr=0.4)",0,0.0078125,longest_dropout=1 samples (thr=32),0,0.0,"n_spikes=0, z_threshold=4.0",0,0.0,"flat_windows=0, threshold=0.0001",0,0.001953125
0,0.0,"amp_var=0.374 (thr=0.5, range-normalized), hf_power_ratio=0.059 (thr=0.4)",0,0.0078125,longest_dropout=1 samples (thr=32),0,0.0,"n_spikes=0, z_threshold=4.0",0,0.0,"flat_windows=0, threshold=0.0001",0,0.001953125
0,0.0,"amp_var=0.392 (thr=0.5, range-normalized), hf_power_ratio=0.025 (thr=0.4)",0,0.0078125,longest_dropout=1 samples (thr=32),0,0.0,"n_spikes=0, z_threshold=4.0",0,0.0,"flat_windows=0, threshold=0.0001",0,0.001953125
0,0.0,"amp_var=0.267 (thr=0.5, range-normalized), hf_power_ratio=0.139 (thr=0.4)",1,0.453125,longest_dropout=58 samples (thr=32),0,0.0,"n_spikes=0, z_threshold=4.0",0,0.0,"flat_windows=0, threshold=0.0001",1,0.11328125
0,0.0,"amp_var=0.292 (thr=0.5, range-normalized), hf_power_ratio=0.175 (thr=0.4)",1,0.3671875,longest_dropout=47 samples (thr=32),0,0.0,"n_spikes=0, z_threshold=4.0",0,0.0,"flat_windows=0, threshold=0.0001",1,0.091796875
0,0.0,"amp_var=0.414 (thr=0.5, range-normalized), hf_power_ratio=0.017 (thr=0.4)",0,0.015625,longest_dropout=2 samples (thr=32),0,0.0,"n_spikes=0, z_threshold=4.0",0,0.0,"flat_windows=0, threshold=0.0001",0,0.00390625
0,0.0,"amp_var=0.362 (thr=0.5, range-normalized), hf_power_ratio=0.040 (thr=0.4)",0,0.0078125,longest_dropout=1 samples (thr=32),0,0.0,"n_spikes=0, z_threshold=4.0",0,0.0,"flat_windows=0, threshold=0.0001",0,0.001953125
0,0.0,"amp_var=0.261 (thr=0.5, range-normalized), hf_power_ratio=0.155 (thr=0.4)",1,0.265625,longest_dropout=34 samples (thr=32),0,0.0,"n_spikes=0, z_threshold=4.0",0,0.0,"flat_windows=0, threshold=0.0001",1,0.06640625
0,0.0,"amp_var=0.341 (thr=0.5, range-normalized), hf_power_ratio=0.070 (thr=0.4)",0,0.0078125,longest_dropout=1 samples (thr=32),0,0.0,"n_spikes=0, z_threshold=4.0",0,0.0,"flat_windows=0, threshold=0.0001",0,0.001953125
0,0.0,"amp_var=0.380 (thr=0.5, range-normalized), hf_power_ratio=0.053 (thr=0.4)",0,0.0078125,longest_dropout=1 samples (thr=32),0,0.0,"n_spikes=0, z_threshold=4.0",0,0.0,"flat_windows=0, threshold=0.0001",0,0.001953125
0,0.0,"amp_var=0.376 (thr=0.5, range-normalized), hf_power_ratio=0.040 (thr=0.4)",0,0.0078125,longest_dropout=1 samples (thr=32),0,0.0,"n_spikes=0, z_threshold=4.0",0,0.0,"flat_windows=0, threshold=0.0001",0,0.001953125
0,0.0,"amp_var=0.261 (thr=0.5, range-normalized), hf_power_ratio=0.152 (thr=0.4)",1,0.4140625,longest_dropout=53 samples (thr=32),0,0.0,"n_spikes=0, z_threshold=4.0",0,0.0,"flat_windows=0, threshold=0.0001",1,0.103515625
0,0.0,"amp_var=0.355 (thr=0.5, range-normalized), hf_power_ratio=0.042 (thr=0.4)",0,0.0078125,longest_dropout=1 samples (thr=32),0,0.0,"n_spikes=0, z_threshold=4.0",0,0.0,"flat_windows=0, threshold=0.0001",0,0.001953125
0,0.0,"amp_var=0.410 (thr=0.5, range-normalized), hf_power_ratio=0.019 (thr=0.4)",0,0.0234375,longest_dropout=3 samples (thr=32),0,0.0,"n_spikes=0, z_threshold=4.0",0,0.0,"flat_windows=0, threshold=0.0001",0,0.005859375
0,0.0,"amp_var=0.378 (thr=0.5, range-normalized), hf_power_ratio=0.063 (thr=0.4)",0,0.0078125,longest_dropout=1 samples (thr=32),0,0.0,"n_spikes=0, z_threshold=4.0",0,0.0,"flat_windows=0, threshold=0.0001",0,0.001953125
0,0.0,"amp_var=0.424 (thr=0.5, range-normalized), hf_power_ratio=0.020 (thr=0.4)",0,0.015625,longest_dropout=2 samples (thr=32),0,0.0,"n_spikes=0, z_threshold=4.0",0,0.0,"flat_windows=0, threshold=0.0001",0,0.00390625
0,0.0,"amp_var=0.411 (thr=0.5, range-normalized), hf_power_ratio=0.012 (thr=0.4)",0,0.015625,longest_dropout=2 samples (thr=32),0,0.0,"n_spikes=0, z_threshold=4.0",0,0.0,"flat_windows=0, threshold=0.0001",0,0.00390625
0,0.0,"amp_var=0.357 (thr=0.5, range-normalized), hf_power_ratio=0.057 (thr=0.4)",0,0.0078125,longest_dropout=1 samples (thr=32),0,0.0,"n_spikes=0, z_threshold=4.0",0,0.0,"flat_windows=0, threshold=0.0001",0,0.001953125
0,0.0,"amp_var=0.371 (thr=0.5, range-normalized), hf_power_ratio=0.048 (thr=0.4)",0,0.0078125,longest_dropout=1 samples (thr=32),0,0.0,"n_spikes=0, z_threshold=4.0",0,0.0,"flat_windows=0, threshold=0.0001",0,0.001953125
0,0.0,"amp_var=0.267 (thr=0.5, range-normalized), hf_power_ratio=0.112 (thr=0.4)",0,0.0078125,longest_dropout=1 samples (thr=32),0,0.0,"n_spikes=0, z_threshold=4.0",0,0.0,"flat_windows=0, threshold=0.0001",0,0.001953125
0,0.0,"amp_var=0.401 (thr=0.5, range-normalized), hf_power_ratio=0.013 (thr=0.4)",0,0.0078125,longest_dropout=1 samples (thr=32),0,0.0,"n_spikes=0, z_threshold=4.0",0,0.0,"flat_windows=0, threshold=0.0001",0,0.001953125
0,0.0,"amp_var=0.268 (thr=0.5, range-normalized), hf_power_ratio=0.134 (thr=0.4)",0,0.0078125,longest_dropout=1 samples (thr=32),0,0.0,"n_spikes=0, z_threshold=4.0",0,0.0,"flat_windows=0, threshold=0.0001",0,0.001953125
0,0.0,"amp_var=0.287 (thr=0.5, range-normalized), hf_power_ratio=0.129 (thr=0.4)",0,0.0078125,longest_dropout=1 samples (thr=32),0,0.0,"n_spikes=0, z_threshold=4.0",0,0.0,"flat_windows=0, threshold=0.0001",0,0.001953125
0,0.0,"amp_var=0.318 (thr=0.5, range-normalized), hf_power_ratio=0.130 (thr=0.4)",0,0.203125,longest_dropout=26 samples (thr=32),0,0.0,"n_spikes=0, z_threshold=4.0",0,0.0,"flat_windows=0, threshold=0.0001",0,0.05078125
0,0.0,"amp_var=0.287 (thr=0.5, range-normalized), hf_power_ratio=0.125 (thr=0.4)",0,0.0078125,longest_dropout=1 samples (thr=32),0,0.0,"n_spikes=0, z_threshold=4.0",0,0.0,"flat_windows=0, threshold=0.0001",0,0.001953125
0,0.0,"amp_var=0.380 (thr=0.5, range-normalized), hf_power_ratio=0.062 (thr=0.4)",0,0.0078125,longest_dropout=1 samples (thr=32),0,0.0,"n_spikes=0, z_threshold=4.0",0,0.0,"flat_windows=0, threshold=0.0001",0,0.001953125
0,0.0,"amp_var=0.413 (thr=0.5, range-normalized), hf_power_ratio=0.021 (thr=0.4)",0,0.015625,longest_dropout=2 samples (thr=32),0,0.0,"n_spikes=0, z_threshold=4.0",0,0.0,"flat_windows=0, threshold=0.0001",0,0.00390625
0,0.0,"amp_var=0.237 (thr=0.5, range-normalized), hf_power_ratio=0.157 (thr=0.4)",0,0.0078125,longest_dropout=1 samples (thr=32),0,0.0,"n_spikes=0, z_threshold=4.0",0,0.0,"flat_windows=0, threshold=0.0001",0,0.001953125
0,0.0,"amp_var=0.359 (thr=0.5, range-normalized), hf_power_ratio=0.079 (thr=0.4)",0,0.0078125,longest_dropout=1 samples (thr=32),0,0.0,"n_spikes=0, z_threshold=4.0",0,0.0,"flat_windows=0, threshold=0.0001",0,0.001953125
0,0.0,"amp_var=0.300 (thr=0.5, range-normalized), hf_power_ratio=0.118 (thr=0.4)",0,0.0078125,longest_dropout=1 samples (thr=32),0,0.0,"n_spikes=0, z_threshold=4.0",0,0.0,"flat_windows=0, threshold=0.0001",0,0.001953125
0,0.0,"amp_var=0.328 (thr=0.5, range-normalized), hf_power_ratio=0.099 (thr=0.4)",0,0.0078125,longest_dropout=1 samples (thr=32),0,0.0,"n_spikes=0, z_threshold=4.0",0,0.0,"flat_windows=0, threshold=0.0001",0,0.001953125
0,0.0,"amp_var=0.404 (thr=0.5, range-normalized), hf_power_ratio=0.021 (thr=0.4)",0,0.0078125,longest_dropout=1 samples (thr=32),0,0.0,"n_spikes=0, z_threshold=4.0",0,0.0,"flat_windows=0, threshold=0.0001",0,0.001953125
0,0.0,"amp_var=0.244 (thr=0.5, range-normalized), hf_power_ratio=0.173 (thr=0.4)",0,0.1796875,longest_dropout=23 samples (thr=32),0,0.0,"n_spikes=0, z_threshold=4.0",0,0.0,"flat_windows=0, threshold=0.0001",0,0.044921875
0,0.0,"amp_var=0.413 (thr=0.5, range-normalized), hf_power_ratio=0.021 (thr=0.4)",0,0.015625,longest_dropout=2 samples (thr=32),0,0.0,"n_spikes=0, z_threshold=4.0",0,0.0,"flat_windows=0, threshold=0.0001",0,0.00390625
0,0.0,"amp_var=0.300 (thr=0.5, range-normalized), hf_power_ratio=0.099 (thr=0.4)",1,0.34375,longest_dropout=44 samples (thr=32),0,0.0,"n_spikes=0, z_threshold=4.0",0,0.0,"flat_windows=0, threshold=0.0001",1,0.0859375
0,0.0,"amp_var=0.275 (thr=0.5, range-normalized), hf_power_ratio=0.243 (thr=0.4)",0,0.171875,longest_dropout=22 samples (thr=32),0,0.0,"n_spikes=0, z_threshold=4.0",0,0.0,"flat_windows=0, threshold=0.0001",0,0.04296875
0,0.0,"amp_var=0.278 (thr=0.5, range-normalized), hf_power_ratio=0.193 (thr=0.4)",1,0.4765625,longest_dropout=61 samples (thr=32),0,0.0,"n_spikes=0, z_threshold=4.0",0,0.0,"flat_windows=0, threshold=0.0001",1,0.119140625
0,0.0,"amp_var=0.263 (thr=0.5, range-normalized), hf_power_ratio=0.103 (thr=0.4)",0,0.0078125,longest_dropout=1 samples (thr=32),0,0.0,"n_spikes=0, z_threshold=4.0",0,0.0,"flat_windows=0, threshold=0.0001",0,0.001953125
0,0.0,"amp_var=0.277 (thr=0.5, range-normalized), hf_power_ratio=0.130 (thr=0.4)",0,0.0078125,longest_dropout=1 samples (thr=32),0,0.0,"n_spikes=0, z_threshold=4.0",0,0.0,"flat_windows=0, threshold=0.0001",0,0.001953125
0,0.0,"amp_var=0.238 (thr=0.5, range-normalized), hf_power_ratio=0.199 (thr=0.4)",1,0.421875,longest_dropout=54 samples (thr=32),0,0.0,"n_spikes=0, z_threshold=4.0",0,0.0,"flat_windows=0, threshold=0.0001",1,0.10546875
0,0.0,"amp_var=0.341 (thr=0.5, range-normalized), hf_power_ratio=0.072 (thr=0.4)",0,0.0078125,longest_dropout=1 samples (thr=32),0,0.0,"n_spikes=0, z_threshold=4.0",0,0.0,"flat_windows=0, threshold=0.0001",0,0.001953125
0,0.0,"amp_var=0.408 (thr=0.5, range-normalized), hf_power_ratio=0.030 (thr=0.4)",0,0.0078125,longest_dropout=1 samples (thr=32),0,0.0,"n_spikes=0, z_threshold=4.0",0,0.0,"flat_windows=0, threshold=0.0001",0,0.001953125
0,0.0,"amp_var=0.427 (thr=0.5, range-normalized), hf_power_ratio=0.017 (thr=0.4)",0,0.0078125,longest_dropout=1 samples (thr=32),0,0.0,"n_spikes=0, z_threshold=4.0",0,0.0,"flat_windows=0, threshold=0.0001",0,0.001953125
0,0.0,"amp_var=0.388 (thr=0.5, range-normalized), hf_power_ratio=0.042 (thr=0.4)",0,0.015625,longest_dropout=2 samples (thr=32),0,0.0,"n_spikes=0, z_threshold=4.0",0,0.0,"flat_windows=0, threshold=0.0001",0,0.00390625
0,0.0,"amp_var=0.277 (thr=0.5, range-normalized), hf_power_ratio=0.151 (thr=0.4)",0,0.140625,longest_dropout=18 samples (thr=32),0,0.0,"n_spikes=0, z_threshold=4.0",0,0.0,"flat_windows=0, threshold=0.0001",0,0.03515625
0,0.0,"amp_var=0.351 (thr=0.5, range-normalized), hf_power_ratio=0.073 (thr=0.4)",0,0.0078125,longest_dropout=1 samples (thr=32),0,0.0,"n_spikes=0, z_threshold=4.0",0,0.0,"flat_windows=0, threshold=0.0001",0,0.001953125
0,0.0,"amp_var=0.353 (thr=0.5, range-normalized), hf_power_ratio=0.069 (thr=0.4)",0,0.0078125,longest_dropout=1 samples (thr=32),0,0.0,"n_spikes=0, z_threshold=4.0",0,0.0,"flat_windows=0, threshold=0.0001",0,0.001953125
0,0.0,"amp_var=0.387 (thr=0.5, range-normalized), hf_power_ratio=0.045 (thr=0.4)",0,0.0078125,longest_dropout=1 samples (thr=32),0,0.0,"n_spikes=0, z_threshold=4.0",0,0.0,"flat_windows=0, threshold=0.0001",0,0.001953125
0,0.0,"amp_var=0.276 (thr=0.5, range-normalized), hf_power_ratio=0.208 (thr=0.4)",0,0.1640625,longest_dropout=21 samples (thr=32),0,0.0,"n_spikes=0, z_threshold=4.0",0,0.0,"flat_windows=0, threshold=0.0001",0,0.041015625
0,0.0,"amp_var=0.404 (thr=0.5, range-normalized), hf_power_ratio=0.025 (thr=0.4)",0,0.0078125,longest_dropout=1 samples (thr=32),0,0.0,"n_spikes=0, z_threshold=4.0",0,0.0,"flat_windows=0, threshold=0.0001",0,0.001953125
0,0.0,"amp_var=0.386 (thr=0.5, range-normalized), hf_power_ratio=0.040 (thr=0.4)",0,0.0078125,longest_dropout=1 samples (thr=32),0,0.0,"n_spikes=0, z_threshold=4.0",0,0.0,"flat_windows=0, threshold=0.0001",0,0.001953125
0,0.0,"amp_var=0.308 (thr=0.5, range-normalized), hf_power_ratio=0.159 (thr=0.4)",0,0.234375,longest_dropout=30 samples (thr=32),0,0.0,"n_spikes=0, z_threshold=4.0",0,0.0,"flat_windows=0, threshold=0.0001",0,0.05859375
0,0.0,"amp_var=0.255 (thr=0.5, range-normalized), hf_power_ratio=0.186 (thr=0.4)",1,0.4765625,longest_dropout=61 samples (thr=32),0,0.0,"n_spikes=0, z_threshold=4.0",0,0.0,"flat_windows=0, threshold=0.0001",1,0.119140625
0,0.0,"amp_var=0.438 (thr=0.5, range-normalized), hf_power_ratio=0.003 (thr=0.4)",0,0.0078125,longest_dropout=1 samples (thr=32),0,0.0,"n_spikes=0, z_threshold=4.0",0,0.0,"flat_windows=0, threshold=0.0001",0,0.001953125
0,0.0,"amp_var=0.356 (thr=0.5, range-normalized), hf_power_ratio=0.073 (thr=0.4)",0,0.0078125,longest_dropout=1 samples (thr=32),0,0.0,"n_spikes=0, z_threshold=4.0",0,0.0,"flat_windows=0, threshold=0.0001",0,0.001953125
0,0.0,"amp_var=0.288 (thr=0.5, range-normalized), hf_power_ratio=0.206 (thr=0.4)",1,0.484375,longest_dropout=62 samples (thr=32),0,0.0,"n_spikes=0, z_threshold=4.0",0,0.0,"flat_windows=0, threshold=0.0001",1,0.12109375
0,0.0,"amp_var=0.382 (thr=0.5, range-normalized), hf_power_ratio=0.035 (thr=0.4)",0,0.015625,longest_dropout=2 samples (thr=32),0,0.0,"n_spikes=0, z_threshold=4.0",0,0.0,"flat_windows=0, threshold=0.0001",0,0.00390625
0,0.0,"amp_var=0.387 (thr=0.5, range-normalized), hf_power_ratio=0.031 (thr=0.4)",0,0.0078125,longest_dropout=1 samples (thr=32),0,0.0,"n_spikes=0, z_threshold=4.0",0,0.0,"flat_windows=0, threshold=0.0001",0,0.001953125
0,0.0,"amp_var=0.292 (thr=0.5, range-normalized), hf_power_ratio=0.124 (thr=0.4)",0,0.0078125,longest_dropout=1 samples (thr=32),0,0.0,"n_spikes=0, z_threshold=4.0",0,0.0,"flat_windows=0, threshold=0.0001",0,0.001953125
0,0.0,"amp_var=0.293 (thr=0.5, range-normalized), hf_power_ratio=0.108 (thr=0.4)",1,0.2578125,longest_dropout=33 samples (thr=32),0,0.0,"n_spikes=0, z_threshold=4.0",0,0.0,"flat_windows=0, threshold=0.0001",1,0.064453125
0,0.0,"amp_var=0.342 (thr=0.5, range-normalized), hf_power_ratio=0.036 (thr=0.4)",1,0.3828125,longest_dropout=49 samples (thr=32),0,0.0,"n_spikes=0, z_threshold=4.0",0,0.0,"flat_windows=0, threshold=0.0001",1,0.095703125
0,0.0,"amp_var=0.414 (thr=0.5, range-normalized), hf_power_ratio=0.034 (thr=0.4)",0,0.0078125,longest_dropout=1 samples (thr=32),0,0.0,"n_spikes=0, z_threshold=4.0",0,0.0,"flat_windows=0, threshold=0.0001",0,0.001953125
0,0.0,"amp_var=0.306 (thr=0.5, range-normalized), hf_power_ratio=0.087 (thr=0.4)",0,0.0078125,longest_dropout=1 samples (thr=32),0,0.0,"n_spikes=0, z_threshold=4.0",0,0.0,"flat_windows=0, threshold=0.0001",0,0.001953125
0,0.0,"amp_var=0.347 (thr=0.5, range-normalized), hf_power_ratio=0.043 (thr=0.4)",0,0.140625,longest_dropout=18 samples (thr=32),0,0.0,"n_spikes=0, z_threshold=4.0",0,0.0,"flat_windows=0, threshold=0.0001",0,0.03515625
0,0.0,"amp_var=0.349 (thr=0.5, range-normalized), hf_power_ratio=0.079 (thr=0.4)",0,0.0078125,longest_dropout=1 samples (thr=32),0,0.0,"n_spikes=0, z_threshold=4.0",0,0.0,"flat_windows=0, threshold=0.0001",0,0.001953125
0,0.0,"amp_var=0.394 (thr=0.5, range-normalized), hf_power_ratio=0.020 (thr=0.4)",0,0.0078125,longest_dropout=1 samples (thr=32),0,0.0,"n_spikes=0, z_threshold=4.0",0,0.0,"flat_windows=0, threshold=0.0001",0,0.001953125
0,0.0,"amp_var=0.316 (thr=0.5, range-normalized), hf_power_ratio=0.101 (thr=0.4)",0,0.0078125,longest_dropout=1 samples (thr=32),0,0.0,"n_spikes=0, z_threshold=4.0",0,0.0,"flat_windows=0, threshold=0.0001",0,0.001953125
0,0.0,"amp_var=0.389 (thr=0.5, range-normalized), hf_power_ratio=0.050 (thr=0.4)",0,0.015625,longest_dropout=2 samples (thr=32),0,0.0,"n_spikes=0, z_threshold=4.0",0,0.0,"flat_windows=0, threshold=0.0001",0,0.00390625
0,0.0,"amp_var=0.261 (thr=0.5, range-normalized), hf_power_ratio=0.105 (thr=0.4)",0,0.0078125,longest_dropout=1 samples (thr=32),0,0.0,"n_spikes=0, z_threshold=4.0",0,0.0,"flat_windows=0, threshold=0.0001",0,0.001953125
0,0.0,"amp_var=0.300 (thr=0.5, range-normalized), hf_power_ratio=0.151 (thr=0.4)",1,0.359375,longest_dropout=46 samples (thr=32),0,0.0,"n_spikes=0, z_threshold=4.0",0,0.0,"flat_windows=0, threshold=0.0001",1,0.08984375
0,0.0,"amp_var=0.362 (thr=0.5, range-normalized), hf_power_ratio=0.070 (thr=0.4)",0,0.0078125,longest_dropout=1 samples (thr=32),0,0.0,"n_spikes=0, z_threshold=4.0",0,0.0,"flat_windows=0, threshold=0.0001",0,0.001953125
0,0.0,"amp_var=0.322 (thr=0.5, range-normalized), hf_power_ratio=0.091 (thr=0.4)",0,0.0078125,longest_dropout=1 samples (thr=32),0,0.0,"n_spikes=0, z_threshold=4.0",0,0.0,"flat_windows=0, threshold=0.0001",0,0.001953125
0,0.0,"amp_var=0.293 (thr=0.5, range-normalized), hf_power_ratio=0.205 (thr=0.4)",0,0.1796875,longest_dropout=23 samples (thr=32),0,0.0,"n_spikes=0, z_threshold=4.0",0,0.0,"flat_windows=0, threshold=0.0001",0,0.044921875
0,0.0,"amp_var=0.370 (thr=0.5, range-normalized), hf_power_ratio=0.053 (thr=0.4)",0,0.0078125,longest_dropout=1 samples (thr=32),0,0.0,"n_spikes=0, z_threshold=4.0",0,0.0,"flat_windows=0, threshold=0.0001",0,0.001953125
0,0.0,"amp_var=0.399 (thr=0.5, range-normalized), hf_power_ratio=0.030 (thr=0.4)",0,0.0078125,longest_dropout=1 samples (thr=32),0,0.0,"n_spikes=0, z_threshold=4.0",0,0.0,"flat_windows=0, threshold=0.0001",0,0.001953125
0,0.0,"amp_var=0.301 (thr=0.5, range-normalized), hf_power_ratio=0.086 (thr=0.4)",1,0.46875,longest_dropout=60 samples (thr=32),0,0.0,"n_spikes=0, z_threshold=4.0",0,0.0,"flat_windows=0, threshold=0.0001",1,0.1171875
0,0.0,"amp_var=0.330 (thr=0.5, range-normalized), hf_power_ratio=0.149 (thr=0.4)",0,0.125,longest_dropout=16 samples (thr=32),0,0.0,"n_spikes=0, z_threshold=4.0",0,0.0,"flat_windows=0, threshold=0.0001",0,0.03125
0,0.0,"amp_var=0.341 (thr=0.5, range-normalized), hf_power_ratio=0.081 (thr=0.4)",0,0.0078125,longest_dropout=1 samples (thr=32),0,0.0,"n_spikes=0, z_threshold=4.0",0,0.0,"flat_windows=0, threshold=0.0001",0,0.001953125
0,0.0,"amp_var=0.279 (thr=0.5, range-normalized), hf_power_ratio=0.134 (thr=0.4)",0,0.0078125,longest_dropout=1 samples (thr=32),0,0.0,"n_spikes=0, z_threshold=4.0",0,0.0,"flat_windows=0, threshold=0.0001",0,0.001953125
0,0.0,"amp_var=0.346 (thr=0.5, range-normalized), hf_power_ratio=0.091 (thr=0.4)",0,0.015625,longest_dropout=2 samples (thr=32),0,0.0,"n_spikes=0, z_threshold=4.0",0,0.0,"flat_windows=0, threshold=0.0001",0,0.00390625
0,0.0,"amp_var=0.399 (thr=0.5, range-normalized), hf_power_ratio=0.062 (thr=0.4)",0,0.0078125,longest_dropout=1 samples (thr=32),0,0.0,"n_spikes=0, z_threshold=4.0",0,0.0,"flat_windows=0, threshold=0.0001",0,0.001953125
0,0.0,"amp_var=0.215 (thr=0.5, range-normalized), hf_power_ratio=0.167 (thr=0.4)",1,0.453125,longest_dropout=58 samples (thr=32),0,0.0,"n_spikes=0, z_threshold=4.0",0,0.0,"flat_windows=0, threshold=0.0001",1,0.11328125
0,0.0,"amp_var=0.282 (thr=0.5, range-normalized), hf_power_ratio=0.130 (thr=0.4)",0,0.0078125,longest_dropout=1 samples (thr=32),0,0.0,"n_spikes=0, z_threshold=4.0",0,0.0,"flat_windows=0, threshold=0.0001",0,0.001953125
0,0.0,"amp_var=0.251 (thr=0.5, range-normalized), hf_power_ratio=0.202 (thr=0.4)",1,0.265625,longest_dropout=34 samples (thr=32),0,0.0,"n_spikes=0, z_threshold=4.0",0,0.0,"flat_windows=0, threshold=0.0001",1,0.06640625
0,0.0,"amp_var=0.359 (thr=0.5, range-normalized), hf_power_ratio=0.107 (thr=0.4)",0,0.0078125,longest_dropout=1 samples (thr=32),0,0.0,"n_spikes=0, z_threshold=4.0",0,0.0,"flat_windows=0, threshold=0.0001",0,0.001953125
0,0.0,"amp_var=0.261 (thr=0.5, range-normalized), hf_power_ratio=0.184 (thr=0.4)",0,0.1796875,longest_dropout=23 samples (thr=32),0,0.0,"n_spikes=0, z_threshold=4.0",0,0.0,"flat_windows=0, threshold=0.0001",0,0.044921875
0,0.0,"amp_var=0.283 (thr=0.5, range-normalized), hf_power_ratio=0.151 (thr=0.4)",1,0.34375,longest_dropout=44 samples (thr=32),0,0.0,"n_spikes=0, z_threshold=4.0",0,0.0,"flat_windows=0, threshold=0.0001",1,0.0859375
0,0.0,"amp_var=0.278 (thr=0.5, range-normalized), hf_power_ratio=0.124 (thr=0.4)",0,0.0078125,longest_dropout=1 samples (thr=32),0,0.0,"n_spikes=0, z_threshold=4.0",0,0.0,"flat_windows=0, threshold=0.0001",0,0.001953125
0,0.0,"amp_var=0.363 (thr=0.5, range-normalized), hf_power_ratio=0.023 (thr=0.4)",0,0.0078125,longest_dropout=1 samples (thr=32),0,0.0,"n_spikes=0, z_threshold=4.0",0,0.0,"flat_windows=0, threshold=0.0001",0,0.001953125
0,0.0,"amp_var=0.295 (thr=0.5, range-normalized), hf_power_ratio=0.102 (thr=0.4)",0,0.015625,longest_dropout=2 samples (thr=32),0,0.0,"n_spikes=0, z_threshold=4.0",0,0.0,"flat_windows=0, threshold=0.0001",0,0.00390625
0,0.0,"amp_var=0.437 (thr=0.5, range-normalized), hf_power_ratio=0.013 (thr=0.4)",0,0.015625,longest_dropout=2 samples (thr=32),0,0.0,"n_spikes=0, z_threshold=4.0",0,0.0,"flat_windows=0, threshold=0.0001",0,0.00390625
0,0.0,"amp_var=0.386 (thr=0.5, range-normalized), hf_power_ratio=0.040 (thr=0.4)",0,0.015625,longest_dropout=2 samples (thr=32),0,0.0,"n_spikes=0, z_threshold=4.0",0,0.0,"flat_windows=0, threshold=0.0001",0,0.00390625
0,0.0,"amp_var=0.367 (thr=0.5, range-normalized), hf_power_ratio=0.038 (thr=0.4)",0,0.0078125,longest_dropout=1 samples (thr=32),0,0.0,"n_spikes=0, z_threshold=4.0",0,0.0,"flat_windows=0, threshold=0.0001",0,0.001953125
0,0.0,"amp_var=0.415 (thr=0.5, range-normalized), hf_power_ratio=0.014 (thr=0.4)",0,0.0078125,longest_dropout=1 samples (thr=32),0,0.0,"n_spikes=0, z_threshold=4.0",0,0.0,"flat_windows=0, threshold=0.0001",0,0.001953125
0,0.0,"amp_var=0.313 (thr=0.5, range-normalized), hf_power_ratio=0.152 (thr=0.4)",0,0.1875,longest_dropout=24 samples (thr=32),0,0.0,"n_spikes=0, z_threshold=4.0",0,0.0,"flat_windows=0, threshold=0.0001",0,0.046875
0,0.0,"amp_var=0.292 (thr=0.5, range-normalized), hf_power_ratio=0.105 (thr=0.4)",0,0.0078125,longest_dropout=1 samples (thr=32),0,0.0,"n_spikes=0, z_threshold=4.0",0,0.0,"flat_windows=0, threshold=0.0001",0,0.001953125
0,0.0,"amp_var=0.316 (thr=0.5, range-normalized), hf_power_ratio=0.124 (thr=0.4)",1,0.46875,longest_dropout=60 samples (thr=32),0,0.0,"n_spikes=0, z_threshold=4.0",0,0.0,"flat_windows=0, threshold=0.0001",1,0.1171875
0,0.0,"amp_var=0.392 (thr=0.5, range-normalized), hf_power_ratio=0.021 (thr=0.4)",0,0.015625,longest_dropout=2 samples (thr=32),0,0.0,"n_spikes=0, z_threshold=4.0",0,0.0,"flat_windows=0, threshold=0.0001",0,0.00390625
0,0.0,"amp_var=0.386 (thr=0.5, range-normalized), hf_power_ratio=0.041 (thr=0.4)",0,0.0078125,longest_dropout=1 samples (thr=32),0,0.0,"n_spikes=0, z_threshold=4.0",0,0.0,"flat_windows=0, threshold=0.0001",0,0.001953125
0,0.0,"amp_var=0.290 (thr=0.5, range-normalized), hf_power_ratio=0.174 (thr=0.4)",1,0.40625,longest_dropout=52 samples (thr=32),0,0.0,"n_spikes=0, z_threshold=4.0",0,0.0,"flat_windows=0, threshold=0.0001",1,0.1015625
0,0.0,"amp_var=0.259 (thr=0.5, range-normalized), hf_power_ratio=0.144 (thr=0.4)",0,0.1796875,longest_dropout=23 samples (thr=32),0,0.0,"n_spikes=0, z_threshold=4.0",0,0.0,"flat_windows=0, threshold=0.0001",0,0.044921875
0,0.0,"amp_var=0.329 (thr=0.5, range-normalized), hf_power_ratio=0.136 (thr=0.4)",1,0.484375,longest_dropout=62 samples (thr=32),0,0.0,"n_spikes=0, z_threshold=4.0",0,0.0,"flat_windows=0, threshold=0.0001",1,0.12109375
0,0.0,"amp_var=0.436 (thr=0.5, range-normalized), hf_power_ratio=0.002 (thr=0.4)",0,0.0078125,longest_dropout=1 samples (thr=32),0,0.0,"n_spikes=0, z_threshold=4.0",0,0.0,"flat_windows=0, threshold=0.0001",0,0.001953125
0,0.0,"amp_var=0.367 (thr=0.5, range-normalized), hf_power_ratio=0.042 (thr=0.4)",0,0.0078125,longest_dropout=1 samples (thr=32),0,0.0,"n_spikes=0, z_threshold=4.0",0,0.0,"flat_windows=0, threshold=0.0001",0,0.001953125
0,0.0,"amp_var=0.378 (thr=0.5, range-normalized), hf_power_ratio=0.067 (thr=0.4)",0,0.0078125,longest_dropout=1 samples (thr=32),0,0.0,"n_spikes=0, z_threshold=4.0",0,0.0,"flat_windows=0, threshold=0.0001",0,0.001953125
0,0.0,"amp_var=0.379 (thr=0.5, range-normalized), hf_power_ratio=0.050 (thr=0.4)",0,0.0078125,longest_dropout=1 samples (thr=32),0,0.0,"n_spikes=0, z_threshold=4.0",0,0.0,"flat_windows=0, threshold=0.0001",0,0.001953125
0,0.0,"amp_var=0.347 (thr=0.5, range-normalized), hf_power_ratio=0.073 (thr=0.4)",0,0.0078125,longest_dropout=1 samples (thr=32),0,0.0,"n_spikes=0, z_threshold=4.0",0,0.0,"flat_windows=0, threshold=0.0001",0,0.001953125
0,0.0,"amp_var=0.294 (thr=0.5, range-normalized), hf_power_ratio=0.133 (thr=0.4)",0,0.0078125,longest_dropout=1 samples (thr=32),0,0.0,"n_spikes=0, z_threshold=4.0",0,0.0,"flat_windows=0, threshold=0.0001",0,0.001953125
0,0.0,"amp_var=0.365 (thr=0.5, range-normalized), hf_power_ratio=0.058 (thr=0.4)",0,0.0078125,longest_dropout=1 samples (thr=32),0,0.0,"n_spikes=0, z_threshold=4.0",0,0.0,"flat_windows=0, threshold=0.0001",0,0.001953125
0,0.0,"amp_var=0.332 (thr=0.5, range-normalized), hf_power_ratio=0.072 (thr=0.4)",1,0.3125,longest_dropout=40 samples (thr=32),0,0.0,"n_spikes=0, z_threshold=4.0",0,0.0,"flat_windows=0, threshold=0.0001",1,0.078125
0,0.0,"amp_var=0.390 (thr=0.5, range-normalized), hf_power_ratio=0.024 (thr=0.4)",0,0.0078125,longest_dropout=1 samples (thr=32),0,0.0,"n_spikes=0, z_threshold=4.0",0,0.0,"flat_windows=0, threshold=0.0001",0,0.001953125
0,0.0,"amp_var=0.425 (thr=0.5, range-normalized), hf_power_ratio=0.013 (thr=0.4)",0,0.0078125,longest_dropout=1 samples (thr=32),0,0.0,"n_spikes=0, z_threshold=4.0",0,0.0,"flat_windows=0, threshold=0.0001",0,0.001953125
0,0.0,"amp_var=0.333 (thr=0.5, range-normalized), hf_power_ratio=0.109 (thr=0.4)",0,0.0078125,longest_dropout=1 samples (thr=32),0,0.0,"n_spikes=0, z_threshold=4.0",0,0.0,"flat_windows=0, threshold=0.0001",0,0.001953125
0,0.0,"amp_var=0.353 (thr=0.5, range-normalized), hf_power_ratio=0.070 (thr=0.4)",0,0.0078125,longest_dropout=1 samples (thr=32),0,0.0,"n_spikes=0, z_threshold=4.0",0,0.0,"flat_windows=0, threshold=0.0001",0,0.001953125
0,0.0,"amp_var=0.427 (thr=0.5, range-normalized), hf_power_ratio=0.011 (thr=0.4)",0,0.0078125,longest_dropout=1 samples (thr=32),0,0.0,"n_spikes=0, z_threshold=4.0",0,0.0,"flat_windows=0, threshold=0.0001",0,0.001953125
0,0.0,"amp_var=0.327 (thr=0.5, range-normalized), hf_power_ratio=0.100 (thr=0.4)",0,0.015625,longest_dropout=2 samples (thr=32),0,0.0,"n_spikes=0, z_threshold=4.0",0,0.0,"flat_windows=0, threshold=0.0001",0,0.00390625
0,0.0,"amp_var=0.288 (thr=0.5, range-normalized), hf_power_ratio=0.125 (thr=0.4)",0,0.234375,longest_dropout=30 samples (thr=32),0,0.0,"n_spikes=0, z_threshold=4.0",0,0.0,"flat_windows=0, threshold=0.0001",0,0.05859375
0,0.0,"amp_var=0.400 (thr=0.5, range-normalized), hf_power_ratio=0.037 (thr=0.4)",0,0.0078125,longest_dropout=1 samples (thr=32),0,0.0,"n_spikes=0, z_threshold=4.0",0,0.0,"flat_windows=0, threshold=0.0001",0,0.001953125
0,0.0,"amp_var=0.281 (thr=0.5, range-normalized), hf_power_ratio=0.151 (thr=0.4)",1,0.3671875,longest_dropout=47 samples (thr=32),0,0.0,"n_spikes=0, z_threshold=4.0",0,0.0,"flat_windows=0, threshold=0.0001",1,0.091796875
0,0.0,"amp_var=0.356 (thr=0.5, range-normalized), hf_power_ratio=0.051 (thr=0.4)",0,0.0078125,longest_dropout=1 samples (thr=32),0,0.0,"n_spikes=0, z_threshold=4.0",0,0.0,"flat_windows=0, threshold=0.0001",0,0.001953125
0,0.0,"amp_var=0.373 (thr=0.5, range-normalized), hf_power_ratio=0.046 (thr=0.4)",0,0.015625,longest_dropout=2 samples (thr=32),0,0.0,"n_spikes=0, z_threshold=4.0",0,0.0,"flat_windows=0, threshold=0.0001",0,0.00390625
0,0.0,"amp_var=0.275 (thr=0.5, range-normalized), hf_power_ratio=0.161 (thr=0.4)",1,0.4140625,longest_dropout=53 samples (thr=32),0,0.0,"n_spikes=0, z_threshold=4.0",0,0.0,"flat_windows=0, threshold=0.0001",1,0.103515625
0,0.0,"amp_var=0.346 (thr=0.5, range-normalized), hf_power_ratio=0.067 (thr=0.4)",0,0.0078125,longest_dropout=1 samples (thr=32),0,0.0,"n_spikes=0, z_threshold=4.0",0,0.0,"flat_windows=0, threshold=0.0001",0,0.001953125
0,0.0,"amp_var=0.352 (thr=0.5, range-normalized), hf_power_ratio=0.084 (thr=0.4)",0,0.0078125,longest_dropout=1 samples (thr=32),0,0.0,"n_spikes=0, z_threshold=4.0",0,0.0,"flat_windows=0, threshold=0.0001",0,0.001953125
0,0.0,"amp_var=0.350 (thr=0.5, range-normalized), hf_power_ratio=0.077 (thr=0.4)",0,0.0078125,longest_dropout=1 samples (thr=32),0,0.0,"n_spikes=0, z_threshold=4.0",0,0.0,"flat_windows=0, threshold=0.0001",0,0.001953125
0,0.0,"amp_var=0.374 (thr=0.5, range-normalized), hf_power_ratio=0.081 (thr=0.4)",0,0.0078125,longest_dropout=1 samples (thr=32),0,0.0,"n_spikes=0, z_threshold=4.0",0,0.0,"flat_windows=0, threshold=0.0001",0,0.001953125
0,0.0,"amp_var=0.375 (thr=0.5, range-normalized), hf_power_ratio=0.057 (thr=0.4)",0,0.0078125,longest_dropout=1 samples (thr=32),0,0.0,"n_spikes=0, z_threshold=4.0",0,0.0,"flat_windows=0, threshold=0.0001",0,0.001953125
0,0.0,"amp_var=0.388 (thr=0.5, range-normalized), hf_power_ratio=0.058 (thr=0.4)",0,0.0078125,longest_dropout=1 samples (thr=32),0,0.0,"n_spikes=0, z_threshold=4.0",0,0.0,"flat_windows=0, threshold=0.0001",0,0.001953125
0,0.0,"amp_var=0.402 (thr=0.5, range-normalized), hf_power_ratio=0.045 (thr=0.4)",0,0.015625,longest_dropout=2 samples (thr=32),0,0.0,"n_spikes=0, z_threshold=4.0",0,0.0,"flat_windows=0, threshold=0.0001",0,0.00390625
0,0.0,"amp_var=0.386 (thr=0.5, range-normalized), hf_power_ratio=0.056 (thr=0.4)",0,0.0078125,longest_dropout=1 samples (thr=32),0,0.0,"n_spikes=0, z_threshold=4.0",0,0.0,"flat_windows=0, threshold=0.0001",0,0.001953125
0,0.0,"amp_var=0.410 (thr=0.5, range-normalized), hf_power_ratio=0.012 (thr=0.4)",0,0.0078125,longest_dropout=1 samples (thr=32),0,0.0,"n_spikes=0, z_threshold=4.0",0,0.0,"flat_windows=0, threshold=0.0001",0,0.001953125
0,0.0,"amp_var=0.438 (thr=0.5, range-normalized), hf_power_ratio=0.004 (thr=0.4)",0,0.0078125,longest_dropout=1 samples (thr=32),0,0.0,"n_spikes=0, z_threshold=4.0",0,0.0,"flat_windows=0, threshold=0.0001",0,0.001953125
0,0.0,"amp_var=0.396 (thr=0.5, range-normalized), hf_power_ratio=0.029 (thr=0.4)",0,0.0078125,longest_dropout=1 samples (thr=32),0,0.0,"n_spikes=0, z_threshold=4.0",0,0.0,"flat_windows=0, threshold=0.0001",0,0.001953125
0,0.0,"amp_var=0.281 (thr=0.5, range-normalized), hf_power_ratio=0.129 (thr=0.4)",0,0.015625,longest_dropout=2 samples (thr=32),0,0.0,"n_spikes=0, z_threshold=4.0",0,0.0,"flat_windows=0, threshold=0.0001",0,0.00390625
0,0.0,"amp_var=0.390 (thr=0.5, range-normalized), hf_power_ratio=0.042 (thr=0.4)",0,0.015625,longest_dropout=2 samples (thr=32),0,0.0,"n_spikes=0, z_threshold=4.0",0,0.0,"flat_windows=0, threshold=0.0001",0,0.00390625
0,0.0,"amp_var=0.344 (thr=0.5, range-normalized), hf_power_ratio=0.086 (thr=0.4)",0,0.0078125,longest_dropout=1 samples (thr=32),0,0.0,"n_spikes=0, z_threshold=4.0",0,0.0,"flat_windows=0, threshold=0.0001",0,0.001953125
0,0.0,"amp_var=0.393 (thr=0.5, range-normalized), hf_power_ratio=0.038 (thr=0.4)",0,0.0078125,longest_dropout=1 samples (thr=32),0,0.0,"n_spikes=0, z_threshold=4.0",0,0.0,"flat_windows=0, threshold=0.0001",0,0.001953125
0,0.0,"amp_var=0.328 (thr=0.5, range-normalized), hf_power_ratio=0.015 (thr=0.4)",1,0.4765625,longest_dropout=61 samples (thr=32),0,0.0,"n_spikes=0, z_threshold=4.0",0,0.0,"flat_windows=0, threshold=0.0001",1,0.119140625
0,0.0,"amp_var=0.336 (thr=0.5, range-normalized), hf_power_ratio=0.093 (thr=0.4)",0,0.015625,longest_dropout=2 samples (thr=32),0,0.0,"n_spikes=0, z_threshold=4.0",0,0.0,"flat_windows=0, threshold=0.0001",0,0.00390625
0,0.0,"amp_var=0.367 (thr=0.5, range-normalized), hf_power_ratio=0.063 (thr=0.4)",0,0.015625,longest_dropout=2 samples (thr=32),0,0.0,"n_spikes=0, z_threshold=4.0",0,0.0,"flat_windows=0, threshold=0.0001",0,0.00390625
0,0.0,"amp_var=0.310 (thr=0.5, range-normalized), hf_power_ratio=0.117 (thr=0.4)",0,0.0078125,longest_dropout=1 samples (thr=32),0,0.0,"n_spikes=0, z_threshold=4.0",0,0.0,"flat_windows=0, threshold=0.0001",0,0.001953125
0,0.0,"amp_var=0.351 (thr=0.5, range-normalized), hf_power_ratio=0.043 (thr=0.4)",1,0.34375,longest_dropout=44 samples (thr=32),0,0.0,"n_spikes=0, z_threshold=4.0",0,0.0,"flat_windows=0, threshold=0.0001",1,0.0859375
0,0.0,"amp_var=0.422 (thr=0.5, range-normalized), hf_power_ratio=0.008 (thr=0.4)",0,0.015625,longest_dropout=2 samples (thr=32),0,0.0,"n_spikes=0, z_threshold=4.0",0,0.0,"flat_windows=0, threshold=0.0001",0,0.00390625
0,0.0,"amp_var=0.382 (thr=0.5, range-normalized), hf_power_ratio=0.034 (thr=0.4)",0,0.015625,longest_dropout=2 samples (thr=32),0,0.0,"n_spikes=0, z_threshold=4.0",0,0.0,"flat_windows=0, threshold=0.0001",0,0.00390625
0,0.0,"amp_var=0.295 (thr=0.5, range-normalized), hf_power_ratio=0.125 (thr=0.4)",1,0.328125,longest_dropout=42 samples (thr=32),0,0.0,"n_spikes=0, z_threshold=4.0",0,0.0,"flat_windows=0, threshold=0.0001",1,0.08203125
0,0.0,"amp_var=0.271 (thr=0.5, range-normalized), hf_power_ratio=0.131 (thr=0.4)",1,0.4921875,longest_dropout=63 samples (thr=32),0,0.0,"n_spikes=0, z_threshold=4.0",0,0.0,"flat_windows=0, threshold=0.0001",1,0.123046875
0,0.0,"amp_var=0.423 (thr=0.5, range-normalized), hf_power_ratio=0.011 (thr=0.4)",0,0.015625,longest_dropout=2 samples (thr=32),0,0.0,"n_spikes=0, z_threshold=4.0",0,0.0,"flat_windows=0, threshold=0.0001",0,0.00390625
0,0.0,"amp_var=0.304 (thr=0.5, range-normalized), hf_power_ratio=0.152 (thr=0.4)",1,0.359375,longest_dropout=46 samples (thr=32),0,0.0,"n_spikes=0, z_threshold=4.0",0,0.0,"flat_windows=0, threshold=0.0001",1,0.08984375
0,0.0,"amp_var=0.398 (thr=0.5, range-normalized), hf_power_ratio=0.055 (thr=0.4)",0,0.0078125,longest_dropout=1 samples (thr=32),0,0.0,"n_spikes=0, z_threshold=4.0",0,0.0,"flat_windows=0, threshold=0.0001",0,0.001953125
0,0.0,"amp_var=0.336 (thr=0.5, range-normalized), hf_power_ratio=0.040 (thr=0.4)",1,0.3203125,longest_dropout=41 samples (thr=32),0,0.0,"n_spikes=0, z_threshold=4.0",0,0.0,"flat_windows=0, threshold=0.0001",1,0.080078125
0,0.0,"amp_var=0.356 (thr=0.5, range-normalized), hf_power_ratio=0.071 (thr=0.4)",0,0.0078125,longest_dropout=1 samples (thr=32),0,0.0,"n_spikes=0, z_threshold=4.0",0,0.0,"flat_windows=0, threshold=0.0001",0,0.001953125
0,0.0,"amp_var=0.254 (thr=0.5, range-normalized), hf_power_ratio=0.213 (thr=0.4)",0,0.140625,longest_dropout=18 samples (thr=32),0,0.0,"n_spikes=0, z_threshold=4.0",0,0.0,"flat_windows=0, threshold=0.0001",0,0.03515625
0,0.0,"amp_var=0.272 (thr=0.5, range-normalized), hf_power_ratio=0.163 (thr=0.4)",1,0.359375,longest_dropout=46 samples (thr=32),0,0.0,"n_spikes=0, z_threshold=4.0",0,0.0,"flat_windows=0, threshold=0.0001",1,0.08984375
0,0.0,"amp_var=0.309 (thr=0.5, range-normalized), hf_power_ratio=0.111 (thr=0.4)",0,0.0078125,longest_dropout=1 samples (thr=32),0,0.0,"n_spikes=0, z_threshold=4.0",0,0.0,"flat_windows=0, threshold=0.0001",0,0.001953125
0,0.0,"amp_var=0.353 (thr=0.5, range-normalized), hf_power_ratio=0.040 (thr=0.4)",0,0.0078125,longest_dropout=1 samples (thr=32),0,0.0,"n_spikes=0, z_threshold=4.0",0,0.0,"flat_windows=0, threshold=0.0001",0,0.001953125
0,0.0,"amp_var=0.290 (thr=0.5, range-normalized), hf_power_ratio=0.193 (thr=0.4)",0,0.1640625,longest_dropout=21 samples (thr=32),0,0.0,"n_spikes=0, z_threshold=4.0",0,0.0,"flat_windows=0, threshold=0.0001",0,0.041015625
0,0.0,"amp_var=0.398 (thr=0.5, range-normalized), hf_power_ratio=0.026 (thr=0.4)",0,0.0078125,longest_dropout=1 samples (thr=32),0,0.0,"n_spikes=0, z_threshold=4.0",0,0.0,"flat_windows=0, threshold=0.0001",0,0.001953125
0,0.0,"amp_var=0.385 (thr=0.5, range-normalized), hf_power_ratio=0.044 (thr=0.4)",0,0.0078125,longest_dropout=1 samples (thr=32),0,0.0,"n_spikes=0, z_threshold=4.0",0,0.0,"flat_windows=0, threshold=0.0001",0,0.001953125
0,0.0,"amp_var=0.370 (thr=0.5, range-normalized), hf_power_ratio=0.044 (thr=0.4)",0,0.015625,longest_dropout=2 samples (thr=32),0,0.0,"n_spikes=0, z_threshold=4.0",0,0.0,"flat_windows=0, threshold=0.0001",0,0.00390625
0,0.0,"amp_var=0.378 (thr=0.5, range-normalized), hf_power_ratio=0.030 (thr=0.4)",0,0.0078125,longest_dropout=1 samples (thr=32),0,0.0,"n_spikes=0, z_threshold=4.0",0,0.0,"flat_windows=0, threshold=0.0001",0,0.001953125
0,0.0,"amp_var=0.306 (thr=0.5, range-normalized), hf_power_ratio=0.121 (thr=0.4)",0,0.0078125,longest_dropout=1 samples (thr=32),0,0.0,"n_spikes=0, z_threshold=4.0",0,0.0,"flat_windows=0, threshold=0.0001",0,0.001953125
0,0.0,"amp_var=0.395 (thr=0.5, range-normalized), hf_power_ratio=0.032 (thr=0.4)",0,0.0078125,longest_dropout=1 samples (thr=32),0,0.0,"n_spikes=0, z_threshold=4.0",0,0.0,"flat_windows=0, threshold=0.0001",0,0.001953125
0,0.0,"amp_var=0.370 (thr=0.5, range-normalized), hf_power_ratio=0.061 (thr=0.4)",0,0.015625,longest_dropout=2 samples (thr=32),0,0.0,"n_spikes=0, z_threshold=4.0",0,0.0,"flat_windows=0, threshold=0.0001",0,0.00390625
0,0.0,"amp_var=0.429 (thr=0.5, range-normalized), hf_power_ratio=0.008 (thr=0.4)",0,0.015625,longest_dropout=2 samples (thr=32),0,0.0,"n_spikes=0, z_threshold=4.0",0,0.0,"flat_windows=0, threshold=0.0001",0,0.00390625
0,0.0,"amp_var=0.276 (thr=0.5, range-normalized), hf_power_ratio=0.228 (thr=0.4)",1,0.328125,longest_dropout=42 samples (thr=32),0,0.0,"n_spikes=0, z_threshold=4.0",0,0.0,"flat_windows=0, threshold=0.0001",1,0.08203125
0,0.0,"amp_var=0.292 (thr=0.5, range-normalized), hf_power_ratio=0.148 (thr=0.4)",0,0.171875,longest_dropout=22 samples (thr=32),0,0.0,"n_spikes=0, z_threshold=4.0",0,0.0,"flat_windows=0, threshold=0.0001",0,0.04296875
0,0.0,"amp_var=0.391 (thr=0.5, range-normalized), hf_power_ratio=0.034 (thr=0.4)",0,0.015625,longest_dropout=2 samples (thr=32),0,0.0,"n_spikes=0, z_threshold=4.0",0,0.0,"flat_windows=0, threshold=0.0001",0,0.00390625
0,0.0,"amp_var=0.296 (thr=0.5, range-normalized), hf_power_ratio=0.219 (thr=0.4)",1,0.359375,longest_dropout=46 samples (thr=32),0,0.0,"n_spikes=0, z_threshold=4.0",0,0.0,"flat_windows=0, threshold=0.0001",1,0.08984375
0,0.0,"amp_var=0.286 (thr=0.5, range-normalized), hf_power_ratio=0.276 (thr=0.4)",1,0.28125,longest_dropout=36 samples (thr=32),0,0.0,"n_spikes=0, z_threshold=4.0",0,0.0,"flat_windows=0, threshold=0.0001",1,0.0703125
0,0.0,"amp_var=0.422 (thr=0.5, range-normalized), hf_power_ratio=0.012 (thr=0.4)",0,0.015625,longest_dropout=2 samples (thr=32),0,0.0,"n_spikes=0, z_threshold=4.0",0,0.0,"flat_windows=0, threshold=0.0001",0,0.00390625
0,0.0,"amp_var=0.363 (thr=0.5, range-normalized), hf_power_ratio=0.067 (thr=0.4)",0,0.0078125,longest_dropout=1 samples (thr=32),0,0.0,"n_spikes=0, z_threshold=4.0",0,0.0,"flat_windows=0, threshold=0.0001",0,0.001953125
0,0.0,"amp_var=0.387 (thr=0.5, range-normalized), hf_power_ratio=0.028 (thr=0.4)",0,0.0078125,longest_dropout=1 samples (thr=32),0,0.0,"n_spikes=0, z_threshold=4.0",0,0.0,"flat_windows=0, threshold=0.0001",0,0.001953125
0,0.0,"amp_var=0.272 (thr=0.5, range-normalized), hf_power_ratio=0.136 (thr=0.4)",0,0.234375,longest_dropout=30 samples (thr=32),0,0.0,"n_spikes=0, z_threshold=4.0",0,0.0,"flat_windows=0, threshold=0.0001",0,0.05859375
0,0.0,"amp_var=0.373 (thr=0.5, range-normalized), hf_power_ratio=0.062 (thr=0.4)",0,0.0078125,longest_dropout=1 samples (thr=32),0,0.0,"n_spikes=0, z_threshold=4.0",0,0.0,"flat_windows=0, threshold=0.0001",0,0.001953125
0,0.0,"amp_var=0.292 (thr=0.5, range-normalized), hf_power_ratio=0.167 (thr=0.4)",1,0.2734375,longest_dropout=35 samples (thr=32),0,0.0,"n_spikes=0, z_threshold=4.0",0,0.0,"flat_windows=0, threshold=0.0001",1,0.068359375
0,0.0,"amp_var=0.382 (thr=0.5, range-normalized), hf_power_ratio=0.033 (thr=0.4)",0,0.015625,longest_dropout=2 samples (thr=32),0,0.0,"n_spikes=0, z_threshold=4.0",0,0.0,"flat_windows=0, threshold=0.0001",0,0.00390625
0,0.0,"amp_var=0.319 (thr=0.5, range-normalized), hf_power_ratio=0.137 (thr=0.4)",0,0.1640625,longest_dropout=21 samples (thr=32),0,0.0,"n_spikes=0, z_threshold=4.0",0,0.0,"flat_windows=0, threshold=0.0001",0,0.041015625
0,0.0,"amp_var=0.345 (thr=0.5, range-normalized), hf_power_ratio=0.086 (thr=0.4)",0,0.0078125,longest_dropout=1 samples (thr=32),0,0.0,"n_spikes=0, z_threshold=4.0",0,0.0,"flat_windows=0, threshold=0.0001",0,0.001953125
0,0.0,"amp_var=0.283 (thr=0.5, range-normalized), hf_power_ratio=0.114 (thr=0.4)",0,0.0078125,longest_dropout=1 samples (thr=32),0,0.0,"n_spikes=0, z_threshold=4.0",0,0.0,"flat_windows=0, threshold=0.0001",0,0.001953125
0,0.0,"amp_var=0.365 (thr=0.5, range-normalized), hf_power_ratio=0.040 (thr=0.4)",0,0.0078125,longest_dropout=1 samples (thr=32),0,0.0,"n_spikes=0, z_threshold=4.0",0,0.0,"flat_windows=0, threshold=0.0001",0,0.001953125
0,0.0,"amp_var=0.352 (thr=0.5, range-normalized), hf_power_ratio=0.082 (thr=0.4)",0,0.0078125,longest_dropout=1 samples (thr=32),0,0.0,"n_spikes=0, z_threshold=4.0",0,0.0,"flat_windows=0, threshold=0.0001",0,0.001953125
0,0.0,"amp_var=0.297 (thr=0.5, range-normalized), hf_power_ratio=0.191 (thr=0.4)",0,0.1640625,longest_dropout=21 samples (thr=32),0,0.0,"n_spikes=0, z_threshold=4.0",0,0.0,"flat_windows=0, threshold=0.0001",0,0.041015625
0,0.0,"amp_var=0.298 (thr=0.5, range-normalized), hf_power_ratio=0.108 (thr=0.4)",0,0.015625,longest_dropout=2 samples (thr=32),0,0.0,"n_spikes=0, z_threshold=4.0",0,0.0,"flat_windows=0, threshold=0.0001",0,0.00390625
0,0.0,"amp_var=0.290 (thr=0.5, range-normalized), hf_power_ratio=0.095 (thr=0.4)",1,0.4375,longest_dropout=56 samples (thr=32),0,0.0,"n_spikes=0, z_threshold=4.0",0,0.0,"flat_windows=0, threshold=0.0001",1,0.109375
0,0.0,"amp_var=0.384 (thr=0.5, range-normalized), hf_power_ratio=0.061 (thr=0.4)",0,0.0078125,longest_dropout=1 samples (thr=32),0,0.0,"n_spikes=0, z_threshold=4.0",0,0.0,"flat_windows=0, threshold=0.0001",0,0.001953125
0,0.0,"amp_var=0.415 (thr=0.5, range-normalized), hf_power_ratio=0.016 (thr=0.4)",0,0.015625,longest_dropout=2 samples (thr=32),0,0.0,"n_spikes=0, z_threshold=4.0",0,0.0,"flat_windows=0, threshold=0.0001",0,0.00390625
0,0.0,"amp_var=0.396 (thr=0.5, range-normalized), hf_power_ratio=0.032 (thr=0.4)",0,0.015625,longest_dropout=2 samples (thr=32),0,0.0,"n_spikes=0, z_threshold=4.0",0,0.0,"flat_windows=0, threshold=0.0001",0,0.00390625
0,0.0,"amp_var=0.290 (thr=0.5, range-normalized), hf_power_ratio=0.105 (thr=0.4)",0,0.0078125,longest_dropout=1 samples (thr=32),0,0.0,"n_spikes=0, z_threshold=4.0",0,0.0,"flat_windows=0, threshold=0.0001",0,0.001953125
0,0.0,"amp_var=0.285 (thr=0.5, range-normalized), hf_power_ratio=0.097 (thr=0.4)",0,0.015625,longest_dropout=2 samples (thr=32),0,0.0,"n_spikes=0, z_threshold=4.0",0,0.0,"flat_windows=0, threshold=0.0001",0,0.00390625
0,0.0,"amp_var=0.385 (thr=0.5, range-normalized), hf_power_ratio=0.037 (thr=0.4)",0,0.0078125,longest_dropout=1 samples (thr=32),0,0.0,"n_spikes=0, z_threshold=4.0",0,0.0,"flat_windows=0, threshold=0.0001",0,0.001953125
0,0.0,"amp_var=0.355 (thr=0.5, range-normalized), hf_power_ratio=0.085 (thr=0.4)",0,0.015625,longest_dropout=2 samples (thr=32),0,0.0,"n_spikes=0, z_threshold=4.0",0,0.0,"flat_windows=0, threshold=0.0001",0,0.00390625
0,0.0,"amp_var=0.255 (thr=0.5, range-normalized), hf_power_ratio=0.098 (thr=0.4)",0,0.0078125,longest_dropout=1 samples (thr=32),0,0.0,"n_spikes=0, z_threshold=4.0",0,0.0,"flat_windows=0, threshold=0.0001",0,0.001953125
0,0.0,"amp_var=0.254 (thr=0.5, range-normalized), hf_power_ratio=0.115 (thr=0.4)",0,0.0078125,longest_dropout=1 samples (thr=32),0,0.0,"n_spikes=0, z_threshold=4.0",0,0.0,"flat_windows=0, threshold=0.0001",0,0.001953125
0,0.0,"amp_var=0.417 (thr=0.5, range-normalized), hf_power_ratio=0.015 (thr=0.4)",0,0.015625,longest_dropout=2 samples (thr=32),0,0.0,"n_spikes=0, z_threshold=4.0",0,0.0,"flat_windows=0, threshold=0.0001",0,0.00390625
0,0.0,"amp_var=0.298 (thr=0.5, range-normalized), hf_power_ratio=0.118 (thr=0.4)",0,0.0078125,longest_dropout=1 samples (thr=32),0,0.0,"n_spikes=0, z_threshold=4.0",0,0.0,"flat_windows=0, threshold=0.0001",0,0.001953125
0,0.0,"amp_var=0.398 (thr=0.5, range-normalized), hf_power_ratio=0.047 (thr=0.4)",0,0.0078125,longest_dropout=1 samples (thr=32),0,0.0,"n_spikes=0, z_threshold=4.0",0,0.0,"flat_windows=0, threshold=0.0001",0,0.001953125
0,0.0,"amp_var=0.261 (thr=0.5, range-normalized), hf_power_ratio=0.140 (thr=0.4)",0,0.0078125,longest_dropout=1 samples (thr=32),0,0.0,"n_spikes=0, z_threshold=4.0",0,0.0,"flat_windows=0, threshold=0.0001",0,0.001953125
0,0.0,"amp_var=0.379 (thr=0.5, range-normalized), hf_power_ratio=0.059 (thr=0.4)",0,0.0078125,longest_dropout=1 samples (thr=32),0,0.0,"n_spikes=0, z_threshold=4.0",0,0.0,"flat_windows=0, threshold=0.0001",0,0.001953125
0,0.0,"amp_var=0.391 (thr=0.5, range-normalized), hf_power_ratio=0.056 (thr=0.4)",0,0.0078125,longest_dropout=1 samples (thr=32),0,0.0,"n_spikes=0, z_threshold=4.0",0,0.0,"flat_windows=0, threshold=0.0001",0,0.001953125
0,0.0,"amp_var=0.250 (thr=0.5, range-normalized), hf_power_ratio=0.122 (thr=0.4)",0,0.0078125,longest_dropout=1 samples (thr=32),0,0.0,"n_spikes=0, z_threshold=4.0",0,0.0,"flat_windows=0, threshold=0.0001",0,0.001953125
0,0.0,"amp_var=0.271 (thr=0.5, range-normalized), hf_power_ratio=0.214 (thr=0.4)",1,0.484375,longest_dropout=62 samples (thr=32),0,0.0,"n_spikes=0, z_threshold=4.0",0,0.0,"flat_windows=0, threshold=0.0001",1,0.12109375
0,0.0,"amp_var=0.342 (thr=0.5, range-normalized), hf_power_ratio=0.090 (thr=0.4)",0,0.0078125,longest_dropout=1 samples (thr=32),0,0.0,"n_spikes=0, z_threshold=4.0",0,0.0,"flat_windows=0, threshold=0.0001",0,0.001953125
0,0.0,"amp_var=0.350 (thr=0.5, range-normalized), hf_power_ratio=0.086 (thr=0.4)",0,0.0078125,longest_dropout=1 samples (thr=32),0,0.0,"n_spikes=0, z_threshold=4.0",0,0.0,"flat_windows=0, threshold=0.0001",0,0.001953125
0,0.0,"amp_var=0.257 (thr=0.5, range-normalized), hf_power_ratio=0.173 (thr=0.4)",1,0.4453125,longest_dropout=57 samples (thr=32),0,0.0,"n_spikes=0, z_threshold=4.0",0,0.0,"flat_windows=0, threshold=0.0001",1,0.111328125
0,0.0,"amp_var=0.283 (thr=0.5, range-normalized), hf_power_ratio=0.103 (thr=0.4)",0,0.0078125,longest_dropout=1 samples (thr=32),0,0.0,"n_spikes=0, z_threshold=4.0",0,0.0,"flat_windows=0, threshold=0.0001",0,0.001953125
0,0.0,"amp_var=0.413 (thr=0.5, range-normalized), hf_power_ratio=0.022 (thr=0.4)",0,0.015625,longest_dropout=2 samples (thr=32),0,0.0,"n_spikes=0, z_threshold=4.0",0,0.0,"flat_windows=0, threshold=0.0001",0,0.00390625
0,0.0,"amp_var=0.264 (thr=0.5, range-normalized), hf_power_ratio=0.108 (thr=0.4)",0,0.0078125,longest_dropout=1 samples (thr=32),0,0.0,"n_spikes=0, z_threshold=4.0",0,0.0,"flat_windows=0, threshold=0.0001",0,0.001953125
0,0.0,"amp_var=0.335 (thr=0.5, range-normalized), hf_power_ratio=0.102 (thr=0.4)",0,0.0078125,longest_dropout=1 samples (thr=32),0,0.0,"n_spikes=0, z_threshold=4.0",0,0.0,"flat_windows=0, threshold=0.0001",0,0.001953125
0,0.0,"amp_var=0.396 (thr=0.5, range-normalized), hf_power_ratio=0.030 (thr=0.4)",0,0.015625,longest_dropout=2 samples (thr=32),0,0.0,"n_spikes=0, z_threshold=4.0",0,0.0,"flat_windows=0, threshold=0.0001",0,0.00390625
0,0.0,"amp_var=0.355 (thr=0.5, range-normalized), hf_power_ratio=0.080 (thr=0.4)",0,0.0078125,longest_dropout=1 samples (thr=32),0,0.0,"n_spikes=0, z_threshold=4.0",0,0.0,"flat_windows=0, threshold=0.0001",0,0.001953125
0,0.0,"amp_var=0.346 (thr=0.5, range-normalized), hf_power_ratio=0.116 (thr=0.4)",0,0.1796875,longest_dropout=23 samples (thr=32),0,0.0,"n_spikes=0, z_threshold=4.0",0,0.0,"flat_windows=0, threshold=0.0001",0,0.044921875
0,0.0,"amp_var=0.380 (thr=0.5, range-normalized), hf_power_ratio=0.026 (thr=0.4)",0,0.0078125,longest_dropout=1 samples (thr=32),0,0.0,"n_spikes=0, z_threshold=4.0",0,0.0,"flat_windows=0, threshold=0.0001",0,0.001953125
0,0.0,"amp_var=0.294 (thr=0.5, range-normalized), hf_power_ratio=0.131 (thr=0.4)",1,0.3125,longest_dropout=40 samples (thr=32),0,0.0,"n_spikes=0, z_threshold=4.0",0,0.0,"flat_windows=0, threshold=0.0001",1,0.078125
0,0.0,"amp_var=0.249 (thr=0.5, range-normalized), hf_power_ratio=0.156 (thr=0.4)",1,0.3671875,longest_dropout=47 samples (thr=32),0,0.0,"n_spikes=0, z_threshold=4.0",0,0.0,"flat_windows=0, threshold=0.0001",1,0.091796875
0,0.0,"amp_var=0.373 (thr=0.5, range-normalized), hf_power_ratio=0.075 (thr=0.4)",0,0.0078125,longest_dropout=1 samples (thr=32),0,0.0,"n_spikes=0, z_threshold=4.0",0,0.0,"flat_windows=0, threshold=0.0001",0,0.001953125
0,0.0,"amp_var=0.308 (thr=0.5, range-normalized), hf_power_ratio=0.103 (thr=0.4)",1,0.390625,longest_dropout=50 samples (thr=32),0,0.0,"n_spikes=0, z_threshold=4.0",0,0.0,"flat_windows=0, threshold=0.0001",1,0.09765625
0,0.0,"amp_var=0.270 (thr=0.5, range-normalized), hf_power_ratio=0.191 (thr=0.4)",1,0.3984375,longest_dropout=51 samples (thr=32),0,0.0,"n_spikes=0, z_threshold=4.0",0,0.0,"flat_windows=0, threshold=0.0001",1,0.099609375
0,0.0,"amp_var=0.283 (thr=0.5, range-normalized), hf_power_ratio=0.098 (thr=0.4)",0,0.0078125,longest_dropout=1 samples (thr=32),0,0.0,"n_spikes=0, z_threshold=4.0",0,0.0,"flat_windows=0, threshold=0.0001",0,0.001953125
0,0.0,"amp_var=0.292 (thr=0.5, range-normalized), hf_power_ratio=0.114 (thr=0.4)",1,0.25,longest_dropout=32 samples (thr=32),0,0.0,"n_spikes=0, z_threshold=4.0",0,0.0,"flat_windows=0, threshold=0.0001",1,0.0625
0,0.0,"amp_var=0.321 (thr=0.5, range-normalized), hf_power_ratio=0.093 (thr=0.4)",0,0.203125,longest_dropout=26 samples (thr=32),0,0.0,"n_spikes=0, z_threshold=4.0",0,0.0,"flat_windows=0, threshold=0.0001",0,0.05078125
0,0.0,"amp_var=0.420 (thr=0.5, range-normalized), hf_power_ratio=0.014 (thr=0.4)",0,0.0078125,longest_dropout=1 samples (thr=32),0,0.0,"n_spikes=0, z_threshold=4.0",0,0.0,"flat_windows=0, threshold=0.0001",0,0.001953125
0,0.0,"amp_var=0.235 (thr=0.5, range-normalized), hf_power_ratio=0.214 (thr=0.4)",1,0.34375,longest_dropout=44 samples (thr=32),0,0.0,"n_spikes=0, z_threshold=4.0",0,0.0,"flat_windows=0, threshold=0.0001",1,0.0859375
0,0.0,"amp_var=0.361 (thr=0.5, range-normalized), hf_power_ratio=0.096 (thr=0.4)",0,0.0078125,longest_dropout=1 samples (thr=32),0,0.0,"n_spikes=0, z_threshold=4.0",0,0.0,"flat_windows=0, threshold=0.0001",0,0.001953125
0,0.0,"amp_var=0.436 (thr=0.5, range-normalized), hf_power_ratio=0.010 (thr=0.4)",0,0.0078125,longest_dropout=1 samples (thr=32),0,0.0,"n_spikes=0, z_threshold=4.0",0,0.0,"flat_windows=0, threshold=0.0001",0,0.001953125
0,0.0,"amp_var=0.305 (thr=0.5, range-normalized), hf_power_ratio=0.144 (thr=0.4)",1,0.4609375,longest_dropout=59 samples (thr=32),0,0.0,"n_spikes=0, z_threshold=4.0",0,0.0,"flat_windows=0, threshold=0.0001",1,0.115234375
0,0.0,"amp_var=0.390 (thr=0.5, range-normalized), hf_power_ratio=0.044 (thr=0.4)",0,0.0078125,longest_dropout=1 samples (thr=32),0,0.0,"n_spikes=0, z_threshold=4.0",0,0.0,"flat_windows=0, threshold=0.0001",0,0.001953125
0,0.0,"amp_var=0.296 (thr=0.5, range-normalized), hf_power_ratio=0.152 (thr=0.4)",1,0.25,longest_dropout=32 samples (thr=32),0,0.0,"n_spikes=0, z_threshold=4.0",0,0.0,"flat_windows=0, threshold=0.0001",1,0.0625
0,0.0,"amp_var=0.380 (thr=0.5, range-normalized), hf_power_ratio=0.020 (thr=0.4)",0,0.0078125,longest_dropout=1 samples (thr=32),0,0.0,"n_spikes=0, z_threshold=4.0",0,0.0,"flat_windows=0, threshold=0.0001",0,0.001953125
0,0.0,"amp_var=0.443 (thr=0.5, range-normalized), hf_power_ratio=0.004 (thr=0.4)",0,0.015625,longest_dropout=2 samples (thr=32),0,0.0,"n_spikes=0, z_threshold=4.0",0,0.0,"flat_windows=0, threshold=0.0001",0,0.00390625
0,0.0,"amp_var=0.375 (thr=0.5, range-normalized), hf_power_ratio=0.062 (thr=0.4)",0,0.0078125,longest_dropout=1 samples (thr=32),0,0.0,"n_spikes=0, z_threshold=4.0",0,0.0,"flat_windows=0, threshold=0.0001",0,0.001953125
0,0.0,"amp_var=0.401 (thr=0.5, range-normalized), hf_power_ratio=0.068 (thr=0.4)",0,0.0078125,longest_dropout=1 samples (thr=32),0,0.0,"n_spikes=0, z_threshold=4.0",0,0.0,"flat_windows=0, threshold=0.0001",0,0.001953125
0,0.0,"amp_var=0.416 (thr=0.5, range-normalized), hf_power_ratio=0.019 (thr=0.4)",0,0.0078125,longest_dropout=1 samples (thr=32),0,0.0,"n_spikes=0, z_threshold=4.0",0,0.0,"flat_windows=0, threshold=0.0001",0,0.001953125
0,0.0,"amp_var=0.304 (thr=0.5, range-normalized), hf_power_ratio=0.082 (thr=0.4)",1,0.46875,longest_dropout=60 samples (thr=32),0,0.0,"n_spikes=0, z_threshold=4.0",0,0.0,"flat_windows=0, threshold=0.0001",1,0.1171875
0,0.0,"amp_var=0.395 (thr=0.5, range-normalized), hf_power_ratio=0.035 (thr=0.4)",0,0.0078125,longest_dropout=1 samples (thr=32),0,0.0,"n_spikes=0, z_threshold=4.0",0,0.0,"flat_windows=0, threshold=0.0001",0,0.001953125
0,0.0,"amp_var=0.290 (thr=0.5, range-normalized), hf_power_ratio=0.135 (thr=0.4)",0,0.0078125,longest_dropout=1 samples (thr=32),0,0.0,"n_spikes=0, z_threshold=4.0",0,0.0,"flat_windows=0, threshold=0.0001",0,0.001953125
0,0.0,"amp_var=0.375 (thr=0.5, range-normalized), hf_power_ratio=0.046 (thr=0.4)",0,0.0078125,longest_dropout=1 samples (thr=32),0,0.0,"n_spikes=0, z_threshold=4.0",0,0.0,"flat_windows=0, threshold=0.0001",0,0.001953125
0,0.0,"amp_var=0.303 (thr=0.5, range-normalized), hf_power_ratio=0.179 (thr=0.4)",0,0.15625,longest_dropout=20 samples (thr=32),0,0.0,"n_spikes=0, z_threshold=4.0",0,0.0,"flat_windows=0, threshold=0.0001",0,0.0390625
0,0.0,"amp_var=0.367 (thr=0.5, range-normalized), hf_power_ratio=0.044 (thr=0.4)",0,0.0078125,longest_dropout=1 samples (thr=32),0,0.0,"n_spikes=0, z_threshold=4.0",0,0.0,"flat_windows=0, threshold=0.0001",0,0.001953125
0,0.0,"amp_var=0.392 (thr=0.5, range-normalized), hf_power_ratio=0.035 (thr=0.4)",0,0.0078125,longest_dropout=1 samples (thr=32),0,0.0,"n_spikes=0, z_threshold=4.0",0,0.0,"flat_windows=0, threshold=0.0001",0,0.001953125
0,0.0,"amp_var=0.307 (thr=0.5, range-normalized), hf_power_ratio=0.134 (thr=0.4)",1,0.359375,longest_dropout=46 samples (thr=32),0,0.0,"n_spikes=0, z_threshold=4.0",0,0.0,"flat_windows=0, threshold=0.0001",1,0.08984375
0,0.0,"amp_var=0.380 (thr=0.5, range-normalized), hf_power_ratio=0.047 (thr=0.4)",0,0.0078125,longest_dropout=1 samples (thr=32),0,0.0,"n_spikes=0, z_threshold=4.0",0,0.0,"flat_windows=0, threshold=0.0001",0,0.001953125
0,0.0,"amp_var=0.280 (thr=0.5, range-normalized), hf_power_ratio=0.121 (thr=0.4)",0,0.0078125,longest_dropout=1 samples (thr=32),0,0.0,"n_spikes=0, z_threshold=4.0",0,0.0,"flat_windows=0, threshold=0.0001",0,0.001953125
0,0.0,"amp_var=0.368 (thr=0.5, range-normalized), hf_power_ratio=0.063 (thr=0.4)",0,0.0078125,longest_dropout=1 samples (thr=32),0,0.0,"n_spikes=0, z_threshold=4.0",0,0.0,"flat_windows=0, threshold=0.0001",0,0.001953125
0,0.0,"amp_var=0.297 (thr=0.5, range-normalized), hf_power_ratio=0.147 (thr=0.4)",1,0.359375,longest_dropout=46 samples (thr=32),0,0.0,"n_spikes=0, z_threshold=4.0",0,0.0,"flat_windows=0, threshold=0.0001",1,0.08984375
0,0.0,"amp_var=0.313 (thr=0.5, range-normalized), hf_power_ratio=0.145 (thr=0.4)",0,0.1953125,longest_dropout=25 samples (thr=32),0,0.0,"n_spikes=0, z_threshold=4.0",0,0.0,"flat_windows=0, threshold=0.0001",0,0.048828125
0,0.0,"amp_var=0.284 (thr=0.5, range-normalized), hf_power_ratio=0.121 (thr=0.4)",0,0.0078125,longest_dropout=1 samples (thr=32),0,0.0,"n_spikes=0, z_threshold=4.0",0,0.0,"flat_windows=0, threshold=0.0001",0,0.001953125
0,0.0,"amp_var=0.345 (thr=0.5, range-normalized), hf_power_ratio=0.062 (thr=0.4)",0,0.203125,longest_dropout=26 samples (thr=32),0,0.0,"n_spikes=0, z_threshold=4.0",0,0.0,"flat_windows=0, threshold=0.0001",0,0.05078125
0,0.0,"amp_var=0.330 (thr=0.5, range-normalized), hf_power_ratio=0.097 (thr=0.4)",1,0.265625,longest_dropout=34 samples (thr=32),0,0.0,"n_spikes=0, z_threshold=4.0",0,0.0,"flat_windows=0, threshold=0.0001",1,0.06640625
0,0.0,"amp_var=0.364 (thr=0.5, range-normalized), hf_power_ratio=0.057 (thr=0.4)",0,0.0234375,longest_dropout=3 samples (thr=32),0,0.0,"n_spikes=0, z_threshold=4.0",0,0.0,"flat_windows=0, threshold=0.0001",0,0.005859375
0,0.0,"amp_var=0.268 (thr=0.5, range-normalized), hf_power_ratio=0.148 (thr=0.4)",1,0.3828125,longest_dropout=49 samples (thr=32),0,0.0,"n_spikes=0, z_threshold=4.0",0,0.0,"flat_windows=0, threshold=0.0001",1,0.095703125
0,0.0,"amp_var=0.291 (thr=0.5, range-normalized), hf_power_ratio=0.138 (thr=0.4)",0,0.0078125,longest_dropout=1 samples (thr=32),0,0.0,"n_spikes=0, z_threshold=4.0",0,0.0,"flat_windows=0, threshold=0.0001",0,0.001953125
0,0.0,"amp_var=0.217 (thr=0.5, range-normalized), hf_power_ratio=0.107 (thr=0.4)",1,0.265625,longest_dropout=34 samples (thr=32),0,0.0,"n_spikes=0, z_threshold=4.0",0,0.0,"flat_windows=0, threshold=0.0001",1,0.06640625
0,0.0,"amp_var=0.278 (thr=0.5, range-normalized), hf_power_ratio=0.154 (thr=0.4)",1,0.3125,longest_dropout=40 samples (thr=32),0,0.0,"n_spikes=0, z_threshold=4.0",0,0.0,"flat_windows=0, threshold=0.0001",1,0.078125
0,0.0,"amp_var=0.266 (thr=0.5, range-normalized), hf_power_ratio=0.152 (thr=0.4)",0,0.234375,longest_dropout=30 samples (thr=32),0,0.0,"n_spikes=0, z_threshold=4.0",0,0.0,"flat_windows=0, threshold=0.0001",0,0.05859375
0,0.0,"amp_var=0.380 (thr=0.5, range-normalized), hf_power_ratio=0.031 (thr=0.4)",0,0.015625,longest_dropout=2 samples (thr=32),0,0.0,"n_spikes=0, z_threshold=4.0",0,0.0,"flat_windows=0, threshold=0.0001",0,0.00390625
0,0.0,"amp_var=0.357 (thr=0.5, range-normalized), hf_power_ratio=0.104 (thr=0.4)",0,0.015625,longest_dropout=2 samples (thr=32),0,0.0,"n_spikes=0, z_threshold=4.0",0,0.0,"flat_windows=0, threshold=0.0001",0,0.00390625
0,0.0,"amp_var=0.348 (thr=0.5, range-normalized), hf_power_ratio=0.045 (thr=0.4)",0,0.015625,longest_dropout=2 samples (thr=32),0,0.0,"n_spikes=0, z_threshold=4.0",0,0.0,"flat_windows=0, threshold=0.0001",0,0.00390625
0,0.0,"amp_var=0.277 (thr=0.5, range-normalized), hf_power_ratio=0.125 (thr=0.4)",1,0.3046875,longest_dropout=39 samples (thr=32),0,0.0,"n_spikes=0, z_threshold=4.0",0,0.0,"flat_windows=0, threshold=0.0001",1,0.076171875
0,0.0,"amp_var=0.304 (thr=0.5, range-normalized), hf_power_ratio=0.104 (thr=0.4)",0,0.0078125,longest_dropout=1 samples (thr=32),0,0.0,"n_spikes=0, z_threshold=4.0",0,0.0,"flat_windows=0, threshold=0.0001",0,0.001953125
0,0.0,"amp_var=0.428 (thr=0.5, range-normalized), hf_power_ratio=0.010 (thr=0.4)",0,0.0078125,longest_dropout=1 samples (thr=32),0,0.0,"n_spikes=0, z_threshold=4.0",0,0.0,"flat_windows=0, threshold=0.0001",0,0.001953125
0,0.0,"amp_var=0.384 (thr=0.5, range-normalized), hf_power_ratio=0.026 (thr=0.4)",0,0.0078125,longest_dropout=1 samples (thr=32),0,0.0,"n_spikes=0, z_threshold=4.0",0,0.0,"flat_windows=0, threshold=0.0001",0,0.001953125
0,0.0,"amp_var=0.403 (thr=0.5, range-normalized), hf_power_ratio=0.024 (thr=0.4)",0,0.0078125,longest_dropout=1 samples (thr=32),0,0.0,"n_spikes=0, z_threshold=4.0",0,0.0,"flat_windows=0, threshold=0.0001",0,0.001953125
0,0.0,"amp_var=0.426 (thr=0.5, range-normalized), hf_power_ratio=0.006 (thr=0.4)",0,0.015625,longest_dropout=2 samples (thr=32),0,0.0,"n_spikes=0, z_threshold=4.0",0,0.0,"flat_windows=0, threshold=0.0001",0,0.00390625
0,0.0,"amp_var=0.384 (thr=0.5, range-normalized), hf_power_ratio=0.045 (thr=0.4)",0,0.0078125,longest_dropout=1 samples (thr=32),0,0.0,"n_spikes=0, z_threshold=4.0",0,0.0,"flat_windows=0, threshold=0.0001",0,0.001953125
0,0.0,"amp_var=0.377 (thr=0.5, range-normalized), hf_power_ratio=0.041 (thr=0.4)",0,0.0078125,longest_dropout=1 samples (thr=32),0,0.0,"n_spikes=0, z_threshold=4.0",0,0.0,"flat_windows=0, threshold=0.0001",0,0.001953125
0,0.0,"amp_var=0.255 (thr=0.5, range-normalized), hf_power_ratio=0.233 (thr=0.4)",1,0.4140625,longest_dropout=53 samples (thr=32),0,0.0,"n_spikes=0, z_threshold=4.0",0,0.0,"flat_windows=0, threshold=0.0001",1,0.103515625
0,0.0,"amp_var=0.354 (thr=0.5, range-normalized), hf_power_ratio=0.036 (thr=0.4)",1,0.25,longest_dropout=32 samples (thr=32),0,0.0,"n_spikes=0, z_threshold=4.0",0,0.0,"flat_windows=0, threshold=0.0001",1,0.0625
0,0.0,"amp_var=0.375 (thr=0.5, range-normalized), hf_power_ratio=0.028 (thr=0.4)",0,0.015625,longest_dropout=2 samples (thr=32),0,0.0,"n_spikes=0, z_threshold=4.0",0,0.0,"flat_windows=0, threshold=0.0001",0,0.00390625
0,0.0,"amp_var=0.368 (thr=0.5, range-normalized), hf_power_ratio=0.070 (thr=0.4)",0,0.0078125,longest_dropout=1 samples (thr=32),0,0.0,"n_spikes=0, z_threshold=4.0",0,0.0,"flat_windows=0, threshold=0.0001",0,0.001953125
0,0.0,"amp_var=0.389 (thr=0.5, range-normalized), hf_power_ratio=0.032 (thr=0.4)",0,0.0078125,longest_dropout=1 samples (thr=32),0,0.0,"n_spikes=0, z_threshold=4.0",0,0.0,"flat_windows=0, threshold=0.0001",0,0.001953125
0,0.0,"amp_var=0.383 (thr=0.5, range-normalized), hf_power_ratio=0.044 (thr=0.4)",0,0.0078125,longest_dropout=1 samples (thr=32),0,0.0,"n_spikes=0, z_threshold=4.0",0,0.0,"flat_windows=0, threshold=0.0001",0,0.001953125
0,0.0,"amp_var=0.342 (thr=0.5, range-normalized), hf_power_ratio=0.104 (thr=0.4)",0,0.0078125,longest_dropout=1 samples (thr=32),0,0.0,"n_spikes=0, z_threshold=4.0",0,0.0,"flat_windows=0, threshold=0.0001",0,0.001953125
0,0.0,"amp_var=0.348 (thr=0.5, range-normalized), hf_power_ratio=0.053 (thr=0.4)",1,0.2890625,longest_dropout=37 samples (thr=32),0,0.0,"n_spikes=0, z_threshold=4.0",0,0.0,"flat_windows=0, threshold=0.0001",1,0.072265625
0,0.0,"amp_var=0.378 (thr=0.5, range-normalized), hf_power_ratio=0.053 (thr=0.4)",0,0.0078125,longest_dropout=1 samples (thr=32),0,0.0,"n_spikes=0, z_threshold=4.0",0,0.0,"flat_windows=0, threshold=0.0001",0,0.001953125
0,0.0,"amp_var=0.394 (thr=0.5, range-normalized), hf_power_ratio=0.031 (thr=0.4)",0,0.015625,longest_dropout=2 samples (thr=32),0,0.0,"n_spikes=0, z_threshold=4.0",0,0.0,"flat_windows=0, threshold=0.0001",0,0.00390625
0,0.0,"amp_var=0.293 (thr=0.5, range-normalized), hf_power_ratio=0.109 (thr=0.4)",1,0.390625,longest_dropout=50 samples (thr=32),0,0.0,"n_spikes=0, z_threshold=4.0",0,0.0,"flat_windows=0, threshold=0.0001",1,0.09765625
0,0.0,"amp_var=0.307 (thr=0.5, range-normalized), hf_power_ratio=0.157 (thr=0.4)",0,0.15625,longest_dropout=20 samples (thr=32),0,0.0,"n_spikes=0, z_threshold=4.0",0,0.0,"flat_windows=0, threshold=0.0001",0,0.0390625
0,0.0,"amp_var=0.374 (thr=0.5, range-normalized), hf_power_ratio=0.050 (thr=0.4)",0,0.0234375,longest_dropout=3 samples (thr=32),0,0.0,"n_spikes=0, z_threshold=4.0",0,0.0,"flat_windows=0, threshold=0.0001",0,0.005859375
0,0.0,"amp_var=0.400 (thr=0.5, range-normalized), hf_power_ratio=0.024 (thr=0.4)",0,0.015625,longest_dropout=2 samples (thr=32),0,0.0,"n_spikes=0, z_threshold=4.0",0,0.0,"flat_windows=0, threshold=0.0001",0,0.00390625
0,0.0,"amp_var=0.388 (thr=0.5, range-normalized), hf_power_ratio=0.020 (thr=0.4)",0,0.0234375,longest_dropout=3 samples (thr=32),0,0.0,"n_spikes=0, z_threshold=4.0",0,0.0,"flat_windows=0, threshold=0.0001",0,0.005859375
0,0.0,"amp_var=0.342 (thr=0.5, range-normalized), hf_power_ratio=0.143 (thr=0.4)",1,0.2578125,longest_dropout=33 samples (thr=32),0,0.0,"n_spikes=0, z_threshold=4.0",0,0.0,"flat_windows=0, threshold=0.0001",1,0.064453125
0,0.0,"amp_var=0.354 (thr=0.5, range-normalized), hf_power_ratio=0.065 (thr=0.4)",0,0.0078125,longest_dropout=1 samples (thr=32),0,0.0,"n_spikes=0, z_threshold=4.0",0,0.0,"flat_windows=0, threshold=0.0001",0,0.001953125
0,0.0,"amp_var=0.254 (thr=0.5, range-normalized), hf_power_ratio=0.185 (thr=0.4)",1,0.3046875,longest_dropout=39 samples (thr=32),0,0.0,"n_spikes=0, z_threshold=4.0",0,0.0,"flat_windows=0, threshold=0.0001",1,0.076171875
0,0.0,"amp_var=0.343 (thr=0.5, range-normalized), hf_power_ratio=0.107 (thr=0.4)",0,0.0078125,longest_dropout=1 samples (thr=32),0,0.0,"n_spikes=0, z_threshold=4.0",0,0.0,"flat_windows=0, threshold=0.0001",0,0.001953125
0,0.0,"amp_var=0.375 (thr=0.5, range-normalized), hf_power_ratio=0.031 (thr=0.4)",0,0.0078125,longest_dropout=1 samples (thr=32),0,0.0,"n_spikes=0, z_threshold=4.0",0,0.0,"flat_windows=0, threshold=0.0001",0,0.001953125
0,0.0,"amp_var=0.343 (thr=0.5, range-normalized), hf_power_ratio=0.080 (thr=0.4)",0,0.015625,longest_dropout=2 samples (thr=32),0,0.0,"n_spikes=0, z_threshold=4.0",0,0.0,"flat_windows=0, threshold=0.0001",0,0.00390625
0,0.0,"amp_var=0.355 (thr=0.5, range-normalized), hf_power_ratio=0.014 (thr=0.4)",1,0.28125,longest_dropout=36 samples (thr=32),0,0.0,"n_spikes=0, z_threshold=4.0",0,0.0,"flat_windows=0, threshold=0.0001",1,0.0703125
0,0.0,"amp_var=0.318 (thr=0.5, range-normalized), hf_power_ratio=0.113 (thr=0.4)",0,0.2109375,longest_dropout=27 samples (thr=32),0,0.0,"n_spikes=0, z_threshold=4.0",0,0.0,"flat_windows=0, threshold=0.0001",0,0.052734375
0,0.0,"amp_var=0.332 (thr=0.5, range-normalized), hf_power_ratio=0.158 (thr=0.4)",0,0.1640625,longest_dropout=21 samples (thr=32),0,0.0,"n_spikes=0, z_threshold=4.0",0,0.0,"flat_windows=0, threshold=0.0001",0,0.041015625
0,0.0,"amp_var=0.385 (thr=0.5, range-normalized), hf_power_ratio=0.027 (thr=0.4)",0,0.015625,longest_dropout=2 samples (thr=32),0,0.0,"n_spikes=0, z_threshold=4.0",0,0.0,"flat_windows=0, threshold=0.0001",0,0.00390625
0,0.0,"amp_var=0.350 (thr=0.5, range-normalized), hf_power_ratio=0.126 (thr=0.4)",0,0.0078125,longest_dropout=1 samples (thr=32),0,0.0,"n_spikes=0, z_threshold=4.0",0,0.0,"flat_windows=0, threshold=0.0001",0,0.001953125
0,0.0,"amp_var=0.407 (thr=0.5, range-normalized), hf_power_ratio=0.025 (thr=0.4)",0,0.0078125,longest_dropout=1 samples (thr=32),0,0.0,"n_spikes=0, z_threshold=4.0",0,0.0,"flat_windows=0, threshold=0.0001",0,0.001953125
0,0.0,"amp_var=0.337 (thr=0.5, range-normalized), hf_power_ratio=0.092 (thr=0.4)",1,0.25,longest_dropout=32 samples (thr=32),0,0.0,"n_spikes=0, z_threshold=4.0",0,0.0,"flat_windows=0, threshold=0.0001",1,0.0625
0,0.0,"amp_var=0.391 (thr=0.5, range-normalized), hf_power_ratio=0.018 (thr=0.4)",0,0.0078125,longest_dropout=1 samples (thr=32),0,0.0,"n_spikes=0, z_threshold=4.0",0,0.0,"flat_windows=0, threshold=0.0001",0,0.001953125
0,0.0,"amp_var=0.290 (thr=0.5, range-normalized), hf_power_ratio=0.125 (thr=0.4)",0,0.015625,longest_dropout=2 samples (thr=32),0,0.0,"n_spikes=0, z_threshold=4.0",0,0.0,"flat_windows=0, threshold=0.0001",0,0.00390625
0,0.0,"amp_var=0.270 (thr=0.5, range-normalized), hf_power_ratio=0.160 (thr=0.4)",0,0.1953125,longest_dropout=25 samples (thr=32),0,0.0,"n_spikes=0, z_threshold=4.0",0,0.0,"flat_windows=0, threshold=0.0001",0,0.048828125
0,0.0,"amp_var=0.380 (thr=0.5, range-normalized), hf_power_ratio=0.050 (thr=0.4)",0,0.0078125,longest_dropout=1 samples (thr=32),0,0.0,"n_spikes=0, z_threshold=4.0",0,0.0,"flat_windows=0, threshold=0.0001",0,0.001953125
0,0.0,"amp_var=0.306 (thr=0.5, range-normalized), hf_power_ratio=0.150 (thr=0.4)",1,0.4296875,longest_dropout=55 samples (thr=32),0,0.0,"n_spikes=0, z_threshold=4.0",0,0.0,"flat_windows=0, threshold=0.0001",1,0.107421875
0,0.0,"amp_var=0.251 (thr=0.5, range-normalized), hf_power_ratio=0.146 (thr=0.4)",0,0.21875,longest_dropout=28 samples (thr=32),0,0.0,"n_spikes=0, z_threshold=4.0",0,0.0,"flat_windows=0, threshold=0.0001",0,0.0546875
0,0.0,"amp_var=0.271 (thr=0.5, range-normalized), hf_power_ratio=0.132 (thr=0.4)",0,0.0078125,longest_dropout=1 samples (thr=32),0,0.0,"n_spikes=0, z_threshold=4.0",0,0.0,"flat_windows=0, threshold=0.0001",0,0.001953125
0,0.0,"amp_var=0.405 (thr=0.5, range-normalized), hf_power_ratio=0.030 (thr=0.4)",0,0.0078125,longest_dropout=1 samples (thr=32),0,0.0,"n_spikes=0, z_threshold=4.0",0,0.0,"flat_windows=0, threshold=0.0001",0,0.001953125
0,0.0,"amp_var=0.396 (thr=0.5, range-normalized), hf_power_ratio=0.029 (thr=0.4)",0,0.015625,longest_dropout=2 samples (thr=32),0,0.0,"n_spikes=0, z_threshold=4.0",0,0.0,"flat_windows=0, threshold=0.0001",0,0.00390625
0,0.0,"amp_var=0.248 (thr=0.5, range-normalized), hf_power_ratio=0.152 (thr=0.4)",0,0.0078125,longest_dropout=1 samples (thr=32),0,0.0,"n_spikes=0, z_threshold=4.0",0,0.0,"flat_windows=0, threshold=0.0001",0,0.001953125
0,0.0,"amp_var=0.409 (thr=0.5, range-normalized), hf_power_ratio=0.025 (thr=0.4)",0,0.015625,longest_dropout=2 samples (thr=32),0,0.0,"n_spikes=0, z_threshold=4.0",0,0.0,"flat_windows=0, threshold=0.0001",0,0.00390625
0,0.0,"amp_var=0.418 (thr=0.5, range-normalized), hf_power_ratio=0.011 (thr=0.4)",0,0.0078125,longest_dropout=1 samples (thr=32),0,0.0,"n_spikes=0, z_threshold=4.0",0,0.0,"flat_windows=0, threshold=0.0001",0,0.001953125
0,0.0,"amp_var=0.428 (thr=0.5, range-normalized), hf_power_ratio=0.010 (thr=0.4)",0,0.015625,longest_dropout=2 samples (thr=32),0,0.0,"n_spikes=0, z_threshold=4.0",0,0.0,"flat_windows=0, threshold=0.0001",0,0.00390625
0,0.0,"amp_var=0.247 (thr=0.5, range-normalized), hf_power_ratio=0.147 (thr=0.4)",1,0.484375,longest_dropout=62 samples (thr=32),0,0.0,"n_spikes=0, z_threshold=4.0",0,0.0,"flat_windows=0, threshold=0.0001",1,0.12109375
0,0.0,"amp_var=0.275 (thr=0.5, range-normalized), hf_power_ratio=0.099 (thr=0.4)",0,0.0078125,longest_dropout=1 samples (thr=32),0,0.0,"n_spikes=0, z_threshold=4.0",0,0.0,"flat_windows=0, threshold=0.0001",0,0.001953125
0,0.0,"amp_var=0.373 (thr=0.5, range-normalized), hf_power_ratio=0.050 (thr=0.4)",0,0.0078125,longest_dropout=1 samples (thr=32),0,0.0,"n_spikes=0, z_threshold=4.0",0,0.0,"flat_windows=0, threshold=0.0001",0,0.001953125
0,0.0,"amp_var=0.383 (thr=0.5, range-normalized), hf_power_ratio=0.042 (thr=0.4)",0,0.0078125,longest_dropout=1 samples (thr=32),0,0.0,"n_spikes=0, z_threshold=4.0",0,0.0,"flat_windows=0, threshold=0.0001",0,0.001953125
0,0.0,"amp_var=0.355 (thr=0.5, range-normalized), hf_power_ratio=0.077 (thr=0.4)",0,0.0078125,longest_dropout=1 samples (thr=32),0,0.0,"n_spikes=0, z_threshold=4.0",0,0.0,"flat_windows=0, threshold=0.0001",0,0.001953125
0,0.0,"amp_var=0.318 (thr=0.5, range-normalized), hf_power_ratio=0.151 (thr=0.4)",1,0.265625,longest_dropout=34 samples (thr=32),0,0.0,"n_spikes=0, z_threshold=4.0",0,0.0,"flat_windows=0, threshold=0.0001",1,0.06640625
0,0.0,"amp_var=0.329 (thr=0.5, range-normalized), hf_power_ratio=0.095 (thr=0.4)",1,0.328125,longest_dropout=42 samples (thr=32),0,0.0,"n_spikes=0, z_threshold=4.0",0,0.0,"flat_windows=0, threshold=0.0001",1,0.08203125
0,0.0,"amp_var=0.365 (thr=0.5, range-normalized), hf_power_ratio=0.078 (thr=0.4)",0,0.0078125,longest_dropout=1 samples (thr=32),0,0.0,"n_spikes=0, z_threshold=4.0",0,0.0,"flat_windows=0, threshold=0.0001",0,0.001953125
0,0.0,"amp_var=0.303 (thr=0.5, range-normalized), hf_power_ratio=0.133 (thr=0.4)",0,0.0078125,longest_dropout=1 samples (thr=32),0,0.0,"n_spikes=0, z_threshold=4.0",0,0.0,"flat_windows=0, threshold=0.0001",0,0.001953125
0,0.0,"amp_var=0.385 (thr=0.5, range-normalized), hf_power_ratio=0.039 (thr=0.4)",0,0.0078125,longest_dropout=1 samples (thr=32),0,0.0,"n_spikes=0, z_threshold=4.0",0,0.0,"flat_windows=0, threshold=0.0001",0,0.001953125
0,0.0,"amp_var=0.353 (thr=0.5, range-normalized), hf_power_ratio=0.086 (thr=0.4)",0,0.0078125,longest_dropout=1 samples (thr=32),0,0.0,"n_spikes=0, z_threshold=4.0",0,0.0,"flat_windows=0, threshold=0.0001",0,0.001953125
0,0.0,"amp_var=0.301 (thr=0.5, range-normalized), hf_power_ratio=0.141 (thr=0.4)",1,0.40625,longest_dropout=52 samples (thr=32),0,0.0,"n_spikes=0, z_threshold=4.0",0,0.0,"flat_windows=0, threshold=0.0001",1,0.1015625
0,0.0,"amp_var=0.271 (thr=0.5, range-normalized), hf_power_ratio=0.130 (thr=0.4)",0,0.0078125,longest_dropout=1 samples (thr=32),0,0.0,"n_spikes=0, z_threshold=4.0",0,0.0,"flat_windows=0, threshold=0.0001",0,0.001953125
0,0.0,"amp_var=0.405 (thr=0.5, range-normalized), hf_power_ratio=0.027 (thr=0.4)",0,0.0078125,longest_dropout=1 samples (thr=32),0,0.0,"n_spikes=0, z_threshold=4.0",0,0.0,"flat_windows=0, threshold=0.0001",0,0.001953125
0,0.0,"amp_var=0.385 (thr=0.5, range-normalized), hf_power_ratio=0.018 (thr=0.4)",0,0.015625,longest_dropout=2 samples (thr=32),0,0.0,"n_spikes=0, z_threshold=4.0",0,0.0,"flat_windows=0, threshold=0.0001",0,0.00390625
0,0.0,"amp_var=0.278 (thr=0.5, range-normalized), hf_power_ratio=0.120 (thr=0.4)",0,0.0078125,longest_dropout=1 samples (thr=32),0,0.0,"n_spikes=0, z_threshold=4.0",0,0.0,"flat_windows=0, threshold=0.0001",0,0.001953125
0,0.0,"amp_var=0.275 (thr=0.5, range-normalized), hf_power_ratio=0.115 (thr=0.4)",0,0.0078125,longest_dropout=1 samples (thr=32),0,0.0,"n_spikes=0, z_threshold=4.0",0,0.0,"flat_windows=0, threshold=0.0001",0,0.001953125
0,0.0,"amp_var=0.380 (thr=0.5, range-normalized), hf_power_ratio=0.034 (thr=0.4)",0,0.0078125,longest_dropout=1 samples (thr=32),0,0.0,"n_spikes=0, z_threshold=4.0",0,0.0,"flat_windows=0, threshold=0.0001",0,0.001953125
0,0.0,"amp_var=0.394 (thr=0.5, range-normalized), hf_power_ratio=0.025 (thr=0.4)",0,0.0078125,longest_dropout=1 samples (thr=32),0,0.0,"n_spikes=0, z_threshold=4.0",0,0.0,"flat_windows=0, threshold=0.0001",0,0.001953125
0,0.0,"amp_var=0.293 (thr=0.5, range-normalized), hf_power_ratio=0.134 (thr=0.4)",0,0.0078125,longest_dropout=1 samples (thr=32),0,0.0,"n_spikes=0, z_threshold=4.0",0,0.0,"flat_windows=0, threshold=0.0001",0,0.001953125
0,0.0,"amp_var=0.284 (thr=0.5, range-normalized), hf_power_ratio=0.148 (thr=0.4)",1,0.453125,longest_dropout=58 samples (thr=32),0,0.0,"n_spikes=0, z_threshold=4.0",0,0.0,"flat_windows=0, threshold=0.0001",1,0.11328125
0,0.0,"amp_var=0.281 (thr=0.5, range-normalized), hf_power_ratio=0.130 (thr=0.4)",0,0.0078125,longest_dropout=1 samples (thr=32),0,0.0,"n_spikes=0, z_threshold=4.0",0,0.0,"flat_windows=0, threshold=0.0001",0,0.001953125
0,0.0,"amp_var=0.372 (thr=0.5, range-normalized), hf_power_ratio=0.040 (thr=0.4)",0,0.015625,longest_dropout=2 samples (thr=32),0,0.0,"n_spikes=0, z_threshold=4.0",0,0.0,"flat_windows=0, threshold=0.0001",0,0.00390625
0,0.0,"amp_var=0.366 (thr=0.5, range-normalized), hf_power_ratio=0.066 (thr=0.4)",0,0.0078125,longest_dropout=1 samples (thr=32),0,0.0,"n_spikes=0, z_threshold=4.0",0,0.0,"flat_windows=0, threshold=0.0001",0,0.001953125
0,0.0,"amp_var=0.381 (thr=0.5, range-normalized), hf_power_ratio=0.056 (thr=0.4)",0,0.0078125,longest_dropout=1 samples (thr=32),0,0.0,"n_spikes=0, z_threshold=4.0",0,0.0,"flat_windows=0, threshold=0.0001",0,0.001953125
0,0.0,"amp_var=0.282 (thr=0.5, range-normalized), hf_power_ratio=0.165 (thr=0.4)",1,0.34375,longest_dropout=44 samples (thr=32),0,0.0,"n_spikes=0, z_threshold=4.0",0,0.0,"flat_windows=0, threshold=0.0001",1,0.0859375
0,0.0,"amp_var=0.293 (thr=0.5, range-normalized), hf_power_ratio=0.152 (thr=0.4)",1,0.3125,longest_dropout=40 samples (thr=32),0,0.0,"n_spikes=0, z_threshold=4.0",0,0.0,"flat_windows=0, threshold=0.0001",1,0.078125
0,0.0,"amp_var=0.259 (thr=0.5, range-normalized), hf_power_ratio=0.181 (thr=0.4)",0,0.015625,longest_dropout=2 samples (thr=32),0,0.0,"n_spikes=0, z_threshold=4.0",0,0.0,"flat_windows=0, threshold=0.0001",0,0.00390625
0,0.0,"amp_var=0.269 (thr=0.5, range-normalized), hf_power_ratio=0.152 (thr=0.4)",0,0.140625,longest_dropout=18 samples (thr=32),0,0.0,"n_spikes=0, z_threshold=4.0",0,0.0,"flat_windows=0, threshold=0.0001",0,0.03515625
0,0.0,"amp_var=0.369 (thr=0.5, range-normalized), hf_power_ratio=0.059 (thr=0.4)",0,0.0078125,longest_dropout=1 samples (thr=32),0,0.0,"n_spikes=0, z_threshold=4.0",0,0.0,"flat_windows=0, threshold=0.0001",0,0.001953125
0,0.0,"amp_var=0.390 (thr=0.5, range-normalized), hf_power_ratio=0.027 (thr=0.4)",0,0.0078125,longest_dropout=1 samples (thr=32),0,0.0,"n_spikes=0, z_threshold=4.0",0,0.0,"flat_windows=0, threshold=0.0001",0,0.001953125
0,0.0,"amp_var=0.365 (thr=0.5, range-normalized), hf_power_ratio=0.052 (thr=0.4)",0,0.0078125,longest_dropout=1 samples (thr=32),0,0.0,"n_spikes=0, z_threshold=4.0",0,0.0,"flat_windows=0, threshold=0.0001",0,0.001953125
0,0.0,"amp_var=0.332 (thr=0.5, range-normalized), hf_power_ratio=0.067 (thr=0.4)",0,0.0078125,longest_dropout=1 samples (thr=32),0,0.0,"n_spikes=0, z_threshold=4.0",0,0.0,"flat_windows=0, threshold=0.0001",0,0.001953125
0,0.0,"amp_var=0.371 (thr=0.5, range-normalized), hf_power_ratio=0.061 (thr=0.4)",0,0.0078125,longest_dropout=1 samples (thr=32),0,0.0,"n_spikes=0, z_threshold=4.0",0,0.0,"flat_windows=0, threshold=0.0001",0,0.001953125
0,0.0,"amp_var=0.397 (thr=0.5, range-normalized), hf_power_ratio=0.025 (thr=0.4)",0,0.0078125,longest_dropout=1 samples (thr=32),0,0.0,"n_spikes=0, z_threshold=4.0",0,0.0,"flat_windows=0, threshold=0.0001",0,0.001953125
0,0.0,"amp_var=0.368 (thr=0.5, range-normalized), hf_power_ratio=0.079 (thr=0.4)",0,0.0078125,longest_dropout=1 samples (thr=32),0,0.0,"n_spikes=0, z_threshold=4.0",0,0.0,"flat_windows=0, threshold=0.0001",0,0.001953125
0,0.0,"amp_var=0.287 (thr=0.5, range-normalized), hf_power_ratio=0.157 (thr=0.4)",1,0.4375,longest_dropout=56 samples (thr=32),0,0.0,"n_spikes=0, z_threshold=4.0",0,0.0,"flat_windows=0, threshold=0.0001",1,0.109375
0,0.0,"amp_var=0.369 (thr=0.5, range-normalized), hf_power_ratio=0.043 (thr=0.4)",0,0.0078125,longest_dropout=1 samples (thr=32),0,0.0,"n_spikes=0, z_threshold=4.0",0,0.0,"flat_windows=0, threshold=0.0001",0,0.001953125
0,0.0,"amp_var=0.344 (thr=0.5, range-normalized), hf_power_ratio=0.046 (thr=0.4)",0,0.015625,longest_dropout=2 samples (thr=32),0,0.0,"n_spikes=0, z_threshold=4.0",0,0.0,"flat_windows=0, threshold=0.0001",0,0.00390625
0,0.0,"amp_var=0.300 (thr=0.5, range-normalized), hf_power_ratio=0.160 (thr=0.4)",0,0.1875,longest_dropout=24 samples (thr=32),0,0.0,"n_spikes=0, z_threshold=4.0",0,0.0,"flat_windows=0, threshold=0.0001",0,0.046875
0,0.0,"amp_var=0.358 (thr=0.5, range-normalized), hf_power_ratio=0.079 (thr=0.4)",0,0.0078125,longest_dropout=1 samples (thr=32),0,0.0,"n_spikes=0, z_threshold=4.0",0,0.0,"flat_windows=0, threshold=0.0001",0,0.001953125
0,0.0,"amp_var=0.354 (thr=0.5, range-normalized), hf_power_ratio=0.091 (thr=0.4)",0,0.0078125,longest_dropout=1 samples (thr=32),0,0.0,"n_spikes=0, z_threshold=4.0",0,0.0,"flat_windows=0, threshold=0.0001",0,0.001953125
0,0.0,"amp_var=0.419 (thr=0.5, range-normalized), hf_power_ratio=0.010 (thr=0.4)",0,0.0078125,longest_dropout=1 samples (thr=32),0,0.0,"n_spikes=0, z_threshold=4.0",0,0.0,"flat_windows=0, threshold=0.0001",0,0.001953125
0,0.0,"amp_var=0.397 (thr=0.5, range-normalized), hf_power_ratio=0.040 (thr=0.4)",0,0.0078125,longest_dropout=1 samples (thr=32),0,0.0,"n_spikes=0, z_threshold=4.0",0,0.0,"flat_windows=0, threshold=0.0001",0,0.001953125
0,0.0,"amp_var=0.300 (thr=0.5, range-normalized), hf_power_ratio=0.142 (thr=0.4)",1,0.46875,longest_dropout=60 samples (thr=32),0,0.0,"n_spikes=0, z_threshold=4.0",0,0.0,"flat_windows=0, threshold=0.0001",1,0.1171875
0,0.0,"amp_var=0.247 (thr=0.5, range-normalized), hf_power_ratio=0.120 (thr=0.4)",0,0.0078125,longest_dropout=1 samples (thr=32),0,0.0,"n_spikes=0, z_threshold=4.0",0,0.0,"flat_windows=0, threshold=0.0001",0,0.001953125
0,0.0,"amp_var=0.274 (thr=0.5, range-normalized), hf_power_ratio=0.141 (thr=0.4)",1,0.46875,longest_dropout=60 samples (thr=32),0,0.0,"n_spikes=0, z_threshold=4.0",0,0.0,"flat_windows=0, threshold=0.0001",1,0.1171875
0,0.0,"amp_var=0.359 (thr=0.5, range-normalized), hf_power_ratio=0.080 (thr=0.4)",0,0.0078125,longest_dropout=1 samples (thr=32),0,0.0,"n_spikes=0, z_threshold=4.0",0,0.0,"flat_windows=0, threshold=0.0001",0,0.001953125
0,0.0,"amp_var=0.402 (thr=0.5, range-normalized), hf_power_ratio=0.034 (thr=0.4)",0,0.015625,longest_dropout=2 samples (thr=32),0,0.0,"n_spikes=0, z_threshold=4.0",0,0.0,"flat_windows=0, threshold=0.0001",0,0.00390625
0,0.0,"amp_var=0.364 (thr=0.5, range-normalized), hf_power_ratio=0.055 (thr=0.4)",0,0.0078125,longest_dropout=1 samples (thr=32),0,0.0,"n_spikes=0, z_threshold=4.0",0,0.0,"flat_windows=0, threshold=0.0001",0,0.001953125
0,0.0,"amp_var=0.372 (thr=0.5, range-normalized), hf_power_ratio=0.024 (thr=0.4)",0,0.015625,longest_dropout=2 samples (thr=32),0,0.0,"n_spikes=0, z_threshold=4.0",0,0.0,"flat_windows=0, threshold=0.0001",0,0.00390625
0,0.0,"amp_var=0.389 (thr=0.5, range-normalized), hf_power_ratio=0.028 (thr=0.4)",0,0.0078125,longest_dropout=1 samples (thr=32),0,0.0,"n_spikes=0, z_threshold=4.0",0,0.0,"flat_windows=0, threshold=0.0001",0,0.001953125
0,0.0,"amp_var=0.258 (thr=0.5, range-normalized), hf_power_ratio=0.099 (thr=0.4)",0,0.0078125,longest_dropout=1 samples (thr=32),0,0.0,"n_spikes=0, z_threshold=4.0",0,0.0,"flat_windows=0, threshold=0.0001",0,0.001953125
0,0.0,"amp_var=0.317 (thr=0.5, range-normalized), hf_power_ratio=0.109 (thr=0.4)",0,0.234375,longest_dropout=30 samples (thr=32),0,0.0,"n_spikes=0, z_threshold=4.0",0,0.0,"flat_windows=0, threshold=0.0001",0,0.05859375
0,0.0,"amp_var=0.274 (thr=0.5, range-normalized), hf_power_ratio=0.297 (thr=0.4)",1,0.3125,longest_dropout=40 samples (thr=32),0,0.0,"n_spikes=0, z_threshold=4.0",0,0.0,"flat_windows=0, threshold=0.0001",1,0.078125
0,0.0,"amp_var=0.283 (thr=0.5, range-normalized), hf_power_ratio=0.099 (thr=0.4)",0,0.0078125,longest_dropout=1 samples (thr=32),0,0.0,"n_spikes=0, z_threshold=4.0",0,0.0,"flat_windows=0, threshold=0.0001",0,0.001953125
0,0.0,"amp_var=0.308 (thr=0.5, range-normalized), hf_power_ratio=0.109 (thr=0.4)",1,0.453125,longest_dropout=58 samples (thr=32),0,0.0,"n_spikes=0, z_threshold=4.0",0,0.0,"flat_windows=0, threshold=0.0001",1,0.11328125
0,0.0,"amp_var=0.384 (thr=0.5, range-normalized), hf_power_ratio=0.040 (thr=0.4)",0,0.0078125,longest_dropout=1 samples (thr=32),0,0.0,"n_spikes=0, z_threshold=4.0",0,0.0,"flat_windows=0, threshold=0.0001",0,0.001953125
0,0.0,"amp_var=0.413 (thr=0.5, range-normalized), hf_power_ratio=0.008 (thr=0.4)",0,0.015625,longest_dropout=2 samples (thr=32),0,0.0,"n_spikes=0, z_threshold=4.0",0,0.0,"flat_windows=0, threshold=0.0001",0,0.00390625
0,0.0,"amp_var=0.311 (thr=0.5, range-normalized), hf_power_ratio=0.115 (thr=0.4)",0,0.0078125,longest_dropout=1 samples (thr=32),0,0.0,"n_spikes=0, z_threshold=4.0",0,0.0,"flat_windows=0, threshold=0.0001",0,0.001953125
0,0.0,"amp_var=0.395 (thr=0.5, range-normalized), hf_power_ratio=0.045 (thr=0.4)",0,0.0078125,longest_dropout=1 samples (thr=32),0,0.0,"n_spikes=0, z_threshold=4.0",0,0.0,"flat_windows=0, threshold=0.0001",0,0.001953125
0,0.0,"amp_var=0.365 (thr=0.5, range-normalized), hf_power_ratio=0.041 (thr=0.4)",0,0.0078125,longest_dropout=1 samples (thr=32),0,0.0,"n_spikes=0, z_threshold=4.0",0,0.0,"flat_windows=0, threshold=0.0001",0,0.001953125
0,0.0,"amp_var=0.368 (thr=0.5, range-normalized), hf_power_ratio=0.051 (thr=0.4)",0,0.015625,longest_dropout=2 samples (thr=32),0,0.0,"n_spikes=0, z_threshold=4.0",0,0.0,"flat_windows=0, threshold=0.0001",0,0.00390625
0,0.0,"amp_var=0.418 (thr=0.5, range-normalized), hf_power_ratio=0.027 (thr=0.4)",0,0.0078125,longest_dropout=1 samples (thr=32),0,0.0,"n_spikes=0, z_threshold=4.0",0,0.0,"flat_windows=0, threshold=0.0001",0,0.001953125
0,0.0,"amp_var=0.304 (thr=0.5, range-normalized), hf_power_ratio=0.169 (thr=0.4)",0,0.21875,longest_dropout=28 samples (thr=32),0,0.0,"n_spikes=0, z_threshold=4.0",0,0.0,"flat_windows=0, threshold=0.0001",0,0.0546875
0,0.0,"amp_var=0.296 (thr=0.5, range-normalized), hf_power_ratio=0.110 (thr=0.4)",0,0.0078125,longest_dropout=1 samples (thr=32),0,0.0,"n_spikes=0, z_threshold=4.0",0,0.0,"flat_windows=0, threshold=0.0001",0,0.001953125
0,0.0,"amp_var=0.384 (thr=0.5, range-normalized), hf_power_ratio=0.037 (thr=0.4)",0,0.015625,longest_dropout=2 samples (thr=32),0,0.0,"n_spikes=0, z_threshold=4.0",0,0.0,"flat_windows=0, threshold=0.0001",0,0.00390625
0,0.0,"amp_var=0.272 (thr=0.5, range-normalized), hf_power_ratio=0.137 (thr=0.4)",0,0.0078125,longest_dropout=1 samples (thr=32),0,0.0,"n_spikes=0, z_threshold=4.0",0,0.0,"flat_windows=0, threshold=0.0001",0,0.001953125
0,0.0,"amp_var=0.307 (thr=0.5, range-normalized), hf_power_ratio=0.183 (thr=0.4)",1,0.34375,longest_dropout=44 samples (thr=32),0,0.0,"n_spikes=0, z_threshold=4.0",0,0.0,"flat_windows=0, threshold=0.0001",1,0.0859375
0,0.0,"amp_var=0.389 (thr=0.5, range-normalized), hf_power_ratio=0.037 (thr=0.4)",0,0.0078125,longest_dropout=1 samples (thr=32),0,0.0,"n_spikes=0, z_threshold=4.0",0,0.0,"flat_windows=0, threshold=0.0001",0,0.001953125
0,0.0,"amp_var=0.306 (thr=0.5, range-normalized), hf_power_ratio=0.137 (thr=0.4)",0,0.15625,longest_dropout=20 samples (thr=32),0,0.0,"n_spikes=0, z_threshold=4.0",0,0.0,"flat_windows=0, threshold=0.0001",0,0.0390625
0,0.0,"amp_var=0.415 (thr=0.5, range-normalized), hf_power_ratio=0.006 (thr=0.4)",0,0.0078125,longest_dropout=1 samples (thr=32),0,0.0,"n_spikes=0, z_threshold=4.0",0,0.0,"flat_windows=0, threshold=0.0001",0,0.001953125
0,0.0,"amp_var=0.294 (thr=0.5, range-normalized), hf_power_ratio=0.078 (thr=0.4)",1,0.4765625,longest_dropout=61 samples (thr=32),0,0.0,"n_spikes=0, z_threshold=4.0",0,0.0,"flat_windows=0, threshold=0.0001",1,0.119140625
0,0.0,"amp_var=0.287 (thr=0.5, range-normalized), hf_power_ratio=0.115 (thr=0.4)",0,0.0078125,longest_dropout=1 samples (thr=32),0,0.0,"n_spikes=0, z_threshold=4.0",0,0.0,"flat_windows=0, threshold=0.0001",0,0.001953125
0,0.0,"amp_var=0.382 (thr=0.5, range-normalized), hf_power_ratio=0.038 (thr=0.4)",0,0.0078125,longest_dropout=1 samples (thr=32),0,0.0,"n_spikes=0, z_threshold=4.0",0,0.0,"flat_windows=0, threshold=0.0001",0,0.001953125
0,0.0,"amp_var=0.273 (thr=0.5, range-normalized), hf_power_ratio=0.153 (thr=0.4)",0,0.0078125,longest_dropout=1 samples (thr=32),0,0.0,"n_spikes=0, z_threshold=4.0",0,0.0,"flat_windows=0, threshold=0.0001",0,0.001953125
0,0.0,"amp_var=0.239 (thr=0.5, range-normalized), hf_power_ratio=0.219 (thr=0.4)",0,0.2265625,longest_dropout=29 samples (thr=32),0,0.0,"n_spikes=0, z_threshold=4.0",0,0.0,"flat_windows=0, threshold=0.0001",0,0.056640625
0,0.0,"amp_var=0.244 (thr=0.5, range-normalized), hf_power_ratio=0.148 (thr=0.4)",1,0.3515625,longest_dropout=45 samples (thr=32),0,0.0,"n_spikes=0, z_threshold=4.0",0,0.0,"flat_windows=0, threshold=0.0001",1,0.087890625
0,0.0,"amp_var=0.296 (thr=0.5, range-normalized), hf_power_ratio=0.227 (thr=0.4)",0,0.234375,longest_dropout=30 samples (thr=32),0,0.0,"n_spikes=0, z_threshold=4.0",0,0.0,"flat_windows=0, threshold=0.0001",0,0.05859375
0,0.0,"amp_var=0.372 (thr=0.5, range-normalized), hf_power_ratio=0.056 (thr=0.4)",0,0.015625,longest_dropout=2 samples (thr=32),0,0.0,"n_spikes=0, z_threshold=4.0",0,0.0,"flat_windows=0, threshold=0.0001",0,0.00390625
0,0.0,"amp_var=0.312 (thr=0.5, range-normalized), hf_power_ratio=0.091 (thr=0.4)",0,0.0078125,longest_dropout=1 samples (thr=32),0,0.0,"n_spikes=0, z_threshold=4.0",0,0.0,"flat_windows=0, threshold=0.0001",0,0.001953125
0,0.0,"amp_var=0.375 (thr=0.5, range-normalized), hf_power_ratio=0.070 (thr=0.4)",0,0.015625,longest_dropout=2 samples (thr=32),0,0.0,"n_spikes=0, z_threshold=4.0",0,0.0,"flat_windows=0, threshold=0.0001",0,0.00390625
0,0.0,"amp_var=0.426 (thr=0.5, range-normalized), hf_power_ratio=0.015 (thr=0.4)",0,0.0078125,longest_dropout=1 samples (thr=32),0,0.0,"n_spikes=0, z_threshold=4.0",0,0.0,"flat_windows=0, threshold=0.0001",0,0.001953125
0,0.0,"amp_var=0.369 (thr=0.5, range-normalized), hf_power_ratio=0.037 (thr=0.4)",0,0.0078125,longest_dropout=1 samples (thr=32),0,0.0,"n_spikes=0, z_threshold=4.0",0,0.0,"flat_windows=0, threshold=0.0001",0,0.001953125
0,0.0,"amp_var=0.295 (thr=0.5, range-normalized), hf_power_ratio=0.123 (thr=0.4)",0,0.0078125,longest_dropout=1 samples (thr=32),0,0.0,"n_spikes=0, z_threshold=4.0",0,0.0,"flat_windows=0, threshold=0.0001",0,0.001953125
0,0.0,"amp_var=0.382 (thr=0.5, range-normalized), hf_power_ratio=0.064 (thr=0.4)",0,0.0078125,longest_dropout=1 samples (thr=32),0,0.0,"n_spikes=0, z_threshold=4.0",0,0.0,"flat_windows=0, threshold=0.0001",0,0.001953125
0,0.0,"amp_var=0.308 (thr=0.5, range-normalized), hf_power_ratio=0.116 (thr=0.4)",0,0.0078125,longest_dropout=1 samples (thr=32),0,0.0,"n_spikes=0, z_threshold=4.0",0,0.0,"flat_windows=0, threshold=0.0001",0,0.001953125
0,0.0,"amp_var=0.305 (thr=0.5, range-normalized), hf_power_ratio=0.112 (thr=0.4)",1,0.4609375,longest_dropout=59 samples (thr=32),0,0.0,"n_spikes=0, z_threshold=4.0",0,0.0,"flat_windows=0, threshold=0.0001",1,0.115234375
0,0.0,"amp_var=0.319 (thr=0.5, range-normalized), hf_power_ratio=0.167 (thr=0.4)",1,0.25,longest_dropout=32 samples (thr=32),0,0.0,"n_spikes=0, z_threshold=4.0",0,0.0,"flat_windows=0, threshold=0.0001",1,0.0625
0,0.0,"amp_var=0.391 (thr=0.5, range-normalized), hf_power_ratio=0.030 (thr=0.4)",0,0.015625,longest_dropout=2 samples (thr=32),0,0.0,"n_spikes=0, z_threshold=4.0",0,0.0,"flat_windows=0, threshold=0.0001",0,0.00390625
0,0.0,"amp_var=0.298 (thr=0.5, range-normalized), hf_power_ratio=0.119 (thr=0.4)",0,0.0078125,longest_dropout=1 samples (thr=32),0,0.0,"n_spikes=0, z_threshold=4.0",0,0.0,"flat_windows=0, threshold=0.0001",0,0.001953125
0,0.0,"amp_var=0.361 (thr=0.5, range-normalized), hf_power_ratio=0.071 (thr=0.4)",0,0.015625,longest_dropout=2 samples (thr=32),0,0.0,"n_spikes=0, z_threshold=4.0",0,0.0,"flat_windows=0, threshold=0.0001",0,0.00390625
0,0.0,"amp_var=0.285 (thr=0.5, range-normalized), hf_power_ratio=0.138 (thr=0.4)",1,0.4765625,longest_dropout=61 samples (thr=32),0,0.0,"n_spikes=0, z_threshold=4.0",0,0.0,"flat_windows=0, threshold=0.0001",1,0.119140625
0,0.0,"amp_var=0.345 (thr=0.5, range-normalized), hf_power_ratio=0.063 (thr=0.4)",0,0.0078125,longest_dropout=1 samples (thr=32),0,0.0,"n_spikes=0, z_threshold=4.0",0,0.0,"flat_windows=0, threshold=0.0001",0,0.001953125
0,0.0,"amp_var=0.339 (thr=0.5, range-normalized), hf_power_ratio=0.057 (thr=0.4)",0,0.0078125,longest_dropout=1 samples (thr=32),0,0.0,"n_spikes=0, z_threshold=4.0",0,0.0,"flat_windows=0, threshold=0.0001",0,0.001953125
0,0.0,"amp_var=0.367 (thr=0.5, range-normalized), hf_power_ratio=0.060 (thr=0.4)",0,0.0078125,longest_dropout=1 samples (thr=32),0,0.0,"n_spikes=0, z_threshold=4.0",0,0.0,"flat_windows=0, threshold=0.0001",0,0.001953125
0,0.0,"amp_var=0.306 (thr=0.5, range-normalized), hf_power_ratio=0.082 (thr=0.4)",1,0.3203125,longest_dropout=41 samples (thr=32),0,0.0,"n_spikes=0, z_threshold=4.0",0,0.0,"flat_windows=0, threshold=0.0001",1,0.080078125
0,0.0,"amp_var=0.277 (thr=0.5, range-normalized), hf_power_ratio=0.222 (thr=0.4)",1,0.265625,longest_dropout=34 samples (thr=32),0,0.0,"n_spikes=0, z_threshold=4.0",0,0.0,"flat_windows=0, threshold=0.0001",1,0.06640625
0,0.0,"amp_var=0.358 (thr=0.5, range-normalized), hf_power_ratio=0.055 (thr=0.4)",0,0.015625,longest_dropout=2 samples (thr=32),0,0.0,"n_spikes=0, z_threshold=4.0",0,0.0,"flat_windows=0, threshold=0.0001",0,0.00390625
0,0.0,"amp_var=0.394 (thr=0.5, range-normalized), hf_power_ratio=0.050 (thr=0.4)",0,0.0078125,longest_dropout=1 samples (thr=32),0,0.0,"n_spikes=0, z_threshold=4.0",0,0.0,"flat_windows=0, threshold=0.0001",0,0.001953125
0,0.0,"amp_var=0.407 (thr=0.5, range-normalized), hf_power_ratio=0.016 (thr=0.4)",0,0.015625,longest_dropout=2 samples (thr=32),0,0.0,"n_spikes=0, z_threshold=4.0",0,0.0,"flat_windows=0, threshold=0.0001",0,0.00390625
0,0.0,"amp_var=0.376 (thr=0.5, range-normalized), hf_power_ratio=0.048 (thr=0.4)",0,0.015625,longest_dropout=2 samples (thr=32),0,0.0,"n_spikes=0, z_threshold=4.0",0,0.0,"flat_windows=0, threshold=0.0001",0,0.00390625
0,0.0,"amp_var=0.309 (thr=0.5, range-normalized), hf_power_ratio=0.132 (thr=0.4)",0,0.0078125,longest_dropout=1 samples (thr=32),0,0.0,"n_spikes=0, z_threshold=4.0",0,0.0,"flat_windows=0, threshold=0.0001",0,0.001953125
0,0.0,"amp_var=0.303 (thr=0.5, range-normalized), hf_power_ratio=0.102 (thr=0.4)",0,0.0078125,longest_dropout=1 samples (thr=32),0,0.0,"n_spikes=0, z_threshold=4.0",0,0.0,"flat_windows=0, threshold=0.0001",0,0.001953125
0,0.0,"amp_var=0.401 (thr=0.5, range-normalized), hf_power_ratio=0.017 (thr=0.4)",0,0.0078125,longest_dropout=1 samples (thr=32),0,0.0,"n_spikes=0, z_threshold=4.0",0,0.0,"flat_windows=0, threshold=0.0001",0,0.001953125
0,0.0,"amp_var=0.270 (thr=0.5, range-normalized), hf_power_ratio=0.200 (thr=0.4)",1,0.453125,longest_dropout=58 samples (thr=32),0,0.0,"n_spikes=0, z_threshold=4.0",0,0.0,"flat_windows=0, threshold=0.0001",1,0.11328125
0,0.0,"amp_var=0.350 (thr=0.5, range-normalized), hf_power_ratio=0.073 (thr=0.4)",0,0.0078125,longest_dropout=1 samples (thr=32),0,0.0,"n_spikes=0, z_threshold=4.0",0,0.0,"flat_windows=0, threshold=0.0001",0,0.001953125
0,0.0,"amp_var=0.326 (thr=0.5, range-normalized), hf_power_ratio=0.076 (thr=0.4)",1,0.421875,longest_dropout=54 samples (thr=32),0,0.0,"n_spikes=0, z_threshold=4.0",0,0.0,"flat_windows=0, threshold=0.0001",1,0.10546875
0,0.0,"amp_var=0.366 (thr=0.5, range-normalized), hf_power_ratio=0.044 (thr=0.4)",0,0.015625,longest_dropout=2 samples (thr=32),0,0.0,"n_spikes=0, z_threshold=4.0",0,0.0,"flat_windows=0, threshold=0.0001",0,0.00390625
0,0.0,"amp_var=0.312 (thr=0.5, range-normalized), hf_power_ratio=0.139 (thr=0.4)",0,0.1875,longest_dropout=24 samples (thr=32),0,0.0,"n_spikes=0, z_threshold=4.0",0,0.0,"flat_windows=0, threshold=0.0001",0,0.046875
0,0.0,"amp_var=0.401 (thr=0.5, range-normalized), hf_power_ratio=0.028 (thr=0.4)",0,0.0078125,longest_dropout=1 samples (thr=32),0,0.0,"n_spikes=0, z_threshold=4.0",0,0.0,"flat_windows=0, threshold=0.0001",0,0.001953125
0,0.0,"amp_var=0.285 (thr=0.5, range-normalized), hf_power_ratio=0.130 (thr=0.4)",1,0.3984375,longest_dropout=51 samples (thr=32),0,0.0,"n_spikes=0, z_threshold=4.0",0,0.0,"flat_windows=0, threshold=0.0001",1,0.099609375
0,0.0,"amp_var=0.251 (thr=0.5, range-normalized), hf_power_ratio=0.147 (thr=0.4)",1,0.4296875,longest_dropout=55 samples (thr=32),0,0.0,"n_spikes=0, z_threshold=4.0",0,0.0,"flat_windows=0, threshold=0.0001",1,0.107421875
0,0.0,"amp_var=0.297 (thr=0.5, range-normalized), hf_power_ratio=0.142 (thr=0.4)",1,0.3359375,longest_dropout=43 samples (thr=32),0,0.0,"n_spikes=0, z_threshold=4.0",0,0.0,"flat_windows=0, threshold=0.0001",1,0.083984375
0,0.0,"amp_var=0.253 (thr=0.5, range-normalized), hf_power_ratio=0.122 (thr=0.4)",1,0.4765625,longest_dropout=61 samples (thr=32),0,0.0,"n_spikes=0, z_threshold=4.0",0,0.0,"flat_windows=0, threshold=0.0001",1,0.119140625
0,0.0,"amp_var=0.395 (thr=0.5, range-normalized), hf_power_ratio=0.035 (thr=0.4)",0,0.0078125,longest_dropout=1 samples (thr=32),0,0.0,"n_spikes=0, z_threshold=4.0",0,0.0,"flat_windows=0, threshold=0.0001",0,0.001953125
0,0.0,"amp_var=0.292 (thr=0.5, range-normalized), hf_power_ratio=0.153 (thr=0.4)",0,0.0078125,longest_dropout=1 samples (thr=32),0,0.0,"n_spikes=0, z_threshold=4.0",0,0.0,"flat_windows=0, threshold=0.0001",0,0.001953125
0,0.0,"amp_var=0.291 (thr=0.5, range-normalized), hf_power_ratio=0.134 (thr=0.4)",1,0.390625,longest_dropout=50 samples (thr=32),0,0.0,"n_spikes=0, z_threshold=4.0",0,0.0,"flat_windows=0, threshold=0.0001",1,0.09765625
0,0.0,"amp_var=0.393 (thr=0.5, range-normalized), hf_power_ratio=0.039 (thr=0.4)",0,0.0078125,longest_dropout=1 samples (thr=32),0,0.0,"n_spikes=0, z_threshold=4.0",0,0.0,"flat_windows=0, threshold=0.0001",0,0.001953125
0,0.0,"amp_var=0.274 (thr=0.5, range-normalized), hf_power_ratio=0.109 (thr=0.4)",1,0.453125,longest_dropout=58 samples (thr=32),0,0.0,"n_spikes=0, z_threshold=4.0",0,0.0,"flat_windows=0, threshold=0.0001",1,0.11328125
0,0.0,"amp_var=0.264 (thr=0.5, range-normalized), hf_power_ratio=0.139 (thr=0.4)",1,0.34375,longest_dropout=44 samples (thr=32),0,0.0,"n_spikes=0, z_threshold=4.0",0,0.0,"flat_windows=0, threshold=0.0001",1,0.0859375
0,0.0,"amp_var=0.336 (thr=0.5, range-normalized), hf_power_ratio=0.062 (thr=0.4)",1,0.3125,longest_dropout=40 samples (thr=32),0,0.0,"n_spikes=0, z_threshold=4.0",0,0.0,"flat_windows=0, threshold=0.0001",1,0.078125
0,0.0,"amp_var=0.404 (thr=0.5, range-normalized), hf_power_ratio=0.020 (thr=0.4)",0,0.015625,longest_dropout=2 samples (thr=32),0,0.0,"n_spikes=0, z_threshold=4.0",0,0.0,"flat_windows=0, threshold=0.0001",0,0.00390625
0,0.0,"amp_var=0.284 (thr=0.5, range-normalized), hf_power_ratio=0.172 (thr=0.4)",0,0.234375,longest_dropout=30 samples (thr=32),0,0.0,"n_spikes=0, z_threshold=4.0",0,0.0,"flat_windows=0, threshold=0.0001",0,0.05859375
0,0.0,"amp_var=0.251 (thr=0.5, range-normalized), hf_power_ratio=0.126 (thr=0.4)",0,0.015625,longest_dropout=2 samples (thr=32),0,0.0,"n_spikes=0, z_threshold=4.0",0,0.0,"flat_windows=0, threshold=0.0001",0,0.00390625
0,0.0,"amp_var=0.383 (thr=0.5, range-normalized), hf_power_ratio=0.038 (thr=0.4)",0,0.015625,longest_dropout=2 samples (thr=32),0,0.0,"n_spikes=0, z_threshold=4.0",0,0.0,"flat_windows=0, threshold=0.0001",0,0.00390625
0,0.0,"amp_var=0.261 (thr=0.5, range-normalized), hf_power_ratio=0.204 (thr=0.4)",0,0.1875,longest_dropout=24 samples (thr=32),0,0.0,"n_spikes=0, z_threshold=4.0",0,0.0,"flat_windows=0, threshold=0.0001",0,0.046875
0,0.0,"amp_var=0.335 (thr=0.5, range-normalized), hf_power_ratio=0.084 (thr=0.4)",0,0.0078125,longest_dropout=1 samples (thr=32),0,0.0,"n_spikes=0, z_threshold=4.0",0,0.0,"flat_windows=0, threshold=0.0001",0,0.001953125
0,0.0,"amp_var=0.377 (thr=0.5, range-normalized), hf_power_ratio=0.025 (thr=0.4)",0,0.0078125,longest_dropout=1 samples (thr=32),0,0.0,"n_spikes=0, z_threshold=4.0",0,0.0,"flat_windows=0, threshold=0.0001",0,0.001953125
0,0.0,"amp_var=0.386 (thr=0.5, range-normalized), hf_power_ratio=0.062 (thr=0.4)",0,0.0078125,longest_dropout=1 samples (thr=32),0,0.0,"n_spikes=0, z_threshold=4.0",0,0.0,"flat_windows=0, threshold=0.0001",0,0.001953125
0,0.0,"amp_var=0.333 (thr=0.5, range-normalized), hf_power_ratio=0.127 (thr=0.4)",0,0.2421875,longest_dropout=31 samples (thr=32),0,0.0,"n_spikes=0, z_threshold=4.0",0,0.0,"flat_windows=0, threshold=0.0001",0,0.060546875
0,0.0,"amp_var=0.299 (thr=0.5, range-normalized), hf_power_ratio=0.206 (thr=0.4)",0,0.15625,longest_dropout=20 samples (thr=32),0,0.0,"n_spikes=0, z_threshold=4.0",0,0.0,"flat_windows=0, threshold=0.0001",0,0.0390625
0,0.0,"amp_var=0.322 (thr=0.5, range-normalized), hf_power_ratio=0.102 (thr=0.4)",0,0.0078125,longest_dropout=1 samples (thr=32),0,0.0,"n_spikes=0, z_threshold=4.0",0,0.0,"flat_windows=0, threshold=0.0001",0,0.001953125
0,0.0,"amp_var=0.284 (thr=0.5, range-normalized), hf_power_ratio=0.120 (thr=0.4)",0,0.0078125,longest_dropout=1 samples (thr=32),0,0.0,"n_spikes=0, z_threshold=4.0",0,0.0,"flat_windows=0, threshold=0.0001",0,0.001953125
0,0.0,"amp_var=0.391 (thr=0.5, range-normalized), hf_power_ratio=0.027 (thr=0.4)",0,0.0078125,longest_dropout=1 samples (thr=32),0,0.0,"n_spikes=0, z_threshold=4.0",0,0.0,"flat_windows=0, threshold=0.0001",0,0.001953125
0,0.0,"amp_var=0.373 (thr=0.5, range-normalized), hf_power_ratio=0.044 (thr=0.4)",0,0.0078125,longest_dropout=1 samples (thr=32),0,0.0,"n_spikes=0, z_threshold=4.0",0,0.0,"flat_windows=0, threshold=0.0001",0,0.001953125
0,0.0,"amp_var=0.413 (thr=0.5, range-normalized), hf_power_ratio=0.016 (thr=0.4)",0,0.015625,longest_dropout=2 samples (thr=32),0,0.0,"n_spikes=0, z_threshold=4.0",0,0.0,"flat_windows=0, threshold=0.0001",0,0.00390625
0,0.0,"amp_var=0.280 (thr=0.5, range-normalized), hf_power_ratio=0.135 (thr=0.4)",1,0.4296875,longest_dropout=55 samples (thr=32),0,0.0,"n_spikes=0, z_threshold=4.0",0,0.0,"flat_windows=0, threshold=0.0001",1,0.107421875
0,0.0,"amp_var=0.307 (thr=0.5, range-normalized), hf_power_ratio=0.101 (thr=0.4)",1,0.359375,longest_dropout=46 samples (thr=32),0,0.0,"n_spikes=0, z_threshold=4.0",0,0.0,"flat_windows=0, threshold=0.0001",1,0.08984375
0,0.0,"amp_var=0.282 (thr=0.5, range-normalized), hf_power_ratio=0.120 (thr=0.4)",1,0.3828125,longest_dropout=49 samples (thr=32),0,0.0,"n_spikes=0, z_threshold=4.0",0,0.0,"flat_windows=0, threshold=0.0001",1,0.095703125
0,0.0,"amp_var=0.267 (thr=0.5, range-normalized), hf_power_ratio=0.127 (thr=0.4)",0,0.0078125,longest_dropout=1 samples (thr=32),0,0.0,"n_spikes=0, z_threshold=4.0",0,0.0,"flat_windows=0, threshold=0.0001",0,0.001953125
0,0.0,"amp_var=0.337 (thr=0.5, range-normalized), hf_power_ratio=0.092 (thr=0.4)",0,0.234375,longest_dropout=30 samples (thr=32),0,0.0,"n_spikes=0, z_threshold=4.0",0,0.0,"flat_windows=0, threshold=0.0001",0,0.05859375
0,0.0,"amp_var=0.312 (thr=0.5, range-normalized), hf_power_ratio=0.133 (thr=0.4)",1,0.2890625,longest_dropout=37 samples (thr=32),0,0.0,"n_spikes=0, z_threshold=4.0",0,0.0,"flat_windows=0, threshold=0.0001",1,0.072265625
0,0.0,"amp_var=0.357 (thr=0.5, range-normalized), hf_power_ratio=0.089 (thr=0.4)",0,0.015625,longest_dropout=2 samples (thr=32),0,0.0,"n_spikes=0, z_threshold=4.0",0,0.0,"flat_windows=0, threshold=0.0001",0,0.00390625
0,0.0,"amp_var=0.367 (thr=0.5, range-normalized), hf_power_ratio=0.053 (thr=0.4)",0,0.0078125,longest_dropout=1 samples (thr=32),0,0.0,"n_spikes=0, z_threshold=4.0",0,0.0,"flat_windows=0, threshold=0.0001",0,0.001953125
0,0.0,"amp_var=0.284 (thr=0.5, range-normalized), hf_power_ratio=0.129 (thr=0.4)",0,0.015625,longest_dropout=2 samples (thr=32),0,0.0,"n_spikes=0, z_threshold=4.0",0,0.0,"flat_windows=0, threshold=0.0001",0,0.00390625
0,0.0,"amp_var=0.287 (thr=0.5, range-normalized), hf_power_ratio=0.139 (thr=0.4)",0,0.0078125,longest_dropout=1 samples (thr=32),0,0.0,"n_spikes=0, z_threshold=4.0",0,0.0,"flat_windows=0, threshold=0.0001",0,0.001953125
0,0.0,"amp_var=0.254 (thr=0.5, range-normalized), hf_power_ratio=0.148 (thr=0.4)",1,0.4140625,longest_dropout=53 samples (thr=32),0,0.0,"n_spikes=0, z_threshold=4.0",0,0.0,"flat_windows=0, threshold=0.0001",1,0.103515625
0,0.0,"amp_var=0.411 (thr=0.5, range-normalized), hf_power_ratio=0.028 (thr=0.4)",0,0.015625,longest_dropout=2 samples (thr=32),0,0.0,"n_spikes=0, z_threshold=4.0",0,0.0,"flat_windows=0, threshold=0.0001",0,0.00390625
0,0.0,"amp_var=0.275 (thr=0.5, range-normalized), hf_power_ratio=0.127 (thr=0.4)",0,0.0078125,longest_dropout=1 samples (thr=32),0,0.0,"n_spikes=0, z_threshold=4.0",0,0.0,"flat_windows=0, threshold=0.0001",0,0.001953125
0,0.0,"amp_var=0.419 (thr=0.5, range-normalized), hf_power_ratio=0.010 (thr=0.4)",0,0.015625,longest_dropout=2 samples (thr=32),0,0.0,"n_spikes=0, z_threshold=4.0",0,0.0,"flat_windows=0, threshold=0.0001",0,0.00390625
0,0.0,"amp_var=0.392 (thr=0.5, range-normalized), hf_power_ratio=0.041 (thr=0.4)",0,0.0078125,longest_dropout=1 samples (thr=32),0,0.0,"n_spikes=0, z_threshold=4.0",0,0.0,"flat_windows=0, threshold=0.0001",0,0.001953125
0,0.0,"amp_var=0.339 (thr=0.5, range-normalized), hf_power_ratio=0.091 (thr=0.4)",1,0.2734375,longest_dropout=35 samples (thr=32),0,0.0,"n_spikes=0, z_threshold=4.0",0,0.0,"flat_windows=0, threshold=0.0001",1,0.068359375
0,0.0,"amp_var=0.344 (thr=0.5, range-normalized), hf_power_ratio=0.064 (thr=0.4)",0,0.0078125,longest_dropout=1 samples (thr=32),0,0.0,"n_spikes=0, z_threshold=4.0",0,0.0,"flat_windows=0, threshold=0.0001",0,0.001953125
0,0.0,"amp_var=0.337 (thr=0.5, range-normalized), hf_power_ratio=0.077 (thr=0.4)",0,0.171875,longest_dropout=22 samples (thr=32),0,0.0,"n_spikes=0, z_threshold=4.0",0,0.0,"flat_windows=0, threshold=0.0001",0,0.04296875
0,0.0,"amp_var=0.259 (thr=0.5, range-normalized), hf_power_ratio=0.110 (thr=0.4)",0,0.0078125,longest_dropout=1 samples (thr=32),0,0.0,"n_spikes=0, z_threshold=4.0",0,0.0,"flat_windows=0, threshold=0.0001",0,0.001953125
0,0.0,"amp_var=0.297 (thr=0.5, range-normalized), hf_power_ratio=0.163 (thr=0.4)",1,0.390625,longest_dropout=50 samples (thr=32),0,0.0,"n_spikes=0, z_threshold=4.0",0,0.0,"flat_windows=0, threshold=0.0001",1,0.09765625
0,0.0,"amp_var=0.266 (thr=0.5, range-normalized), hf_power_ratio=0.124 (thr=0.4)",1,0.4609375,longest_dropout=59 samples (thr=32),0,0.0,"n_spikes=0, z_threshold=4.0",0,0.0,"flat_windows=0, threshold=0.0001",1,0.115234375
0,0.0,"amp_var=0.401 (thr=0.5, range-normalized), hf_power_ratio=0.026 (thr=0.4)",0,0.0078125,longest_dropout=1 samples (thr=32),0,0.0,"n_spikes=0, z_threshold=4.0",0,0.0,"flat_windows=0, threshold=0.0001",0,0.001953125
0,0.0,"amp_var=0.410 (thr=0.5, range-normalized), hf_power_ratio=0.003 (thr=0.4)",0,0.0078125,longest_dropout=1 samples (thr=32),0,0.0,"n_spikes=0, z_threshold=4.0",0,0.0,"flat_windows=0, threshold=0.0001",0,0.001953125
0,0.0,"amp_var=0.397 (thr=0.5, range-normalized), hf_power_ratio=0.041 (thr=0.4)",0,0.0078125,longest_dropout=1 samples (thr=32),0,0.0,"n_spikes=0, z_threshold=4.0",0,0.0,"flat_windows=0, threshold=0.0001",0,0.001953125
0,0.0,"amp_var=0.363 (thr=0.5, range-normalized), hf_power_ratio=0.054 (thr=0.4)",0,0.015625,longest_dropout=2 samples (thr=32),0,0.0,"n_spikes=0, z_threshold=4.0",0,0.0,"flat_windows=0, threshold=0.0001",0,0.00390625
0,0.0,"amp_var=0.362 (thr=0.5, range-normalized), hf_power_ratio=0.054 (thr=0.4)",0,0.0078125,longest_dropout=1 samples (thr=32),0,0.0,"n_spikes=0, z_threshold=4.0",0,0.0,"flat_windows=0, threshold=0.0001",0,0.001953125
0,0.0,"amp_var=0.353 (thr=0.5, range-normalized), hf_power_ratio=0.036 (thr=0.4)",1,0.3828125,longest_dropout=49 samples (thr=32),0,0.0,"n_spikes=0, z_threshold=4.0",0,0.0,"flat_windows=0, threshold=0.0001",1,0.095703125
0,0.0,"amp_var=0.433 (thr=0.5, range-normalized), hf_power_ratio=0.005 (thr=0.4)",0,0.015625,longest_dropout=2 samples (thr=32),0,0.0,"n_spikes=0, z_threshold=4.0",0,0.0,"flat_windows=0, threshold=0.0001",0,0.00390625
0,0.0,"amp_var=0.195 (thr=0.5, range-normalized), hf_power_ratio=0.143 (thr=0.4)",1,0.375,longest_dropout=48 samples (thr=32),0,0.0,"n_spikes=0, z_threshold=4.0",0,0.0,"flat_windows=0, threshold=0.0001",1,0.09375
0,0.0,"amp_var=0.391 (thr=0.5, range-normalized), hf_power_ratio=0.020 (thr=0.4)",0,0.0078125,longest_dropout=1 samples (thr=32),0,0.0,"n_spikes=0, z_threshold=4.0",0,0.0,"flat_windows=0, threshold=0.0001",0,0.001953125
0,0.0,"amp_var=0.337 (thr=0.5, range-normalized), hf_power_ratio=0.113 (thr=0.4)",0,0.0078125,longest_dropout=1 samples (thr=32),0,0.0,"n_spikes=0, z_threshold=4.0",0,0.0,"flat_windows=0, threshold=0.0001",0,0.001953125
0,0.0,"amp_var=0.403 (thr=0.5, range-normalized), hf_power_ratio=0.029 (thr=0.4)",0,0.0078125,longest_dropout=1 samples (thr=32),0,0.0,"n_spikes=0, z_threshold=4.0",0,0.0,"flat_windows=0, threshold=0.0001",0,0.001953125
0,0.0,"amp_var=0.289 (thr=0.5, range-normalized), hf_power_ratio=0.194 (thr=0.4)",0,0.15625,longest_dropout=20 samples (thr=32),0,0.0,"n_spikes=0, z_threshold=4.0",0,0.0,"flat_windows=0, threshold=0.0001",0,0.0390625
0,0.0,"amp_var=0.379 (thr=0.5, range-normalized), hf_power_ratio=0.058 (thr=0.4)",0,0.0078125,longest_dropout=1 samples (thr=32),0,0.0,"n_spikes=0, z_threshold=4.0",0,0.0,"flat_windows=0, threshold=0.0001",0,0.001953125
0,0.0,"amp_var=0.358 (thr=0.5, range-normalized), hf_power_ratio=0.111 (thr=0.4)",0,0.0078125,longest_dropout=1 samples (thr=32),0,0.0,"n_spikes=0, z_threshold=4.0",0,0.0,"flat_windows=0, threshold=0.0001",0,0.001953125
0,0.0,"amp_var=0.312 (thr=0.5, range-normalized), hf_power_ratio=0.061 (thr=0.4)",1,0.4609375,longest_dropout=59 samples (thr=32),0,0.0,"n_spikes=0, z_threshold=4.0",0,0.0,"flat_windows=0, threshold=0.0001",1,0.115234375
0,0.0,"amp_var=0.311 (thr=0.5, range-normalized), hf_power_ratio=0.147 (thr=0.4)",0,0.2109375,longest_dropout=27 samples (thr=32),0,0.0,"n_spikes=0, z_threshold=4.0",0,0.0,"flat_windows=0, threshold=0.0001",0,0.052734375
0,0.0,"amp_var=0.327 (thr=0.5, range-normalized), hf_power_ratio=0.070 (thr=0.4)",1,0.40625,longest_dropout=52 samples (thr=32),0,0.0,"n_spikes=0, z_threshold=4.0",0,0.0,"flat_windows=0, threshold=0.0001",1,0.1015625
0,0.0,"amp_var=0.261 (thr=0.5, range-normalized), hf_power_ratio=0.128 (thr=0.4)",0,0.0078125,longest_dropout=1 samples (thr=32),0,0.0,"n_spikes=0, z_threshold=4.0",0,0.0,"flat_windows=0, threshold=0.0001",0,0.001953125
0,0.0,"amp_var=0.374 (thr=0.5, range-normalized), hf_power_ratio=0.057 (thr=0.4)",0,0.0078125,longest_dropout=1 samples (thr=32),0,0.0,"n_spikes=0, z_threshold=4.0",0,0.0,"flat_windows=0, threshold=0.0001",0,0.001953125
0,0.0,"amp_var=0.418 (thr=0.5, range-normalized), hf_power_ratio=0.020 (thr=0.4)",0,0.0078125,longest_dropout=1 samples (thr=32),0,0.0,"n_spikes=0, z_threshold=4.0",0,0.0,"flat_windows=0, threshold=0.0001",0,0.001953125
0,0.0,"amp_var=0.305 (thr=0.5, range-normalized), hf_power_ratio=0.079 (thr=0.4)",1,0.3828125,longest_dropout=49 samples (thr=32),0,0.0,"n_spikes=0, z_threshold=4.0",0,0.0,"flat_windows=0, threshold=0.0001",1,0.095703125
0,0.0,"amp_var=0.359 (thr=0.5, range-normalized), hf_power_ratio=0.090 (thr=0.4)",0,0.0078125,longest_dropout=1 samples (thr=32),0,0.0,"n_spikes=0, z_threshold=4.0",0,0.0,"flat_windows=0, threshold=0.0001",0,0.001953125
0,0.0,"amp_var=0.359 (thr=0.5, range-normalized), hf_power_ratio=0.061 (thr=0.4)",0,0.015625,longest_dropout=2 samples (thr=32),0,0.0,"n_spikes=0, z_threshold=4.0",0,0.0,"flat_windows=0, threshold=0.0001",0,0.00390625
0,0.0,"amp_var=0.394 (thr=0.5, range-normalized), hf_power_ratio=0.053 (thr=0.4)",0,0.0078125,longest_dropout=1 samples (thr=32),0,0.0,"n_spikes=0, z_threshold=4.0",0,0.0,"flat_windows=0, threshold=0.0001",0,0.001953125
0,0.0,"amp_var=0.421 (thr=0.5, range-normalized), hf_power_ratio=0.018 (thr=0.4)",0,0.015625,longest_dropout=2 samples (thr=32),0,0.0,"n_spikes=0, z_threshold=4.0",0,0.0,"flat_windows=0, threshold=0.0001",0,0.00390625
0,0.0,"amp_var=0.380 (thr=0.5, range-normalized), hf_power_ratio=0.057 (thr=0.4)",0,0.0078125,longest_dropout=1 samples (thr=32),0,0.0,"n_spikes=0, z_threshold=4.0",0,0.0,"flat_windows=0, threshold=0.0001",0,0.001953125
0,0.0,"amp_var=0.349 (thr=0.5, range-normalized), hf_power_ratio=0.064 (thr=0.4)",0,0.0078125,longest_dropout=1 samples (thr=32),0,0.0,"n_spikes=0, z_threshold=4.0",0,0.0,"flat_windows=0, threshold=0.0001",0,0.001953125
0,0.0,"amp_var=0.392 (thr=0.5, range-normalized), hf_power_ratio=0.024 (thr=0.4)",0,0.015625,longest_dropout=2 samples (thr=32),0,0.0,"n_spikes=0, z_threshold=4.0",0,0.0,"flat_windows=0, threshold=0.0001",0,0.00390625
0,0.0,"amp_var=0.280 (thr=0.5, range-normalized), hf_power_ratio=0.126 (thr=0.4)",1,0.4140625,longest_dropout=53 samples (thr=32),0,0.0,"n_spikes=0, z_threshold=4.0",0,0.0,"flat_windows=0, threshold=0.0001",1,0.103515625
0,0.0,"amp_var=0.410 (thr=0.5, range-normalized), hf_power_ratio=0.043 (thr=0.4)",0,0.015625,longest_dropout=2 samples (thr=32),0,0.0,"n_spikes=0, z_threshold=4.0",0,0.0,"flat_windows=0, threshold=0.0001",0,0.00390625
0,0.0,"amp_var=0.386 (thr=0.5, range-normalized), hf_power_ratio=0.036 (thr=0.4)",0,0.0078125,longest_dropout=1 samples (thr=32),0,0.0,"n_spikes=0, z_threshold=4.0",0,0.0,"flat_windows=0, threshold=0.0001",0,0.001953125
0,0.0,"amp_var=0.281 (thr=0.5, range-normalized), hf_power_ratio=0.136 (thr=0.4)",0,0.0078125,longest_dropout=1 samples (thr=32),0,0.0,"n_spikes=0, z_threshold=4.0",0,0.0,"flat_windows=0, threshold=0.0001",0,0.001953125
0,0.0,"amp_var=0.337 (thr=0.5, range-normalized), hf_power_ratio=0.092 (thr=0.4)",0,0.0078125,longest_dropout=1 samples (thr=32),0,0.0,"n_spikes=0, z_threshold=4.0",0,0.0,"flat_windows=0, threshold=0.0001",0,0.001953125
0,0.0,"amp_var=0.365 (thr=0.5, range-normalized), hf_power_ratio=0.050 (thr=0.4)",0,0.0078125,longest_dropout=1 samples (thr=32),0,0.0,"n_spikes=0, z_threshold=4.0",0,0.0,"flat_windows=0, threshold=0.0001",0,0.001953125
0,0.0,"amp_var=0.396 (thr=0.5, range-normalized), hf_power_ratio=0.025 (thr=0.4)",0,0.0078125,longest_dropout=1 samples (thr=32),0,0.0,"n_spikes=0, z_threshold=4.0",0,0.0,"flat_windows=0, threshold=0.0001",0,0.001953125
0,0.0,"amp_var=0.312 (thr=0.5, range-normalized), hf_power_ratio=0.112 (thr=0.4)",1,0.25,longest_dropout=32 samples (thr=32),0,0.0,"n_spikes=0, z_threshold=4.0",0,0.0,"flat_windows=0, threshold=0.0001",1,0.0625
0,0.0,"amp_var=0.402 (thr=0.5, range-normalized), hf_power_ratio=0.017 (thr=0.4)",0,0.0078125,longest_dropout=1 samples (thr=32),0,0.0,"n_spikes=0, z_threshold=4.0",0,0.0,"flat_windows=0, threshold=0.0001",0,0.001953125
0,0.0,"amp_var=0.379 (thr=0.5, range-normalized), hf_power_ratio=0.050 (thr=0.4)",0,0.0078125,longest_dropout=1 samples (thr=32),0,0.0,"n_spikes=0, z_threshold=4.0",0,0.0,"flat_windows=0, threshold=0.0001",0,0.001953125
0,0.0,"amp_var=0.253 (thr=0.5, range-normalized), hf_power_ratio=0.157 (thr=0.4)",1,0.40625,longest_dropout=52 samples (thr=32),0,0.0,"n_spikes=0, z_threshold=4.0",0,0.0,"flat_windows=0, threshold=0.0001",1,0.1015625
0,0.0,"amp_var=0.371 (thr=0.5, range-normalized), hf_power_ratio=0.060 (thr=0.4)",0,0.0078125,longest_dropout=1 samples (thr=32),0,0.0,"n_spikes=0, z_threshold=4.0",0,0.0,"flat_windows=0, threshold=0.0001",0,0.001953125
0,0.0,"amp_var=0.386 (thr=0.5, range-normalized), hf_power_ratio=0.042 (thr=0.4)",0,0.0078125,longest_dropout=1 samples (thr=32),0,0.0,"n_spikes=0, z_threshold=4.0",0,0.0,"flat_windows=0, threshold=0.0001",0,0.001953125
0,0.0,"amp_var=0.288 (thr=0.5, range-normalized), hf_power_ratio=0.161 (thr=0.4)",0,0.0078125,longest_dropout=1 samples (thr=32),0,0.0,"n_spikes=0, z_threshold=4.0",0,0.0,"flat_windows=0, threshold=0.0001",0,0.001953125
0,0.0,"amp_var=0.401 (thr=0.5, range-normalized), hf_power_ratio=0.014 (thr=0.4)",0,0.0078125,longest_dropout=1 samples (thr=32),0,0.0,"n_spikes=0, z_threshold=4.0",0,0.0,"flat_windows=0, threshold=0.0001",0,0.001953125
0,0.0,"amp_var=0.271 (thr=0.5, range-normalized), hf_power_ratio=0.173 (thr=0.4)",1,0.375,longest_dropout=48 samples (thr=32),0,0.0,"n_spikes=0, z_threshold=4.0",0,0.0,"flat_windows=0, threshold=0.0001",1,0.09375
0,0.0,"amp_var=0.345 (thr=0.5, range-normalized), hf_power_ratio=0.083 (thr=0.4)",0,0.0078125,longest_dropout=1 samples (thr=32),0,0.0,"n_spikes=0, z_threshold=4.0",0,0.0,"flat_windows=0, threshold=0.0001",0,0.001953125
0,0.0,"amp_var=0.340 (thr=0.5, range-normalized), hf_power_ratio=0.076 (thr=0.4)",0,0.0078125,longest_dropout=1 samples (thr=32),0,0.0,"n_spikes=0, z_threshold=4.0",0,0.0,"flat_windows=0, threshold=0.0001",0,0.001953125
0,0.0,"amp_var=0.266 (thr=0.5, range-normalized), hf_power_ratio=0.119 (thr=0.4)",0,0.0078125,longest_dropout=1 samples (thr=32),0,0.0,"n_spikes=0, z_threshold=4.0",0,0.0,"flat_windows=0, threshold=0.0001",0,0.001953125
0,0.0,"amp_var=0.365 (thr=0.5, range-normalized), hf_power_ratio=0.058 (thr=0.4)",0,0.015625,longest_dropout=2 samples (thr=32),0,0.0,"n_spikes=0, z_threshold=4.0",0,0.0,"flat_windows=0, threshold=0.0001",0,0.00390625
0,0.0,"amp_var=0.378 (thr=0.5, range-normalized), hf_power_ratio=0.028 (thr=0.4)",0,0.0078125,longest_dropout=1 samples (thr=32),0,0.0,"n_spikes=0, z_threshold=4.0",0,0.0,"flat_windows=0, threshold=0.0001",0,0.001953125
0,0.0,"amp_var=0.385 (thr=0.5, range-normalized), hf_power_ratio=0.039 (thr=0.4)",0,0.0078125,longest_dropout=1 samples (thr=32),0,0.0,"n_spikes=0, z_threshold=4.0",0,0.0,"flat_windows=0, threshold=0.0001",0,0.001953125
0,0.0,"amp_var=0.333 (thr=0.5, range-normalized), hf_power_ratio=0.089 (thr=0.4)",0,0.171875,longest_dropout=22 samples (thr=32),0,0.0,"n_spikes=0, z_threshold=4.0",0,0.0,"flat_windows=0, threshold=0.0001",0,0.04296875
0,0.0,"amp_var=0.296 (thr=0.5, range-normalized), hf_power_ratio=0.160 (thr=0.4)",1,0.4453125,longest_dropout=57 samples (thr=32),0,0.0,"n_spikes=0, z_threshold=4.0",0,0.0,"flat_windows=0, threshold=0.0001",1,0.111328125
0,0.0,"amp_var=0.306 (thr=0.5, range-normalized), hf_power_ratio=0.103 (thr=0.4)",0,0.0078125,longest_dropout=1 samples (thr=32),0,0.0,"n_spikes=0, z_threshold=4.0",0,0.0,"flat_windows=0, threshold=0.0001",0,0.001953125
0,0.0,"amp_var=0.303 (thr=0.5, range-normalized), hf_power_ratio=0.144 (thr=0.4)",0,0.0078125,longest_dropout=1 samples (thr=32),0,0.0,"n_spikes=0, z_threshold=4.0",0,0.0,"flat_windows=0, threshold=0.0001",0,0.001953125
0,0.0,"amp_var=0.294 (thr=0.5, range-normalized), hf_power_ratio=0.142 (thr=0.4)",1,0.2578125,longest_dropout=33 samples (thr=32),0,0.0,"n_spikes=0, z_threshold=4.0",0,0.0,"flat_windows=0, threshold=0.0001",1,0.064453125
0,0.0,"amp_var=0.267 (thr=0.5, range-normalized), hf_power_ratio=0.123 (thr=0.4)",0,0.0078125,longest_dropout=1 samples (thr=32),0,0.0,"n_spikes=0, z_threshold=4.0",0,0.0,"flat_windows=0, threshold=0.0001",0,0.001953125
0,0.0,"amp_var=0.382 (thr=0.5, range-normalized), hf_power_ratio=0.059 (thr=0.4)",0,0.0078125,longest_dropout=1 samples (thr=32),0,0.0,"n_spikes=0, z_threshold=4.0",0,0.0,"flat_windows=0, threshold=0.0001",0,0.001953125
0,0.0,"amp_var=0.348 (thr=0.5, range-normalized), hf_power_ratio=0.100 (thr=0.4)",0,0.0078125,longest_dropout=1 samples (thr=32),0,0.0,"n_spikes=0, z_threshold=4.0",0,0.0,"flat_windows=0, threshold=0.0001",0,0.001953125
0,0.0,"amp_var=0.406 (thr=0.5, range-normalized), hf_power_ratio=0.019 (thr=0.4)",0,0.0078125,longest_dropout=1 samples (thr=32),0,0.0,"n_spikes=0, z_threshold=4.0",0,0.0,"flat_windows=0, threshold=0.0001",0,0.001953125
0,0.0,"amp_var=0.384 (thr=0.5, range-normalized), hf_power_ratio=0.041 (thr=0.4)",0,0.0078125,longest_dropout=1 samples (thr=32),0,0.0,"n_spikes=0, z_threshold=4.0",0,0.0,"flat_windows=0, threshold=0.0001",0,0.001953125
0,0.0,"amp_var=0.283 (thr=0.5, range-normalized), hf_power_ratio=0.104 (thr=0.4)",0,0.0078125,longest_dropout=1 samples (thr=32),0,0.0,"n_spikes=0, z_threshold=4.0",0,0.0,"flat_windows=0, threshold=0.0001",0,0.001953125
0,0.0,"amp_var=0.252 (thr=0.5, range-normalized), hf_power_ratio=0.125 (thr=0.4)",0,0.0078125,longest_dropout=1 samples (thr=32),0,0.0,"n_spikes=0, z_threshold=4.0",0,0.0,"flat_windows=0, threshold=0.0001",0,0.001953125
0,0.0,"amp_var=0.302 (thr=0.5, range-normalized), hf_power_ratio=0.121 (thr=0.4)",0,0.015625,longest_dropout=2 samples (thr=32),0,0.0,"n_spikes=0, z_threshold=4.0",0,0.0,"flat_windows=0, threshold=0.0001",0,0.00390625
0,0.0,"amp_var=0.341 (thr=0.5, range-normalized), hf_power_ratio=0.106 (thr=0.4)",0,0.0078125,longest_dropout=1 samples (thr=32),0,0.0,"n_spikes=0, z_threshold=4.0",0,0.0,"flat_windows=0, threshold=0.0001",0,0.001953125
0,0.0,"amp_var=0.395 (thr=0.5, range-normalized), hf_power_ratio=0.015 (thr=0.4)",0,0.0078125,longest_dropout=1 samples (thr=32),0,0.0,"n_spikes=0, z_threshold=4.0",0,0.0,"flat_windows=0, threshold=0.0001",0,0.001953125
0,0.0,"amp_var=0.290 (thr=0.5, range-normalized), hf_power_ratio=0.119 (thr=0.4)",0,0.0078125,longest_dropout=1 samples (thr=32),0,0.0,"n_spikes=0, z_threshold=4.0",0,0.0,"flat_windows=0, threshold=0.0001",0,0.001953125
0,0.0,"amp_var=0.298 (thr=0.5, range-normalized), hf_power_ratio=0.173 (thr=0.4)",0,0.2109375,longest_dropout=27 samples (thr=32),0,0.0,"n_spikes=0, z_threshold=4.0",0,0.0,"flat_windows=0, threshold=0.0001",0,0.052734375
0,0.0,"amp_var=0.312 (thr=0.5, range-normalized), hf_power_ratio=0.116 (thr=0.4)",0,0.0078125,longest_dropout=1 samples (thr=32),0,0.0,"n_spikes=0, z_threshold=4.0",0,0.0,"flat_windows=0, threshold=0.0001",0,0.001953125
0,0.0,"amp_var=0.287 (thr=0.5, range-normalized), hf_power_ratio=0.123 (thr=0.4)",1,0.4765625,longest_dropout=61 samples (thr=32),0,0.0,"n_spikes=0, z_threshold=4.0",0,0.0,"flat_windows=0, threshold=0.0001",1,0.119140625
0,0.0,"amp_var=0.358 (thr=0.5, range-normalized), hf_power_ratio=0.064 (thr=0.4)",0,0.0078125,longest_dropout=1 samples (thr=32),0,0.0,"n_spikes=0, z_threshold=4.0",0,0.0,"flat_windows=0, threshold=0.0001",0,0.001953125
0,0.0,"amp_var=0.355 (thr=0.5, range-normalized), hf_power_ratio=0.069 (thr=0.4)",0,0.015625,longest_dropout=2 samples (thr=32),0,0.0,"n_spikes=0, z_threshold=4.0",0,0.0,"flat_windows=0, threshold=0.0001",0,0.00390625
0,0.0,"amp_var=0.272 (thr=0.5, range-normalized), hf_power_ratio=0.164 (thr=0.4)",0,0.0078125,longest_dropout=1 samples (thr=32),0,0.0,"n_spikes=0, z_threshold=4.0",0,0.0,"flat_windows=0, threshold=0.0001",0,0.001953125
0,0.0,"amp_var=0.274 (thr=0.5, range-normalized), hf_power_ratio=0.111 (thr=0.4)",0,0.0078125,longest_dropout=1 samples (thr=32),0,0.0,"n_spikes=0, z_threshold=4.0",0,0.0,"flat_windows=0, threshold=0.0001",0,0.001953125
0,0.0,"amp_var=0.267 (thr=0.5, range-normalized), hf_power_ratio=0.150 (thr=0.4)",1,0.46875,longest_dropout=60 samples (thr=32),0,0.0,"n_spikes=0, z_threshold=4.0",0,0.0,"flat_windows=0, threshold=0.0001",1,0.1171875
0,0.0,"amp_var=0.398 (thr=0.5, range-normalized), hf_power_ratio=0.025 (thr=0.4)",0,0.0078125,longest_dropout=1 samples (thr=32),0,0.0,"n_spikes=0, z_threshold=4.0",0,0.0,"flat_windows=0, threshold=0.0001",0,0.001953125
0,0.0,"amp_var=0.349 (thr=0.5, range-normalized), hf_power_ratio=0.044 (thr=0.4)",1,0.421875,longest_dropout=54 samples (thr=32),0,0.0,"n_spikes=0, z_threshold=4.0",0,0.0,"flat_windows=0, threshold=0.0001",1,0.10546875
0,0.0,"amp_var=0.387 (thr=0.5, range-normalized), hf_power_ratio=0.040 (thr=0.4)",0,0.0078125,longest_dropout=1 samples (thr=32),0,0.0,"n_spikes=0, z_threshold=4.0",0,0.0,"flat_windows=0, threshold=0.0001",0,0.001953125
0,0.0,"amp_var=0.387 (thr=0.5, range-normalized), hf_power_ratio=0.031 (thr=0.4)",0,0.0078125,longest_dropout=1 samples (thr=32),0,0.0,"n_spikes=0, z_threshold=4.0",0,0.0,"flat_windows=0, threshold=0.0001",0,0.001953125
0,0.0,"amp_var=0.254 (thr=0.5, range-normalized), hf_power_ratio=0.117 (thr=0.4)",0,0.0078125,longest_dropout=1 samples (thr=32),0,0.0,"n_spikes=0, z_threshold=4.0",0,0.0,"flat_windows=0, threshold=0.0001",0,0.001953125
0,0.0,"amp_var=0.320 (thr=0.5, range-normalized), hf_power_ratio=0.102 (thr=0.4)",0,0.0078125,longest_dropout=1 samples (thr=32),0,0.0,"n_spikes=0, z_threshold=4.0",0,0.0,"flat_windows=0, threshold=0.0001",0,0.001953125
0,0.0,"amp_var=0.324 (thr=0.5, range-normalized), hf_power_ratio=0.103 (thr=0.4)",0,0.0078125,longest_dropout=1 samples (thr=32),0,0.0,"n_spikes=0, z_threshold=4.0",0,0.0,"flat_windows=0, threshold=0.0001",0,0.001953125
0,0.0,"amp_var=0.348 (thr=0.5, range-normalized), hf_power_ratio=0.060 (thr=0.4)",0,0.1796875,longest_dropout=23 samples (thr=32),0,0.0,"n_spikes=0, z_threshold=4.0",0,0.0,"flat_windows=0, threshold=0.0001",0,0.044921875
0,0.0,"amp_var=0.281 (thr=0.5, range-normalized), hf_power_ratio=0.083 (thr=0.4)",0,0.0078125,longest_dropout=1 samples (thr=32),0,0.0,"n_spikes=0, z_threshold=4.0",0,0.0,"flat_windows=0, threshold=0.0001",0,0.001953125
0,0.0,"amp_var=0.285 (thr=0.5, range-normalized), hf_power_ratio=0.123 (thr=0.4)",0,0.0078125,longest_dropout=1 samples (thr=32),0,0.0,"n_spikes=0, z_threshold=4.0",0,0.0,"flat_windows=0, threshold=0.0001",0,0.001953125
0,0.0,"amp_var=0.289 (thr=0.5, range-normalized), hf_power_ratio=0.121 (thr=0.4)",0,0.0078125,longest_dropout=1 samples (thr=32),0,0.0,"n_spikes=0, z_threshold=4.0",0,0.0,"flat_windows=0, threshold=0.0001",0,0.001953125
0,0.0,"amp_var=0.317 (thr=0.5, range-normalized), hf_power_ratio=0.114 (thr=0.4)",1,0.296875,longest_dropout=38 samples (thr=32),0,0.0,"n_spikes=0, z_threshold=4.0",0,0.0,"flat_windows=0, threshold=0.0001",1,0.07421875
0,0.0,"amp_var=0.350 (thr=0.5, range-normalized), hf_power_ratio=0.084 (thr=0.4)",0,0.0078125,longest_dropout=1 samples (thr=32),0,0.0,"n_spikes=0, z_threshold=4.0",0,0.0,"flat_windows=0, threshold=0.0001",0,0.001953125
0,0.0,"amp_var=0.391 (thr=0.5, range-normalized), hf_power_ratio=0.037 (thr=0.4)",0,0.015625,longest_dropout=2 samples (thr=32),0,0.0,"n_spikes=0, z_threshold=4.0",0,0.0,"flat_windows=0, threshold=0.0001",0,0.00390625
0,0.0,"amp_var=0.257 (thr=0.5, range-normalized), hf_power_ratio=0.161 (thr=0.4)",1,0.2890625,longest_dropout=37 samples (thr=32),0,0.0,"n_spikes=0, z_threshold=4.0",0,0.0,"flat_windows=0, threshold=0.0001",1,0.072265625
0,0.0,"amp_var=0.374 (thr=0.5, range-normalized), hf_power_ratio=0.057 (thr=0.4)",0,0.0078125,longest_dropout=1 samples (thr=32),0,0.0,"n_spikes=0, z_threshold=4.0",0,0.0,"flat_windows=0, threshold=0.0001",0,0.001953125
0,0.0,"amp_var=0.387 (thr=0.5, range-normalized), hf_power_ratio=0.036 (thr=0.4)",0,0.0078125,longest_dropout=1 samples (thr=32),0,0.0,"n_spikes=0, z_threshold=4.0",0,0.0,"flat_windows=0, threshold=0.0001",0,0.001953125
0,0.0,"amp_var=0.382 (thr=0.5, range-normalized), hf_power_ratio=0.059 (thr=0.4)",0,0.015625,longest_dropout=2 samples (thr=32),0,0.0,"n_spikes=0, z_threshold=4.0",0,0.0,"flat_windows=0, threshold=0.0001",0,0.00390625
0,0.0,"amp_var=0.398 (thr=0.5, range-normalized), hf_power_ratio=0.012 (thr=0.4)",0,0.015625,longest_dropout=2 samples (thr=32),0,0.0,"n_spikes=0, z_threshold=4.0",0,0.0,"flat_windows=0, threshold=0.0001",0,0.00390625
0,0.0,"amp_var=0.401 (thr=0.5, range-normalized), hf_power_ratio=0.038 (thr=0.4)",0,0.015625,longest_dropout=2 samples (thr=32),0,0.0,"n_spikes=0, z_threshold=4.0",0,0.0,"flat_windows=0, threshold=0.0001",0,0.00390625
0,0.0,"amp_var=0.365 (thr=0.5, range-normalized), hf_power_ratio=0.046 (thr=0.4)",0,0.2265625,longest_dropout=29 samples (thr=32),0,0.0,"n_spikes=0, z_threshold=4.0",0,0.0,"flat_windows=0, threshold=0.0001",0,0.056640625
0,0.0,"amp_var=0.280 (thr=0.5, range-normalized), hf_power_ratio=0.140 (thr=0.4)",0,0.0078125,longest_dropout=1 samples (thr=32),0,0.0,"n_spikes=0, z_threshold=4.0",0,0.0,"flat_windows=0, threshold=0.0001",0,0.001953125
0,0.0,"amp_var=0.275 (thr=0.5, range-normalized), hf_power_ratio=0.117 (thr=0.4)",0,0.0078125,longest_dropout=1 samples (thr=32),0,0.0,"n_spikes=0, z_threshold=4.0",0,0.0,"flat_windows=0, threshold=0.0001",0,0.001953125
0,0.0,"amp_var=0.376 (thr=0.5, range-normalized), hf_power_ratio=0.050 (thr=0.4)",0,0.0078125,longest_dropout=1 samples (thr=32),0,0.0,"n_spikes=0, z_threshold=4.0",0,0.0,"flat_windows=0, threshold=0.0001",0,0.001953125
0,0.0,"amp_var=0.364 (thr=0.5, range-normalized), hf_power_ratio=0.042 (thr=0.4)",0,0.0078125,longest_dropout=1 samples (thr=32),0,0.0,"n_spikes=0, z_threshold=4.0",0,0.0,"flat_windows=0, threshold=0.0001",0,0.001953125
0,0.0,"amp_var=0.376 (thr=0.5, range-normalized), hf_power_ratio=0.031 (thr=0.4)",0,0.015625,longest_dropout=2 samples (thr=32),0,0.0,"n_spikes=0, z_threshold=4.0",0,0.0,"flat_windows=0, threshold=0.0001",0,0.00390625
0,0.0,"amp_var=0.360 (thr=0.5, range-normalized), hf_power_ratio=0.101 (thr=0.4)",0,0.0078125,longest_dropout=1 samples (thr=32),0,0.0,"n_spikes=0, z_threshold=4.0",0,0.0,"flat_windows=0, threshold=0.0001",0,0.001953125
0,0.0,"amp_var=0.355 (thr=0.5, range-normalized), hf_power_ratio=0.050 (thr=0.4)",0,0.015625,longest_dropout=2 samples (thr=32),0,0.0,"n_spikes=0, z_threshold=4.0",0,0.0,"flat_windows=0, threshold=0.0001",0,0.00390625
0,0.0,"amp_var=0.410 (thr=0.5, range-normalized), hf_power_ratio=0.007 (thr=0.4)",0,0.0078125,longest_dropout=1 samples (thr=32),0,0.0,"n_spikes=0, z_threshold=4.0",0,0.0,"flat_windows=0, threshold=0.0001",0,0.001953125
0,0.0,"amp_var=0.308 (thr=0.5, range-normalized), hf_power_ratio=0.095 (thr=0.4)",1,0.3125,longest_dropout=40 samples (thr=32),0,0.0,"n_spikes=0, z_threshold=4.0",0,0.0,"flat_windows=0, threshold=0.0001",1,0.078125
0,0.0,"amp_var=0.383 (thr=0.5, range-normalized), hf_power_ratio=0.027 (thr=0.4)",0,0.015625,longest_dropout=2 samples (thr=32),0,0.0,"n_spikes=0, z_threshold=4.0",0,0.0,"flat_windows=0, threshold=0.0001",0,0.00390625
0,0.0,"amp_var=0.398 (thr=0.5, range-normalized), hf_power_ratio=0.013 (thr=0.4)",0,0.015625,longest_dropout=2 samples (thr=32),0,0.0,"n_spikes=0, z_threshold=4.0",0,0.0,"flat_windows=0, threshold=0.0001",0,0.00390625
0,0.0,"amp_var=0.319 (thr=0.5, range-normalized), hf_power_ratio=0.099 (thr=0.4)",1,0.2734375,longest_dropout=35 samples (thr=32),0,0.0,"n_spikes=0, z_threshold=4.0",0,0.0,"flat_windows=0, threshold=0.0001",1,0.068359375
0,0.0,"amp_var=0.344 (thr=0.5, range-normalized), hf_power_ratio=0.040 (thr=0.4)",1,0.25,longest_dropout=32 samples (thr=32),0,0.0,"n_spikes=0, z_threshold=4.0",0,0.0,"flat_windows=0, threshold=0.0001",1,0.0625
0,0.0,"amp_var=0.378 (thr=0.5, range-normalized), hf_power_ratio=0.035 (thr=0.4)",0,0.0078125,longest_dropout=1 samples (thr=32),0,0.0,"n_spikes=0, z_threshold=4.0",0,0.0,"flat_windows=0, threshold=0.0001",0,0.001953125
0,0.0,"amp_var=0.346 (thr=0.5, range-normalized), hf_power_ratio=0.073 (thr=0.4)",0,0.0078125,longest_dropout=1 samples (thr=32),0,0.0,"n_spikes=0, z_threshold=4.0",0,0.0,"flat_windows=0, threshold=0.0001",0,0.001953125
0,0.0,"amp_var=0.391 (thr=0.5, range-normalized), hf_power_ratio=0.021 (thr=0.4)",0,0.0078125,longest_dropout=1 samples (thr=32),0,0.0,"n_spikes=0, z_threshold=4.0",0,0.0,"flat_windows=0, threshold=0.0001",0,0.001953125
0,0.0,"amp_var=0.282 (thr=0.5, range-normalized), hf_power_ratio=0.126 (thr=0.4)",0,0.015625,longest_dropout=2 samples (thr=32),0,0.0,"n_spikes=0, z_threshold=4.0",0,0.0,"flat_windows=0, threshold=0.0001",0,0.00390625
0,0.0,"amp_var=0.383 (thr=0.5, range-normalized), hf_power_ratio=0.051 (thr=0.4)",0,0.0078125,longest_dropout=1 samples (thr=32),0,0.0,"n_spikes=0, z_threshold=4.0",0,0.0,"flat_windows=0, threshold=0.0001",0,0.001953125
0,0.0,"amp_var=0.401 (thr=0.5, range-normalized), hf_power_ratio=0.021 (thr=0.4)",0,0.0078125,longest_dropout=1 samples (thr=32),0,0.0,"n_spikes=0, z_threshold=4.0",0,0.0,"flat_windows=0, threshold=0.0001",0,0.001953125
0,0.0,"amp_var=0.394 (thr=0.5, range-normalized), hf_power_ratio=0.007 (thr=0.4)",0,0.0078125,longest_dropout=1 samples (thr=32),0,0.0,"n_spikes=0, z_threshold=4.0",0,0.0,"flat_windows=0, threshold=0.0001",0,0.001953125
0,0.0,"amp_var=0.244 (thr=0.5, range-normalized), hf_power_ratio=0.125 (thr=0.4)",1,0.453125,longest_dropout=58 samples (thr=32),0,0.0,"n_spikes=0, z_threshold=4.0",0,0.0,"flat_windows=0, threshold=0.0001",1,0.11328125
0,0.0,"amp_var=0.368 (thr=0.5, range-normalized), hf_power_ratio=0.043 (thr=0.4)",0,0.0078125,longest_dropout=1 samples (thr=32),0,0.0,"n_spikes=0, z_threshold=4.0",0,0.0,"flat_windows=0, threshold=0.0001",0,0.001953125
0,0.0,"amp_var=0.413 (thr=0.5, range-normalized), hf_power_ratio=0.014 (thr=0.4)",0,0.015625,longest_dropout=2 samples (thr=32),0,0.0,"n_spikes=0, z_threshold=4.0",0,0.0,"flat_windows=0, threshold=0.0001",0,0.00390625
0,0.0,"amp_var=0.291 (thr=0.5, range-normalized), hf_power_ratio=0.107 (thr=0.4)",0,0.0078125,longest_dropout=1 samples (thr=32),0,0.0,"n_spikes=0, z_threshold=4.0",0,0.0,"flat_windows=0, threshold=0.0001",0,0.001953125
0,0.0,"amp_var=0.440 (thr=0.5, range-normalized), hf_power_ratio=0.007 (thr=0.4)",0,0.0078125,longest_dropout=1 samples (thr=32),0,0.0,"n_spikes=0, z_threshold=4.0",0,0.0,"flat_windows=0, threshold=0.0001",0,0.001953125
0,0.0,"amp_var=0.291 (thr=0.5, range-normalized), hf_power_ratio=0.172 (thr=0.4)",1,0.3671875,longest_dropout=47 samples (thr=32),0,0.0,"n_spikes=0, z_threshold=4.0",0,0.0,"flat_windows=0, threshold=0.0001",1,0.091796875
0,0.0,"amp_var=0.288 (thr=0.5, range-normalized), hf_power_ratio=0.112 (thr=0.4)",0,0.203125,longest_dropout=26 samples (thr=32),0,0.0,"n_spikes=0, z_threshold=4.0",0,0.0,"flat_windows=0, threshold=0.0001",0,0.05078125
0,0.0,"amp_var=0.376 (thr=0.5, range-normalized), hf_power_ratio=0.049 (thr=0.4)",0,0.0078125,longest_dropout=1 samples (thr=32),0,0.0,"n_spikes=0, z_threshold=4.0",0,0.0,"flat_windows=0, threshold=0.0001",0,0.001953125
0,0.0,"amp_var=0.288 (thr=0.5, range-normalized), hf_power_ratio=0.167 (thr=0.4)",1,0.4375,longest_dropout=56 samples (thr=32),0,0.0,"n_spikes=0, z_threshold=4.0",0,0.0,"flat_windows=0, threshold=0.0001",1,0.109375
0,0.0,"amp_var=0.361 (thr=0.5, range-normalized), hf_power_ratio=0.060 (thr=0.4)",0,0.0078125,longest_dropout=1 samples (thr=32),0,0.0,"n_spikes=0, z_threshold=4.0",0,0.0,"flat_windows=0, threshold=0.0001",0,0.001953125
0,0.0,"amp_var=0.397 (thr=0.5, range-normalized), hf_power_ratio=0.031 (thr=0.4)",0,0.0078125,longest_dropout=1 samples (thr=32),0,0.0,"n_spikes=0, z_threshold=4.0",0,0.0,"flat_windows=0, threshold=0.0001",0,0.001953125
0,0.0,"amp_var=0.428 (thr=0.5, range-normalized), hf_power_ratio=0.019 (thr=0.4)",0,0.0078125,longest_dropout=1 samples (thr=32),0,0.0,"n_spikes=0, z_threshold=4.0",0,0.0,"flat_windows=0, threshold=0.0001",0,0.001953125
0,0.0,"amp_var=0.306 (thr=0.5, range-normalized), hf_power_ratio=0.208 (thr=0.4)",0,0.21875,longest_dropout=28 samples (thr=32),0,0.0,"n_spikes=0, z_threshold=4.0",0,0.0,"flat_windows=0, threshold=0.0001",0,0.0546875
0,0.0,"amp_var=0.378 (thr=0.5, range-normalized), hf_power_ratio=0.073 (thr=0.4)",0,0.0078125,longest_dropout=1 samples (thr=32),0,0.0,"n_spikes=0, z_threshold=4.0",0,0.0,"flat_windows=0, threshold=0.0001",0,0.001953125
0,0.0,"amp_var=0.411 (thr=0.5, range-normalized), hf_power_ratio=0.022 (thr=0.4)",0,0.015625,longest_dropout=2 samples (thr=32),0,0.0,"n_spikes=0, z_threshold=4.0",0,0.0,"flat_windows=0, threshold=0.0001",0,0.00390625
0,0.0,"amp_var=0.429 (thr=0.5, range-normalized), hf_power_ratio=0.015 (thr=0.4)",0,0.0078125,longest_dropout=1 samples (thr=32),0,0.0,"n_spikes=0, z_threshold=4.0",0,0.0,"flat_windows=0, threshold=0.0001",0,0.001953125
0,0.0,"amp_var=0.261 (thr=0.5, range-normalized), hf_power_ratio=0.169 (thr=0.4)",0,0.1796875,longest_dropout=23 samples (thr=32),0,0.0,"n_spikes=0, z_threshold=4.0",0,0.0,"flat_windows=0, threshold=0.0001",0,0.044921875
0,0.0,"amp_var=0.424 (thr=0.5, range-normalized), hf_power_ratio=0.014 (thr=0.4)",0,0.0078125,longest_dropout=1 samples (thr=32),0,0.0,"n_spikes=0, z_threshold=4.0",0,0.0,"flat_windows=0, threshold=0.0001",0,0.001953125
0,0.0,"amp_var=0.394 (thr=0.5, range-normalized), hf_power_ratio=0.033 (thr=0.4)",0,0.0078125,longest_dropout=1 samples (thr=32),0,0.0,"n_spikes=0, z_threshold=4.0",0,0.0,"flat_windows=0, threshold=0.0001",0,0.001953125
0,0.0,"amp_var=0.308 (thr=0.5, range-normalized), hf_power_ratio=0.113 (thr=0.4)",1,0.2734375,longest_dropout=35 samples (thr=32),0,0.0,"n_spikes=0, z_threshold=4.0",0,0.0,"flat_windows=0, threshold=0.0001",1,0.068359375
0,0.0,"amp_var=0.264 (thr=0.5, range-normalized), hf_power_ratio=0.150 (thr=0.4)",0,0.0078125,longest_dropout=1 samples (thr=32),0,0.0,"n_spikes=0, z_threshold=4.0",0,0.0,"flat_windows=0, threshold=0.0001",0,0.001953125
0,0.0,"amp_var=0.279 (thr=0.5, range-normalized), hf_power_ratio=0.120 (thr=0.4)",0,0.015625,longest_dropout=2 samples (thr=32),0,0.0,"n_spikes=0, z_threshold=4.0",0,0.0,"flat_windows=0, threshold=0.0001",0,0.00390625
0,0.0,"amp_var=0.298 (thr=0.5, range-normalized), hf_power_ratio=0.101 (thr=0.4)",0,0.0078125,longest_dropout=1 samples (thr=32),0,0.0,"n_spikes=0, z_threshold=4.0",0,0.0,"flat_windows=0, threshold=0.0001",0,0.001953125
0,0.0,"amp_var=0.334 (thr=0.5, range-normalized), hf_power_ratio=0.154 (thr=0.4)",0,0.0078125,longest_dropout=1 samples (thr=32),0,0.0,"n_spikes=0, z_threshold=4.0",0,0.0,"flat_windows=0, threshold=0.0001",0,0.001953125
0,0.0,"amp_var=0.302 (thr=0.5, range-normalized), hf_power_ratio=0.191 (thr=0.4)",1,0.265625,longest_dropout=34 samples (thr=32),0,0.0,"n_spikes=0, z_threshold=4.0",0,0.0,"flat_windows=0, threshold=0.0001",1,0.06640625
0,0.0,"amp_var=0.325 (thr=0.5, range-normalized), hf_power_ratio=0.031 (thr=0.4)",1,0.375,longest_dropout=48 samples (thr=32),0,0.0,"n_spikes=0, z_threshold=4.0",0,0.0,"flat_windows=0, threshold=0.0001",1,0.09375
0,0.0,"amp_var=0.308 (thr=0.5, range-normalized), hf_power_ratio=0.167 (thr=0.4)",0,0.1484375,longest_dropout=19 samples (thr=32),0,0.0,"n_spikes=0, z_threshold=4.0",0,0.0,"flat_windows=0, threshold=0.0001",0,0.037109375
0,0.0,"amp_var=0.308 (thr=0.5, range-normalized), hf_power_ratio=0.046 (thr=0.4)",1,0.3671875,longest_dropout=47 samples (thr=32),0,0.0,"n_spikes=0, z_threshold=4.0",0,0.0,"flat_windows=0, threshold=0.0001",1,0.091796875
0,0.0,"amp_var=0.271 (thr=0.5, range-normalized), hf_power_ratio=0.109 (thr=0.4)",1,0.375,longest_dropout=48 samples (thr=32),0,0.0,"n_spikes=0, z_threshold=4.0",0,0.0,"flat_windows=0, threshold=0.0001",1,0.09375
0,0.0,"amp_var=0.382 (thr=0.5, range-normalized), hf_power_ratio=0.032 (thr=0.4)",0,0.0078125,longest_dropout=1 samples (thr=32),0,0.0,"n_spikes=0, z_threshold=4.0",0,0.0,"flat_windows=0, threshold=0.0001",0,0.001953125
0,0.0,"amp_var=0.297 (thr=0.5, range-normalized), hf_power_ratio=0.097 (thr=0.4)",1,0.453125,longest_dropout=58 samples (thr=32),0,0.0,"n_spikes=0, z_threshold=4.0",0,0.0,"flat_windows=0, threshold=0.0001",1,0.11328125
0,0.0,"amp_var=0.289 (thr=0.5, range-normalized), hf_power_ratio=0.204 (thr=0.4)",1,0.421875,longest_dropout=54 samples (thr=32),0,0.0,"n_spikes=0, z_threshold=4.0",0,0.0,"flat_windows=0, threshold=0.0001",1,0.10546875
0,0.0,"amp_var=0.315 (thr=0.5, range-normalized), hf_power_ratio=0.122 (thr=0.4)",0,0.0078125,longest_dropout=1 samples (thr=32),0,0.0,"n_spikes=0, z_threshold=4.0",0,0.0,"flat_windows=0, threshold=0.0001",0,0.001953125
0,0.0,"amp_var=0.220 (thr=0.5, range-normalized), hf_power_ratio=0.178 (thr=0.4)",0,0.21875,longest_dropout=28 samples (thr=32),0,0.0,"n_spikes=0, z_threshold=4.0",0,0.0,"flat_windows=0, threshold=0.0001",0,0.0546875
0,0.0,"amp_var=0.363 (thr=0.5, range-normalized), hf_power_ratio=0.062 (thr=0.4)",0,0.0078125,longest_dropout=1 samples (thr=32),0,0.0,"n_spikes=0, z_threshold=4.0",0,0.0,"flat_windows=0, threshold=0.0001",0,0.001953125
0,0.0,"amp_var=0.266 (thr=0.5, range-normalized), hf_power_ratio=0.138 (thr=0.4)",1,0.3359375,longest_dropout=43 samples (thr=32),0,0.0,"n_spikes=0, z_threshold=4.0",0,0.0,"flat_windows=0, threshold=0.0001",1,0.083984375
0,0.0,"amp_var=0.306 (thr=0.5, range-normalized), hf_power_ratio=0.115 (thr=0.4)",0,0.0078125,longest_dropout=1 samples (thr=32),0,0.0,"n_spikes=0, z_threshold=4.0",0,0.0,"flat_windows=0, threshold=0.0001",0,0.001953125
0,0.0,"amp_var=0.404 (thr=0.5, range-normalized), hf_power_ratio=0.026 (thr=0.4)",0,0.0078125,longest_dropout=1 samples (thr=32),0,0.0,"n_spikes=0, z_threshold=4.0",0,0.0,"flat_windows=0, threshold=0.0001",0,0.001953125
0,0.0,"amp_var=0.313 (thr=0.5, range-normalized), hf_power_ratio=0.204 (thr=0.4)",0,0.15625,longest_dropout=20 samples (thr=32),0,0.0,"n_spikes=0, z_threshold=4.0",0,0.0,"flat_windows=0, threshold=0.0001",0,0.0390625
0,0.0,"amp_var=0.408 (thr=0.5, range-normalized), hf_power_ratio=0.026 (thr=0.4)",0,0.0078125,longest_dropout=1 samples (thr=32),0,0.0,"n_spikes=0, z_threshold=4.0",0,0.0,"flat_windows=0, threshold=0.0001",0,0.001953125
0,0.0,"amp_var=0.313 (thr=0.5, range-normalized), hf_power_ratio=0.085 (thr=0.4)",0,0.1953125,longest_dropout=25 samples (thr=32),0,0.0,"n_spikes=0, z_threshold=4.0",0,0.0,"flat_windows=0, threshold=0.0001",0,0.048828125
0,0.0,"amp_var=0.393 (thr=0.5, range-normalized), hf_power_ratio=0.022 (thr=0.4)",0,0.0078125,longest_dropout=1 samples (thr=32),0,0.0,"n_spikes=0, z_threshold=4.0",0,0.0,"flat_windows=0, threshold=0.0001",0,0.001953125
0,0.0,"amp_var=0.380 (thr=0.5, range-normalized), hf_power_ratio=0.036 (thr=0.4)",0,0.015625,longest_dropout=2 samples (thr=32),0,0.0,"n_spikes=0, z_threshold=4.0",0,0.0,"flat_windows=0, threshold=0.0001",0,0.00390625
0,0.0,"amp_var=0.246 (thr=0.5, range-normalized), hf_power_ratio=0.153 (thr=0.4)",0,0.015625,longest_dropout=2 samples (thr=32),0,0.0,"n_spikes=0, z_threshold=4.0",0,0.0,"flat_windows=0, threshold=0.0001",0,0.00390625
0,0.0,"amp_var=0.380 (thr=0.5, range-normalized), hf_power_ratio=0.054 (thr=0.4)",0,0.0078125,longest_dropout=1 samples (thr=32),0,0.0,"n_spikes=0, z_threshold=4.0",0,0.0,"flat_windows=0, threshold=0.0001",0,0.001953125
0,0.0,"amp_var=0.373 (thr=0.5, range-normalized), hf_power_ratio=0.067 (thr=0.4)",0,0.0078125,longest_dropout=1 samples (thr=32),0,0.0,"n_spikes=0, z_threshold=4.0",0,0.0,"flat_windows=0, threshold=0.0001",0,0.001953125
0,0.0,"amp_var=0.270 (thr=0.5, range-normalized), hf_power_ratio=0.129 (thr=0.4)",1,0.2578125,longest_dropout=33 samples (thr=32),0,0.0,"n_spikes=0, z_threshold=4.0",0,0.0,"flat_windows=0, threshold=0.0001",1,0.064453125
0,0.0,"amp_var=0.363 (thr=0.5, range-normalized), hf_power_ratio=0.054 (thr=0.4)",0,0.015625,longest_dropout=2 samples (thr=32),0,0.0,"n_spikes=0, z_threshold=4.0",0,0.0,"flat_windows=0, threshold=0.0001",0,0.00390625
0,0.0,"amp_var=0.428 (thr=0.5, range-normalized), hf_power_ratio=0.023 (thr=0.4)",0,0.0234375,longest_dropout=3 samples (thr=32),0,0.0,"n_spikes=0, z_threshold=4.0",0,0.0,"flat_windows=0, threshold=0.0001",0,0.005859375
0,0.0,"amp_var=0.305 (thr=0.5, range-normalized), hf_power_ratio=0.108 (thr=0.4)",1,0.2734375,longest_dropout=35 samples (thr=32),0,0.0,"n_spikes=0, z_threshold=4.0",0,0.0,"flat_windows=0, threshold=0.0001",1,0.068359375
0,0.0,"amp_var=0.360 (thr=0.5, range-normalized), hf_power_ratio=0.068 (thr=0.4)",0,0.0078125,longest_dropout=1 samples (thr=32),0,0.0,"n_spikes=0, z_threshold=4.0",0,0.0,"flat_windows=0, threshold=0.0001",0,0.001953125
0,0.0,"amp_var=0.319 (thr=0.5, range-normalized), hf_power_ratio=0.119 (thr=0.4)",0,0.0078125,longest_dropout=1 samples (thr=32),0,0.0,"n_spikes=0, z_threshold=4.0",0,0.0,"flat_windows=0, threshold=0.0001",0,0.001953125
0,0.0,"amp_var=0.249 (thr=0.5, range-normalized), hf_power_ratio=0.195 (thr=0.4)",1,0.46875,longest_dropout=60 samples (thr=32),0,0.0,"n_spikes=0, z_threshold=4.0",0,0.0,"flat_windows=0, threshold=0.0001",1,0.1171875
0,0.0,"amp_var=0.424 (thr=0.5, range-normalized), hf_power_ratio=0.012 (thr=0.4)",0,0.015625,longest_dropout=2 samples (thr=32),0,0.0,"n_spikes=0, z_threshold=4.0",0,0.0,"flat_windows=0, threshold=0.0001",0,0.00390625
0,0.0,"amp_var=0.292 (thr=0.5, range-normalized), hf_power_ratio=0.164 (thr=0.4)",1,0.265625,longest_dropout=34 samples (thr=32),0,0.0,"n_spikes=0, z_threshold=4.0",0,0.0,"flat_windows=0, threshold=0.0001",1,0.06640625
0,0.0,"amp_var=0.292 (thr=0.5, range-normalized), hf_power_ratio=0.140 (thr=0.4)",0,0.0078125,longest_dropout=1 samples (thr=32),0,0.0,"n_spikes=0, z_threshold=4.0",0,0.0,"flat_windows=0, threshold=0.0001",0,0.001953125
0,0.0,"amp_var=0.267 (thr=0.5, range-normalized), hf_power_ratio=0.186 (thr=0.4)",1,0.4453125,longest_dropout=57 samples (thr=32),0,0.0,"n_spikes=0, z_threshold=4.0",0,0.0,"flat_windows=0, threshold=0.0001",1,0.111328125
0,0.0,"amp_var=0.362 (thr=0.5, range-normalized), hf_power_ratio=0.053 (thr=0.4)",0,0.0078125,longest_dropout=1 samples (thr=32),0,0.0,"n_spikes=0, z_threshold=4.0",0,0.0,"flat_windows=0, threshold=0.0001",0,0.001953125
0,0.0,"amp_var=0.375 (thr=0.5, range-normalized), hf_power_ratio=0.040 (thr=0.4)",0,0.203125,longest_dropout=26 samples (thr=32),0,0.0,"n_spikes=0, z_threshold=4.0",0,0.0,"flat_windows=0, threshold=0.0001",0,0.05078125
0,0.0,"amp_var=0.293 (thr=0.5, range-normalized), hf_power_ratio=0.107 (thr=0.4)",0,0.0078125,longest_dropout=1 samples (thr=32),0,0.0,"n_spikes=0, z_threshold=4.0",0,0.0,"flat_windows=0, threshold=0.0001",0,0.001953125
0,0.0,"amp_var=0.381 (thr=0.5, range-normalized), hf_power_ratio=0.020 (thr=0.4)",1,0.359375,longest_dropout=46 samples (thr=32),0,0.0,"n_spikes=0, z_threshold=4.0",0,0.0,"flat_windows=0, threshold=0.0001",1,0.08984375
0,0.0,"amp_var=0.375 (thr=0.5, range-normalized), hf_power_ratio=0.045 (thr=0.4)",0,0.0078125,longest_dropout=1 samples (thr=32),0,0.0,"n_spikes=0, z_threshold=4.0",0,0.0,"flat_windows=0, threshold=0.0001",0,0.001953125
0,0.0,"amp_var=0.409 (thr=0.5, range-normalized), hf_power_ratio=0.012 (thr=0.4)",0,0.015625,longest_dropout=2 samples (thr=32),0,0.0,"n_spikes=0, z_threshold=4.0",0,0.0,"flat_windows=0, threshold=0.0001",0,0.00390625
0,0.0,"amp_var=0.423 (thr=0.5, range-normalized), hf_power_ratio=0.008 (thr=0.4)",0,0.0078125,longest_dropout=1 samples (thr=32),0,0.0,"n_spikes=0, z_threshold=4.0",0,0.0,"flat_windows=0, threshold=0.0001",0,0.001953125
0,0.0,"amp_var=0.368 (thr=0.5, range-normalized), hf_power_ratio=0.072 (thr=0.4)",0,0.0078125,longest_dropout=1 samples (thr=32),0,0.0,"n_spikes=0, z_threshold=4.0",0,0.0,"flat_windows=0, threshold=0.0001",0,0.001953125
0,0.0,"amp_var=0.378 (thr=0.5, range-normalized), hf_power_ratio=0.034 (thr=0.4)",0,0.0078125,longest_dropout=1 samples (thr=32),0,0.0,"n_spikes=0, z_threshold=4.0",0,0.0,"flat_windows=0, threshold=0.0001",0,0.001953125
0,0.0,"amp_var=0.386 (thr=0.5, range-normalized), hf_power_ratio=0.046 (thr=0.4)",0,0.0078125,longest_dropout=1 samples (thr=32),0,0.0,"n_spikes=0, z_threshold=4.0",0,0.0,"flat_windows=0, threshold=0.0001",0,0.001953125
0,0.0,"amp_var=0.388 (thr=0.5, range-normalized), hf_power_ratio=0.031 (thr=0.4)",0,0.0078125,longest_dropout=1 samples (thr=32),0,0.0,"n_spikes=0, z_threshold=4.0",0,0.0,"flat_windows=0, threshold=0.0001",0,0.001953125
0,0.0,"amp_var=0.311 (thr=0.5, range-normalized), hf_power_ratio=0.128 (thr=0.4)",0,0.1875,longest_dropout=24 samples (thr=32),0,0.0,"n_spikes=0, z_threshold=4.0",0,0.0,"flat_windows=0, threshold=0.0001",0,0.046875
0,0.0,"amp_var=0.303 (thr=0.5, range-normalized), hf_power_ratio=0.170 (thr=0.4)",0,0.203125,longest_dropout=26 samples (thr=32),0,0.0,"n_spikes=0, z_threshold=4.0",0,0.0,"flat_windows=0, threshold=0.0001",0,0.05078125
0,0.0,"amp_var=0.303 (thr=0.5, range-normalized), hf_power_ratio=0.127 (thr=0.4)",0,0.0078125,longest_dropout=1 samples (thr=32),0,0.0,"n_spikes=0, z_threshold=4.0",0,0.0,"flat_windows=0, threshold=0.0001",0,0.001953125
0,0.0,"amp_var=0.396 (thr=0.5, range-normalized), hf_power_ratio=0.023 (thr=0.4)",0,0.0234375,longest_dropout=3 samples (thr=32),0,0.0,"n_spikes=0, z_threshold=4.0",0,0.0,"flat_windows=0, threshold=0.0001",0,0.005859375
0,0.0,"amp_var=0.367 (thr=0.5, range-normalized), hf_power_ratio=0.029 (thr=0.4)",0,0.0078125,longest_dropout=1 samples (thr=32),0,0.0,"n_spikes=0, z_threshold=4.0",0,0.0,"flat_windows=0, threshold=0.0001",0,0.001953125
0,0.0,"amp_var=0.379 (thr=0.5, range-normalized), hf_power_ratio=0.040 (thr=0.4)",0,0.140625,longest_dropout=18 samples (thr=32),0,0.0,"n_spikes=0, z_threshold=4.0",0,0.0,"flat_windows=0, threshold=0.0001",0,0.03515625
0,0.0,"amp_var=0.422 (thr=0.5, range-normalized), hf_power_ratio=0.033 (thr=0.4)",0,0.0078125,longest_dropout=1 samples (thr=32),0,0.0,"n_spikes=0, z_threshold=4.0",0,0.0,"flat_windows=0, threshold=0.0001",0,0.001953125
0,0.0,"amp_var=0.364 (thr=0.5, range-normalized), hf_power_ratio=0.048 (thr=0.4)",0,0.0078125,longest_dropout=1 samples (thr=32),0,0.0,"n_spikes=0, z_threshold=4.0",0,0.0,"flat_windows=0, threshold=0.0001",0,0.001953125
0,0.0,"amp_var=0.405 (thr=0.5, range-normalized), hf_power_ratio=0.005 (thr=0.4)",0,0.015625,longest_dropout=2 samples (thr=32),0,0.0,"n_spikes=0, z_threshold=4.0",0,0.0,"flat_windows=0, threshold=0.0001",0,0.00390625
0,0.0,"amp_var=0.405 (thr=0.5, range-normalized), hf_power_ratio=0.001 (thr=0.4)",0,0.015625,longest_dropout=2 samples (thr=32),0,0.0,"n_spikes=0, z_threshold=4.0",0,0.0,"flat_windows=0, threshold=0.0001",0,0.00390625
0,0.0,"amp_var=0.397 (thr=0.5, range-normalized), hf_power_ratio=0.014 (thr=0.4)",0,0.0078125,longest_dropout=1 samples (thr=32),0,0.0,"n_spikes=0, z_threshold=4.0",0,0.0,"flat_windows=0, threshold=0.0001",0,0.001953125
0,0.0,"amp_var=0.385 (thr=0.5, range-normalized), hf_power_ratio=0.044 (thr=0.4)",0,0.0078125,longest_dropout=1 samples (thr=32),0,0.0,"n_spikes=0, z_threshold=4.0",0,0.0,"flat_windows=0, threshold=0.0001",0,0.001953125
0,0.0,"amp_var=0.285 (thr=0.5, range-normalized), hf_power_ratio=0.171 (thr=0.4)",1,0.3359375,longest_dropout=43 samples (thr=32),0,0.0,"n_spikes=0, z_threshold=4.0",0,0.0,"flat_windows=0, threshold=0.0001",1,0.083984375
0,0.0,"amp_var=0.397 (thr=0.5, range-normalized), hf_power_ratio=0.037 (thr=0.4)",0,0.0078125,longest_dropout=1 samples (thr=32),0,0.0,"n_spikes=0, z_threshold=4.0",0,0.0,"flat_windows=0, threshold=0.0001",0,0.001953125
0,0.0,"amp_var=0.389 (thr=0.5, range-normalized), hf_power_ratio=0.038 (thr=0.4)",0,0.0078125,longest_dropout=1 samples (thr=32),0,0.0,"n_spikes=0, z_threshold=4.0",0,0.0,"flat_windows=0, threshold=0.0001",0,0.001953125
0,0.0,"amp_var=0.300 (thr=0.5, range-normalized), hf_power_ratio=0.113 (thr=0.4)",1,0.375,longest_dropout=48 samples (thr=32),0,0.0,"n_spikes=0, z_threshold=4.0",0,0.0,"flat_windows=0, threshold=0.0001",1,0.09375
0,0.0,"amp_var=0.255 (thr=0.5, range-normalized), hf_power_ratio=0.135 (thr=0.4)",0,0.0078125,longest_dropout=1 samples (thr=32),0,0.0,"n_spikes=0, z_threshold=4.0",0,0.0,"flat_windows=0, threshold=0.0001",0,0.001953125
0,0.0,"amp_var=0.396 (thr=0.5, range-normalized), hf_power_ratio=0.027 (thr=0.4)",0,0.0078125,longest_dropout=1 samples (thr=32),0,0.0,"n_spikes=0, z_threshold=4.0",0,0.0,"flat_windows=0, threshold=0.0001",0,0.001953125
0,0.0,"amp_var=0.289 (thr=0.5, range-normalized), hf_power_ratio=0.160 (thr=0.4)",1,0.4453125,longest_dropout=57 samples (thr=32),0,0.0,"n_spikes=0, z_threshold=4.0",0,0.0,"flat_windows=0, threshold=0.0001",1,0.111328125
0,0.0,"amp_var=0.367 (thr=0.5, range-normalized), hf_power_ratio=0.036 (thr=0.4)",0,0.015625,longest_dropout=2 samples (thr=32),0,0.0,"n_spikes=0, z_threshold=4.0",0,0.0,"flat_windows=0, threshold=0.0001",0,0.00390625
0,0.0,"amp_var=0.380 (thr=0.5, range-normalized), hf_power_ratio=0.034 (thr=0.4)",0,0.0078125,longest_dropout=1 samples (thr=32),0,0.0,"n_spikes=0, z_threshold=4.0",0,0.0,"flat_windows=0, threshold=0.0001",0,0.001953125
0,0.0,"amp_var=0.292 (thr=0.5, range-normalized), hf_power_ratio=0.117 (thr=0.4)",0,0.0078125,longest_dropout=1 samples (thr=32),0,0.0,"n_spikes=0, z_threshold=4.0",0,0.0,"flat_windows=0, threshold=0.0001",0,0.001953125
0,0.0,"amp_var=0.272 (thr=0.5, range-normalized), hf_power_ratio=0.125 (thr=0.4)",0,0.0078125,longest_dropout=1 samples (thr=32),0,0.0,"n_spikes=0, z_threshold=4.0",0,0.0,"flat_windows=0, threshold=0.0001",0,0.001953125
0,0.0,"amp_var=0.287 (thr=0.5, range-normalized), hf_power_ratio=0.131 (thr=0.4)",0,0.0078125,longest_dropout=1 samples (thr=32),0,0.0,"n_spikes=0, z_threshold=4.0",0,0.0,"flat_windows=0, threshold=0.0001",0,0.001953125
0,0.0,"amp_var=0.323 (thr=0.5, range-normalized), hf_power_ratio=0.145 (thr=0.4)",1,0.4375,longest_dropout=56 samples (thr=32),0,0.0,"n_spikes=0, z_threshold=4.0",0,0.0,"flat_windows=0, threshold=0.0001",1,0.109375
0,0.0,"amp_var=0.354 (thr=0.5, range-normalized), hf_power_ratio=0.064 (thr=0.4)",0,0.0078125,longest_dropout=1 samples (thr=32),0,0.0,"n_spikes=0, z_threshold=4.0",0,0.0,"flat_windows=0, threshold=0.0001",0,0.001953125
0,0.0,"amp_var=0.315 (thr=0.5, range-normalized), hf_power_ratio=0.152 (thr=0.4)",0,0.1484375,longest_dropout=19 samples (thr=32),0,0.0,"n_spikes=0, z_threshold=4.0",0,0.0,"flat_windows=0, threshold=0.0001",0,0.037109375
0,0.0,"amp_var=0.317 (thr=0.5, range-normalized), hf_power_ratio=0.189 (thr=0.4)",1,0.4453125,longest_dropout=57 samples (thr=32),0,0.0,"n_spikes=0, z_threshold=4.0",0,0.0,"flat_windows=0, threshold=0.0001",1,0.111328125
0,0.0,"amp_var=0.413 (thr=0.5, range-normalized), hf_power_ratio=0.014 (thr=0.4)",0,0.015625,longest_dropout=2 samples (thr=32),0,0.0,"n_spikes=0, z_threshold=4.0",0,0.0,"flat_windows=0, threshold=0.0001",0,0.00390625
0,0.0,"amp_var=0.275 (thr=0.5, range-normalized), hf_power_ratio=0.173 (thr=0.4)",1,0.328125,longest_dropout=42 samples (thr=32),0,0.0,"n_spikes=0, z_threshold=4.0",0,0.0,"flat_windows=0, threshold=0.0001",1,0.08203125
0,0.0,"amp_var=0.276 (thr=0.5, range-normalized), hf_power_ratio=0.178 (thr=0.4)",1,0.3828125,longest_dropout=49 samples (thr=32),0,0.0,"n_spikes=0, z_threshold=4.0",0,0.0,"flat_windows=0, threshold=0.0001",1,0.095703125
0,0.0,"amp_var=0.382 (thr=0.5, range-normalized), hf_power_ratio=0.027 (thr=0.4)",0,0.0078125,longest_dropout=1 samples (thr=32),0,0.0,"n_spikes=0, z_threshold=4.0",0,0.0,"flat_windows=0, threshold=0.0001",0,0.001953125
0,0.0,"amp_var=0.349 (thr=0.5, range-normalized), hf_power_ratio=0.063 (thr=0.4)",0,0.0078125,longest_dropout=1 samples (thr=32),0,0.0,"n_spikes=0, z_threshold=4.0",0,0.0,"flat_windows=0, threshold=0.0001",0,0.001953125
0,0.0,"amp_var=0.411 (thr=0.5, range-normalized), hf_power_ratio=0.025 (thr=0.4)",0,0.0078125,longest_dropout=1 samples (thr=32),0,0.0,"n_spikes=0, z_threshold=4.0",0,0.0,"flat_windows=0, threshold=0.0001",0,0.001953125
0,0.0,"amp_var=0.395 (thr=0.5, range-normalized), hf_power_ratio=0.043 (thr=0.4)",0,0.0078125,longest_dropout=1 samples (thr=32),0,0.0,"n_spikes=0, z_threshold=4.0",0,0.0,"flat_windows=0, threshold=0.0001",0,0.001953125
0,0.0,"amp_var=0.285 (thr=0.5, range-normalized), hf_power_ratio=0.113 (thr=0.4)",0,0.0078125,longest_dropout=1 samples (thr=32),0,0.0,"n_spikes=0, z_threshold=4.0",0,0.0,"flat_windows=0, threshold=0.0001",0,0.001953125
0,0.0,"amp_var=0.334 (thr=0.5, range-normalized), hf_power_ratio=0.109 (thr=0.4)",0,0.0078125,longest_dropout=1 samples (thr=32),0,0.0,"n_spikes=0, z_threshold=4.0",0,0.0,"flat_windows=0, threshold=0.0001",0,0.001953125
0,0.0,"amp_var=0.403 (thr=0.5, range-normalized), hf_power_ratio=0.031 (thr=0.4)",0,0.015625,longest_dropout=2 samples (thr=32),0,0.0,"n_spikes=0, z_threshold=4.0",0,0.0,"flat_windows=0, threshold=0.0001",0,0.00390625
0,0.0,"amp_var=0.291 (thr=0.5, range-normalized), hf_power_ratio=0.108 (thr=0.4)",0,0.015625,longest_dropout=2 samples (thr=32),0,0.0,"n_spikes=0, z_threshold=4.0",0,0.0,"flat_windows=0, threshold=0.0001",0,0.00390625
0,0.0,"amp_var=0.263 (thr=0.5, range-normalized), hf_power_ratio=0.151 (thr=0.4)",0,0.0078125,longest_dropout=1 samples (thr=32),0,0.0,"n_spikes=0, z_threshold=4.0",0,0.0,"flat_windows=0, threshold=0.0001",0,0.001953125
0,0.0,"amp_var=0.406 (thr=0.5, range-normalized), hf_power_ratio=0.009 (thr=0.4)",0,0.0078125,longest_dropout=1 samples (thr=32),0,0.0,"n_spikes=0, z_threshold=4.0",0,0.0,"flat_windows=0, threshold=0.0001",0,0.001953125
0,0.0,"amp_var=0.313 (thr=0.5, range-normalized), hf_power_ratio=0.135 (thr=0.4)",0,0.2109375,longest_dropout=27 samples (thr=32),0,0.0,"n_spikes=0, z_threshold=4.0",0,0.0,"flat_windows=0, threshold=0.0001",0,0.052734375
0,0.0,"amp_var=0.271 (thr=0.5, range-normalized), hf_power_ratio=0.123 (thr=0.4)",0,0.0078125,longest_dropout=1 samples (thr=32),0,0.0,"n_spikes=0, z_threshold=4.0",0,0.0,"flat_windows=0, threshold=0.0001",0,0.001953125
0,0.0,"amp_var=0.282 (thr=0.5, range-normalized), hf_power_ratio=0.146 (thr=0.4)",0,0.0078125,longest_dropout=1 samples (thr=32),0,0.0,"n_spikes=0, z_threshold=4.0",0,0.0,"flat_windows=0, threshold=0.0001",0,0.001953125
0,0.0,"amp_var=0.366 (thr=0.5, range-normalized), hf_power_ratio=0.068 (thr=0.4)",0,0.0078125,longest_dropout=1 samples (thr=32),0,0.0,"n_spikes=0, z_threshold=4.0",0,0.0,"flat_windows=0, threshold=0.0001",0,0.001953125
0,0.0,"amp_var=0.382 (thr=0.5, range-normalized), hf_power_ratio=0.051 (thr=0.4)",0,0.0078125,longest_dropout=1 samples (thr=32),0,0.0,"n_spikes=0, z_threshold=4.0",0,0.0,"flat_windows=0, threshold=0.0001",0,0.001953125
0,0.0,"amp_var=0.366 (thr=0.5, range-normalized), hf_power_ratio=0.052 (thr=0.4)",0,0.0078125,longest_dropout=1 samples (thr=32),0,0.0,"n_spikes=0, z_threshold=4.0",0,0.0,"flat_windows=0, threshold=0.0001",0,0.001953125
0,0.0,"amp_var=0.359 (thr=0.5, range-normalized), hf_power_ratio=0.035 (thr=0.4)",0,0.171875,longest_dropout=22 samples (thr=32),0,0.0,"n_spikes=0, z_threshold=4.0",0,0.0,"flat_windows=0, threshold=0.0001",0,0.04296875
0,0.0,"amp_var=0.383 (thr=0.5, range-normalized), hf_power_ratio=0.045 (thr=0.4)",0,0.0078125,longest_dropout=1 samples (thr=32),0,0.0,"n_spikes=0, z_threshold=4.0",0,0.0,"flat_windows=0, threshold=0.0001",0,0.001953125
0,0.0,"amp_var=0.326 (thr=0.5, range-normalized), hf_power_ratio=0.029 (thr=0.4)",1,0.4453125,longest_dropout=57 samples (thr=32),0,0.0,"n_spikes=0, z_threshold=4.0",0,0.0,"flat_windows=0, threshold=0.0001",1,0.111328125
0,0.0,"amp_var=0.285 (thr=0.5, range-normalized), hf_power_ratio=0.120 (thr=0.4)",0,0.0078125,longest_dropout=1 samples (thr=32),0,0.0,"n_spikes=0, z_threshold=4.0",0,0.0,"flat_windows=0, threshold=0.0001",0,0.001953125
0,0.0,"amp_var=0.400 (thr=0.5, range-normalized), hf_power_ratio=0.035 (thr=0.4)",0,0.015625,longest_dropout=2 samples (thr=32),0,0.0,"n_spikes=0, z_threshold=4.0",0,0.0,"flat_windows=0, threshold=0.0001",0,0.00390625
0,0.0,"amp_var=0.379 (thr=0.5, range-normalized), hf_power_ratio=0.051 (thr=0.4)",0,0.015625,longest_dropout=2 samples (thr=32),0,0.0,"n_spikes=0, z_threshold=4.0",0,0.0,"flat_windows=0, threshold=0.0001",0,0.00390625
0,0.0,"amp_var=0.314 (thr=0.5, range-normalized), hf_power_ratio=0.126 (thr=0.4)",0,0.0078125,longest_dropout=1 samples (thr=32),0,0.0,"n_spikes=0, z_threshold=4.0",0,0.0,"flat_windows=0, threshold=0.0001",0,0.001953125
0,0.0,"amp_var=0.392 (thr=0.5, range-normalized), hf_power_ratio=0.033 (thr=0.4)",0,0.015625,longest_dropout=2 samples (thr=32),0,0.0,"n_spikes=0, z_threshold=4.0",0,0.0,"flat_windows=0, threshold=0.0001",0,0.00390625
0,0.0,"amp_var=0.366 (thr=0.5, range-normalized), hf_power_ratio=0.100 (thr=0.4)",0,0.0078125,longest_dropout=1 samples (thr=32),0,0.0,"n_spikes=0, z_threshold=4.0",0,0.0,"flat_windows=0, threshold=0.0001",0,0.001953125
0,0.0,"amp_var=0.376 (thr=0.5, range-normalized), hf_power_ratio=0.048 (thr=0.4)",0,0.0078125,longest_dropout=1 samples (thr=32),0,0.0,"n_spikes=0, z_threshold=4.0",0,0.0,"flat_windows=0, threshold=0.0001",0,0.001953125
0,0.0,"amp_var=0.420 (thr=0.5, range-normalized), hf_power_ratio=0.017 (thr=0.4)",0,0.0078125,longest_dropout=1 samples (thr=32),0,0.0,"n_spikes=0, z_threshold=4.0",0,0.0,"flat_windows=0, threshold=0.0001",0,0.001953125
0,0.0,"amp_var=0.317 (thr=0.5, range-normalized), hf_power_ratio=0.090 (thr=0.4)",0,0.1640625,longest_dropout=21 samples (thr=32),0,0.0,"n_spikes=0, z_threshold=4.0",0,0.0,"flat_windows=0, threshold=0.0001",0,0.041015625
0,0.0,"amp_var=0.243 (thr=0.5, range-normalized), hf_power_ratio=0.211 (thr=0.4)",1,0.2890625,longest_dropout=37 samples (thr=32),0,0.0,"n_spikes=0, z_threshold=4.0",0,0.0,"flat_windows=0, threshold=0.0001",1,0.072265625
0,0.0,"amp_var=0.429 (thr=0.5, range-normalized), hf_power_ratio=0.014 (thr=0.4)",0,0.015625,longest_dropout=2 samples (thr=32),0,0.0,"n_spikes=0, z_threshold=4.0",0,0.0,"flat_windows=0, threshold=0.0001",0,0.00390625
0,0.0,"amp_var=0.304 (thr=0.5, range-normalized), hf_power_ratio=0.095 (thr=0.4)",1,0.421875,longest_dropout=54 samples (thr=32),0,0.0,"n_spikes=0, z_threshold=4.0",0,0.0,"flat_windows=0, threshold=0.0001",1,0.10546875
0,0.0,"amp_var=0.272 (thr=0.5, range-normalized), hf_power_ratio=0.178 (thr=0.4)",1,0.3984375,longest_dropout=51 samples (thr=32),0,0.0,"n_spikes=0, z_threshold=4.0",0,0.0,"flat_windows=0, threshold=0.0001",1,0.099609375
0,0.0,"amp_var=0.392 (thr=0.5, range-normalized), hf_power_ratio=0.040 (thr=0.4)",0,0.015625,longest_dropout=2 samples (thr=32),0,0.0,"n_spikes=0, z_threshold=4.0",0,0.0,"flat_windows=0, threshold=0.0001",0,0.00390625
0,0.0,"amp_var=0.368 (thr=0.5, range-normalized), hf_power_ratio=0.068 (thr=0.4)",0,0.0078125,longest_dropout=1 samples (thr=32),0,0.0,"n_spikes=0, z_threshold=4.0",0,0.0,"flat_windows=0, threshold=0.0001",0,0.001953125
0,0.0,"amp_var=0.388 (thr=0.5, range-normalized), hf_power_ratio=0.043 (thr=0.4)",0,0.0078125,longest_dropout=1 samples (thr=32),0,0.0,"n_spikes=0, z_threshold=4.0",0,0.0,"flat_windows=0, threshold=0.0001",0,0.001953125
0,0.0,"amp_var=0.283 (thr=0.5, range-normalized), hf_power_ratio=0.169 (thr=0.4)",1,0.2578125,longest_dropout=33 samples (thr=32),0,0.0,"n_spikes=0, z_threshold=4.0",0,0.0,"flat_windows=0, threshold=0.0001",1,0.064453125
0,0.0,"amp_var=0.347 (thr=0.5, range-normalized), hf_power_ratio=0.070 (thr=0.4)",0,0.0078125,longest_dropout=1 samples (thr=32),0,0.0,"n_spikes=0, z_threshold=4.0",0,0.0,"flat_windows=0, threshold=0.0001",0,0.001953125
0,0.0,"amp_var=0.279 (thr=0.5, range-normalized), hf_power_ratio=0.237 (thr=0.4)",1,0.296875,longest_dropout=38 samples (thr=32),0,0.0,"n_spikes=0, z_threshold=4.0",0,0.0,"flat_windows=0, threshold=0.0001",1,0.07421875
0,0.0,"amp_var=0.325 (thr=0.5, range-normalized), hf_power_ratio=0.139 (thr=0.4)",0,0.15625,longest_dropout=20 samples (thr=32),0,0.0,"n_spikes=0, z_threshold=4.0",0,0.0,"flat_windows=0, threshold=0.0001",0,0.0390625
0,0.0,"amp_var=0.314 (thr=0.5, range-normalized), hf_power_ratio=0.142 (thr=0.4)",1,0.328125,longest_dropout=42 samples (thr=32),0,0.0,"n_spikes=0, z_threshold=4.0",0,0.0,"flat_windows=0, threshold=0.0001",1,0.08203125
0,0.0,"amp_var=0.369 (thr=0.5, range-normalized), hf_power_ratio=0.051 (thr=0.4)",0,0.0078125,longest_dropout=1 samples (thr=32),0,0.0,"n_spikes=0, z_threshold=4.0",0,0.0,"flat_windows=0, threshold=0.0001",0,0.001953125
0,0.0,"amp_var=0.414 (thr=0.5, range-normalized), hf_power_ratio=0.017 (thr=0.4)",0,0.015625,longest_dropout=2 samples (thr=32),0,0.0,"n_spikes=0, z_threshold=4.0",0,0.0,"flat_windows=0, threshold=0.0001",0,0.00390625
0,0.0,"amp_var=0.377 (thr=0.5, range-normalized), hf_power_ratio=0.026 (thr=0.4)",0,0.0078125,longest_dropout=1 samples (thr=32),0,0.0,"n_spikes=0, z_threshold=4.0",0,0.0,"flat_windows=0, threshold=0.0001",0,0.001953125
0,0.0,"amp_var=0.282 (thr=0.5, range-normalized), hf_power_ratio=0.113 (thr=0.4)",0,0.0078125,longest_dropout=1 samples (thr=32),0,0.0,"n_spikes=0, z_threshold=4.0",0,0.0,"flat_windows=0, threshold=0.0001",0,0.001953125
0,0.0,"amp_var=0.316 (thr=0.5, range-normalized), hf_power_ratio=0.155 (thr=0.4)",0,0.21875,longest_dropout=28 samples (thr=32),0,0.0,"n_spikes=0, z_threshold=4.0",0,0.0,"flat_windows=0, threshold=0.0001",0,0.0546875
0,0.0,"amp_var=0.389 (thr=0.5, range-normalized), hf_power_ratio=0.022 (thr=0.4)",0,0.0078125,longest_dropout=1 samples (thr=32),0,0.0,"n_spikes=0, z_threshold=4.0",0,0.0,"flat_windows=0, threshold=0.0001",0,0.001953125
0,0.0,"amp_var=0.353 (thr=0.5, range-normalized), hf_power_ratio=0.054 (thr=0.4)",0,0.2109375,longest_dropout=27 samples (thr=32),0,0.0,"n_spikes=0, z_threshold=4.0",0,0.0,"flat_windows=0, threshold=0.0001",0,0.052734375
0,0.0,"amp_var=0.393 (thr=0.5, range-normalized), hf_power_ratio=0.034 (thr=0.4)",0,0.0078125,longest_dropout=1 samples (thr=32),0,0.0,"n_spikes=0, z_threshold=4.0",0,0.0,"flat_windows=0, threshold=0.0001",0,0.001953125
0,0.0,"amp_var=0.337 (thr=0.5, range-normalized), hf_power_ratio=0.099 (thr=0.4)",0,0.0078125,longest_dropout=1 samples (thr=32),0,0.0,"n_spikes=0, z_threshold=4.0",0,0.0,"flat_windows=0, threshold=0.0001",0,0.001953125
0,0.0,"amp_var=0.384 (thr=0.5, range-normalized), hf_power_ratio=0.061 (thr=0.4)",0,0.015625,longest_dropout=2 samples (thr=32),0,0.0,"n_spikes=0, z_threshold=4.0",0,0.0,"flat_windows=0, threshold=0.0001",0,0.00390625
0,0.0,"amp_var=0.419 (thr=0.5, range-normalized), hf_power_ratio=0.012 (thr=0.4)",0,0.0078125,longest_dropout=1 samples (thr=32),0,0.0,"n_spikes=0, z_threshold=4.0",0,0.0,"flat_windows=0, threshold=0.0001",0,0.001953125
0,0.0,"amp_var=0.353 (thr=0.5, range-normalized), hf_power_ratio=0.063 (thr=0.4)",0,0.0078125,longest_dropout=1 samples (thr=32),0,0.0,"n_spikes=0, z_threshold=4.0",0,0.0,"flat_windows=0, threshold=0.0001",0,0.001953125
0,0.0,"amp_var=0.253 (thr=0.5, range-normalized), hf_power_ratio=0.164 (thr=0.4)",1,0.328125,longest_dropout=42 samples (thr=32),0,0.0,"n_spikes=0, z_threshold=4.0",0,0.0,"flat_windows=0, threshold=0.0001",1,0.08203125
0,0.0,"amp_var=0.365 (thr=0.5, range-normalized), hf_power_ratio=0.057 (thr=0.4)",0,0.0078125,longest_dropout=1 samples (thr=32),0,0.0,"n_spikes=0, z_threshold=4.0",0,0.0,"flat_windows=0, threshold=0.0001",0,0.001953125
0,0.0,"amp_var=0.287 (thr=0.5, range-normalized), hf_power_ratio=0.131 (thr=0.4)",1,0.484375,longest_dropout=62 samples (thr=32),0,0.0,"n_spikes=0, z_threshold=4.0",0,0.0,"flat_windows=0, threshold=0.0001",1,0.12109375
0,0.0,"amp_var=0.242 (thr=0.5, range-normalized), hf_power_ratio=0.126 (thr=0.4)",0,0.0078125,longest_dropout=1 samples (thr=32),0,0.0,"n_spikes=0, z_threshold=4.0",0,0.0,"flat_windows=0, threshold=0.0001",0,0.001953125
0,0.0,"amp_var=0.369 (thr=0.5, range-normalized), hf_power_ratio=0.045 (thr=0.4)",0,0.015625,longest_dropout=2 samples (thr=32),0,0.0,"n_spikes=0, z_threshold=4.0",0,0.0,"flat_windows=0, threshold=0.0001",0,0.00390625
0,0.0,"amp_var=0.347 (thr=0.5, range-normalized), hf_power_ratio=0.058 (thr=0.4)",0,0.0078125,longest_dropout=1 samples (thr=32),0,0.0,"n_spikes=0, z_threshold=4.0",0,0.0,"flat_windows=0, threshold=0.0001",0,0.001953125
0,0.0,"amp_var=0.295 (thr=0.5, range-normalized), hf_power_ratio=0.117 (thr=0.4)",0,0.0078125,longest_dropout=1 samples (thr=32),0,0.0,"n_spikes=0, z_threshold=4.0",0,0.0,"flat_windows=0, threshold=0.0001",0,0.001953125
0,0.0,"amp_var=0.338 (thr=0.5, range-normalized), hf_power_ratio=0.038 (thr=0.4)",1,0.4921875,longest_dropout=63 samples (thr=32),0,0.0,"n_spikes=0, z_threshold=4.0",0,0.0,"flat_windows=0, threshold=0.0001",1,0.123046875
0,0.0,"amp_var=0.290 (thr=0.5, range-normalized), hf_power_ratio=0.112 (thr=0.4)",0,0.0078125,longest_dropout=1 samples (thr=32),0,0.0,"n_spikes=0, z_threshold=4.0",0,0.0,"flat_windows=0, threshold=0.0001",0,0.001953125
0,0.0,"amp_var=0.355 (thr=0.5, range-normalized), hf_power_ratio=0.092 (thr=0.4)",0,0.0078125,longest_dropout=1 samples (thr=32),0,0.0,"n_spikes=0, z_threshold=4.0",0,0.0,"flat_windows=0, threshold=0.0001",0,0.001953125
0,0.0,"amp_var=0.375 (thr=0.5, range-normalized), hf_power_ratio=0.067 (thr=0.4)",0,0.0078125,longest_dropout=1 samples (thr=32),0,0.0,"n_spikes=0, z_threshold=4.0",0,0.0,"flat_windows=0, threshold=0.0001",0,0.001953125
0,0.0,"amp_var=0.362 (thr=0.5, range-normalized), hf_power_ratio=0.058 (thr=0.4)",0,0.0078125,longest_dropout=1 samples (thr=32),0,0.0,"n_spikes=0, z_threshold=4.0",0,0.0,"flat_windows=0, threshold=0.0001",0,0.001953125
0,0.0,"amp_var=0.340 (thr=0.5, range-normalized), hf_power_ratio=0.081 (thr=0.4)",0,0.0078125,longest_dropout=1 samples (thr=32),0,0.0,"n_spikes=0, z_threshold=4.0",0,0.0,"flat_windows=0, threshold=0.0001",0,0.001953125
0,0.0,"amp_var=0.286 (thr=0.5, range-normalized), hf_power_ratio=0.131 (thr=0.4)",1,0.4609375,longest_dropout=59 samples (thr=32),0,0.0,"n_spikes=0, z_threshold=4.0",0,0.0,"flat_windows=0, threshold=0.0001",1,0.115234375
0,0.0,"amp_var=0.358 (thr=0.5, range-normalized), hf_power_ratio=0.073 (thr=0.4)",0,0.0078125,longest_dropout=1 samples (thr=32),0,0.0,"n_spikes=0, z_threshold=4.0",0,0.0,"flat_windows=0, threshold=0.0001",0,0.001953125
0,0.0,"amp_var=0.307 (thr=0.5, range-normalized), hf_power_ratio=0.123 (thr=0.4)",1,0.4140625,longest_dropout=53 samples (thr=32),0,0.0,"n_spikes=0, z_threshold=4.0",0,0.0,"flat_windows=0, threshold=0.0001",1,0.103515625
0,0.0,"amp_var=0.326 (thr=0.5, range-normalized), hf_power_ratio=0.128 (thr=0.4)",0,0.0234375,longest_dropout=3 samples (thr=32),0,0.0,"n_spikes=0, z_threshold=4.0",0,0.0,"flat_windows=0, threshold=0.0001",0,0.005859375
0,0.0,"amp_var=0.384 (thr=0.5, range-normalized), hf_power_ratio=0.061 (thr=0.4)",0,0.0,No dropout segments detected.,0,0.0,"n_spikes=0, z_threshold=4.0",0,0.0,"flat_windows=0, threshold=0.0001",0,0.0
0,0.0,"amp_var=0.375 (thr=0.5, range-normalized), hf_power_ratio=0.096 (thr=0.4)",0,0.0078125,longest_dropout=1 samples (thr=32),0,0.0,"n_spikes=0, z_threshold=4.0",0,0.0,"flat_windows=0, threshold=0.0001",0,0.001953125
0,0.0,"amp_var=0.371 (thr=0.5, range-normalized), hf_power_ratio=0.036 (thr=0.4)",0,0.0078125,longest_dropout=1 samples (thr=32),0,0.0,"n_spikes=0, z_threshold=4.0",0,0.0,"flat_windows=0, threshold=0.0001",0,0.001953125
0,0.0,"amp_var=0.383 (thr=0.5, range-normalized), hf_power_ratio=0.049 (thr=0.4)",0,0.0078125,longest_dropout=1 samples (thr=32),0,0.0,"n_spikes=0, z_threshold=4.0",0,0.0,"flat_windows=0, threshold=0.0001",0,0.001953125
0,0.0,"amp_var=0.299 (thr=0.5, range-normalized), hf_power_ratio=0.178 (thr=0.4)",0,0.140625,longest_dropout=18 samples (thr=32),0,0.0,"n_spikes=0, z_threshold=4.0",0,0.0,"flat_windows=0, threshold=0.0001",0,0.03515625
0,0.0,"amp_var=0.370 (thr=0.5, range-normalized), hf_power_ratio=0.067 (thr=0.4)",0,0.0078125,longest_dropout=1 samples (thr=32),0,0.0,"n_spikes=0, z_threshold=4.0",0,0.0,"flat_windows=0, threshold=0.0001",0,0.001953125
0,0.0,"amp_var=0.389 (thr=0.5, range-normalized), hf_power_ratio=0.024 (thr=0.4)",0,0.015625,longest_dropout=2 samples (thr=32),0,0.0,"n_spikes=0, z_threshold=4.0",0,0.0,"flat_windows=0, threshold=0.0001",0,0.00390625
0,0.0,"amp_var=0.299 (thr=0.5, range-normalized), hf_power_ratio=0.179 (thr=0.4)",1,0.3515625,longest_dropout=45 samples (thr=32),0,0.0,"n_spikes=0, z_threshold=4.0",0,0.0,"flat_windows=0, threshold=0.0001",1,0.087890625
0,0.0,"amp_var=0.292 (thr=0.5, range-normalized), hf_power_ratio=0.117 (thr=0.4)",0,0.0078125,longest_dropout=1 samples (thr=32),0,0.0,"n_spikes=0, z_threshold=4.0",0,0.0,"flat_windows=0, threshold=0.0001",0,0.001953125
0,0.0,"amp_var=0.377 (thr=0.5, range-normalized), hf_power_ratio=0.077 (thr=0.4)",0,0.0078125,longest_dropout=1 samples (thr=32),0,0.0,"n_spikes=0, z_threshold=4.0",0,0.0,"flat_windows=0, threshold=0.0001",0,0.001953125
0,0.0,"amp_var=0.259 (thr=0.5, range-normalized), hf_power_ratio=0.230 (thr=0.4)",1,0.3828125,longest_dropout=49 samples (thr=32),0,0.0,"n_spikes=0, z_threshold=4.0",0,0.0,"flat_windows=0, threshold=0.0001",1,0.095703125
0,0.0,"amp_var=0.335 (thr=0.5, range-normalized), hf_power_ratio=0.138 (thr=0.4)",0,0.234375,longest_dropout=30 samples (thr=32),0,0.0,"n_spikes=0, z_threshold=4.0",0,0.0,"flat_windows=0, threshold=0.0001",0,0.05859375
0,0.0,"amp_var=0.368 (thr=0.5, range-normalized), hf_power_ratio=0.050 (thr=0.4)",0,0.0078125,longest_dropout=1 samples (thr=32),0,0.0,"n_spikes=0, z_threshold=4.0",0,0.0,"flat_windows=0, threshold=0.0001",0,0.001953125
0,0.0,"amp_var=0.309 (thr=0.5, range-normalized), hf_power_ratio=0.133 (thr=0.4)",1,0.3125,longest_dropout=40 samples (thr=32),0,0.0,"n_spikes=0, z_threshold=4.0",0,0.0,"flat_windows=0, threshold=0.0001",1,0.078125
0,0.0,"amp_var=0.363 (thr=0.5, range-normalized), hf_power_ratio=0.094 (thr=0.4)",0,0.0078125,longest_dropout=1 samples (thr=32),0,0.0,"n_spikes=0, z_threshold=4.0",0,0.0,"flat_windows=0, threshold=0.0001",0,0.001953125
0,0.0,"amp_var=0.361 (thr=0.5, range-normalized), hf_power_ratio=0.061 (thr=0.4)",0,0.0078125,longest_dropout=1 samples (thr=32),0,0.0,"n_spikes=0, z_threshold=4.0",0,0.0,"flat_windows=0, threshold=0.0001",0,0.001953125
0,0.0,"amp_var=0.369 (thr=0.5, range-normalized), hf_power_ratio=0.048 (thr=0.4)",0,0.015625,longest_dropout=2 samples (thr=32),0,0.0,"n_spikes=0, z_threshold=4.0",0,0.0,"flat_windows=0, threshold=0.0001",0,0.00390625
0,0.0,"amp_var=0.388 (thr=0.5, range-normalized), hf_power_ratio=0.052 (thr=0.4)",0,0.0078125,longest_dropout=1 samples (thr=32),0,0.0,"n_spikes=0, z_threshold=4.0",0,0.0,"flat_windows=0, threshold=0.0001",0,0.001953125
0,0.0,"amp_var=0.379 (thr=0.5, range-normalized), hf_power_ratio=0.051 (thr=0.4)",0,0.0078125,longest_dropout=1 samples (thr=32),0,0.0,"n_spikes=0, z_threshold=4.0",0,0.0,"flat_windows=0, threshold=0.0001",0,0.001953125
0,0.0,"amp_var=0.358 (thr=0.5, range-normalized), hf_power_ratio=0.114 (thr=0.4)",0,0.0078125,longest_dropout=1 samples (thr=32),0,0.0,"n_spikes=0, z_threshold=4.0",0,0.0,"flat_windows=0, threshold=0.0001",0,0.001953125
0,0.0,"amp_var=0.448 (thr=0.5, range-normalized), hf_power_ratio=0.001 (thr=0.4)",0,0.0078125,longest_dropout=1 samples (thr=32),0,0.0,"n_spikes=0, z_threshold=4.0",0,0.0,"flat_windows=0, threshold=0.0001",0,0.001953125
0,0.0,"amp_var=0.442 (thr=0.5, range-normalized), hf_power_ratio=0.011 (thr=0.4)",0,0.0078125,longest_dropout=1 samples (thr=32),0,0.0,"n_spikes=0, z_threshold=4.0",0,0.0,"flat_windows=0, threshold=0.0001",0,0.001953125
0,0.0,"amp_var=0.403 (thr=0.5, range-normalized), hf_power_ratio=0.027 (thr=0.4)",0,0.0078125,longest_dropout=1 samples (thr=32),0,0.0,"n_spikes=0, z_threshold=4.0",0,0.0,"flat_windows=0, threshold=0.0001",0,0.001953125
0,0.0,"amp_var=0.290 (thr=0.5, range-normalized), hf_power_ratio=0.122 (thr=0.4)",0,0.0078125,longest_dropout=1 samples (thr=32),0,0.0,"n_spikes=0, z_threshold=4.0",0,0.0,"flat_windows=0, threshold=0.0001",0,0.001953125
0,0.0,"amp_var=0.364 (thr=0.5, range-normalized), hf_power_ratio=0.027 (thr=0.4)",1,0.3359375,longest_dropout=43 samples (thr=32),0,0.0,"n_spikes=0, z_threshold=4.0",0,0.0,"flat_windows=0, threshold=0.0001",1,0.083984375
0,0.0,"amp_var=0.352 (thr=0.5, range-normalized), hf_power_ratio=0.093 (thr=0.4)",0,0.0078125,longest_dropout=1 samples (thr=32),0,0.0,"n_spikes=0, z_threshold=4.0",0,0.0,"flat_windows=0, threshold=0.0001",0,0.001953125
0,0.0,"amp_var=0.338 (thr=0.5, range-normalized), hf_power_ratio=0.064 (thr=0.4)",1,0.3125,longest_dropout=40 samples (thr=32),0,0.0,"n_spikes=0, z_threshold=4.0",0,0.0,"flat_windows=0, threshold=0.0001",1,0.078125
0,0.0,"amp_var=0.401 (thr=0.5, range-normalized), hf_power_ratio=0.023 (thr=0.4)",0,0.0078125,longest_dropout=1 samples (thr=32),0,0.0,"n_spikes=0, z_threshold=4.0",0,0.0,"flat_windows=0, threshold=0.0001",0,0.001953125
0,0.0,"amp_var=0.314 (thr=0.5, range-normalized), hf_power_ratio=0.108 (thr=0.4)",0,0.015625,longest_dropout=2 samples (thr=32),0,0.0,"n_spikes=0, z_threshold=4.0",0,0.0,"flat_windows=0, threshold=0.0001",0,0.00390625
0,0.0,"amp_var=0.403 (thr=0.5, range-normalized), hf_power_ratio=0.032 (thr=0.4)",0,0.015625,longest_dropout=2 samples (thr=32),0,0.0,"n_spikes=0, z_threshold=4.0",0,0.0,"flat_windows=0, threshold=0.0001",0,0.00390625
0,0.0,"amp_var=0.368 (thr=0.5, range-normalized), hf_power_ratio=0.043 (thr=0.4)",0,0.015625,longest_dropout=2 samples (thr=32),0,0.0,"n_spikes=0, z_threshold=4.0",0,0.0,"flat_windows=0, threshold=0.0001",0,0.00390625
0,0.0,"amp_var=0.326 (thr=0.5, range-normalized), hf_power_ratio=0.066 (thr=0.4)",1,0.296875,longest_dropout=38 samples (thr=32),0,0.0,"n_spikes=0, z_threshold=4.0",0,0.0,"flat_windows=0, threshold=0.0001",1,0.07421875
0,0.0,"amp_var=0.389 (thr=0.5, range-normalized), hf_power_ratio=0.031 (thr=0.4)",0,0.0078125,longest_dropout=1 samples (thr=32),0,0.0,"n_spikes=0, z_threshold=4.0",0,0.0,"flat_windows=0, threshold=0.0001",0,0.001953125
0,0.0,"amp_var=0.332 (thr=0.5, range-normalized), hf_power_ratio=0.059 (thr=0.4)",0,0.015625,longest_dropout=2 samples (thr=32),0,0.0,"n_spikes=0, z_threshold=4.0",0,0.0,"flat_windows=0, threshold=0.0001",0,0.00390625
0,0.0,"amp_var=0.417 (thr=0.5, range-normalized), hf_power_ratio=0.014 (thr=0.4)",0,0.015625,longest_dropout=2 samples (thr=32),0,0.0,"n_spikes=0, z_threshold=4.0",0,0.0,"flat_windows=0, threshold=0.0001",0,0.00390625
0,0.0,"amp_var=0.335 (thr=0.5, range-normalized), hf_power_ratio=0.098 (thr=0.4)",1,0.2578125,longest_dropout=33 samples (thr=32),0,0.0,"n_spikes=0, z_threshold=4.0",0,0.0,"flat_windows=0, threshold=0.0001",1,0.064453125
0,0.0,"amp_var=0.424 (thr=0.5, range-normalized), hf_power_ratio=0.017 (thr=0.4)",0,0.015625,longest_dropout=2 samples (thr=32),0,0.0,"n_spikes=0, z_threshold=4.0",0,0.0,"flat_windows=0, threshold=0.0001",0,0.00390625
0,0.0,"amp_var=0.398 (thr=0.5, range-normalized), hf_power_ratio=0.041 (thr=0.4)",0,0.015625,longest_dropout=2 samples (thr=32),0,0.0,"n_spikes=0, z_threshold=4.0",0,0.0,"flat_windows=0, threshold=0.0001",0,0.00390625
0,0.0,"amp_var=0.367 (thr=0.5, range-normalized), hf_power_ratio=0.060 (thr=0.4)",0,0.0078125,longest_dropout=1 samples (thr=32),0,0.0,"n_spikes=0, z_threshold=4.0",0,0.0,"flat_windows=0, threshold=0.0001",0,0.001953125
0,0.0,"amp_var=0.419 (thr=0.5, range-normalized), hf_power_ratio=0.011 (thr=0.4)",0,0.0078125,longest_dropout=1 samples (thr=32),0,0.0,"n_spikes=0, z_threshold=4.0",0,0.0,"flat_windows=0, threshold=0.0001",0,0.001953125
0,0.0,"amp_var=0.278 (thr=0.5, range-normalized), hf_power_ratio=0.114 (thr=0.4)",0,0.0078125,longest_dropout=1 samples (thr=32),0,0.0,"n_spikes=0, z_threshold=4.0",0,0.0,"flat_windows=0, threshold=0.0001",0,0.001953125
0,0.0,"amp_var=0.238 (thr=0.5, range-normalized), hf_power_ratio=0.164 (thr=0.4)",1,0.4140625,longest_dropout=53 samples (thr=32),0,0.0,"n_spikes=0, z_threshold=4.0",0,0.0,"flat_windows=0, threshold=0.0001",1,0.103515625
0,0.0,"amp_var=0.250 (thr=0.5, range-normalized), hf_power_ratio=0.157 (thr=0.4)",1,0.4765625,longest_dropout=61 samples (thr=32),0,0.0,"n_spikes=0, z_threshold=4.0",0,0.0,"flat_windows=0, threshold=0.0001",1,0.119140625
0,0.0,"amp_var=0.394 (thr=0.5, range-normalized), hf_power_ratio=0.045 (thr=0.4)",0,0.0078125,longest_dropout=1 samples (thr=32),0,0.0,"n_spikes=0, z_threshold=4.0",0,0.0,"flat_windows=0, threshold=0.0001",0,0.001953125
0,0.0,"amp_var=0.316 (thr=0.5, range-normalized), hf_power_ratio=0.139 (thr=0.4)",0,0.2421875,longest_dropout=31 samples (thr=32),0,0.0,"n_spikes=0, z_threshold=4.0",0,0.0,"flat_windows=0, threshold=0.0001",0,0.060546875
0,0.0,"amp_var=0.396 (thr=0.5, range-normalized), hf_power_ratio=0.015 (thr=0.4)",0,0.015625,longest_dropout=2 samples (thr=32),0,0.0,"n_spikes=0, z_threshold=4.0",0,0.0,"flat_windows=0, threshold=0.0001",0,0.00390625
0,0.0,"amp_var=0.354 (thr=0.5, range-normalized), hf_power_ratio=0.070 (thr=0.4)",0,0.0078125,longest_dropout=1 samples (thr=32),0,0.0,"n_spikes=0, z_threshold=4.0",0,0.0,"flat_windows=0, threshold=0.0001",0,0.001953125
0,0.0,"amp_var=0.371 (thr=0.5, range-normalized), hf_power_ratio=0.070 (thr=0.4)",0,0.0078125,longest_dropout=1 samples (thr=32),0,0.0,"n_spikes=0, z_threshold=4.0",0,0.0,"flat_windows=0, threshold=0.0001",0,0.001953125
0,0.0,"amp_var=0.320 (thr=0.5, range-normalized), hf_power_ratio=0.080 (thr=0.4)",1,0.4375,longest_dropout=56 samples (thr=32),0,0.0,"n_spikes=0, z_threshold=4.0",0,0.0,"flat_windows=0, threshold=0.0001",1,0.109375
0,0.0,"amp_var=0.315 (thr=0.5, range-normalized), hf_power_ratio=0.070 (thr=0.4)",0,0.0078125,longest_dropout=1 samples (thr=32),0,0.0,"n_spikes=0, z_threshold=4.0",0,0.0,"flat_windows=0, threshold=0.0001",0,0.001953125
0,0.0,"amp_var=0.353 (thr=0.5, range-normalized), hf_power_ratio=0.150 (thr=0.4)",1,0.3046875,longest_dropout=39 samples (thr=32),0,0.0,"n_spikes=0, z_threshold=4.0",0,0.0,"flat_windows=0, threshold=0.0001",1,0.076171875
0,0.0,"amp_var=0.388 (thr=0.5, range-normalized), hf_power_ratio=0.036 (thr=0.4)",0,0.0078125,longest_dropout=1 samples (thr=32),0,0.0,"n_spikes=0, z_threshold=4.0",0,0.0,"flat_windows=0, threshold=0.0001",0,0.001953125
0,0.0,"amp_var=0.419 (thr=0.5, range-normalized), hf_power_ratio=0.013 (thr=0.4)",0,0.015625,longest_dropout=2 samples (thr=32),0,0.0,"n_spikes=0, z_threshold=4.0",0,0.0,"flat_windows=0, threshold=0.0001",0,0.00390625
0,0.0,"amp_var=0.382 (thr=0.5, range-normalized), hf_power_ratio=0.029 (thr=0.4)",0,0.0078125,longest_dropout=1 samples (thr=32),0,0.0,"n_spikes=0, z_threshold=4.0",0,0.0,"flat_windows=0, threshold=0.0001",0,0.001953125
0,0.0,"amp_var=0.381 (thr=0.5, range-normalized), hf_power_ratio=0.037 (thr=0.4)",0,0.0078125,longest_dropout=1 samples (thr=32),0,0.0,"n_spikes=0, z_threshold=4.0",0,0.0,"flat_windows=0, threshold=0.0001",0,0.001953125
0,0.0,"amp_var=0.281 (thr=0.5, range-normalized), hf_power_ratio=0.123 (thr=0.4)",0,0.0078125,longest_dropout=1 samples (thr=32),0,0.0,"n_spikes=0, z_threshold=4.0",0,0.0,"flat_windows=0, threshold=0.0001",0,0.001953125
0,0.0,"amp_var=0.415 (thr=0.5, range-normalized), hf_power_ratio=0.023 (thr=0.4)",0,0.0078125,longest_dropout=1 samples (thr=32),0,0.0,"n_spikes=0, z_threshold=4.0",0,0.0,"flat_windows=0, threshold=0.0001",0,0.001953125
0,0.0,"amp_var=0.296 (thr=0.5, range-normalized), hf_power_ratio=0.164 (thr=0.4)",1,0.25,longest_dropout=32 samples (thr=32),0,0.0,"n_spikes=0, z_threshold=4.0",0,0.0,"flat_windows=0, threshold=0.0001",1,0.0625
0,0.0,"amp_var=0.316 (thr=0.5, range-normalized), hf_power_ratio=0.066 (thr=0.4)",1,0.3515625,longest_dropout=45 samples (thr=32),0,0.0,"n_spikes=0, z_threshold=4.0",0,0.0,"flat_windows=0, threshold=0.0001",1,0.087890625
0,0.0,"amp_var=0.367 (thr=0.5, range-normalized), hf_power_ratio=0.059 (thr=0.4)",0,0.0078125,longest_dropout=1 samples (thr=32),0,0.0,"n_spikes=0, z_threshold=4.0",0,0.0,"flat_windows=0, threshold=0.0001",0,0.001953125
0,0.0,"amp_var=0.298 (thr=0.5, range-normalized), hf_power_ratio=0.137 (thr=0.4)",1,0.3125,longest_dropout=40 samples (thr=32),0,0.0,"n_spikes=0, z_threshold=4.0",0,0.0,"flat_windows=0, threshold=0.0001",1,0.078125
0,0.0,"amp_var=0.378 (thr=0.5, range-normalized), hf_power_ratio=0.030 (thr=0.4)",0,0.1875,longest_dropout=24 samples (thr=32),0,0.0,"n_spikes=0, z_threshold=4.0",0,0.0,"flat_windows=0, threshold=0.0001",0,0.046875
0,0.0,"amp_var=0.268 (thr=0.5, range-normalized), hf_power_ratio=0.129 (thr=0.4)",0,0.0078125,longest_dropout=1 samples (thr=32),0,0.0,"n_spikes=0, z_threshold=4.0",0,0.0,"flat_windows=0, threshold=0.0001",0,0.001953125
0,0.0,"amp_var=0.339 (thr=0.5, range-normalized), hf_power_ratio=0.125 (thr=0.4)",0,0.0078125,longest_dropout=1 samples (thr=32),0,0.0,"n_spikes=0, z_threshold=4.0",0,0.0,"flat_windows=0, threshold=0.0001",0,0.001953125
0,0.0,"amp_var=0.424 (thr=0.5, range-normalized), hf_power_ratio=0.016 (thr=0.4)",0,0.015625,longest_dropout=2 samples (thr=32),0,0.0,"n_spikes=0, z_threshold=4.0",0,0.0,"flat_windows=0, threshold=0.0001",0,0.00390625
0,0.0,"amp_var=0.338 (thr=0.5, range-normalized), hf_power_ratio=0.098 (thr=0.4)",0,0.0078125,longest_dropout=1 samples (thr=32),0,0.0,"n_spikes=0, z_threshold=4.0",0,0.0,"flat_windows=0, threshold=0.0001",0,0.001953125
0,0.0,"amp_var=0.299 (thr=0.5, range-normalized), hf_power_ratio=0.145 (thr=0.4)",0,0.0078125,longest_dropout=1 samples (thr=32),0,0.0,"n_spikes=0, z_threshold=4.0",0,0.0,"flat_windows=0, threshold=0.0001",0,0.001953125
0,0.0,"amp_var=0.425 (thr=0.5, range-normalized), hf_power_ratio=0.013 (thr=0.4)",0,0.0078125,longest_dropout=1 samples (thr=32),0,0.0,"n_spikes=0, z_threshold=4.0",0,0.0,"flat_windows=0, threshold=0.0001",0,0.001953125
0,0.0,"amp_var=0.410 (thr=0.5, range-normalized), hf_power_ratio=0.015 (thr=0.4)",0,0.015625,longest_dropout=2 samples (thr=32),0,0.0,"n_spikes=0, z_threshold=4.0",0,0.0,"flat_windows=0, threshold=0.0001",0,0.00390625
0,0.0,"amp_var=0.304 (thr=0.5, range-normalized), hf_power_ratio=0.169 (thr=0.4)",0,0.2265625,longest_dropout=29 samples (thr=32),0,0.0,"n_spikes=0, z_threshold=4.0",0,0.0,"flat_windows=0, threshold=0.0001",0,0.056640625
0,0.0,"amp_var=0.379 (thr=0.5, range-normalized), hf_power_ratio=0.058 (thr=0.4)",0,0.0078125,longest_dropout=1 samples (thr=32),0,0.0,"n_spikes=0, z_threshold=4.0",0,0.0,"flat_windows=0, threshold=0.0001",0,0.001953125
0,0.0,"amp_var=0.287 (thr=0.5, range-normalized), hf_power_ratio=0.129 (thr=0.4)",0,0.0078125,longest_dropout=1 samples (thr=32),0,0.0,"n_spikes=0, z_threshold=4.0",0,0.0,"flat_windows=0, threshold=0.0001",0,0.001953125
0,0.0,"amp_var=0.334 (thr=0.5, range-normalized), hf_power_ratio=0.067 (thr=0.4)",0,0.0078125,longest_dropout=1 samples (thr=32),0,0.0,"n_spikes=0, z_threshold=4.0",0,0.0,"flat_windows=0, threshold=0.0001",0,0.001953125
0,0.0,"amp_var=0.392 (thr=0.5, range-normalized), hf_power_ratio=0.027 (thr=0.4)",0,0.0078125,longest_dropout=1 samples (thr=32),0,0.0,"n_spikes=0, z_threshold=4.0",0,0.0,"flat_windows=0, threshold=0.0001",0,0.001953125
0,0.0,"amp_var=0.327 (thr=0.5, range-normalized), hf_power_ratio=0.094 (thr=0.4)",1,0.359375,longest_dropout=46 samples (thr=32),0,0.0,"n_spikes=0, z_threshold=4.0",0,0.0,"flat_windows=0, threshold=0.0001",1,0.08984375
0,0.0,"amp_var=0.347 (thr=0.5, range-normalized), hf_power_ratio=0.086 (thr=0.4)",0,0.0078125,longest_dropout=1 samples (thr=32),0,0.0,"n_spikes=0, z_threshold=4.0",0,0.0,"flat_windows=0, threshold=0.0001",0,0.001953125
0,0.0,"amp_var=0.404 (thr=0.5, range-normalized), hf_power_ratio=0.043 (thr=0.4)",0,0.015625,longest_dropout=2 samples (thr=32),0,0.0,"n_spikes=0, z_threshold=4.0",0,0.0,"flat_windows=0, threshold=0.0001",0,0.00390625
0,0.0,"amp_var=0.300 (thr=0.5, range-normalized), hf_power_ratio=0.131 (thr=0.4)",1,0.25,longest_dropout=32 samples (thr=32),0,0.0,"n_spikes=0, z_threshold=4.0",0,0.0,"flat_windows=0, threshold=0.0001",1,0.0625
0,0.0,"amp_var=0.410 (thr=0.5, range-normalized), hf_power_ratio=0.014 (thr=0.4)",0,0.0078125,longest_dropout=1 samples (thr=32),0,0.0,"n_spikes=0, z_threshold=4.0",0,0.0,"flat_windows=0, threshold=0.0001",0,0.001953125
0,0.0,"amp_var=0.302 (thr=0.5, range-normalized), hf_power_ratio=0.106 (thr=0.4)",1,0.328125,longest_dropout=42 samples (thr=32),0,0.0,"n_spikes=0, z_threshold=4.0",0,0.0,"flat_windows=0, threshold=0.0001",1,0.08203125
0,0.0,"amp_var=0.270 (thr=0.5, range-normalized), hf_power_ratio=0.184 (thr=0.4)",0,0.1640625,longest_dropout=21 samples (thr=32),0,0.0,"n_spikes=0, z_threshold=4.0",0,0.0,"flat_windows=0, threshold=0.0001",0,0.041015625
0,0.0,"amp_var=0.370 (thr=0.5, range-normalized), hf_power_ratio=0.057 (thr=0.4)",0,0.0078125,longest_dropout=1 samples (thr=32),0,0.0,"n_spikes=0, z_threshold=4.0",0,0.0,"flat_windows=0, threshold=0.0001",0,0.001953125
0,0.0,"amp_var=0.283 (thr=0.5, range-normalized), hf_power_ratio=0.127 (thr=0.4)",0,0.0078125,longest_dropout=1 samples (thr=32),0,0.0,"n_spikes=0, z_threshold=4.0",0,0.0,"flat_windows=0, threshold=0.0001",0,0.001953125
0,0.0,"amp_var=0.308 (thr=0.5, range-normalized), hf_power_ratio=0.170 (thr=0.4)",1,0.3828125,longest_dropout=49 samples (thr=32),0,0.0,"n_spikes=0, z_threshold=4.0",0,0.0,"flat_windows=0, threshold=0.0001",1,0.095703125
0,0.0,"amp_var=0.412 (thr=0.5, range-normalized), hf_power_ratio=0.014 (thr=0.4)",0,0.0078125,longest_dropout=1 samples (thr=32),0,0.0,"n_spikes=0, z_threshold=4.0",0,0.0,"flat_windows=0, threshold=0.0001",0,0.001953125
0,0.0,"amp_var=0.310 (thr=0.5, range-normalized), hf_power_ratio=0.138 (thr=0.4)",0,0.0078125,longest_dropout=1 samples (thr=32),0,0.0,"n_spikes=0, z_threshold=4.0",0,0.0,"flat_windows=0, threshold=0.0001",0,0.001953125
0,0.0,"amp_var=0.326 (thr=0.5, range-normalized), hf_power_ratio=0.074 (thr=0.4)",1,0.25,longest_dropout=32 samples (thr=32),0,0.0,"n_spikes=0, z_threshold=4.0",0,0.0,"flat_windows=0, threshold=0.0001",1,0.0625
0,0.0,"amp_var=0.373 (thr=0.5, range-normalized), hf_power_ratio=0.067 (thr=0.4)",0,0.015625,longest_dropout=2 samples (thr=32),0,0.0,"n_spikes=0, z_threshold=4.0",0,0.0,"flat_windows=0, threshold=0.0001",0,0.00390625
0,0.0,"amp_var=0.390 (thr=0.5, range-normalized), hf_power_ratio=0.054 (thr=0.4)",0,0.0078125,longest_dropout=1 samples (thr=32),0,0.0,"n_spikes=0, z_threshold=4.0",0,0.0,"flat_windows=0, threshold=0.0001",0,0.001953125
0,0.0,"amp_var=0.310 (thr=0.5, range-normalized), hf_power_ratio=0.101 (thr=0.4)",0,0.203125,longest_dropout=26 samples (thr=32),0,0.0,"n_spikes=0, z_threshold=4.0",0,0.0,"flat_windows=0, threshold=0.0001",0,0.05078125
0,0.0,"amp_var=0.296 (thr=0.5, range-normalized), hf_power_ratio=0.190 (thr=0.4)",0,0.1875,longest_dropout=24 samples (thr=32),0,0.0,"n_spikes=0, z_threshold=4.0",0,0.0,"flat_windows=0, threshold=0.0001",0,0.046875
0,0.0,"amp_var=0.417 (thr=0.5, range-normalized), hf_power_ratio=0.017 (thr=0.4)",0,0.015625,longest_dropout=2 samples (thr=32),0,0.0,"n_spikes=0, z_threshold=4.0",0,0.0,"flat_windows=0, threshold=0.0001",0,0.00390625
0,0.0,"amp_var=0.420 (thr=0.5, range-normalized), hf_power_ratio=0.026 (thr=0.4)",0,0.0078125,longest_dropout=1 samples (thr=32),0,0.0,"n_spikes=0, z_threshold=4.0",0,0.0,"flat_windows=0, threshold=0.0001",0,0.001953125
0,0.0,"amp_var=0.329 (thr=0.5, range-normalized), hf_power_ratio=0.089 (thr=0.4)",0,0.0078125,longest_dropout=1 samples (thr=32),0,0.0,"n_spikes=0, z_threshold=4.0",0,0.0,"flat_windows=0, threshold=0.0001",0,0.001953125
0,0.0,"amp_var=0.280 (thr=0.5, range-normalized), hf_power_ratio=0.164 (thr=0.4)",1,0.453125,longest_dropout=58 samples (thr=32),0,0.0,"n_spikes=0, z_threshold=4.0",0,0.0,"flat_windows=0, threshold=0.0001",1,0.11328125
0,0.0,"amp_var=0.393 (thr=0.5, range-normalized), hf_power_ratio=0.024 (thr=0.4)",0,0.0078125,longest_dropout=1 samples (thr=32),0,0.0,"n_spikes=0, z_threshold=4.0",0,0.0,"flat_windows=0, threshold=0.0001",0,0.001953125
0,0.0,"amp_var=0.374 (thr=0.5, range-normalized), hf_power_ratio=0.057 (thr=0.4)",0,0.0078125,longest_dropout=1 samples (thr=32),0,0.0,"n_spikes=0, z_threshold=4.0",0,0.0,"flat_windows=0, threshold=0.0001",0,0.001953125
0,0.0,"amp_var=0.301 (thr=0.5, range-normalized), hf_power_ratio=0.110 (thr=0.4)",0,0.0078125,longest_dropout=1 samples (thr=32),0,0.0,"n_spikes=0, z_threshold=4.0",0,0.0,"flat_windows=0, threshold=0.0001",0,0.001953125
0,0.0,"amp_var=0.300 (thr=0.5, range-normalized), hf_power_ratio=0.127 (thr=0.4)",0,0.0078125,longest_dropout=1 samples (thr=32),0,0.0,"n_spikes=0, z_threshold=4.0",0,0.0,"flat_windows=0, threshold=0.0001",0,0.001953125
0,0.0,"amp_var=0.390 (thr=0.5, range-normalized), hf_power_ratio=0.024 (thr=0.4)",0,0.0078125,longest_dropout=1 samples (thr=32),0,0.0,"n_spikes=0, z_threshold=4.0",0,0.0,"flat_windows=0, threshold=0.0001",0,0.001953125
0,0.0,"amp_var=0.309 (thr=0.5, range-normalized), hf_power_ratio=0.107 (thr=0.4)",0,0.0078125,longest_dropout=1 samples (thr=32),0,0.0,"n_spikes=0, z_threshold=4.0",0,0.0,"flat_windows=0, threshold=0.0001",0,0.001953125
0,0.0,"amp_var=0.242 (thr=0.5, range-normalized), hf_power_ratio=0.167 (thr=0.4)",1,0.4921875,longest_dropout=63 samples (thr=32),0,0.0,"n_spikes=0, z_threshold=4.0",0,0.0,"flat_windows=0, threshold=0.0001",1,0.123046875
0,0.0,"amp_var=0.397 (thr=0.5, range-normalized), hf_power_ratio=0.037 (thr=0.4)",0,0.0078125,longest_dropout=1 samples (thr=32),0,0.0,"n_spikes=0, z_threshold=4.0",0,0.0,"flat_windows=0, threshold=0.0001",0,0.001953125
0,0.0,"amp_var=0.413 (thr=0.5, range-normalized), hf_power_ratio=0.003 (thr=0.4)",0,0.0078125,longest_dropout=1 samples (thr=32),0,0.0,"n_spikes=0, z_threshold=4.0",0,0.0,"flat_windows=0, threshold=0.0001",0,0.001953125
0,0.0,"amp_var=0.327 (thr=0.5, range-normalized), hf_power_ratio=0.131 (thr=0.4)",0,0.203125,longest_dropout=26 samples (thr=32),0,0.0,"n_spikes=0, z_threshold=4.0",0,0.0,"flat_windows=0, threshold=0.0001",0,0.05078125
0,0.0,"amp_var=0.368 (thr=0.5, range-normalized), hf_power_ratio=0.083 (thr=0.4)",0,0.015625,longest_dropout=2 samples (thr=32),0,0.0,"n_spikes=0, z_threshold=4.0",0,0.0,"flat_windows=0, threshold=0.0001",0,0.00390625
0,0.0,"amp_var=0.378 (thr=0.5, range-normalized), hf_power_ratio=0.032 (thr=0.4)",0,0.0078125,longest_dropout=1 samples (thr=32),0,0.0,"n_spikes=0, z_threshold=4.0",0,0.0,"flat_windows=0, threshold=0.0001",0,0.001953125
0,0.0,"amp_var=0.333 (thr=0.5, range-normalized), hf_power_ratio=0.130 (thr=0.4)",0,0.125,longest_dropout=16 samples (thr=32),0,0.0,"n_spikes=0, z_threshold=4.0",0,0.0,"flat_windows=0, threshold=0.0001",0,0.03125
0,0.0,"amp_var=0.396 (thr=0.5, range-normalized), hf_power_ratio=0.026 (thr=0.4)",0,0.015625,longest_dropout=2 samples (thr=32),0,0.0,"n_spikes=0, z_threshold=4.0",0,0.0,"flat_windows=0, threshold=0.0001",0,0.00390625
0,0.0,"amp_var=0.371 (thr=0.5, range-normalized), hf_power_ratio=0.029 (thr=0.4)",0,0.0078125,longest_dropout=1 samples (thr=32),0,0.0,"n_spikes=0, z_threshold=4.0",0,0.0,"flat_windows=0, threshold=0.0001",0,0.001953125
0,0.0,"amp_var=0.292 (thr=0.5, range-normalized), hf_power_ratio=0.149 (thr=0.4)",1,0.3046875,longest_dropout=39 samples (thr=32),0,0.0,"n_spikes=0, z_threshold=4.0",0,0.0,"flat_windows=0, threshold=0.0001",1,0.076171875
0,0.0,"amp_var=0.372 (thr=0.5, range-normalized), hf_power_ratio=0.091 (thr=0.4)",0,0.0078125,longest_dropout=1 samples (thr=32),0,0.0,"n_spikes=0, z_threshold=4.0",0,0.0,"flat_windows=0, threshold=0.0001",0,0.001953125
0,0.0,"amp_var=0.403 (thr=0.5, range-normalized), hf_power_ratio=0.012 (thr=0.4)",0,0.015625,longest_dropout=2 samples (thr=32),0,0.0,"n_spikes=0, z_threshold=4.0",0,0.0,"flat_windows=0, threshold=0.0001",0,0.00390625
0,0.0,"amp_var=0.293 (thr=0.5, range-normalized), hf_power_ratio=0.193 (thr=0.4)",1,0.3515625,longest_dropout=45 samples (thr=32),0,0.0,"n_spikes=0, z_threshold=4.0",0,0.0,"flat_windows=0, threshold=0.0001",1,0.087890625
0,0.0,"amp_var=0.368 (thr=0.5, range-normalized), hf_power_ratio=0.071 (thr=0.4)",0,0.015625,longest_dropout=2 samples (thr=32),0,0.0,"n_spikes=0, z_threshold=4.0",0,0.0,"flat_windows=0, threshold=0.0001",0,0.00390625
0,0.0,"amp_var=0.270 (thr=0.5, range-normalized), hf_power_ratio=0.113 (thr=0.4)",0,0.0078125,longest_dropout=1 samples (thr=32),0,0.0,"n_spikes=0, z_threshold=4.0",0,0.0,"flat_windows=0, threshold=0.0001",0,0.001953125
0,0.0,"amp_var=0.254 (thr=0.5, range-normalized), hf_power_ratio=0.144 (thr=0.4)",0,0.2265625,longest_dropout=29 samples (thr=32),0,0.0,"n_spikes=0, z_threshold=4.0",0,0.0,"flat_windows=0, threshold=0.0001",0,0.056640625
0,0.0,"amp_var=0.378 (thr=0.5, range-normalized), hf_power_ratio=0.027 (thr=0.4)",0,0.0078125,longest_dropout=1 samples (thr=32),0,0.0,"n_spikes=0, z_threshold=4.0",0,0.0,"flat_windows=0, threshold=0.0001",0,0.001953125
0,0.0,"amp_var=0.298 (thr=0.5, range-normalized), hf_power_ratio=0.181 (thr=0.4)",1,0.2890625,longest_dropout=37 samples (thr=32),0,0.0,"n_spikes=0, z_threshold=4.0",0,0.0,"flat_windows=0, threshold=0.0001",1,0.072265625
0,0.0,"amp_var=0.421 (thr=0.5, range-normalized), hf_power_ratio=0.012 (thr=0.4)",0,0.0078125,longest_dropout=1 samples (thr=32),0,0.0,"n_spikes=0, z_threshold=4.0",0,0.0,"flat_windows=0, threshold=0.0001",0,0.001953125
0,0.0,"amp_var=0.304 (thr=0.5, range-normalized), hf_power_ratio=0.116 (thr=0.4)",0,0.2109375,longest_dropout=27 samples (thr=32),0,0.0,"n_spikes=0, z_threshold=4.0",0,0.0,"flat_windows=0, threshold=0.0001",0,0.052734375
0,0.0,"amp_var=0.345 (thr=0.5, range-normalized), hf_power_ratio=0.093 (thr=0.4)",0,0.0078125,longest_dropout=1 samples (thr=32),0,0.0,"n_spikes=0, z_threshold=4.0",0,0.0,"flat_windows=0, threshold=0.0001",0,0.001953125
0,0.0,"amp_var=0.283 (thr=0.5, range-normalized), hf_power_ratio=0.141 (thr=0.4)",0,0.0078125,longest_dropout=1 samples (thr=32),0,0.0,"n_spikes=0, z_threshold=4.0",0,0.0,"flat_windows=0, threshold=0.0001",0,0.001953125
0,0.0,"amp_var=0.296 (thr=0.5, range-normalized), hf_power_ratio=0.124 (thr=0.4)",0,0.0078125,longest_dropout=1 samples (thr=32),0,0.0,"n_spikes=0, z_threshold=4.0",0,0.0,"flat_windows=0, threshold=0.0001",0,0.001953125
0,0.0,"amp_var=0.397 (thr=0.5, range-normalized), hf_power_ratio=0.037 (thr=0.4)",0,0.015625,longest_dropout=2 samples (thr=32),0,0.0,"n_spikes=0, z_threshold=4.0",0,0.0,"flat_windows=0, threshold=0.0001",0,0.00390625
0,0.0,"amp_var=0.265 (thr=0.5, range-normalized), hf_power_ratio=0.116 (thr=0.4)",0,0.0078125,longest_dropout=1 samples (thr=32),0,0.0,"n_spikes=0, z_threshold=4.0",0,0.0,"flat_windows=0, threshold=0.0001",0,0.001953125
0,0.0,"amp_var=0.427 (thr=0.5, range-normalized), hf_power_ratio=0.006 (thr=0.4)",0,0.015625,longest_dropout=2 samples (thr=32),0,0.0,"n_spikes=0, z_threshold=4.0",0,0.0,"flat_windows=0, threshold=0.0001",0,0.00390625
0,0.0,"amp_var=0.334 (thr=0.5, range-normalized), hf_power_ratio=0.113 (thr=0.4)",0,0.1640625,longest_dropout=21 samples (thr=32),0,0.0,"n_spikes=0, z_threshold=4.0",0,0.0,"flat_windows=0, threshold=0.0001",0,0.041015625
0,0.0,"amp_var=0.393 (thr=0.5, range-normalized), hf_power_ratio=0.018 (thr=0.4)",0,0.0078125,longest_dropout=1 samples (thr=32),0,0.0,"n_spikes=0, z_threshold=4.0",0,0.0,"flat_windows=0, threshold=0.0001",0,0.001953125
0,0.0,"amp_var=0.396 (thr=0.5, range-normalized), hf_power_ratio=0.029 (thr=0.4)",0,0.0078125,longest_dropout=1 samples (thr=32),0,0.0,"n_spikes=0, z_threshold=4.0",0,0.0,"flat_windows=0, threshold=0.0001",0,0.001953125
0,0.0,"amp_var=0.278 (thr=0.5, range-normalized), hf_power_ratio=0.131 (thr=0.4)",0,0.0078125,longest_dropout=1 samples (thr=32),0,0.0,"n_spikes=0, z_threshold=4.0",0,0.0,"flat_windows=0, threshold=0.0001",0,0.001953125
0,0.0,"amp_var=0.300 (thr=0.5, range-normalized), hf_power_ratio=0.139 (thr=0.4)",1,0.2890625,longest_dropout=37 samples (thr=32),0,0.0,"n_spikes=0, z_threshold=4.0",0,0.0,"flat_windows=0, threshold=0.0001",1,0.072265625
0,0.0,"amp_var=0.297 (thr=0.5, range-normalized), hf_power_ratio=0.188 (thr=0.4)",0,0.2109375,longest_dropout=27 samples (thr=32),0,0.0,"n_spikes=0, z_threshold=4.0",0,0.0,"flat_windows=0, threshold=0.0001",0,0.052734375
0,0.0,"amp_var=0.399 (thr=0.5, range-normalized), hf_power_ratio=0.031 (thr=0.4)",0,0.0078125,longest_dropout=1 samples (thr=32),0,0.0,"n_spikes=0, z_threshold=4.0",0,0.0,"flat_windows=0, threshold=0.0001",0,0.001953125
0,0.0,"amp_var=0.380 (thr=0.5, range-normalized), hf_power_ratio=0.070 (thr=0.4)",0,0.0078125,longest_dropout=1 samples (thr=32),0,0.0,"n_spikes=0, z_threshold=4.0",0,0.0,"flat_windows=0, threshold=0.0001",0,0.001953125
0,0.0,"amp_var=0.294 (thr=0.5, range-normalized), hf_power_ratio=0.121 (thr=0.4)",0,0.0078125,longest_dropout=1 samples (thr=32),0,0.0,"n_spikes=0, z_threshold=4.0",0,0.0,"flat_windows=0, threshold=0.0001",0,0.001953125
0,0.0,"amp_var=0.315 (thr=0.5, range-normalized), hf_power_ratio=0.120 (thr=0.4)",1,0.3515625,longest_dropout=45 samples (thr=32),0,0.0,"n_spikes=0, z_threshold=4.0",0,0.0,"flat_windows=0, threshold=0.0001",1,0.087890625
0,0.0,"amp_var=0.365 (thr=0.5, range-normalized), hf_power_ratio=0.054 (thr=0.4)",0,0.0078125,longest_dropout=1 samples (thr=32),0,0.0,"n_spikes=0, z_threshold=4.0",0,0.0,"flat_windows=0, threshold=0.0001",0,0.001953125
0,0.0,"amp_var=0.409 (thr=0.5, range-normalized), hf_power_ratio=0.026 (thr=0.4)",0,0.0078125,longest_dropout=1 samples (thr=32),0,0.0,"n_spikes=0, z_threshold=4.0",0,0.0,"flat_windows=0, threshold=0.0001",0,0.001953125
0,0.0,"amp_var=0.300 (thr=0.5, range-normalized), hf_power_ratio=0.107 (thr=0.4)",1,0.453125,longest_dropout=58 samples (thr=32),0,0.0,"n_spikes=0, z_threshold=4.0",0,0.0,"flat_windows=0, threshold=0.0001",1,0.11328125
0,0.0,"amp_var=0.382 (thr=0.5, range-normalized), hf_power_ratio=0.046 (thr=0.4)",0,0.0078125,longest_dropout=1 samples (thr=32),0,0.0,"n_spikes=0, z_threshold=4.0",0,0.0,"flat_windows=0, threshold=0.0001",0,0.001953125
0,0.0,"amp_var=0.407 (thr=0.5, range-normalized), hf_power_ratio=0.032 (thr=0.4)",0,0.015625,longest_dropout=2 samples (thr=32),0,0.0,"n_spikes=0, z_threshold=4.0",0,0.0,"flat_windows=0, threshold=0.0001",0,0.00390625
0,0.0,"amp_var=0.331 (thr=0.5, range-normalized), hf_power_ratio=0.125 (thr=0.4)",0,0.234375,longest_dropout=30 samples (thr=32),0,0.0,"n_spikes=0, z_threshold=4.0",0,0.0,"flat_windows=0, threshold=0.0001",0,0.05859375
0,0.0,"amp_var=0.425 (thr=0.5, range-normalized), hf_power_ratio=0.017 (thr=0.4)",0,0.0078125,longest_dropout=1 samples (thr=32),0,0.0,"n_spikes=0, z_threshold=4.0",0,0.0,"flat_windows=0, threshold=0.0001",0,0.001953125
0,0.0,"amp_var=0.288 (thr=0.5, range-normalized), hf_power_ratio=0.169 (thr=0.4)",1,0.34375,longest_dropout=44 samples (thr=32),0,0.0,"n_spikes=0, z_threshold=4.0",0,0.0,"flat_windows=0, threshold=0.0001",1,0.0859375
0,0.0,"amp_var=0.332 (thr=0.5, range-normalized), hf_power_ratio=0.061 (thr=0.4)",1,0.34375,longest_dropout=44 samples (thr=32),0,0.0,"n_spikes=0, z_threshold=4.0",0,0.0,"flat_windows=0, threshold=0.0001",1,0.0859375
0,0.0,"amp_var=0.288 (thr=0.5, range-normalized), hf_power_ratio=0.171 (thr=0.4)",1,0.3046875,longest_dropout=39 samples (thr=32),0,0.0,"n_spikes=0, z_threshold=4.0",0,0.0,"flat_windows=0, threshold=0.0001",1,0.076171875
0,0.0,"amp_var=0.249 (thr=0.5, range-normalized), hf_power_ratio=0.169 (thr=0.4)",1,0.4453125,longest_dropout=57 samples (thr=32),0,0.0,"n_spikes=0, z_threshold=4.0",0,0.0,"flat_windows=0, threshold=0.0001",1,0.111328125
0,0.0,"amp_var=0.385 (thr=0.5, range-normalized), hf_power_ratio=0.040 (thr=0.4)",0,0.0078125,longest_dropout=1 samples (thr=32),0,0.0,"n_spikes=0, z_threshold=4.0",0,0.0,"flat_windows=0, threshold=0.0001",0,0.001953125
0,0.0,"amp_var=0.292 (thr=0.5, range-normalized), hf_power_ratio=0.121 (thr=0.4)",0,0.0078125,longest_dropout=1 samples (thr=32),0,0.0,"n_spikes=0, z_threshold=4.0",0,0.0,"flat_windows=0, threshold=0.0001",0,0.001953125
0,0.0,"amp_var=0.410 (thr=0.5, range-normalized), hf_power_ratio=0.021 (thr=0.4)",0,0.0078125,longest_dropout=1 samples (thr=32),0,0.0,"n_spikes=0, z_threshold=4.0",0,0.0,"flat_windows=0, threshold=0.0001",0,0.001953125
0,0.0,"amp_var=0.237 (thr=0.5, range-normalized), hf_power_ratio=0.181 (thr=0.4)",0,0.1796875,longest_dropout=23 samples (thr=32),0,0.0,"n_spikes=0, z_threshold=4.0",0,0.0,"flat_windows=0, threshold=0.0001",0,0.044921875
0,0.0,"amp_var=0.284 (thr=0.5, range-normalized), hf_power_ratio=0.166 (thr=0.4)",1,0.4609375,longest_dropout=59 samples (thr=32),0,0.0,"n_spikes=0, z_threshold=4.0",0,0.0,"flat_windows=0, threshold=0.0001",1,0.115234375
0,0.0,"amp_var=0.389 (thr=0.5, range-normalized), hf_power_ratio=0.037 (thr=0.4)",0,0.0078125,longest_dropout=1 samples (thr=32),0,0.0,"n_spikes=0, z_threshold=4.0",0,0.0,"flat_windows=0, threshold=0.0001",0,0.001953125
0,0.0,"amp_var=0.351 (thr=0.5, range-normalized), hf_power_ratio=0.040 (thr=0.4)",0,0.171875,longest_dropout=22 samples (thr=32),0,0.0,"n_spikes=0, z_threshold=4.0",0,0.0,"flat_windows=0, threshold=0.0001",0,0.04296875
0,0.0,"amp_var=0.319 (thr=0.5, range-normalized), hf_power_ratio=0.140 (thr=0.4)",0,0.2265625,longest_dropout=29 samples (thr=32),0,0.0,"n_spikes=0, z_threshold=4.0",0,0.0,"flat_windows=0, threshold=0.0001",0,0.056640625
0,0.0,"amp_var=0.383 (thr=0.5, range-normalized), hf_power_ratio=0.047 (thr=0.4)",0,0.0078125,longest_dropout=1 samples (thr=32),0,0.0,"n_spikes=0, z_threshold=4.0",0,0.0,"flat_windows=0, threshold=0.0001",0,0.001953125
0,0.0,"amp_var=0.295 (thr=0.5, range-normalized), hf_power_ratio=0.097 (thr=0.4)",1,0.4140625,longest_dropout=53 samples (thr=32),0,0.0,"n_spikes=0, z_threshold=4.0",0,0.0,"flat_windows=0, threshold=0.0001",1,0.103515625
0,0.0,"amp_var=0.365 (thr=0.5, range-normalized), hf_power_ratio=0.057 (thr=0.4)",0,0.0078125,longest_dropout=1 samples (thr=32),0,0.0,"n_spikes=0, z_threshold=4.0",0,0.0,"flat_windows=0, threshold=0.0001",0,0.001953125
0,0.0,"amp_var=0.246 (thr=0.5, range-normalized), hf_power_ratio=0.192 (thr=0.4)",0,0.2109375,longest_dropout=27 samples (thr=32),0,0.0,"n_spikes=0, z_threshold=4.0",0,0.0,"flat_windows=0, threshold=0.0001",0,0.052734375
0,0.0,"amp_var=0.418 (thr=0.5, range-normalized), hf_power_ratio=0.014 (thr=0.4)",0,0.0078125,longest_dropout=1 samples (thr=32),0,0.0,"n_spikes=0, z_threshold=4.0",0,0.0,"flat_windows=0, threshold=0.0001",0,0.001953125
0,0.0,"amp_var=0.295 (thr=0.5, range-normalized), hf_power_ratio=0.135 (thr=0.4)",1,0.3203125,longest_dropout=41 samples (thr=32),0,0.0,"n_spikes=0, z_threshold=4.0",0,0.0,"flat_windows=0, threshold=0.0001",1,0.080078125
0,0.0,"amp_var=0.337 (thr=0.5, range-normalized), hf_power_ratio=0.019 (thr=0.4)",1,0.484375,longest_dropout=62 samples (thr=32),0,0.0,"n_spikes=0, z_threshold=4.0",0,0.0,"flat_windows=0, threshold=0.0001",1,0.12109375
0,0.0,"amp_var=0.404 (thr=0.5, range-normalized), hf_power_ratio=0.029 (thr=0.4)",0,0.0078125,longest_dropout=1 samples (thr=32),0,0.0,"n_spikes=0, z_threshold=4.0",0,0.0,"flat_windows=0, threshold=0.0001",0,0.001953125
0,0.0,"amp_var=0.278 (thr=0.5, range-normalized), hf_power_ratio=0.155 (thr=0.4)",0,0.0078125,longest_dropout=1 samples (thr=32),0,0.0,"n_spikes=0, z_threshold=4.0",0,0.0,"flat_windows=0, threshold=0.0001",0,0.001953125
0,0.0,"amp_var=0.277 (thr=0.5, range-normalized), hf_power_ratio=0.173 (thr=0.4)",1,0.4296875,longest_dropout=55 samples (thr=32),0,0.0,"n_spikes=0, z_threshold=4.0",0,0.0,"flat_windows=0, threshold=0.0001",1,0.107421875
0,0.0,"amp_var=0.367 (thr=0.5, range-normalized), hf_power_ratio=0.068 (thr=0.4)",0,0.0078125,longest_dropout=1 samples (thr=32),0,0.0,"n_spikes=0, z_threshold=4.0",0,0.0,"flat_windows=0, threshold=0.0001",0,0.001953125
0,0.0,"amp_var=0.370 (thr=0.5, range-normalized), hf_power_ratio=0.067 (thr=0.4)",0,0.0078125,longest_dropout=1 samples (thr=32),0,0.0,"n_spikes=0, z_threshold=4.0",0,0.0,"flat_windows=0, threshold=0.0001",0,0.001953125
0,0.0,"amp_var=0.294 (thr=0.5, range-normalized), hf_power_ratio=0.129 (thr=0.4)",0,0.0078125,longest_dropout=1 samples (thr=32),0,0.0,"n_spikes=0, z_threshold=4.0",0,0.0,"flat_windows=0, threshold=0.0001",0,0.001953125
0,0.0,"amp_var=0.385 (thr=0.5, range-normalized), hf_power_ratio=0.053 (thr=0.4)",0,0.0078125,longest_dropout=1 samples (thr=32),0,0.0,"n_spikes=0, z_threshold=4.0",0,0.0,"flat_windows=0, threshold=0.0001",0,0.001953125
0,0.0,"amp_var=0.271 (thr=0.5, range-normalized), hf_power_ratio=0.142 (thr=0.4)",0,0.0078125,longest_dropout=1 samples (thr=32),0,0.0,"n_spikes=0, z_threshold=4.0",0,0.0,"flat_windows=0, threshold=0.0001",0,0.001953125
0,0.0,"amp_var=0.263 (thr=0.5, range-normalized), hf_power_ratio=0.154 (thr=0.4)",1,0.4296875,longest_dropout=55 samples (thr=32),0,0.0,"n_spikes=0, z_threshold=4.0",0,0.0,"flat_windows=0, threshold=0.0001",1,0.107421875
0,0.0,"amp_var=0.413 (thr=0.5, range-normalized), hf_power_ratio=0.018 (thr=0.4)",0,0.015625,longest_dropout=2 samples (thr=32),0,0.0,"n_spikes=0, z_threshold=4.0",0,0.0,"flat_windows=0, threshold=0.0001",0,0.00390625
0,0.0,"amp_var=0.391 (thr=0.5, range-normalized), hf_power_ratio=0.040 (thr=0.4)",0,0.015625,longest_dropout=2 samples (thr=32),0,0.0,"n_spikes=0, z_threshold=4.0",0,0.0,"flat_windows=0, threshold=0.0001",0,0.00390625
0,0.0,"amp_var=0.378 (thr=0.5, range-normalized), hf_power_ratio=0.034 (thr=0.4)",0,0.0078125,longest_dropout=1 samples (thr=32),0,0.0,"n_spikes=0, z_threshold=4.0",0,0.0,"flat_windows=0, threshold=0.0001",0,0.001953125
0,0.0,"amp_var=0.408 (thr=0.5, range-normalized), hf_power_ratio=0.020 (thr=0.4)",0,0.0078125,longest_dropout=1 samples (thr=32),0,0.0,"n_spikes=0, z_threshold=4.0",0,0.0,"flat_windows=0, threshold=0.0001",0,0.001953125
0,0.0,"amp_var=0.267 (thr=0.5, range-normalized), hf_power_ratio=0.106 (thr=0.4)",1,0.3046875,longest_dropout=39 samples (thr=32),0,0.0,"n_spikes=0, z_threshold=4.0",0,0.0,"flat_windows=0, threshold=0.0001",1,0.076171875
0,0.0,"amp_var=0.354 (thr=0.5, range-normalized), hf_power_ratio=0.049 (thr=0.4)",0,0.0078125,longest_dropout=1 samples (thr=32),0,0.0,"n_spikes=0, z_threshold=4.0",0,0.0,"flat_windows=0, threshold=0.0001",0,0.001953125
0,0.0,"amp_var=0.386 (thr=0.5, range-normalized), hf_power_ratio=0.035 (thr=0.4)",0,0.0078125,longest_dropout=1 samples (thr=32),0,0.0,"n_spikes=0, z_threshold=4.0",0,0.0,"flat_windows=0, threshold=0.0001",0,0.001953125
0,0.0,"amp_var=0.415 (thr=0.5, range-normalized), hf_power_ratio=0.012 (thr=0.4)",0,0.0078125,longest_dropout=1 samples (thr=32),0,0.0,"n_spikes=0, z_threshold=4.0",0,0.0,"flat_windows=0, threshold=0.0001",0,0.001953125
0,0.0,"amp_var=0.410 (thr=0.5, range-normalized), hf_power_ratio=0.017 (thr=0.4)",0,0.015625,longest_dropout=2 samples (thr=32),0,0.0,"n_spikes=0, z_threshold=4.0",0,0.0,"flat_windows=0, threshold=0.0001",0,0.00390625
0,0.0,"amp_var=0.289 (thr=0.5, range-normalized), hf_power_ratio=0.108 (thr=0.4)",0,0.0078125,longest_dropout=1 samples (thr=32),0,0.0,"n_spikes=0, z_threshold=4.0",0,0.0,"flat_windows=0, threshold=0.0001",0,0.001953125
0,0.0,"amp_var=0.354 (thr=0.5, range-normalized), hf_power_ratio=0.085 (thr=0.4)",0,0.0078125,longest_dropout=1 samples (thr=32),0,0.0,"n_spikes=0, z_threshold=4.0",0,0.0,"flat_windows=0, threshold=0.0001",0,0.001953125
0,0.0,"amp_var=0.344 (thr=0.5, range-normalized), hf_power_ratio=0.067 (thr=0.4)",0,0.140625,longest_dropout=18 samples (thr=32),0,0.0,"n_spikes=0, z_threshold=4.0",0,0.0,"flat_windows=0, threshold=0.0001",0,0.03515625
0,0.0,"amp_var=0.410 (thr=0.5, range-normalized), hf_power_ratio=0.010 (thr=0.4)",0,0.0078125,longest_dropout=1 samples (thr=32),0,0.0,"n_spikes=0, z_threshold=4.0",0,0.0,"flat_windows=0, threshold=0.0001",0,0.001953125
0,0.0,"amp_var=0.352 (thr=0.5, range-normalized), hf_power_ratio=0.063 (thr=0.4)",0,0.0078125,longest_dropout=1 samples (thr=32),0,0.0,"n_spikes=0, z_threshold=4.0",0,0.0,"flat_windows=0, threshold=0.0001",0,0.001953125
0,0.0,"amp_var=0.357 (thr=0.5, range-normalized), hf_power_ratio=0.057 (thr=0.4)",0,0.015625,longest_dropout=2 samples (thr=32),0,0.0,"n_spikes=0, z_threshold=4.0",0,0.0,"flat_windows=0, threshold=0.0001",0,0.00390625
0,0.0,"amp_var=0.263 (thr=0.5, range-normalized), hf_power_ratio=0.198 (thr=0.4)",1,0.4375,longest_dropout=56 samples (thr=32),0,0.0,"n_spikes=0, z_threshold=4.0",0,0.0,"flat_windows=0, threshold=0.0001",1,0.109375
0,0.0,"amp_var=0.409 (thr=0.5, range-normalized), hf_power_ratio=0.028 (thr=0.4)",0,0.015625,longest_dropout=2 samples (thr=32),0,0.0,"n_spikes=0, z_threshold=4.0",0,0.0,"flat_windows=0, threshold=0.0001",0,0.00390625
0,0.0,"amp_var=0.269 (thr=0.5, range-normalized), hf_power_ratio=0.139 (thr=0.4)",0,0.1640625,longest_dropout=21 samples (thr=32),0,0.0,"n_spikes=0, z_threshold=4.0",0,0.0,"flat_windows=0, threshold=0.0001",0,0.041015625
0,0.0,"amp_var=0.372 (thr=0.5, range-normalized), hf_power_ratio=0.041 (thr=0.4)",0,0.0078125,longest_dropout=1 samples (thr=32),0,0.0,"n_spikes=0, z_threshold=4.0",0,0.0,"flat_windows=0, threshold=0.0001",0,0.001953125
0,0.0,"amp_var=0.298 (thr=0.5, range-normalized), hf_power_ratio=0.210 (thr=0.4)",1,0.2890625,longest_dropout=37 samples (thr=32),0,0.0,"n_spikes=0, z_threshold=4.0",0,0.0,"flat_windows=0, threshold=0.0001",1,0.072265625
0,0.0,"amp_var=0.286 (thr=0.5, range-normalized), hf_power_ratio=0.148 (thr=0.4)",0,0.0078125,longest_dropout=1 samples (thr=32),0,0.0,"n_spikes=0, z_threshold=4.0",0,0.0,"flat_windows=0, threshold=0.0001",0,0.001953125
0,0.0,"amp_var=0.298 (thr=0.5, range-normalized), hf_power_ratio=0.103 (thr=0.4)",0,0.0078125,longest_dropout=1 samples (thr=32),0,0.0,"n_spikes=0, z_threshold=4.0",0,0.0,"flat_windows=0, threshold=0.0001",0,0.001953125
0,0.0,"amp_var=0.318 (thr=0.5, range-normalized), hf_power_ratio=0.103 (thr=0.4)",0,0.0078125,longest_dropout=1 samples (thr=32),0,0.0,"n_spikes=0, z_threshold=4.0",0,0.0,"flat_windows=0, threshold=0.0001",0,0.001953125
0,0.0,"amp_var=0.381 (thr=0.5, range-normalized), hf_power_ratio=0.058 (thr=0.4)",0,0.015625,longest_dropout=2 samples (thr=32),0,0.0,"n_spikes=0, z_threshold=4.0",0,0.0,"flat_windows=0, threshold=0.0001",0,0.00390625
0,0.0,"amp_var=0.401 (thr=0.5, range-normalized), hf_power_ratio=0.028 (thr=0.4)",0,0.015625,longest_dropout=2 samples (thr=32),0,0.0,"n_spikes=0, z_threshold=4.0",0,0.0,"flat_windows=0, threshold=0.0001",0,0.00390625
0,0.0,"amp_var=0.306 (thr=0.5, range-normalized), hf_power_ratio=0.223 (thr=0.4)",1,0.2578125,longest_dropout=33 samples (thr=32),0,0.0,"n_spikes=0, z_threshold=4.0",0,0.0,"flat_windows=0, threshold=0.0001",1,0.064453125
0,0.0,"amp_var=0.284 (thr=0.5, range-normalized), hf_power_ratio=0.108 (thr=0.4)",0,0.0078125,longest_dropout=1 samples (thr=32),0,0.0,"n_spikes=0, z_threshold=4.0",0,0.0,"flat_windows=0, threshold=0.0001",0,0.001953125
0,0.0,"amp_var=0.301 (thr=0.5, range-normalized), hf_power_ratio=0.105 (thr=0.4)",0,0.0078125,longest_dropout=1 samples (thr=32),0,0.0,"n_spikes=0, z_threshold=4.0",0,0.0,"flat_windows=0, threshold=0.0001",0,0.001953125
0,0.0,"amp_var=0.380 (thr=0.5, range-normalized), hf_power_ratio=0.032 (thr=0.4)",0,0.203125,longest_dropout=26 samples (thr=32),0,0.0,"n_spikes=0, z_threshold=4.0",0,0.0,"flat_windows=0, threshold=0.0001",0,0.05078125
0,0.0,"amp_var=0.373 (thr=0.5, range-normalized), hf_power_ratio=0.025 (thr=0.4)",0,0.0078125,longest_dropout=1 samples (thr=32),0,0.0,"n_spikes=0, z_threshold=4.0",0,0.0,"flat_windows=0, threshold=0.0001",0,0.001953125
0,0.0,"amp_var=0.250 (thr=0.5, range-normalized), hf_power_ratio=0.140 (thr=0.4)",1,0.3046875,longest_dropout=39 samples (thr=32),0,0.0,"n_spikes=0, z_threshold=4.0",0,0.0,"flat_windows=0, threshold=0.0001",1,0.076171875
0,0.0,"amp_var=0.311 (thr=0.5, range-normalized), hf_power_ratio=0.142 (thr=0.4)",0,0.1484375,longest_dropout=19 samples (thr=32),0,0.0,"n_spikes=0, z_threshold=4.0",0,0.0,"flat_windows=0, threshold=0.0001",0,0.037109375
