window_idx,subject_id,label,label_name,start_seconds,end_seconds
0,S1,1,sitting,90.0,95.0
1,S1,1,sitting,95.0,100.0
2,S1,1,sitting,100.0,105.0
3,S1,1,sitting,105.0,110.0
4,S1,1,sitting,110.0,115.0
5,S1,1,sitting,115.0,120.0
6,S1,1,sitting,120.0,125.0
7,S1,1,sitting,125.0,130.0
8,S1,1,sitting,130.0,135.0
9,S1,1,sitting,135.0,140.0
10,S1,1,sitting,140.0,145.0
11,S1,1,sitting,145.0,150.0
12,S1,1,sitting,150.0,155.0
13,S1,1,sitting,155.0,160.0
14,S1,1,sitting,160.0,165.0
15,S1,1,sitting,165.0,170.0
16,S1,1,sitting,170.0,175.0
17,S1,1,sitting,175.0,180.0
18,S1,1,sitting,180.0,185.0
19,S1,1,sitting,185.0,190.0
20,S1,1,sitting,190.0,195.0
21,S1,1,sitting,195.0,200.0
22,S1,1,sitting,200.0,205.0
23,S1,1,sitting,205.0,210.0
24,S1,1,sitting,210.0,215.0
25,S1,1,sitting,215.0,220.0
26,S1,1,sitting,220.0,225.0
27,S1,1,sitting,225.0,230.0
28,S1,1,sitting,230.0,235.0
29,S1,1,sitting,235.0,240.0
30,S1,1,sitting,240.0,245.0
31,S1,1,sitting,245.0,250.0
32,S1,1,sitting,250.0,255.0
33,S1,1,sitting,255.0,260.0
34,S1,1,sitting,260.0,265.0
35,S1,1,sitting,265.0,270.0
36,S1,1,sitting,270.0,275.0
37,S1,1,sitting,275.0,280.0
38,S1,1,sitting,280.0,285.0
39,S1,1,sitting,285.0,290.0
40,S1,1,sitting,290.0,295.0
41,S1,1,sitting,295.0,300.0
42,S1,1,sitting,300.0,305.0
43,S1,1,sitting,305.0,310.0
44,S1,1,sitting,310.0,315.0
45,S1,1,sitting,315.0,320.0
46,S1,1,sitting,320.0,325.0
47,S1,1,sitting,325.0,330.0
48,S1,1,sitting,330.0,335.0
49,S1,1,sitting,335.0,340.0
50,S1,1,sitting,340.0,345.0
51,S1,1,sitting,345.0,350.0
52,S1,1,sitting,350.0,355.0
53,S1,1,sitting,355.0,360.0
54,S1,1,sitting,360.0,365.0
55,S1,1,sitting,365.0,370.0
56,S1,1,sitting,370.0,375.0
57,S1,1,sitting,375.0,380.0
58,S1,1,sitting,380.0,385.0
59,S1,1,sitting,385.0,390.0
60,S1,1,sitting,390.0,395.0
61,S1,1,sitting,395.0,400.0
62,S1,1,sitting,400.0,405.0
63,S1,1,sitting,405.0,410.0
64,S1,1,sitting,410.0,415.0
65,S1,1,sitting,415.0,420.0
66,S1,1,sitting,420.0,425.0
67,S1,1,sitting,425.0,430.0
68,S1,1,sitting,430.0,435.0
69,S1,1,sitting,435.0,440.0
70,S1,1,sitting,440.0,445.0
71,S1,1,sitting,445.0,450.0
72,S1,1,sitting,450.0,455.0
73,S1,1,sitting,455.0,460.0
74,S1,1,sitting,460.0,465.0
75,S1,1,sitting,465.0,470.0
76,S1,1,sitting,470.0,475.0
77,S1,1,sitting,475.0,480.0
78,S1,1,sitting,480.0,485.0
79,S1,1,sitting,485.0,490.0
80,S1,1,sitting,490.0,495.0
81,S1,1,sitting,495.0,500.0
82,S1,1,sitting,500.0,505.0
83,S1,1,sitting,505.0,510.0
84,S1,1,sitting,510.0,515.0
85,S1,1,sitting,515.0,520.0
86,S1,1,sitting,520.0,525.0
87,S1,1,sitting,525.0,530.0
88,S1,1,sitting,530.0,535.0
89,S1,1,sitting,535.0,540.0
90,S1,1,sitting,540.0,545.0
91,S1,1,sitting,545.0,550.0
92,S1,1,sitting,550.0,555.0
93,S1,1,sitting,555.0,560.0
94,S1,1,sitting,560.0,565.0
95,S1,1,sitting,565.0,570.0
96,S1,1,sitting,570.0,575.0
97,S1,1,sitting,575.0,580.0
98,S1,1,sitting,580.0,585.0
99,S1,1,sitting,585.0,590.0
100,S1,1,sitting,590.0,595.0
101,S1,1,sitting,595.0,600.0
102,S1,1,sitting,600.0,605.0
103,S1,1,sitting,605.0,610.0
104,S1,1,sitting,610.0,615.0
105,S1,1,sitting,615.0,620.0
106,S1,1,sitting,620.0,625.0
107,S1,1,sitting,625.0,630.0
108,S1,1,sitting,630.0,635.0
109,S1,1,sitting,635.0,640.0
110,S1,1,sitting,640.0,645.0
111,S1,1,sitting,645.0,650.0
112,S1,1,sitting,650.0,655.0
113,S1,1,sitting,655.0,660.0
114,S1,1,sitting,660.0,665.0
115,S1,1,sitting,665.0,670.0
116,S1,1,sitting,670.0,675.0
117,S1,1,sitting,675.0,680.0
118,S1,1,sitting,680.0,685.0
119,S1,1,sitting,685.0,690.0
120,S1,1,sitting,690.0,695.0
121,S1,1,sitting,695.0,700.0
122,S1,1,sitting,700.0,705.0
123,S1,1,sitting,705.0,710.0
124,S1,1,sitting,710.0,715.0
125,S1,1,sitting,715.0,720.0
126,S1,1,sitting,720.0,725.0
127,S1,1,sitting,725.0,730.0
128,S1,1,sitting,730.0,735.0
129,S1,1,sitting,735.0,740.0
130,S1,1,sitting,740.0,745.0
131,S1,1,sitting,745.0,750.0
132,S1,1,sitting,750.0,755.0
133,S1,1,sitting,755.0,760.0
134,S1,1,sitting,760.0,765.0
135,S1,1,sitting,765.0,770.0
136,S1,1,sitting,770.0,775.0
137,S1,1,sitting,775.0,780.0
138,S1,1,sitting,780.0,785.0
139,S1,1,sitting,785.0,790.0
140,S1,2,stairs,840.0,845.0
141,S1,2,stairs,845.0,850.0
142,S1,2,stairs,850.0,855.0
143,S1,2,stairs,855.0,860.0
144,S1,2,stairs,860.0,865.0
145,S1,2,stairs,865.0,870.0
146,S1,2,stairs,870.0,875.0
147,S1,2,stairs,875.0,880.0
148,S1,2,stairs,880.0,885.0
149,S1,2,stairs,885.0,890.0
150,S1,2,stairs,890.0,895.0
151,S1,2,stairs,895.0,900.0
152,S1,2,stairs,900.0,905.0
153,S1,2,stairs,905.0,910.0
154,S1,2,stairs,910.0,915.0
155,S1,2,stairs,915.0,920.0
156,S1,2,stairs,920.0,925.0
157,S1,2,stairs,925.0,930.0
158,S1,2,stairs,930.0,935.0
159,S1,2,stairs,935.0,940.0
160,S1,2,stairs,940.0,945.0
161,S1,2,stairs,945.0,950.0
162,S1,2,stairs,950.0,955.0
163,S1,2,stairs,955.0,960.0
164,S1,2,stairs,960.0,965.0
165,S1,2,stairs,965.0,970.0
166,S1,2,stairs,970.0,975.0
167,S1,2,stairs,975.0,980.0
168,S1,2,stairs,980.0,985.0
169,S1,2,stairs,985.0,990.0
170,S1,2,stairs,990.0,995.0
171,S1,2,stairs,995.0,1000.0
172,S1,2,stairs,1000.0,1005.0
173,S1,2,stairs,1005.0,1010.0
174,S1,2,stairs,1010.0,1015.0
175,S1,2,stairs,1015.0,1020.0
176,S1,2,stairs,1020.0,1025.0
177,S1,2,stairs,1025.0,1030.0
178,S1,2,stairs,1030.0,1035.0
179,S1,2,stairs,1035.0,1040.0
180,S1,2,stairs,1040.0,1045.0
181,S1,2,stairs,1045.0,1050.0
182,S1,2,stairs,1050.0,1055.0
183,S1,2,stairs,1055.0,1060.0
184,S1,2,stairs,1060.0,1065.0
185,S1,2,stairs,1065.0,1070.0
186,S1,2,stairs,1070.0,1075.0
187,S1,2,stairs,1075.0,1080.0
188,S1,2,stairs,1080.0,1085.0
189,S1,2,stairs,1085.0,1090.0
190,S1,2,stairs,1090.0,1095.0
191,S1,2,stairs,1095.0,1100.0
192,S1,2,stairs,1100.0,1105.0
193,S1,2,stairs,1105.0,1110.0
194,S1,2,stairs,1110.0,1115.0
195,S1,2,stairs,1115.0,1120.0
196,S1,3,table_soccer,1210.0,1215.0
197,S1,3,table_soccer,1215.0,1220.0
198,S1,3,table_soccer,1220.0,1225.0
199,S1,3,table_soccer,1225.0,1230.0
200,S1,3,table_soccer,1230.0,1235.0
201,S1,3,table_soccer,1235.0,1240.0
202,S1,3,table_soccer,1240.0,1245.0
203,S1,3,table_soccer,1245.0,1250.0
204,S1,3,table_soccer,1250.0,1255.0
205,S1,3,table_soccer,1255.0,1260.0
206,S1,3,table_soccer,1260.0,1265.0
207,S1,3,table_soccer,1265.0,1270.0
208,S1,3,table_soccer,1270.0,1275.0
209,S1,3,table_soccer,1275.0,1280.0
210,S1,3,table_soccer,1280.0,1285.0
211,S1,3,table_soccer,1285.0,1290.0
212,S1,3,table_soccer,1290.0,1295.0
213,S1,3,table_soccer,1295.0,1300.0
214,S1,3,table_soccer,1300.0,1305.0
215,S1,3,table_soccer,1305.0,1310.0
216,S1,3,table_soccer,1310.0,1315.0
217,S1,3,table_soccer,1315.0,1320.0
218,S1,3,table_soccer,1320.0,1325.0
219,S1,3,table_soccer,1325.0,1330.0
220,S1,3,table_soccer,1330.0,1335.0
221,S1,3,table_soccer,1335.0,1340.0
222,S1,3,table_soccer,1340.0,1345.0
223,S1,3,table_soccer,1345.0,1350.0
224,S1,3,table_soccer,1350.0,1355.0
225,S1,3,table_soccer,1355.0,1360.0
226,S1,3,table_soccer,1360.0,1365.0
227,S1,3,table_soccer,1365.0,1370.0
228,S1,3,table_soccer,1370.0,1375.0
229,S1,3,table_soccer,1375.0,1380.0
230,S1,3,table_soccer,1380.0,1385.0
231,S1,3,table_soccer,1385.0,1390.0
232,S1,3,table_soccer,1390.0,1395.0
233,S1,3,table_soccer,1395.0,1400.0
234,S1,3,table_soccer,1400.0,1405.0
235,S1,3,table_soccer,1405.0,1410.0
236,S1,3,table_soccer,1410.0,1415.0
237,S1,3,table_soccer,1415.0,1420.0
238,S1,3,table_soccer,1420.0,1425.0
239,S1,3,table_soccer,1425.0,1430.0
240,S1,3,table_soccer,1430.0,1435.0
241,S1,3,table_soccer,1435.0,1440.0
242,S1,3,table_soccer,1440.0,1445.0
243,S1,3,table_soccer,1445.0,1450.0
244,S1,3,table_soccer,1450.0,1455.0
245,S1,3,table_soccer,1455.0,1460.0
246,S1,3,table_soccer,1460.0,1465.0
247,S1,3,table_soccer,1465.0,1470.0
248,S1,3,table_soccer,1470.0,1475.0
249,S1,3,table_soccer,1475.0,1480.0
250,S1,3,table_soccer,1480.0,1485.0
251,S1,3,table_soccer,1485.0,1490.0
252,S1,3,table_soccer,1490.0,1495.0
253,S1,3,table_soccer,1495.0,1500.0
254,S1,3,table_soccer,1500.0,1505.0
255,S1,3,table_soccer,1505.0,1510.0
256,S1,3,table_soccer,1510.0,1515.0
257,S1,3,table_soccer,1515.0,1520.0
258,S1,3,table_soccer,1520.0,1525.0
259,S1,3,table_soccer,1525.0,1530.0
260,S1,3,table_soccer,1530.0,1535.0
261,S1,3,table_soccer,1535.0,1540.0
262,S1,3,table_soccer,1540.0,1545.0
263,S1,3,table_soccer,1545.0,1550.0
264,S1,3,table_soccer,1550.0,1555.0
265,S1,4,cycling,1920.0,1925.0
266,S1,4,cycling,1925.0,1930.0
267,S1,4,cycling,1930.0,1935.0
268,S1,4,cycling,1935.0,1940.0
269,S1,4,cycling,1940.0,1945.0
270,S1,4,cycling,1945.0,1950.0
271,S1,4,cycling,1950.0,1955.0
272,S1,4,cycling,1955.0,1960.0
273,S1,4,cycling,1960.0,1965.0
274,S1,4,cycling,1965.0,1970.0
275,S1,4,cycling,1970.0,1975.0
276,S1,4,cycling,1975.0,1980.0
277,S1,4,cycling,1980.0,1985.0
278,S1,4,cycling,1985.0,1990.0
279,S1,4,cycling,1990.0,1995.0
280,S1,4,cycling,1995.0,2000.0
281,S1,4,cycling,2000.0,2005.0
282,S1,4,cycling,2005.0,2010.0
283,S1,4,cycling,2010.0,2015.0
284,S1,4,cycling,2015.0,2020.0
285,S1,4,cycling,2020.0,2025.0
286,S1,4,cycling,2025.0,2030.0
287,S1,4,cycling,2030.0,2035.0
288,S1,4,cycling,2035.0,2040.0
289,S1,4,cycling,2040.0,2045.0
290,S1,4,cycling,2045.0,2050.0
291,S1,4,cycling,2050.0,2055.0
292,S1,4,cycling,2055.0,2060.0
293,S1,4,cycling,2060.0,2065.0
294,S1,4,cycling,2065.0,2070.0
295,S1,4,cycling,2070.0,2075.0
296,S1,4,cycling,2075.0,2080.0
297,S1,4,cycling,2080.0,2085.0
298,S1,4,cycling,2085.0,2090.0
299,S1,4,cycling,2090.0,2095.0
300,S1,4,cycling,2095.0,2100.0
301,S1,4,cycling,2100.0,2105.0
302,S1,4,cycling,2105.0,2110.0
303,S1,4,cycling,2110.0,2115.0
304,S1,4,cycling,2115.0,2120.0
305,S1,4,cycling,2120.0,2125.0
306,S1,4,cycling,2125.0,2130.0
307,S1,4,cycling,2130.0,2135.0
308,S1,4,cycling,2135.0,2140.0
309,S1,4,cycling,2140.0,2145.0
310,S1,4,cycling,2145.0,2150.0
311,S1,4,cycling,2150.0,2155.0
312,S1,4,cycling,2155.0,2160.0
313,S1,4,cycling,2160.0,2165.0
314,S1,4,cycling,2165.0,2170.0
315,S1,4,cycling,2170.0,2175.0
316,S1,4,cycling,2175.0,2180.0
317,S1,4,cycling,2180.0,2185.0
318,S1,4,cycling,2185.0,2190.0
319,S1,4,cycling,2190.0,2195.0
320,S1,4,cycling,2195.0,2200.0
321,S1,4,cycling,2200.0,2205.0
322,S1,4,cycling,2205.0,2210.0
323,S1,4,cycling,2210.0,2215.0
324,S1,4,cycling,2215.0,2220.0
325,S1,4,cycling,2220.0,2225.0
326,S1,4,cycling,2225.0,2230.0
327,S1,4,cycling,2230.0,2235.0
328,S1,4,cycling,2235.0,2240.0
329,S1,4,cycling,2240.0,2245.0
330,S1,4,cycling,2245.0,2250.0
331,S1,4,cycling,2250.0,2255.0
332,S1,4,cycling,2255.0,2260.0
333,S1,4,cycling,2260.0,2265.0
334,S1,4,cycling,2265.0,2270.0
335,S1,4,cycling,2270.0,2275.0
336,S1,4,cycling,2275.0,2280.0
337,S1,4,cycling,2280.0,2285.0
338,S1,4,cycling,2285.0,2290.0
339,S1,4,cycling,2290.0,2295.0
340,S1,4,cycling,2295.0,2300.0
341,S1,4,cycling,2300.0,2305.0
342,S1,4,cycling,2305.0,2310.0
343,S1,4,cycling,2310.0,2315.0
344,S1,4,cycling,2315.0,2320.0
345,S1,4,cycling,2320.0,2325.0
346,S1,4,cycling,2325.0,2330.0
347,S1,5,car_driving,2935.0,2940.0
348,S1,5,car_driving,2940.0,2945.0
349,S1,5,car_driving,2945.0,2950.0
350,S1,5,car_driving,2950.0,2955.0
351,S1,5,car_driving,2955.0,2960.0
352,S1,5,car_driving,2960.0,2965.0
353,S1,5,car_driving,2965.0,2970.0
354,S1,5,car_driving,2970.0,2975.0
355,S1,5,car_driving,2975.0,2980.0
356,S1,5,car_driving,2980.0,2985.0
357,S1,5,car_driving,2985.0,2990.0
358,S1,5,car_driving,2990.0,2995.0
359,S1,5,car_driving,2995.0,3000.0
360,S1,5,car_driving,3000.0,3005.0
361,S1,5,car_driving,3005.0,3010.0
362,S1,5,car_driving,3010.0,3015.0
363,S1,5,car_driving,3015.0,3020.0
364,S1,5,car_driving,3020.0,3025.0
365,S1,5,car_driving,3025.0,3030.0
366,S1,5,car_driving,3030.0,3035.0
367,S1,5,car_driving,3035.0,3040.0
368,S1,5,car_driving,3040.0,3045.0
369,S1,5,car_driving,3045.0,3050.0
370,S1,5,car_driving,3050.0,3055.0
371,S1,5,car_driving,3055.0,3060.0
372,S1,5,car_driving,3060.0,3065.0
373,S1,5,car_driving,3065.0,3070.0
374,S1,5,car_driving,3070.0,3075.0
375,S1,5,car_driving,3075.0,3080.0
376,S1,5,car_driving,3080.0,3085.0
377,S1,5,car_driving,3085.0,3090.0
378,S1,5,car_driving,3090.0,3095.0
379,S1,5,car_driving,3095.0,3100.0
380,S1,5,car_driving,3100.0,3105.0
381,S1,5,car_driving,3105.0,3110.0
382,S1,5,car_driving,3110.0,3115.0
383,S1,5,car_driving,3115.0,3120.0
384,S1,5,car_driving,3120.0,3125.0
385,S1,5,car_driving,3125.0,3130.0
386,S1,5,car_driving,3130.0,3135.0
387,S1,5,car_driving,3135.0,3140.0
388,S1,5,car_driving,3140.0,3145.0
389,S1,5,car_driving,3145.0,3150.0
390,S1,5,car_driving,3150.0,3155.0
391,S1,5,car_driving,3155.0,3160.0
392,S1,5,car_driving,3160.0,3165.0
393,S1,5,car_driving,3165.0,3170.0
394,S1,5,car_driving,3170.0,3175.0
395,S1,5,car_driving,3175.0,3180.0
396,S1,5,car_driving,3180.0,3185.0
397,S1,5,car_driving,3185.0,3190.0
398,S1,5,car_driving,3190.0,3195.0
399,S1,5,car_driving,3195.0,3200.0
400,S1,5,car_driving,3200.0,3205.0
401,S1,5,car_driving,3205.0,3210.0
402,S1,5,car_driving,3210.0,3215.0
403,S1,5,car_driving,3215.0,3220.0
404,S1,5,car_driving,3220.0,3225.0
405,S1,5,car_driving,3225.0,3230.0
406,S1,5,car_driving,3230.0,3235.0
407,S1,5,car_driving,3235.0,3240.0
408,S1,5,car_driving,3240.0,3245.0
409,S1,5,car_driving,3245.0,3250.0
410,S1,5,car_driving,3250.0,3255.0
411,S1,5,car_driving,3255.0,3260.0
412,S1,5,car_driving,3260.0,3265.0
413,S1,5,car_driving,3265.0,3270.0
414,S1,5,car_driving,3270.0,3275.0
415,S1,5,car_driving,3275.0,3280.0
416,S1,5,car_driving,3280.0,3285.0
417,S1,5,car_driving,3285.0,3290.0
418,S1,5,car_driving,3290.0,3295.0
419,S1,5,car_driving,3295.0,3300.0
420,S1,5,car_driving,3300.0,3305.0
421,S1,5,car_driving,3305.0,3310.0
422,S1,5,car_driving,3310.0,3315.0
423,S1,5,car_driving,3315.0,3320.0
424,S1,5,car_driving,3320.0,3325.0
425,S1,5,car_driving,3325.0,3330.0
426,S1,5,car_driving,3330.0,3335.0
427,S1,5,car_driving,3335.0,3340.0
428,S1,5,car_driving,3340.0,3345.0
429,S1,5,car_driving,3345.0,3350.0
430,S1,5,car_driving,3350.0,3355.0
431,S1,5,car_driving,3355.0,3360.0
432,S1,5,car_driving,3360.0,3365.0
433,S1,5,car_driving,3365.0,3370.0
434,S1,5,car_driving,3370.0,3375.0
435,S1,5,car_driving,3375.0,3380.0
436,S1,5,car_driving,3380.0,3385.0
437,S1,5,car_driving,3385.0,3390.0
438,S1,5,car_driving,3390.0,3395.0
439,S1,5,car_driving,3395.0,3400.0
440,S1,5,car_driving,3400.0,3405.0
441,S1,5,car_driving,3405.0,3410.0
442,S1,5,car_driving,3410.0,3415.0
443,S1,5,car_driving,3415.0,3420.0
444,S1,5,car_driving,3420.0,3425.0
445,S1,5,car_driving,3425.0,3430.0
446,S1,5,car_driving,3430.0,3435.0
447,S1,5,car_driving,3435.0,3440.0
448,S1,5,car_driving,3440.0,3445.0
449,S1,5,car_driving,3445.0,3450.0
450,S1,5,car_driving,3450.0,3455.0
451,S1,5,car_driving,3455.0,3460.0
452,S1,5,car_driving,3460.0,3465.0
453,S1,5,car_driving,3465.0,3470.0
454,S1,5,car_driving,3470.0,3475.0
455,S1,5,car_driving,3475.0,3480.0
456,S1,5,car_driving,3480.0,3485.0
457,S1,5,car_driving,3485.0,3490.0
458,S1,5,car_driving,3490.0,3495.0
459,S1,5,car_driving,3495.0,3500.0
460,S1,5,car_driving,3500.0,3505.0
461,S1,5,car_driving,3505.0,3510.0
462,S1,5,car_driving,3510.0,3515.0
463,S1,5,car_driving,3515.0,3520.0
464,S1,5,car_driving,3520.0,3525.0
465,S1,5,car_driving,3525.0,3530.0
466,S1,5,car_driving,3530.0,3535.0
467,S1,5,car_driving,3535.0,3540.0
468,S1,5,car_driving,3540.0,3545.0
469,S1,5,car_driving,3545.0,3550.0
470,S1,5,car_driving,3550.0,3555.0
471,S1,5,car_driving,3555.0,3560.0
472,S1,5,car_driving,3560.0,3565.0
473,S1,5,car_driving,3565.0,3570.0
474,S1,5,car_driving,3570.0,3575.0
475,S1,5,car_driving,3575.0,3580.0
476,S1,5,car_driving,3580.0,3585.0
477,S1,5,car_driving,3585.0,3590.0
478,S1,5,car_driving,3590.0,3595.0
479,S1,5,car_driving,3595.0,3600.0
480,S1,5,car_driving,3600.0,3605.0
481,S1,5,car_driving,3605.0,3610.0
482,S1,5,car_driving,3610.0,3615.0
483,S1,5,car_driving,3615.0,3620.0
484,S1,5,car_driving,3620.0,3625.0
485,S1,5,car_driving,3625.0,3630.0
486,S1,5,car_driving,3630.0,3635.0
487,S1,5,car_driving,3635.0,3640.0
488,S1,5,car_driving,3640.0,3645.0
489,S1,5,car_driving,3645.0,3650.0
490,S1,5,car_driving,3650.0,3655.0
491,S1,5,car_driving,3655.0,3660.0
492,S1,5,car_driving,3660.0,3665.0
493,S1,5,car_driving,3665.0,3670.0
494,S1,5,car_driving,3670.0,3675.0
495,S1,5,car_driving,3675.0,3680.0
496,S1,5,car_driving,3680.0,3685.0
497,S1,5,car_driving,3685.0,3690.0
498,S1,5,car_driving,3690.0,3695.0
499,S1,5,car_driving,3695.0,3700.0
500,S1,5,car_driving,3700.0,3705.0
501,S1,5,car_driving,3705.0,3710.0
502,S1,5,car_driving,3710.0,3715.0
503,S1,5,car_driving,3715.0,3720.0
504,S1,5,car_driving,3720.0,3725.0
505,S1,5,car_driving,3725.0,3730.0
506,S1,5,car_driving,3730.0,3735.0
507,S1,5,car_driving,3735.0,3740.0
508,S1,5,car_driving,3740.0,3745.0
509,S1,5,car_driving,3745.0,3750.0
510,S1,5,car_driving,3750.0,3755.0
511,S1,5,car_driving,3755.0,3760.0
512,S1,5,car_driving,3760.0,3765.0
513,S1,5,car_driving,3765.0,3770.0
514,S1,5,car_driving,3770.0,3775.0
515,S1,5,car_driving,3775.0,3780.0
516,S1,5,car_driving,3780.0,3785.0
517,S1,5,car_driving,3785.0,3790.0
518,S1,5,car_driving,3790.0,3795.0
519,S1,5,car_driving,3795.0,3800.0
520,S1,5,car_driving,3800.0,3805.0
521,S1,5,car_driving,3805.0,3810.0
522,S1,5,car_driving,3810.0,3815.0
523,S1,5,car_driving,3815.0,3820.0
524,S1,6,lunch_break,4595.0,4600.0
525,S1,6,lunch_break,4600.0,4605.0
526,S1,6,lunch_break,4605.0,4610.0
527,S1,6,lunch_break,4610.0,4615.0
528,S1,6,lunch_break,4615.0,4620.0
529,S1,6,lunch_break,4620.0,4625.0
530,S1,6,lunch_break,4625.0,4630.0
531,S1,6,lunch_break,4630.0,4635.0
532,S1,6,lunch_break,4635.0,4640.0
533,S1,6,lunch_break,4640.0,4645.0
534,S1,6,lunch_break,4645.0,4650.0
535,S1,6,lunch_break,4650.0,4655.0
536,S1,6,lunch_break,4655.0,4660.0
537,S1,6,lunch_break,4660.0,4665.0
538,S1,6,lunch_break,4665.0,4670.0
539,S1,6,lunch_break,4670.0,4675.0
540,S1,6,lunch_break,4675.0,4680.0
541,S1,6,lunch_break,4680.0,4685.0
542,S1,6,lunch_break,4685.0,4690.0
543,S1,6,lunch_break,4690.0,4695.0
544,S1,6,lunch_break,4695.0,4700.0
545,S1,6,lunch_break,4700.0,4705.0
546,S1,6,lunch_break,4705.0,4710.0
547,S1,6,lunch_break,4710.0,4715.0
548,S1,6,lunch_break,4715.0,4720.0
549,S1,6,lunch_break,4720.0,4725.0
550,S1,6,lunch_break,4725.0,4730.0
551,S1,6,lunch_break,4730.0,4735.0
552,S1,6,lunch_break,4735.0,4740.0
553,S1,6,lunch_break,4740.0,4745.0
554,S1,6,lunch_break,4745.0,4750.0
555,S1,6,lunch_break,4750.0,4755.0
556,S1,6,lunch_break,4755.0,4760.0
557,S1,6,lunch_break,4760.0,4765.0
558,S1,6,lunch_break,4765.0,4770.0
559,S1,6,lunch_break,4770.0,4775.0
560,S1,6,lunch_break,4775.0,4780.0
561,S1,6,lunch_break,4780.0,4785.0
562,S1,6,lunch_break,4785.0,4790.0
563,S1,6,lunch_break,4790.0,4795.0
564,S1,6,lunch_break,4795.0,4800.0
565,S1,6,lunch_break,4800.0,4805.0
566,S1,6,lunch_break,4805.0,4810.0
567,S1,6,lunch_break,4810.0,4815.0
568,S1,6,lunch_break,4815.0,4820.0
569,S1,6,lunch_break,4820.0,4825.0
570,S1,6,lunch_break,4825.0,4830.0
571,S1,6,lunch_break,4830.0,4835.0
572,S1,6,lunch_break,4835.0,4840.0
573,S1,6,lunch_break,4840.0,4845.0
574,S1,6,lunch_break,4845.0,4850.0
575,S1,6,lunch_break,4850.0,4855.0
576,S1,6,lunch_break,4855.0,4860.0
577,S1,6,lunch_break,4860.0,4865.0
578,S1,6,lunch_break,4865.0,4870.0
579,S1,6,lunch_break,4870.0,4875.0
580,S1,6,lunch_break,4875.0,4880.0
581,S1,6,lunch_break,4880.0,4885.0
582,S1,6,lunch_break,4885.0,4890.0
583,S1,6,lunch_break,4890.0,4895.0
584,S1,6,lunch_break,4895.0,4900.0
585,S1,6,lunch_break,4900.0,4905.0
586,S1,6,lunch_break,4905.0,4910.0
587,S1,6,lunch_break,4910.0,4915.0
588,S1,6,lunch_break,4915.0,4920.0
589,S1,6,lunch_break,4920.0,4925.0
590,S1,6,lunch_break,4925.0,4930.0
591,S1,6,lunch_break,4930.0,4935.0
592,S1,6,lunch_break,4935.0,4940.0
593,S1,6,lunch_break,4940.0,4945.0
594,S1,6,lunch_break,4945.0,4950.0
595,S1,6,lunch_break,4950.0,4955.0
596,S1,6,lunch_break,4955.0,4960.0
597,S1,6,lunch_break,4960.0,4965.0
598,S1,6,lunch_break,4965.0,4970.0
599,S1,6,lunch_break,4970.0,4975.0
600,S1,6,lunch_break,4975.0,4980.0
601,S1,6,lunch_break,4980.0,4985.0
602,S1,6,lunch_break,4985.0,4990.0
603,S1,6,lunch_break,4990.0,4995.0
604,S1,6,lunch_break,4995.0,5000.0
605,S1,6,lunch_break,5000.0,5005.0
606,S1,6,lunch_break,5005.0,5010.0
607,S1,6,lunch_break,5010.0,5015.0
608,S1,6,lunch_break,5015.0,5020.0
609,S1,6,lunch_break,5020.0,5025.0
610,S1,6,lunch_break,5025.0,5030.0
611,S1,6,lunch_break,5030.0,5035.0
612,S1,6,lunch_break,5035.0,5040.0
613,S1,6,lunch_break,5040.0,5045.0
614,S1,6,lunch_break,5045.0,5050.0
615,S1,6,lunch_break,5050.0,5055.0
616,S1,6,lunch_break,5055.0,5060.0
617,S1,6,lunch_break,5060.0,5065.0
618,S1,6,lunch_break,5065.0,5070.0
619,S1,6,lunch_break,5070.0,5075.0
620,S1,6,lunch_break,5075.0,5080.0
621,S1,6,lunch_break,5080.0,5085.0
622,S1,6,lunch_break,5085.0,5090.0
623,S1,6,lunch_break,5090.0,5095.0
624,S1,6,lunch_break,5095.0,5100.0
625,S1,6,lunch_break,5100.0,5105.0
626,S1,6,lunch_break,5105.0,5110.0
627,S1,6,lunch_break,5110.0,5115.0
628,S1,6,lunch_break,5115.0,5120.0
629,S1,6,lunch_break,5120.0,5125.0
630,S1,6,lunch_break,5125.0,5130.0
631,S1,6,lunch_break,5130.0,5135.0
632,S1,6,lunch_break,5135.0,5140.0
633,S1,6,lunch_break,5140.0,5145.0
634,S1,6,lunch_break,5145.0,5150.0
635,S1,6,lunch_break,5150.0,5155.0
636,S1,6,lunch_break,5155.0,5160.0
637,S1,6,lunch_break,5160.0,5165.0
638,S1,6,lunch_break,5165.0,5170.0
639,S1,6,lunch_break,5170.0,5175.0
640,S1,6,lunch_break,5175.0,5180.0
641,S1,6,lunch_break,5180.0,5185.0
642,S1,6,lunch_break,5185.0,5190.0
643,S1,6,lunch_break,5190.0,5195.0
644,S1,6,lunch_break,5195.0,5200.0
645,S1,6,lunch_break,5200.0,5205.0
646,S1,6,lunch_break,5205.0,5210.0
647,S1,6,lunch_break,5210.0,5215.0
648,S1,6,lunch_break,5215.0,5220.0
649,S1,6,lunch_break,5220.0,5225.0
650,S1,6,lunch_break,5225.0,5230.0
651,S1,6,lunch_break,5230.0,5235.0
652,S1,6,lunch_break,5235.0,5240.0
653,S1,6,lunch_break,5240.0,5245.0
654,S1,6,lunch_break,5245.0,5250.0
655,S1,6,lunch_break,5250.0,5255.0
656,S1,6,lunch_break,5255.0,5260.0
657,S1,6,lunch_break,5260.0,5265.0
658,S1,6,lunch_break,5265.0,5270.0
659,S1,6,lunch_break,5270.0,5275.0
660,S1,6,lunch_break,5275.0,5280.0
661,S1,6,lunch_break,5280.0,5285.0
662,S1,6,lunch_break,5285.0,5290.0
663,S1,6,lunch_break,5290.0,5295.0
664,S1,6,lunch_break,5295.0,5300.0
665,S1,6,lunch_break,5300.0,5305.0
666,S1,6,lunch_break,5305.0,5310.0
667,S1,6,lunch_break,5310.0,5315.0
668,S1,6,lunch_break,5315.0,5320.0
669,S1,6,lunch_break,5320.0,5325.0
670,S1,6,lunch_break,5325.0,5330.0
671,S1,6,lunch_break,5330.0,5335.0
672,S1,6,lunch_break,5335.0,5340.0
673,S1,6,lunch_break,5340.0,5345.0
674,S1,6,lunch_break,5345.0,5350.0
675,S1,6,lunch_break,5350.0,5355.0
676,S1,6,lunch_break,5355.0,5360.0
677,S1,6,lunch_break,5360.0,5365.0
678,S1,6,lunch_break,5365.0,5370.0
679,S1,6,lunch_break,5370.0,5375.0
680,S1,6,lunch_break,5375.0,5380.0
681,S1,6,lunch_break,5380.0,5385.0
682,S1,6,lunch_break,5385.0,5390.0
683,S1,6,lunch_break,5390.0,5395.0
684,S1,6,lunch_break,5395.0,5400.0
685,S1,6,lunch_break,5400.0,5405.0
686,S1,6,lunch_break,5405.0,5410.0
687,S1,6,lunch_break,5410.0,5415.0
688,S1,6,lunch_break,5415.0,5420.0
689,S1,6,lunch_break,5420.0,5425.0
690,S1,6,lunch_break,5425.0,5430.0
691,S1,6,lunch_break,5430.0,5435.0
692,S1,6,lunch_break,5435.0,5440.0
693,S1,6,lunch_break,5440.0,5445.0
694,S1,6,lunch_break,5445.0,5450.0
695,S1,6,lunch_break,5450.0,5455.0
696,S1,6,lunch_break,5455.0,5460.0
697,S1,6,lunch_break,5460.0,5465.0
698,S1,6,lunch_break,5465.0,5470.0
699,S1,6,lunch_break,5470.0,5475.0
700,S1,6,lunch_break,5475.0,5480.0
701,S1,6,lunch_break,5480.0,5485.0
702,S1,6,lunch_break,5485.0,5490.0
703,S1,6,lunch_break,5490.0,5495.0
704,S1,6,lunch_break,5495.0,5500.0
705,S1,6,lunch_break,5500.0,5505.0
706,S1,6,lunch_break,5505.0,5510.0
707,S1,6,lunch_break,5510.0,5515.0
708,S1,6,lunch_break,5515.0,5520.0
709,S1,6,lunch_break,5520.0,5525.0
710,S1,6,lunch_break,5525.0,5530.0
711,S1,6,lunch_break,5530.0,5535.0
712,S1,6,lunch_break,5535.0,5540.0
713,S1,6,lunch_break,5540.0,5545.0
714,S1,6,lunch_break,5545.0,5550.0
715,S1,6,lunch_break,5550.0,5555.0
716,S1,6,lunch_break,5555.0,5560.0
717,S1,6,lunch_break,5560.0,5565.0
718,S1,6,lunch_break,5565.0,5570.0
719,S1,6,lunch_break,5570.0,5575.0
720,S1,6,lunch_break,5575.0,5580.0
721,S1,6,lunch_break,5580.0,5585.0
722,S1,6,lunch_break,5585.0,5590.0
723,S1,6,lunch_break,5590.0,5595.0
724,S1,6,lunch_break,5595.0,5600.0
725,S1,6,lunch_break,5600.0,5605.0
726,S1,6,lunch_break,5605.0,5610.0
727,S1,6,lunch_break,5610.0,5615.0
728,S1,6,lunch_break,5615.0,5620.0
729,S1,6,lunch_break,5620.0,5625.0
730,S1,6,lunch_break,5625.0,5630.0
731,S1,6,lunch_break,5630.0,5635.0
732,S1,6,lunch_break,5635.0,5640.0
733,S1,6,lunch_break,5640.0,5645.0
734,S1,6,lunch_break,5645.0,5650.0
735,S1,6,lunch_break,5650.0,5655.0
736,S1,6,lunch_break,5655.0,5660.0
737,S1,6,lunch_break,5660.0,5665.0
738,S1,6,lunch_break,5665.0,5670.0
739,S1,6,lunch_break,5670.0,5675.0
740,S1,6,lunch_break,5675.0,5680.0
741,S1,6,lunch_break,5680.0,5685.0
742,S1,6,lunch_break,5685.0,5690.0
743,S1,6,lunch_break,5690.0,5695.0
744,S1,6,lunch_break,5695.0,5700.0
745,S1,6,lunch_break,5700.0,5705.0
746,S1,6,lunch_break,5705.0,5710.0
747,S1,6,lunch_break,5710.0,5715.0
748,S1,6,lunch_break,5715.0,5720.0
749,S1,6,lunch_break,5720.0,5725.0
750,S1,6,lunch_break,5725.0,5730.0
751,S1,6,lunch_break,5730.0,5735.0
752,S1,6,lunch_break,5735.0,5740.0
753,S1,6,lunch_break,5740.0,5745.0
754,S1,6,lunch_break,5745.0,5750.0
755,S1,6,lunch_break,5750.0,5755.0
756,S1,6,lunch_break,5755.0,5760.0
757,S1,6,lunch_break,5760.0,5765.0
758,S1,6,lunch_break,5765.0,5770.0
759,S1,6,lunch_break,5770.0,5775.0
760,S1,6,lunch_break,5775.0,5780.0
761,S1,6,lunch_break,5780.0,5785.0
762,S1,6,lunch_break,5785.0,5790.0
763,S1,6,lunch_break,5790.0,5795.0
764,S1,6,lunch_break,5795.0,5800.0
765,S1,6,lunch_break,5800.0,5805.0
766,S1,6,lunch_break,5805.0,5810.0
767,S1,6,lunch_break,5810.0,5815.0
768,S1,6,lunch_break,5815.0,5820.0
769,S1,6,lunch_break,5820.0,5825.0
770,S1,6,lunch_break,5825.0,5830.0
771,S1,6,lunch_break,5830.0,5835.0
772,S1,6,lunch_break,5835.0,5840.0
773,S1,6,lunch_break,5840.0,5845.0
774,S1,6,lunch_break,5845.0,5850.0
775,S1,6,lunch_break,5850.0,5855.0
776,S1,6,lunch_break,5855.0,5860.0
777,S1,6,lunch_break,5860.0,5865.0
778,S1,6,lunch_break,5865.0,5870.0
779,S1,6,lunch_break,5870.0,5875.0
780,S1,6,lunch_break,5875.0,5880.0
781,S1,6,lunch_break,5880.0,5885.0
782,S1,6,lunch_break,5885.0,5890.0
783,S1,6,lunch_break,5890.0,5895.0
784,S1,6,lunch_break,5895.0,5900.0
785,S1,6,lunch_break,5900.0,5905.0
786,S1,6,lunch_break,5905.0,5910.0
787,S1,6,lunch_break,5910.0,5915.0
788,S1,6,lunch_break,5915.0,5920.0
789,S1,6,lunch_break,5920.0,5925.0
790,S1,6,lunch_break,5925.0,5930.0
791,S1,6,lunch_break,5930.0,5935.0
792,S1,6,lunch_break,5935.0,5940.0
793,S1,6,lunch_break,5940.0,5945.0
794,S1,6,lunch_break,5945.0,5950.0
795,S1,6,lunch_break,5950.0,5955.0
796,S1,6,lunch_break,5955.0,5960.0
797,S1,6,lunch_break,5960.0,5965.0
798,S1,6,lunch_break,5965.0,5970.0
799,S1,6,lunch_break,5970.0,5975.0
800,S1,6,lunch_break,5975.0,5980.0
801,S1,6,lunch_break,5980.0,5985.0
802,S1,6,lunch_break,5985.0,5990.0
803,S1,6,lunch_break,5990.0,5995.0
804,S1,6,lunch_break,5995.0,6000.0
805,S1,6,lunch_break,6000.0,6005.0
806,S1,6,lunch_break,6005.0,6010.0
807,S1,6,lunch_break,6010.0,6015.0
808,S1,6,lunch_break,6015.0,6020.0
809,S1,6,lunch_break,6020.0,6025.0
810,S1,6,lunch_break,6025.0,6030.0
811,S1,6,lunch_break,6030.0,6035.0
812,S1,6,lunch_break,6035.0,6040.0
813,S1,6,lunch_break,6040.0,6045.0
814,S1,6,lunch_break,6045.0,6050.0
815,S1,6,lunch_break,6050.0,6055.0
816,S1,6,lunch_break,6055.0,6060.0
817,S1,6,lunch_break,6060.0,6065.0
818,S1,6,lunch_break,6065.0,6070.0
819,S1,6,lunch_break,6070.0,6075.0
820,S1,6,lunch_break,6075.0,6080.0
821,S1,6,lunch_break,6080.0,6085.0
822,S1,6,lunch_break,6085.0,6090.0
823,S1,6,lunch_break,6090.0,6095.0
824,S1,6,lunch_break,6095.0,6100.0
825,S1,6,lunch_break,6100.0,6105.0
826,S1,6,lunch_break,6105.0,6110.0
827,S1,6,lunch_break,6110.0,6115.0
828,S1,6,lunch_break,6115.0,6120.0
829,S1,6,lunch_break,6120.0,6125.0
830,S1,6,lunch_break,6125.0,6130.0
831,S1,6,lunch_break,6130.0,6135.0
832,S1,6,lunch_break,6135.0,6140.0
833,S1,6,lunch_break,6140.0,6145.0
834,S1,6,lunch_break,6145.0,6150.0
835,S1,6,lunch_break,6150.0,6155.0
836,S1,6,lunch_break,6155.0,6160.0
837,S1,6,lunch_break,6160.0,6165.0
838,S1,6,lunch_break,6165.0,6170.0
839,S1,6,lunch_break,6170.0,6175.0
840,S1,6,lunch_break,6175.0,6180.0
841,S1,6,lunch_break,6180.0,6185.0
842,S1,6,lunch_break,6185.0,6190.0
843,S1,6,lunch_break,6190.0,6195.0
844,S1,6,lunch_break,6195.0,6200.0
845,S1,6,lunch_break,6200.0,6205.0
846,S1,6,lunch_break,6205.0,6210.0
847,S1,6,lunch_break,6210.0,6215.0
848,S1,6,lunch_break,6215.0,6220.0
849,S1,6,lunch_break,6220.0,6225.0
850,S1,6,lunch_break,6225.0,6230.0
851,S1,6,lunch_break,6230.0,6235.0
852,S1,6,lunch_break,6235.0,6240.0
853,S1,6,lunch_break,6240.0,6245.0
854,S1,6,lunch_break,6245.0,6250.0
855,S1,6,lunch_break,6250.0,6255.0
856,S1,6,lunch_break,6255.0,6260.0
857,S1,6,lunch_break,6260.0,6265.0
858,S1,6,lunch_break,6265.0,6270.0
859,S1,6,lunch_break,6270.0,6275.0
860,S1,6,lunch_break,6275.0,6280.0
861,S1,6,lunch_break,6280.0,6285.0
862,S1,6,lunch_break,6285.0,6290.0
863,S1,6,lunch_break,6290.0,6295.0
864,S1,6,lunch_break,6295.0,6300.0
865,S1,6,lunch_break,6300.0,6305.0
866,S1,6,lunch_break,6305.0,6310.0
867,S1,6,lunch_break,6310.0,6315.0
868,S1,6,lunch_break,6315.0,6320.0
869,S1,6,lunch_break,6320.0,6325.0
870,S1,6,lunch_break,6325.0,6330.0
871,S1,6,lunch_break,6330.0,6335.0
872,S1,6,lunch_break,6335.0,6340.0
873,S1,6,lunch_break,6340.0,6345.0
874,S1,6,lunch_break,6345.0,6350.0
875,S1,6,lunch_break,6350.0,6355.0
876,S1,6,lunch_break,6355.0,6360.0
877,S1,6,lunch_break,6360.0,6365.0
878,S1,6,lunch_break,6365.0,6370.0
879,S1,6,lunch_break,6370.0,6375.0
880,S1,6,lunch_break,6375.0,6380.0
881,S1,6,lunch_break,6380.0,6385.0
882,S1,6,lunch_break,6385.0,6390.0
883,S1,6,lunch_break,6390.0,6395.0
884,S1,6,lunch_break,6395.0,6400.0
885,S1,6,lunch_break,6400.0,6405.0
886,S1,6,lunch_break,6405.0,6410.0
887,S1,6,lunch_break,6410.0,6415.0
888,S1,6,lunch_break,6415.0,6420.0
889,S1,6,lunch_break,6420.0,6425.0
890,S1,6,lunch_break,6425.0,6430.0
891,S1,6,lunch_break,6430.0,6435.0
892,S1,6,lunch_break,6435.0,6440.0
893,S1,6,lunch_break,6440.0,6445.0
894,S1,6,lunch_break,6445.0,6450.0
895,S1,6,lunch_break,6450.0,6455.0
896,S1,6,lunch_break,6455.0,6460.0
897,S1,6,lunch_break,6460.0,6465.0
898,S1,6,lunch_break,6465.0,6470.0
899,S1,6,lunch_break,6470.0,6475.0
900,S1,6,lunch_break,6475.0,6480.0
901,S1,6,lunch_break,6480.0,6485.0
902,S1,6,lunch_break,6485.0,6490.0
903,S1,6,lunch_break,6490.0,6495.0
904,S1,6,lunch_break,6495.0,6500.0
905,S1,6,lunch_break,6500.0,6505.0
906,S1,6,lunch_break,6505.0,6510.0
907,S1,6,lunch_break,6510.0,6515.0
908,S1,6,lunch_break,6515.0,6520.0
909,S1,6,lunch_break,6520.0,6525.0
910,S1,6,lunch_break,6525.0,6530.0
911,S1,6,lunch_break,6530.0,6535.0
912,S1,6,lunch_break,6535.0,6540.0
913,S1,6,lunch_break,6540.0,6545.0
914,S1,6,lunch_break,6545.0,6550.0
915,S1,6,lunch_break,6550.0,6555.0
916,S1,6,lunch_break,6555.0,6560.0
917,S1,6,lunch_break,6560.0,6565.0
918,S1,6,lunch_break,6565.0,6570.0
919,S1,6,lunch_break,6570.0,6575.0
920,S1,6,lunch_break,6575.0,6580.0
921,S1,6,lunch_break,6580.0,6585.0
922,S1,6,lunch_break,6585.0,6590.0
923,S1,6,lunch_break,6590.0,6595.0
924,S1,6,lunch_break,6595.0,6600.0
925,S1,6,lunch_break,6600.0,6605.0
926,S1,6,lunch_break,6605.0,6610.0
927,S1,6,lunch_break,6610.0,6615.0
928,S1,6,lunch_break,6615.0,6620.0
929,S1,6,lunch_break,6620.0,6625.0
930,S1,6,lunch_break,6625.0,6630.0
931,S1,6,lunch_break,6630.0,6635.0
932,S1,6,lunch_break,6635.0,6640.0
933,S1,6,lunch_break,6640.0,6645.0
934,S1,6,lunch_break,6645.0,6650.0
935,S1,6,lunch_break,6650.0,6655.0
936,S1,6,lunch_break,6655.0,6660.0
937,S1,6,lunch_break,6660.0,6665.0
938,S1,6,lunch_break,6665.0,6670.0
939,S1,6,lunch_break,6670.0,6675.0
940,S1,6,lunch_break,6675.0,6680.0
941,S1,6,lunch_break,6680.0,6685.0
942,S1,6,lunch_break,6685.0,6690.0
943,S1,6,lunch_break,6690.0,6695.0
944,S1,6,lunch_break,6695.0,6700.0
945,S1,6,lunch_break,6700.0,6705.0
946,S1,6,lunch_break,6705.0,6710.0
947,S1,6,lunch_break,6710.0,6715.0
948,S1,6,lunch_break,6715.0,6720.0
949,S1,6,lunch_break,6720.0,6725.0
950,S1,6,lunch_break,6725.0,6730.0
951,S1,6,lunch_break,6730.0,6735.0
952,S1,6,lunch_break,6735.0,6740.0
953,S1,6,lunch_break,6740.0,6745.0
954,S1,6,lunch_break,6745.0,6750.0
955,S1,6,lunch_break,6750.0,6755.0
956,S1,6,lunch_break,6755.0,6760.0
957,S1,6,lunch_break,6760.0,6765.0
958,S1,6,lunch_break,6765.0,6770.0
959,S1,6,lunch_break,6770.0,6775.0
960,S1,6,lunch_break,6775.0,6780.0
961,S1,6,lunch_break,6780.0,6785.0
962,S1,6,lunch_break,6785.0,6790.0
963,S1,6,lunch_break,6790.0,6795.0
964,S1,6,lunch_break,6795.0,6800.0
965,S1,6,lunch_break,6800.0,6805.0
966,S1,6,lunch_break,6805.0,6810.0
967,S1,6,lunch_break,6810.0,6815.0
968,S1,6,lunch_break,6815.0,6820.0
969,S1,6,lunch_break,6820.0,6825.0
970,S1,6,lunch_break,6825.0,6830.0
971,S1,6,lunch_break,6830.0,6835.0
972,S1,6,lunch_break,6835.0,6840.0
973,S1,6,lunch_break,6840.0,6845.0
974,S1,6,lunch_break,6845.0,6850.0
975,S1,6,lunch_break,6850.0,6855.0
976,S1,6,lunch_break,6855.0,6860.0
977,S1,6,lunch_break,6860.0,6865.0
978,S1,6,lunch_break,6865.0,6870.0
979,S1,6,lunch_break,6870.0,6875.0
980,S1,6,lunch_break,6875.0,6880.0
981,S1,6,lunch_break,6880.0,6885.0
982,S1,6,lunch_break,6885.0,6890.0
983,S1,6,lunch_break,6890.0,6895.0
984,S1,6,lunch_break,6895.0,6900.0
985,S1,6,lunch_break,6900.0,6905.0
986,S1,6,lunch_break,6905.0,6910.0
987,S1,6,lunch_break,6910.0,6915.0
988,S1,6,lunch_break,6915.0,6920.0
989,S1,6,lunch_break,6920.0,6925.0
990,S1,6,lunch_break,6925.0,6930.0
991,S1,6,lunch_break,6930.0,6935.0
992,S1,6,lunch_break,6935.0,6940.0
993,S1,6,lunch_break,6940.0,6945.0
994,S1,6,lunch_break,6945.0,6950.0
995,S1,7,walking,6955.0,6960.0
996,S1,7,walking,6960.0,6965.0
997,S1,7,walking,6965.0,6970.0
998,S1,7,walking,6970.0,6975.0
999,S1,7,walking,6975.0,6980.0
1000,S1,7,walking,6980.0,6985.0
1001,S1,7,walking,6985.0,6990.0
1002,S1,7,walking,6990.0,6995.0
1003,S1,7,walking,6995.0,7000.0
1004,S1,7,walking,7000.0,7005.0
1005,S1,7,walking,7005.0,7010.0
1006,S1,7,walking,7010.0,7015.0
1007,S1,7,walking,7015.0,7020.0
1008,S1,7,walking,7020.0,7025.0
1009,S1,7,walking,7025.0,7030.0
1010,S1,7,walking,7030.0,7035.0
1011,S1,7,walking,7035.0,7040.0
1012,S1,7,walking,7040.0,7045.0
1013,S1,7,walking,7045.0,7050.0
1014,S1,7,walking,7050.0,7055.0
1015,S1,7,walking,7055.0,7060.0
1016,S1,7,walking,7060.0,7065.0
1017,S1,7,walking,7065.0,7070.0
1018,S1,7,walking,7070.0,7075.0
1019,S1,7,walking,7075.0,7080.0
1020,S1,7,walking,7080.0,7085.0
1021,S1,7,walking,7085.0,7090.0
1022,S1,7,walking,7090.0,7095.0
1023,S1,7,walking,7095.0,7100.0
1024,S1,7,walking,7100.0,7105.0
1025,S1,7,walking,7105.0,7110.0
1026,S1,7,walking,7110.0,7115.0
1027,S1,7,walking,7115.0,7120.0
1028,S1,7,walking,7120.0,7125.0
1029,S1,7,walking,7125.0,7130.0
1030,S1,7,walking,7130.0,7135.0
1031,S1,7,walking,7135.0,7140.0
1032,S1,7,walking,7140.0,7145.0
1033,S1,7,walking,7145.0,7150.0
1034,S1,7,walking,7150.0,7155.0
1035,S1,7,walking,7155.0,7160.0
1036,S1,7,walking,7160.0,7165.0
1037,S1,7,walking,7165.0,7170.0
1038,S1,7,walking,7170.0,7175.0
1039,S1,7,walking,7175.0,7180.0
1040,S1,7,walking,7180.0,7185.0
1041,S1,7,walking,7185.0,7190.0
1042,S1,7,walking,7190.0,7195.0
1043,S1,7,walking,7195.0,7200.0
1044,S1,7,walking,7200.0,7205.0
1045,S1,7,walking,7205.0,7210.0
1046,S1,7,walking,7210.0,7215.0
1047,S1,7,walking,7215.0,7220.0
1048,S1,7,walking,7220.0,7225.0
1049,S1,7,walking,7225.0,7230.0
1050,S1,7,walking,7230.0,7235.0
1051,S1,7,walking,7235.0,7240.0
1052,S1,7,walking,7240.0,7245.0
1053,S1,7,walking,7245.0,7250.0
1054,S1,7,walking,7250.0,7255.0
1055,S1,7,walking,7255.0,7260.0
1056,S1,7,walking,7260.0,7265.0
1057,S1,7,walking,7265.0,7270.0
1058,S1,7,walking,7270.0,7275.0
1059,S1,7,walking,7275.0,7280.0
1060,S1,7,walking,7280.0,7285.0
1061,S1,7,walking,7285.0,7290.0
1062,S1,7,walking,7290.0,7295.0
1063,S1,7,walking,7295.0,7300.0
1064,S1,7,walking,7300.0,7305.0
1065,S1,7,walking,7305.0,7310.0
1066,S1,7,walking,7310.0,7315.0
1067,S1,7,walking,7315.0,7320.0
1068,S1,7,walking,7320.0,7325.0
1069,S1,7,walking,7325.0,7330.0
1070,S1,7,walking,7330.0,7335.0
1071,S1,7,walking,7335.0,7340.0
1072,S1,7,walking,7340.0,7345.0
1073,S1,7,walking,7345.0,7350.0
1074,S1,7,walking,7350.0,7355.0
1075,S1,7,walking,7355.0,7360.0
1076,S1,7,walking,7360.0,7365.0
1077,S1,7,walking,7365.0,7370.0
1078,S1,7,walking,7370.0,7375.0
1079,S1,7,walking,7375.0,7380.0
1080,S1,7,walking,7380.0,7385.0
1081,S1,7,walking,7385.0,7390.0
1082,S1,7,walking,7390.0,7395.0
1083,S1,7,walking,7395.0,7400.0
1084,S1,7,walking,7400.0,7405.0
1085,S1,7,walking,7405.0,7410.0
1086,S1,7,walking,7410.0,7415.0
1087,S1,7,walking,7415.0,7420.0
1088,S1,7,walking,7420.0,7425.0
1089,S1,7,walking,7425.0,7430.0
1090,S1,7,walking,7430.0,7435.0
1091,S1,7,walking,7435.0,7440.0
1092,S1,7,walking,7440.0,7445.0
1093,S1,7,walking,7445.0,7450.0
1094,S1,7,walking,7450.0,7455.0
1095,S1,7,walking,7455.0,7460.0
1096,S1,7,walking,7460.0,7465.0
1097,S1,7,walking,7465.0,7470.0
1098,S1,7,walking,7470.0,7475.0
1099,S1,7,walking,7475.0,7480.0
1100,S1,7,walking,7480.0,7485.0
1101,S1,7,walking,7485.0,7490.0
1102,S1,7,walking,7490.0,7495.0
1103,S1,7,walking,7495.0,7500.0
1104,S1,7,walking,7500.0,7505.0
1105,S1,7,walking,7505.0,7510.0
1106,S1,7,walking,7510.0,7515.0
1107,S1,7,walking,7515.0,7520.0
1108,S1,7,walking,7520.0,7525.0
1109,S1,7,walking,7525.0,7530.0
1110,S1,7,walking,7530.0,7535.0
1111,S1,7,walking,7535.0,7540.0
1112,S1,7,walking,7540.0,7545.0
1113,S1,7,walking,7545.0,7550.0
1114,S1,7,walking,7550.0,7555.0
1115,S1,7,walking,7555.0,7560.0
1116,S1,7,walking,7560.0,7565.0
1117,S1,7,walking,7565.0,7570.0
1118,S1,7,walking,7570.0,7575.0
1119,S1,7,walking,7575.0,7580.0
1120,S1,7,walking,7580.0,7585.0
1121,S1,7,walking,7585.0,7590.0
1122,S1,7,walking,7590.0,7595.0
1123,S1,7,walking,7595.0,7600.0
1124,S1,7,walking,7600.0,7605.0
1125,S1,7,walking,7605.0,7610.0
1126,S1,7,walking,7610.0,7615.0
1127,S1,7,walking,7615.0,7620.0
1128,S1,7,walking,7620.0,7625.0
1129,S1,7,walking,7625.0,7630.0
1130,S1,7,walking,7630.0,7635.0
1131,S1,7,walking,7635.0,7640.0
1132,S1,7,walking,7640.0,7645.0
1133,S1,7,walking,7645.0,7650.0
1134,S1,7,walking,7650.0,7655.0
1135,S1,7,walking,7655.0,7660.0
1136,S1,7,walking,7660.0,7665.0
1137,S1,7,walking,7665.0,7670.0
1138,S1,7,walking,7670.0,7675.0
1139,S1,7,walking,7675.0,7680.0
1140,S1,7,walking,7680.0,7685.0
1141,S1,7,walking,7685.0,7690.0
1142,S1,7,walking,7690.0,7695.0
1143,S1,7,walking,7695.0,7700.0
1144,S1,7,walking,7700.0,7705.0
1145,S1,8,working,7795.0,7800.0
1146,S1,8,working,7800.0,7805.0
1147,S1,8,working,7805.0,7810.0
1148,S1,8,working,7810.0,7815.0
1149,S1,8,working,7815.0,7820.0
1150,S1,8,working,7820.0,7825.0
1151,S1,8,working,7825.0,7830.0
1152,S1,8,working,7830.0,7835.0
1153,S1,8,working,7835.0,7840.0
1154,S1,8,working,7840.0,7845.0
1155,S1,8,working,7845.0,7850.0
1156,S1,8,working,7850.0,7855.0
1157,S1,8,working,7855.0,7860.0
1158,S1,8,working,7860.0,7865.0
1159,S1,8,working,7865.0,7870.0
1160,S1,8,working,7870.0,7875.0
1161,S1,8,working,7875.0,7880.0
1162,S1,8,working,7880.0,7885.0
1163,S1,8,working,7885.0,7890.0
1164,S1,8,working,7890.0,7895.0
1165,S1,8,working,7895.0,7900.0
1166,S1,8,working,7900.0,7905.0
1167,S1,8,working,7905.0,7910.0
1168,S1,8,working,7910.0,7915.0
1169,S1,8,working,7915.0,7920.0
1170,S1,8,working,7920.0,7925.0
1171,S1,8,working,7925.0,7930.0
1172,S1,8,working,7930.0,7935.0
1173,S1,8,working,7935.0,7940.0
1174,S1,8,working,7940.0,7945.0
1175,S1,8,working,7945.0,7950.0
1176,S1,8,working,7950.0,7955.0
1177,S1,8,working,7955.0,7960.0
1178,S1,8,working,7960.0,7965.0
1179,S1,8,working,7965.0,7970.0
1180,S1,8,working,7970.0,7975.0
1181,S1,8,working,7975.0,7980.0
1182,S1,8,working,7980.0,7985.0
1183,S1,8,working,7985.0,7990.0
1184,S1,8,working,7990.0,7995.0
1185,S1,8,working,7995.0,8000.0
1186,S1,8,working,8000.0,8005.0
1187,S1,8,working,8005.0,8010.0
1188,S1,8,working,8010.0,8015.0
1189,S1,8,working,8015.0,8020.0
1190,S1,8,working,8020.0,8025.0
1191,S1,8,working,8025.0,8030.0
1192,S1,8,working,8030.0,8035.0
1193,S1,8,working,8035.0,8040.0
1194,S1,8,working,8040.0,8045.0
1195,S1,8,working,8045.0,8050.0
1196,S1,8,working,8050.0,8055.0
1197,S1,8,working,8055.0,8060.0
1198,S1,8,working,8060.0,8065.0
1199,S1,8,working,8065.0,8070.0
1200,S1,8,working,8070.0,8075.0
1201,S1,8,working,8075.0,8080.0
1202,S1,8,working,8080.0,8085.0
1203,S1,8,working,8085.0,8090.0
1204,S1,8,working,8090.0,8095.0
1205,S1,8,working,8095.0,8100.0
1206,S1,8,working,8100.0,8105.0
1207,S1,8,working,8105.0,8110.0
1208,S1,8,working,8110.0,8115.0
1209,S1,8,working,8115.0,8120.0
1210,S1,8,working,8120.0,8125.0
1211,S1,8,working,8125.0,8130.0
1212,S1,8,working,8130.0,8135.0
1213,S1,8,working,8135.0,8140.0
1214,S1,8,working,8140.0,8145.0
1215,S1,8,working,8145.0,8150.0
1216,S1,8,working,8150.0,8155.0
1217,S1,8,working,8155.0,8160.0
1218,S1,8,working,8160.0,8165.0
1219,S1,8,working,8165.0,8170.0
1220,S1,8,working,8170.0,8175.0
1221,S1,8,working,8175.0,8180.0
1222,S1,8,working,8180.0,8185.0
1223,S1,8,working,8185.0,8190.0
1224,S1,8,working,8190.0,8195.0
1225,S1,8,working,8195.0,8200.0
1226,S1,8,working,8200.0,8205.0
1227,S1,8,working,8205.0,8210.0
1228,S1,8,working,8210.0,8215.0
1229,S1,8,working,8215.0,8220.0
1230,S1,8,working,8220.0,8225.0
1231,S1,8,working,8225.0,8230.0
1232,S1,8,working,8230.0,8235.0
1233,S1,8,working,8235.0,8240.0
1234,S1,8,working,8240.0,8245.0
1235,S1,8,working,8245.0,8250.0
1236,S1,8,working,8250.0,8255.0
1237,S1,8,working,8255.0,8260.0
1238,S1,8,working,8260.0,8265.0
1239,S1,8,working,8265.0,8270.0
1240,S1,8,working,8270.0,8275.0
1241,S1,8,working,8275.0,8280.0
1242,S1,8,working,8280.0,8285.0
1243,S1,8,working,8285.0,8290.0
1244,S1,8,working,8290.0,8295.0
1245,S1,8,working,8295.0,8300.0
1246,S1,8,working,8300.0,8305.0
1247,S1,8,working,8305.0,8310.0
1248,S1,8,working,8310.0,8315.0
1249,S1,8,working,8315.0,8320.0
1250,S1,8,working,8320.0,8325.0
1251,S1,8,working,8325.0,8330.0
1252,S1,8,working,8330.0,8335.0
1253,S1,8,working,8335.0,8340.0
1254,S1,8,working,8340.0,8345.0
1255,S1,8,working,8345.0,8350.0
1256,S1,8,working,8350.0,8355.0
1257,S1,8,working,8355.0,8360.0
1258,S1,8,working,8360.0,8365.0
1259,S1,8,working,8365.0,8370.0
1260,S1,8,working,8370.0,8375.0
1261,S1,8,working,8375.0,8380.0
1262,S1,8,working,8380.0,8385.0
1263,S1,8,working,8385.0,8390.0
1264,S1,8,working,8390.0,8395.0
1265,S1,8,working,8395.0,8400.0
1266,S1,8,working,8400.0,8405.0
1267,S1,8,working,8405.0,8410.0
1268,S1,8,working,8410.0,8415.0
1269,S1,8,working,8415.0,8420.0
1270,S1,8,working,8420.0,8425.0
1271,S1,8,working,8425.0,8430.0
1272,S1,8,working,8430.0,8435.0
1273,S1,8,working,8435.0,8440.0
1274,S1,8,working,8440.0,8445.0
1275,S1,8,working,8445.0,8450.0
1276,S1,8,working,8450.0,8455.0
1277,S1,8,working,8455.0,8460.0
1278,S1,8,working,8460.0,8465.0
1279,S1,8,working,8465.0,8470.0
1280,S1,8,working,8470.0,8475.0
1281,S1,8,working,8475.0,8480.0
1282,S1,8,working,8480.0,8485.0
1283,S1,8,working,8485.0,8490.0
1284,S1,8,working,8490.0,8495.0
1285,S1,8,working,8495.0,8500.0
1286,S1,8,working,8500.0,8505.0
1287,S1,8,working,8505.0,8510.0
1288,S1,8,working,8510.0,8515.0
1289,S1,8,working,8515.0,8520.0
1290,S1,8,working,8520.0,8525.0
1291,S1,8,working,8525.0,8530.0
1292,S1,8,working,8530.0,8535.0
1293,S1,8,working,8535.0,8540.0
1294,S1,8,working,8540.0,8545.0
1295,S1,8,working,8545.0,8550.0
1296,S1,8,working,8550.0,8555.0
1297,S1,8,working,8555.0,8560.0
1298,S1,8,working,8560.0,8565.0
1299,S1,8,working,8565.0,8570.0
1300,S1,8,working,8570.0,8575.0
1301,S1,8,working,8575.0,8580.0
1302,S1,8,working,8580.0,8585.0
1303,S1,8,working,8585.0,8590.0
1304,S1,8,working,8590.0,8595.0
1305,S1,8,working,8595.0,8600.0
1306,S1,8,working,8600.0,8605.0
1307,S1,8,working,8605.0,8610.0
1308,S1,8,working,8610.0,8615.0
1309,S1,8,working,8615.0,8620.0
1310,S1,8,working,8620.0,8625.0
1311,S1,8,working,8625.0,8630.0
1312,S1,8,working,8630.0,8635.0
1313,S1,8,working,8635.0,8640.0
1314,S1,8,working,8640.0,8645.0
1315,S1,8,working,8645.0,8650.0
1316,S1,8,working,8650.0,8655.0
1317,S1,8,working,8655.0,8660.0
1318,S1,8,working,8660.0,8665.0
1319,S1,8,working,8665.0,8670.0
1320,S1,8,working,8670.0,8675.0
1321,S1,8,working,8675.0,8680.0
1322,S1,8,working,8680.0,8685.0
1323,S1,8,working,8685.0,8690.0
1324,S1,8,working,8690.0,8695.0
1325,S1,8,working,8695.0,8700.0
1326,S1,8,working,8700.0,8705.0
1327,S1,8,working,8705.0,8710.0
1328,S1,8,working,8710.0,8715.0
1329,S1,8,working,8715.0,8720.0
1330,S1,8,working,8720.0,8725.0
1331,S1,8,working,8725.0,8730.0
1332,S1,8,working,8730.0,8735.0
1333,S1,8,working,8735.0,8740.0
1334,S1,8,working,8740.0,8745.0
1335,S1,8,working,8745.0,8750.0
1336,S1,8,working,8750.0,8755.0
1337,S1,8,working,8755.0,8760.0
1338,S1,8,working,8760.0,8765.0
1339,S1,8,working,8765.0,8770.0
1340,S1,8,working,8770.0,8775.0
1341,S1,8,working,8775.0,8780.0
1342,S1,8,working,8780.0,8785.0
1343,S1,8,working,8785.0,8790.0
1344,S1,8,working,8790.0,8795.0
1345,S1,8,working,8795.0,8800.0
1346,S1,8,working,8800.0,8805.0
1347,S1,8,working,8805.0,8810.0
1348,S1,8,working,8810.0,8815.0
1349,S1,8,working,8815.0,8820.0
1350,S1,8,working,8820.0,8825.0
1351,S1,8,working,8825.0,8830.0
1352,S1,8,working,8830.0,8835.0
1353,S1,8,working,8835.0,8840.0
1354,S1,8,working,8840.0,8845.0
1355,S1,8,working,8845.0,8850.0
1356,S1,8,working,8850.0,8855.0
1357,S1,8,working,8855.0,8860.0
1358,S1,8,working,8860.0,8865.0
1359,S1,8,working,8865.0,8870.0
1360,S1,8,working,8870.0,8875.0
1361,S1,8,working,8875.0,8880.0
1362,S1,8,working,8880.0,8885.0
1363,S1,8,working,8885.0,8890.0
1364,S1,8,working,8890.0,8895.0
1365,S1,8,working,8895.0,8900.0
1366,S1,8,working,8900.0,8905.0
1367,S1,8,working,8905.0,8910.0
1368,S1,8,working,8910.0,8915.0
1369,S1,8,working,8915.0,8920.0
1370,S1,8,working,8920.0,8925.0
1371,S1,8,working,8925.0,8930.0
1372,S1,8,working,8930.0,8935.0
1373,S1,8,working,8935.0,8940.0
1374,S1,8,working,8940.0,8945.0
1375,S1,8,working,8945.0,8950.0
1376,S1,8,working,8950.0,8955.0
1377,S1,8,working,8955.0,8960.0
1378,S1,8,working,8960.0,8965.0
1379,S1,8,working,8965.0,8970.0
1380,S1,8,working,8970.0,8975.0
1381,S1,8,working,8975.0,8980.0
1382,S10,1,sitting,510.0,515.0
1383,S10,1,sitting,515.0,520.0
1384,S10,1,sitting,520.0,525.0
1385,S10,1,sitting,525.0,530.0
1386,S10,1,sitting,530.0,535.0
1387,S10,1,sitting,535.0,540.0
1388,S10,1,sitting,540.0,545.0
1389,S10,1,sitting,545.0,550.0
1390,S10,1,sitting,550.0,555.0
1391,S10,1,sitting,555.0,560.0
1392,S10,1,sitting,560.0,565.0
1393,S10,1,sitting,565.0,570.0
1394,S10,1,sitting,570.0,575.0
1395,S10,1,sitting,575.0,580.0
1396,S10,1,sitting,580.0,585.0
1397,S10,1,sitting,585.0,590.0
1398,S10,1,sitting,590.0,595.0
1399,S10,1,sitting,595.0,600.0
1400,S10,1,sitting,600.0,605.0
1401,S10,1,sitting,605.0,610.0
1402,S10,1,sitting,610.0,615.0
1403,S10,1,sitting,615.0,620.0
1404,S10,1,sitting,620.0,625.0
1405,S10,1,sitting,625.0,630.0
1406,S10,1,sitting,630.0,635.0
1407,S10,1,sitting,635.0,640.0
1408,S10,1,sitting,640.0,645.0
1409,S10,1,sitting,645.0,650.0
1410,S10,1,sitting,650.0,655.0
1411,S10,1,sitting,655.0,660.0
1412,S10,1,sitting,660.0,665.0
1413,S10,1,sitting,665.0,670.0
1414,S10,1,sitting,670.0,675.0
1415,S10,1,sitting,675.0,680.0
1416,S10,1,sitting,680.0,685.0
1417,S10,1,sitting,685.0,690.0
1418,S10,1,sitting,690.0,695.0
1419,S10,1,sitting,695.0,700.0
1420,S10,1,sitting,700.0,705.0
1421,S10,1,sitting,705.0,710.0
1422,S10,1,sitting,710.0,715.0
1423,S10,1,sitting,715.0,720.0
1424,S10,1,sitting,720.0,725.0
1425,S10,1,sitting,725.0,730.0
1426,S10,1,sitting,730.0,735.0
1427,S10,1,sitting,735.0,740.0
1428,S10,1,sitting,740.0,745.0
1429,S10,1,sitting,745.0,750.0
1430,S10,1,sitting,750.0,755.0
1431,S10,1,sitting,755.0,760.0
1432,S10,1,sitting,760.0,765.0
1433,S10,1,sitting,765.0,770.0
1434,S10,1,sitting,770.0,775.0
1435,S10,1,sitting,775.0,780.0
1436,S10,1,sitting,780.0,785.0
1437,S10,1,sitting,785.0,790.0
1438,S10,1,sitting,790.0,795.0
1439,S10,1,sitting,795.0,800.0
1440,S10,1,sitting,800.0,805.0
1441,S10,1,sitting,805.0,810.0
1442,S10,1,sitting,810.0,815.0
1443,S10,1,sitting,815.0,820.0
1444,S10,1,sitting,820.0,825.0
1445,S10,1,sitting,825.0,830.0
1446,S10,1,sitting,830.0,835.0
1447,S10,1,sitting,835.0,840.0
1448,S10,1,sitting,840.0,845.0
1449,S10,1,sitting,845.0,850.0
1450,S10,1,sitting,850.0,855.0
1451,S10,1,sitting,855.0,860.0
1452,S10,1,sitting,860.0,865.0
1453,S10,1,sitting,865.0,870.0
1454,S10,1,sitting,870.0,875.0
1455,S10,1,sitting,875.0,880.0
1456,S10,1,sitting,880.0,885.0
1457,S10,1,sitting,885.0,890.0
1458,S10,1,sitting,890.0,895.0
1459,S10,1,sitting,895.0,900.0
1460,S10,1,sitting,900.0,905.0
1461,S10,1,sitting,905.0,910.0
1462,S10,1,sitting,910.0,915.0
1463,S10,1,sitting,915.0,920.0
1464,S10,1,sitting,920.0,925.0
1465,S10,1,sitting,925.0,930.0
1466,S10,1,sitting,930.0,935.0
1467,S10,1,sitting,935.0,940.0
1468,S10,1,sitting,940.0,945.0
1469,S10,1,sitting,945.0,950.0
1470,S10,1,sitting,950.0,955.0
1471,S10,1,sitting,955.0,960.0
1472,S10,1,sitting,960.0,965.0
1473,S10,1,sitting,965.0,970.0
1474,S10,1,sitting,970.0,975.0
1475,S10,1,sitting,975.0,980.0
1476,S10,1,sitting,980.0,985.0
1477,S10,1,sitting,985.0,990.0
1478,S10,1,sitting,990.0,995.0
1479,S10,1,sitting,995.0,1000.0
1480,S10,1,sitting,1000.0,1005.0
1481,S10,1,sitting,1005.0,1010.0
1482,S10,1,sitting,1010.0,1015.0
1483,S10,1,sitting,1015.0,1020.0
1484,S10,1,sitting,1020.0,1025.0
1485,S10,1,sitting,1025.0,1030.0
1486,S10,1,sitting,1030.0,1035.0
1487,S10,1,sitting,1035.0,1040.0
1488,S10,1,sitting,1040.0,1045.0
1489,S10,1,sitting,1045.0,1050.0
1490,S10,1,sitting,1050.0,1055.0
1491,S10,1,sitting,1055.0,1060.0
1492,S10,1,sitting,1060.0,1065.0
1493,S10,1,sitting,1065.0,1070.0
1494,S10,1,sitting,1070.0,1075.0
1495,S10,1,sitting,1075.0,1080.0
1496,S10,1,sitting,1080.0,1085.0
1497,S10,1,sitting,1085.0,1090.0
1498,S10,1,sitting,1090.0,1095.0
1499,S10,1,sitting,1095.0,1100.0
1500,S10,2,stairs,1235.0,1240.0
1501,S10,2,stairs,1240.0,1245.0
1502,S10,2,stairs,1245.0,1250.0
1503,S10,2,stairs,1250.0,1255.0
1504,S10,2,stairs,1255.0,1260.0
1505,S10,2,stairs,1260.0,1265.0
1506,S10,2,stairs,1265.0,1270.0
1507,S10,2,stairs,1270.0,1275.0
1508,S10,2,stairs,1275.0,1280.0
1509,S10,2,stairs,1280.0,1285.0
1510,S10,2,stairs,1285.0,1290.0
1511,S10,2,stairs,1290.0,1295.0
1512,S10,2,stairs,1295.0,1300.0
1513,S10,2,stairs,1300.0,1305.0
1514,S10,2,stairs,1305.0,1310.0
1515,S10,2,stairs,1310.0,1315.0
1516,S10,2,stairs,1315.0,1320.0
1517,S10,2,stairs,1320.0,1325.0
1518,S10,2,stairs,1325.0,1330.0
1519,S10,2,stairs,1330.0,1335.0
1520,S10,2,stairs,1335.0,1340.0
1521,S10,2,stairs,1340.0,1345.0
1522,S10,2,stairs,1345.0,1350.0
1523,S10,2,stairs,1350.0,1355.0
1524,S10,2,stairs,1355.0,1360.0
1525,S10,2,stairs,1360.0,1365.0
1526,S10,2,stairs,1365.0,1370.0
1527,S10,2,stairs,1370.0,1375.0
1528,S10,2,stairs,1375.0,1380.0
1529,S10,2,stairs,1380.0,1385.0
1530,S10,2,stairs,1385.0,1390.0
1531,S10,2,stairs,1390.0,1395.0
1532,S10,2,stairs,1395.0,1400.0
1533,S10,2,stairs,1400.0,1405.0
1534,S10,2,stairs,1405.0,1410.0
1535,S10,2,stairs,1410.0,1415.0
1536,S10,2,stairs,1415.0,1420.0
1537,S10,2,stairs,1420.0,1425.0
1538,S10,2,stairs,1425.0,1430.0
1539,S10,2,stairs,1430.0,1435.0
1540,S10,2,stairs,1435.0,1440.0
1541,S10,2,stairs,1440.0,1445.0
1542,S10,2,stairs,1445.0,1450.0
1543,S10,2,stairs,1450.0,1455.0
1544,S10,2,stairs,1455.0,1460.0
1545,S10,2,stairs,1460.0,1465.0
1546,S10,2,stairs,1465.0,1470.0
1547,S10,2,stairs,1470.0,1475.0
1548,S10,2,stairs,1475.0,1480.0
1549,S10,2,stairs,1480.0,1485.0
1550,S10,2,stairs,1485.0,1490.0
1551,S10,2,stairs,1490.0,1495.0
1552,S10,2,stairs,1495.0,1500.0
1553,S10,2,stairs,1500.0,1505.0
1554,S10,2,stairs,1505.0,1510.0
1555,S10,2,stairs,1510.0,1515.0
1556,S10,2,stairs,1515.0,1520.0
1557,S10,2,stairs,1520.0,1525.0
1558,S10,2,stairs,1525.0,1530.0
1559,S10,2,stairs,1530.0,1535.0
1560,S10,2,stairs,1535.0,1540.0
1561,S10,2,stairs,1540.0,1545.0
1562,S10,2,stairs,1545.0,1550.0
1563,S10,2,stairs,1550.0,1555.0
1564,S10,2,stairs,1555.0,1560.0
1565,S10,2,stairs,1560.0,1565.0
1566,S10,2,stairs,1565.0,1570.0
1567,S10,2,stairs,1570.0,1575.0
1568,S10,2,stairs,1575.0,1580.0
1569,S10,2,stairs,1580.0,1585.0
1570,S10,2,stairs,1585.0,1590.0
1571,S10,2,stairs,1590.0,1595.0
1572,S10,2,stairs,1595.0,1600.0
1573,S10,2,stairs,1600.0,1605.0
1574,S10,2,stairs,1605.0,1610.0
1575,S10,2,stairs,1610.0,1615.0
1576,S10,2,stairs,1615.0,1620.0
1577,S10,2,stairs,1620.0,1625.0
1578,S10,2,stairs,1625.0,1630.0
1579,S10,2,stairs,1630.0,1635.0
1580,S10,2,stairs,1635.0,1640.0
1581,S10,2,stairs,1640.0,1645.0
1582,S10,2,stairs,1645.0,1650.0
1583,S10,2,stairs,1650.0,1655.0
1584,S10,2,stairs,1655.0,1660.0
1585,S10,2,stairs,1660.0,1665.0
1586,S10,2,stairs,1665.0,1670.0
1587,S10,2,stairs,1670.0,1675.0
1588,S10,2,stairs,1675.0,1680.0
1589,S10,2,stairs,1680.0,1685.0
1590,S10,2,stairs,1685.0,1690.0
1591,S10,2,stairs,1690.0,1695.0
1592,S10,2,stairs,1695.0,1700.0
1593,S10,3,table_soccer,1920.0,1925.0
1594,S10,3,table_soccer,1925.0,1930.0
1595,S10,3,table_soccer,1930.0,1935.0
1596,S10,3,table_soccer,1935.0,1940.0
1597,S10,3,table_soccer,1940.0,1945.0
1598,S10,3,table_soccer,1945.0,1950.0
1599,S10,3,table_soccer,1950.0,1955.0
1600,S10,3,table_soccer,1955.0,1960.0
1601,S10,3,table_soccer,1960.0,1965.0
1602,S10,3,table_soccer,1965.0,1970.0
1603,S10,3,table_soccer,1970.0,1975.0
1604,S10,3,table_soccer,1975.0,1980.0
1605,S10,3,table_soccer,1980.0,1985.0
1606,S10,3,table_soccer,1985.0,1990.0
1607,S10,3,table_soccer,1990.0,1995.0
1608,S10,3,table_soccer,1995.0,2000.0
1609,S10,3,table_soccer,2000.0,2005.0
1610,S10,3,table_soccer,2005.0,2010.0
1611,S10,3,table_soccer,2010.0,2015.0
1612,S10,3,table_soccer,2015.0,2020.0
1613,S10,3,table_soccer,2020.0,2025.0
1614,S10,3,table_soccer,2025.0,2030.0
1615,S10,3,table_soccer,2030.0,2035.0
1616,S10,3,table_soccer,2035.0,2040.0
1617,S10,3,table_soccer,2040.0,2045.0
1618,S10,3,table_soccer,2045.0,2050.0
1619,S10,3,table_soccer,2050.0,2055.0
1620,S10,3,table_soccer,2055.0,2060.0
1621,S10,3,table_soccer,2060.0,2065.0
1622,S10,3,table_soccer,2065.0,2070.0
1623,S10,3,table_soccer,2070.0,2075.0
1624,S10,3,table_soccer,2075.0,2080.0
1625,S10,3,table_soccer,2080.0,2085.0
1626,S10,3,table_soccer,2085.0,2090.0
1627,S10,3,table_soccer,2090.0,2095.0
1628,S10,3,table_soccer,2095.0,2100.0
1629,S10,3,table_soccer,2100.0,2105.0
1630,S10,3,table_soccer,2105.0,2110.0
1631,S10,3,table_soccer,2110.0,2115.0
1632,S10,3,table_soccer,2115.0,2120.0
1633,S10,3,table_soccer,2120.0,2125.0
1634,S10,3,table_soccer,2125.0,2130.0
1635,S10,3,table_soccer,2130.0,2135.0
1636,S10,3,table_soccer,2135.0,2140.0
1637,S10,3,table_soccer,2140.0,2145.0
1638,S10,3,table_soccer,2145.0,2150.0
1639,S10,3,table_soccer,2150.0,2155.0
1640,S10,3,table_soccer,2155.0,2160.0
1641,S10,3,table_soccer,2160.0,2165.0
1642,S10,3,table_soccer,2165.0,2170.0
1643,S10,3,table_soccer,2170.0,2175.0
1644,S10,3,table_soccer,2175.0,2180.0
1645,S10,3,table_soccer,2180.0,2185.0
1646,S10,3,table_soccer,2185.0,2190.0
1647,S10,3,table_soccer,2190.0,2195.0
1648,S10,3,table_soccer,2195.0,2200.0
1649,S10,3,table_soccer,2200.0,2205.0
1650,S10,3,table_soccer,2205.0,2210.0
1651,S10,3,table_soccer,2210.0,2215.0
1652,S10,3,table_soccer,2215.0,2220.0
1653,S10,3,table_soccer,2220.0,2225.0
1654,S10,4,cycling,2810.0,2815.0
1655,S10,4,cycling,2815.0,2820.0
1656,S10,4,cycling,2820.0,2825.0
1657,S10,4,cycling,2825.0,2830.0
1658,S10,4,cycling,2830.0,2835.0
1659,S10,4,cycling,2835.0,2840.0
1660,S10,4,cycling,2840.0,2845.0
1661,S10,4,cycling,2845.0,2850.0
1662,S10,4,cycling,2850.0,2855.0
1663,S10,4,cycling,2855.0,2860.0
1664,S10,4,cycling,2860.0,2865.0
1665,S10,4,cycling,2865.0,2870.0
1666,S10,4,cycling,2870.0,2875.0
1667,S10,4,cycling,2875.0,2880.0
1668,S10,4,cycling,2880.0,2885.0
1669,S10,4,cycling,2885.0,2890.0
1670,S10,4,cycling,2890.0,2895.0
1671,S10,4,cycling,2895.0,2900.0
1672,S10,4,cycling,2900.0,2905.0
1673,S10,4,cycling,2905.0,2910.0
1674,S10,4,cycling,2910.0,2915.0
1675,S10,4,cycling,2915.0,2920.0
1676,S10,4,cycling,2920.0,2925.0
1677,S10,4,cycling,2925.0,2930.0
1678,S10,4,cycling,2930.0,2935.0
1679,S10,4,cycling,2935.0,2940.0
1680,S10,4,cycling,2940.0,2945.0
1681,S10,4,cycling,2945.0,2950.0
1682,S10,4,cycling,2950.0,2955.0
1683,S10,4,cycling,2955.0,2960.0
1684,S10,4,cycling,2960.0,2965.0
1685,S10,4,cycling,2965.0,2970.0
1686,S10,4,cycling,2970.0,2975.0
1687,S10,4,cycling,2975.0,2980.0
1688,S10,4,cycling,2980.0,2985.0
1689,S10,4,cycling,2985.0,2990.0
1690,S10,4,cycling,2990.0,2995.0
1691,S10,4,cycling,2995.0,3000.0
1692,S10,4,cycling,3000.0,3005.0
1693,S10,4,cycling,3005.0,3010.0
1694,S10,4,cycling,3010.0,3015.0
1695,S10,4,cycling,3015.0,3020.0
1696,S10,4,cycling,3020.0,3025.0
1697,S10,4,cycling,3025.0,3030.0
1698,S10,4,cycling,3030.0,3035.0
1699,S10,4,cycling,3035.0,3040.0
1700,S10,4,cycling,3040.0,3045.0
1701,S10,4,cycling,3045.0,3050.0
1702,S10,4,cycling,3050.0,3055.0
1703,S10,4,cycling,3055.0,3060.0
1704,S10,4,cycling,3060.0,3065.0
1705,S10,4,cycling,3065.0,3070.0
1706,S10,4,cycling,3070.0,3075.0
1707,S10,4,cycling,3075.0,3080.0
1708,S10,4,cycling,3080.0,3085.0
1709,S10,4,cycling,3085.0,3090.0
1710,S10,4,cycling,3090.0,3095.0
1711,S10,4,cycling,3095.0,3100.0
1712,S10,4,cycling,3100.0,3105.0
1713,S10,4,cycling,3105.0,3110.0
1714,S10,4,cycling,3110.0,3115.0
1715,S10,4,cycling,3115.0,3120.0
1716,S10,4,cycling,3120.0,3125.0
1717,S10,4,cycling,3125.0,3130.0
1718,S10,4,cycling,3130.0,3135.0
1719,S10,4,cycling,3135.0,3140.0
1720,S10,4,cycling,3140.0,3145.0
1721,S10,4,cycling,3145.0,3150.0
1722,S10,4,cycling,3150.0,3155.0
1723,S10,4,cycling,3155.0,3160.0
1724,S10,4,cycling,3160.0,3165.0
1725,S10,4,cycling,3165.0,3170.0
1726,S10,4,cycling,3170.0,3175.0
1727,S10,4,cycling,3175.0,3180.0
1728,S10,4,cycling,3180.0,3185.0
1729,S10,4,cycling,3185.0,3190.0
1730,S10,4,cycling,3190.0,3195.0
1731,S10,4,cycling,3195.0,3200.0
1732,S10,4,cycling,3200.0,3205.0
1733,S10,4,cycling,3205.0,3210.0
1734,S10,4,cycling,3210.0,3215.0
1735,S10,4,cycling,3215.0,3220.0
1736,S10,4,cycling,3220.0,3225.0
1737,S10,4,cycling,3225.0,3230.0
1738,S10,4,cycling,3230.0,3235.0
1739,S10,4,cycling,3235.0,3240.0
1740,S10,4,cycling,3240.0,3245.0
1741,S10,4,cycling,3245.0,3250.0
1742,S10,4,cycling,3250.0,3255.0
1743,S10,4,cycling,3255.0,3260.0
1744,S10,4,cycling,3260.0,3265.0
1745,S10,4,cycling,3265.0,3270.0
1746,S10,4,cycling,3270.0,3275.0
1747,S10,4,cycling,3275.0,3280.0
1748,S10,4,cycling,3280.0,3285.0
1749,S10,4,cycling,3285.0,3290.0
1750,S10,4,cycling,3290.0,3295.0
1751,S10,5,car_driving,3840.0,3845.0
1752,S10,5,car_driving,3845.0,3850.0
1753,S10,5,car_driving,3850.0,3855.0
1754,S10,5,car_driving,3855.0,3860.0
1755,S10,5,car_driving,3860.0,3865.0
1756,S10,5,car_driving,3865.0,3870.0
1757,S10,5,car_driving,3870.0,3875.0
1758,S10,5,car_driving,3875.0,3880.0
1759,S10,5,car_driving,3880.0,3885.0
1760,S10,5,car_driving,3885.0,3890.0
1761,S10,5,car_driving,3890.0,3895.0
1762,S10,5,car_driving,3895.0,3900.0
1763,S10,5,car_driving,3900.0,3905.0
1764,S10,5,car_driving,3905.0,3910.0
1765,S10,5,car_driving,3910.0,3915.0
1766,S10,5,car_driving,3915.0,3920.0
1767,S10,5,car_driving,3920.0,3925.0
1768,S10,5,car_driving,3925.0,3930.0
1769,S10,5,car_driving,3930.0,3935.0
1770,S10,5,car_driving,3935.0,3940.0
1771,S10,5,car_driving,3940.0,3945.0
1772,S10,5,car_driving,3945.0,3950.0
1773,S10,5,car_driving,3950.0,3955.0
1774,S10,5,car_driving,3955.0,3960.0
1775,S10,5,car_driving,3960.0,3965.0
1776,S10,5,car_driving,3965.0,3970.0
1777,S10,5,car_driving,3970.0,3975.0
1778,S10,5,car_driving,3975.0,3980.0
1779,S10,5,car_driving,3980.0,3985.0
1780,S10,5,car_driving,3985.0,3990.0
1781,S10,5,car_driving,3990.0,3995.0
1782,S10,5,car_driving,3995.0,4000.0
1783,S10,5,car_driving,4000.0,4005.0
1784,S10,5,car_driving,4005.0,4010.0
1785,S10,5,car_driving,4010.0,4015.0
1786,S10,5,car_driving,4015.0,4020.0
1787,S10,5,car_driving,4020.0,4025.0
1788,S10,5,car_driving,4025.0,4030.0
1789,S10,5,car_driving,4030.0,4035.0
1790,S10,5,car_driving,4035.0,4040.0
1791,S10,5,car_driving,4040.0,4045.0
1792,S10,5,car_driving,4045.0,4050.0
1793,S10,5,car_driving,4050.0,4055.0
1794,S10,5,car_driving,4055.0,4060.0
1795,S10,5,car_driving,4060.0,4065.0
1796,S10,5,car_driving,4065.0,4070.0
1797,S10,5,car_driving,4070.0,4075.0
1798,S10,5,car_driving,4075.0,4080.0
1799,S10,5,car_driving,4080.0,4085.0
1800,S10,5,car_driving,4085.0,4090.0
1801,S10,5,car_driving,4090.0,4095.0
1802,S10,5,car_driving,4095.0,4100.0
1803,S10,5,car_driving,4100.0,4105.0
1804,S10,5,car_driving,4105.0,4110.0
1805,S10,5,car_driving,4110.0,4115.0
1806,S10,5,car_driving,4115.0,4120.0
1807,S10,5,car_driving,4120.0,4125.0
1808,S10,5,car_driving,4125.0,4130.0
1809,S10,5,car_driving,4130.0,4135.0
1810,S10,5,car_driving,4135.0,4140.0
1811,S10,5,car_driving,4140.0,4145.0
1812,S10,5,car_driving,4145.0,4150.0
1813,S10,5,car_driving,4150.0,4155.0
1814,S10,5,car_driving,4155.0,4160.0
1815,S10,5,car_driving,4160.0,4165.0
1816,S10,5,car_driving,4165.0,4170.0
1817,S10,5,car_driving,4170.0,4175.0
1818,S10,5,car_driving,4175.0,4180.0
1819,S10,5,car_driving,4180.0,4185.0
1820,S10,5,car_driving,4185.0,4190.0
1821,S10,5,car_driving,4190.0,4195.0
1822,S10,5,car_driving,4195.0,4200.0
1823,S10,5,car_driving,4200.0,4205.0
1824,S10,5,car_driving,4205.0,4210.0
1825,S10,5,car_driving,4210.0,4215.0
1826,S10,5,car_driving,4215.0,4220.0
1827,S10,5,car_driving,4220.0,4225.0
1828,S10,5,car_driving,4225.0,4230.0
1829,S10,5,car_driving,4230.0,4235.0
1830,S10,5,car_driving,4235.0,4240.0
1831,S10,5,car_driving,4240.0,4245.0
1832,S10,5,car_driving,4245.0,4250.0
1833,S10,5,car_driving,4250.0,4255.0
1834,S10,5,car_driving,4255.0,4260.0
1835,S10,5,car_driving,4260.0,4265.0
1836,S10,5,car_driving,4265.0,4270.0
1837,S10,5,car_driving,4270.0,4275.0
1838,S10,5,car_driving,4275.0,4280.0
1839,S10,5,car_driving,4280.0,4285.0
1840,S10,5,car_driving,4285.0,4290.0
1841,S10,5,car_driving,4290.0,4295.0
1842,S10,5,car_driving,4295.0,4300.0
1843,S10,5,car_driving,4300.0,4305.0
1844,S10,5,car_driving,4305.0,4310.0
1845,S10,5,car_driving,4310.0,4315.0
1846,S10,5,car_driving,4315.0,4320.0
1847,S10,5,car_driving,4320.0,4325.0
1848,S10,5,car_driving,4325.0,4330.0
1849,S10,5,car_driving,4330.0,4335.0
1850,S10,5,car_driving,4335.0,4340.0
1851,S10,5,car_driving,4340.0,4345.0
1852,S10,5,car_driving,4345.0,4350.0
1853,S10,5,car_driving,4350.0,4355.0
1854,S10,5,car_driving,4355.0,4360.0
1855,S10,5,car_driving,4360.0,4365.0
1856,S10,5,car_driving,4365.0,4370.0
1857,S10,5,car_driving,4370.0,4375.0
1858,S10,5,car_driving,4375.0,4380.0
1859,S10,5,car_driving,4380.0,4385.0
1860,S10,5,car_driving,4385.0,4390.0
1861,S10,5,car_driving,4390.0,4395.0
1862,S10,5,car_driving,4395.0,4400.0
1863,S10,5,car_driving,4400.0,4405.0
1864,S10,5,car_driving,4405.0,4410.0
1865,S10,5,car_driving,4410.0,4415.0
1866,S10,5,car_driving,4415.0,4420.0
1867,S10,5,car_driving,4420.0,4425.0
1868,S10,5,car_driving,4425.0,4430.0
1869,S10,5,car_driving,4430.0,4435.0
1870,S10,5,car_driving,4435.0,4440.0
1871,S10,5,car_driving,4440.0,4445.0
1872,S10,5,car_driving,4445.0,4450.0
1873,S10,5,car_driving,4450.0,4455.0
1874,S10,5,car_driving,4455.0,4460.0
1875,S10,5,car_driving,4460.0,4465.0
1876,S10,5,car_driving,4465.0,4470.0
1877,S10,5,car_driving,4470.0,4475.0
1878,S10,5,car_driving,4475.0,4480.0
1879,S10,5,car_driving,4480.0,4485.0
1880,S10,5,car_driving,4485.0,4490.0
1881,S10,5,car_driving,4490.0,4495.0
1882,S10,5,car_driving,4495.0,4500.0
1883,S10,5,car_driving,4500.0,4505.0
1884,S10,5,car_driving,4505.0,4510.0
1885,S10,5,car_driving,4510.0,4515.0
1886,S10,5,car_driving,4515.0,4520.0
1887,S10,5,car_driving,4520.0,4525.0
1888,S10,5,car_driving,4525.0,4530.0
1889,S10,5,car_driving,4530.0,4535.0
1890,S10,5,car_driving,4535.0,4540.0
1891,S10,5,car_driving,4540.0,4545.0
1892,S10,5,car_driving,4545.0,4550.0
1893,S10,5,car_driving,4550.0,4555.0
1894,S10,5,car_driving,4555.0,4560.0
1895,S10,5,car_driving,4560.0,4565.0
1896,S10,5,car_driving,4565.0,4570.0
1897,S10,5,car_driving,4570.0,4575.0
1898,S10,5,car_driving,4575.0,4580.0
1899,S10,5,car_driving,4580.0,4585.0
1900,S10,5,car_driving,4585.0,4590.0
1901,S10,5,car_driving,4590.0,4595.0
1902,S10,5,car_driving,4595.0,4600.0
1903,S10,5,car_driving,4600.0,4605.0
1904,S10,5,car_driving,4605.0,4610.0
1905,S10,5,car_driving,4610.0,4615.0
1906,S10,5,car_driving,4615.0,4620.0
1907,S10,5,car_driving,4620.0,4625.0
1908,S10,5,car_driving,4625.0,4630.0
1909,S10,5,car_driving,4630.0,4635.0
1910,S10,5,car_driving,4635.0,4640.0
1911,S10,5,car_driving,4640.0,4645.0
1912,S10,5,car_driving,4645.0,4650.0
1913,S10,5,car_driving,4650.0,4655.0
1914,S10,5,car_driving,4655.0,4660.0
1915,S10,5,car_driving,4660.0,4665.0
1916,S10,5,car_driving,4665.0,4670.0
1917,S10,5,car_driving,4670.0,4675.0
1918,S10,5,car_driving,4675.0,4680.0
1919,S10,5,car_driving,4680.0,4685.0
1920,S10,5,car_driving,4685.0,4690.0
1921,S10,5,car_driving,4690.0,4695.0
1922,S10,5,car_driving,4695.0,4700.0
1923,S10,5,car_driving,4700.0,4705.0
1924,S10,5,car_driving,4705.0,4710.0
1925,S10,5,car_driving,4710.0,4715.0
1926,S10,5,car_driving,4715.0,4720.0
1927,S10,5,car_driving,4720.0,4725.0
1928,S10,5,car_driving,4725.0,4730.0
1929,S10,5,car_driving,4730.0,4735.0
1930,S10,5,car_driving,4735.0,4740.0
1931,S10,5,car_driving,4740.0,4745.0
1932,S10,5,car_driving,4745.0,4750.0
1933,S10,5,car_driving,4750.0,4755.0
1934,S10,5,car_driving,4755.0,4760.0
1935,S10,5,car_driving,4760.0,4765.0
1936,S10,5,car_driving,4765.0,4770.0
1937,S10,5,car_driving,4770.0,4775.0
1938,S10,6,lunch_break,5900.0,5905.0
1939,S10,6,lunch_break,5905.0,5910.0
1940,S10,6,lunch_break,5910.0,5915.0
1941,S10,6,lunch_break,5915.0,5920.0
1942,S10,6,lunch_break,5920.0,5925.0
1943,S10,6,lunch_break,5925.0,5930.0
1944,S10,6,lunch_break,5930.0,5935.0
1945,S10,6,lunch_break,5935.0,5940.0
1946,S10,6,lunch_break,5940.0,5945.0
1947,S10,6,lunch_break,5945.0,5950.0
1948,S10,6,lunch_break,5950.0,5955.0
1949,S10,6,lunch_break,5955.0,5960.0
1950,S10,6,lunch_break,5960.0,5965.0
1951,S10,6,lunch_break,5965.0,5970.0
1952,S10,6,lunch_break,5970.0,5975.0
1953,S10,6,lunch_break,5975.0,5980.0
1954,S10,6,lunch_break,5980.0,5985.0
1955,S10,6,lunch_break,5985.0,5990.0
1956,S10,6,lunch_break,5990.0,5995.0
1957,S10,6,lunch_break,5995.0,6000.0
1958,S10,6,lunch_break,6000.0,6005.0
1959,S10,6,lunch_break,6005.0,6010.0
1960,S10,6,lunch_break,6010.0,6015.0
1961,S10,6,lunch_break,6015.0,6020.0
1962,S10,6,lunch_break,6020.0,6025.0
1963,S10,6,lunch_break,6025.0,6030.0
1964,S10,6,lunch_break,6030.0,6035.0
1965,S10,6,lunch_break,6035.0,6040.0
1966,S10,6,lunch_break,6040.0,6045.0
1967,S10,6,lunch_break,6045.0,6050.0
1968,S10,6,lunch_break,6050.0,6055.0
1969,S10,6,lunch_break,6055.0,6060.0
1970,S10,6,lunch_break,6060.0,6065.0
1971,S10,6,lunch_break,6065.0,6070.0
1972,S10,6,lunch_break,6070.0,6075.0
1973,S10,6,lunch_break,6075.0,6080.0
1974,S10,6,lunch_break,6080.0,6085.0
1975,S10,6,lunch_break,6085.0,6090.0
1976,S10,6,lunch_break,6090.0,6095.0
1977,S10,6,lunch_break,6095.0,6100.0
1978,S10,6,lunch_break,6100.0,6105.0
1979,S10,6,lunch_break,6105.0,6110.0
1980,S10,6,lunch_break,6110.0,6115.0
1981,S10,6,lunch_break,6115.0,6120.0
1982,S10,6,lunch_break,6120.0,6125.0
1983,S10,6,lunch_break,6125.0,6130.0
1984,S10,6,lunch_break,6130.0,6135.0
1985,S10,6,lunch_break,6135.0,6140.0
1986,S10,6,lunch_break,6140.0,6145.0
1987,S10,6,lunch_break,6145.0,6150.0
1988,S10,6,lunch_break,6150.0,6155.0
1989,S10,6,lunch_break,6155.0,6160.0
1990,S10,6,lunch_break,6160.0,6165.0
1991,S10,6,lunch_break,6165.0,6170.0
1992,S10,6,lunch_break,6170.0,6175.0
1993,S10,6,lunch_break,6175.0,6180.0
1994,S10,6,lunch_break,6180.0,6185.0
1995,S10,6,lunch_break,6185.0,6190.0
1996,S10,6,lunch_break,6190.0,6195.0
1997,S10,6,lunch_break,6195.0,6200.0
1998,S10,6,lunch_break,6200.0,6205.0
1999,S10,6,lunch_break,6205.0,6210.0
2000,S10,6,lunch_break,6210.0,6215.0
2001,S10,6,lunch_break,6215.0,6220.0
2002,S10,6,lunch_break,6220.0,6225.0
2003,S10,6,lunch_break,6225.0,6230.0
2004,S10,6,lunch_break,6230.0,6235.0
2005,S10,6,lunch_break,6235.0,6240.0
2006,S10,6,lunch_break,6240.0,6245.0
2007,S10,6,lunch_break,6245.0,6250.0
2008,S10,6,lunch_break,6250.0,6255.0
2009,S10,6,lunch_break,6255.0,6260.0
2010,S10,6,lunch_break,6260.0,6265.0
2011,S10,6,lunch_break,6265.0,6270.0
2012,S10,6,lunch_break,6270.0,6275.0
2013,S10,6,lunch_break,6275.0,6280.0
2014,S10,6,lunch_break,6280.0,6285.0
2015,S10,6,lunch_break,6285.0,6290.0
2016,S10,6,lunch_break,6290.0,6295.0
2017,S10,6,lunch_break,6295.0,6300.0
2018,S10,6,lunch_break,6300.0,6305.0
2019,S10,6,lunch_break,6305.0,6310.0
2020,S10,6,lunch_break,6310.0,6315.0
2021,S10,6,lunch_break,6315.0,6320.0
2022,S10,6,lunch_break,6320.0,6325.0
2023,S10,6,lunch_break,6325.0,6330.0
2024,S10,6,lunch_break,6330.0,6335.0
2025,S10,6,lunch_break,6335.0,6340.0
2026,S10,6,lunch_break,6340.0,6345.0
2027,S10,6,lunch_break,6345.0,6350.0
2028,S10,6,lunch_break,6350.0,6355.0
2029,S10,6,lunch_break,6355.0,6360.0
2030,S10,6,lunch_break,6360.0,6365.0
2031,S10,6,lunch_break,6365.0,6370.0
2032,S10,6,lunch_break,6370.0,6375.0
2033,S10,6,lunch_break,6375.0,6380.0
2034,S10,6,lunch_break,6380.0,6385.0
2035,S10,6,lunch_break,6385.0,6390.0
2036,S10,6,lunch_break,6390.0,6395.0
2037,S10,6,lunch_break,6395.0,6400.0
2038,S10,6,lunch_break,6400.0,6405.0
2039,S10,6,lunch_break,6405.0,6410.0
2040,S10,6,lunch_break,6410.0,6415.0
2041,S10,6,lunch_break,6415.0,6420.0
2042,S10,6,lunch_break,6420.0,6425.0
2043,S10,6,lunch_break,6425.0,6430.0
2044,S10,6,lunch_break,6430.0,6435.0
2045,S10,6,lunch_break,6435.0,6440.0
2046,S10,6,lunch_break,6440.0,6445.0
2047,S10,6,lunch_break,6445.0,6450.0
2048,S10,6,lunch_break,6450.0,6455.0
2049,S10,6,lunch_break,6455.0,6460.0
2050,S10,6,lunch_break,6460.0,6465.0
2051,S10,6,lunch_break,6465.0,6470.0
2052,S10,6,lunch_break,6470.0,6475.0
2053,S10,6,lunch_break,6475.0,6480.0
2054,S10,6,lunch_break,6480.0,6485.0
2055,S10,6,lunch_break,6485.0,6490.0
2056,S10,6,lunch_break,6490.0,6495.0
2057,S10,6,lunch_break,6495.0,6500.0
2058,S10,6,lunch_break,6500.0,6505.0
2059,S10,6,lunch_break,6505.0,6510.0
2060,S10,6,lunch_break,6510.0,6515.0
2061,S10,6,lunch_break,6515.0,6520.0
2062,S10,6,lunch_break,6520.0,6525.0
2063,S10,6,lunch_break,6525.0,6530.0
2064,S10,6,lunch_break,6530.0,6535.0
2065,S10,6,lunch_break,6535.0,6540.0
2066,S10,6,lunch_break,6540.0,6545.0
2067,S10,6,lunch_break,6545.0,6550.0
2068,S10,6,lunch_break,6550.0,6555.0
2069,S10,6,lunch_break,6555.0,6560.0
2070,S10,6,lunch_break,6560.0,6565.0
2071,S10,6,lunch_break,6565.0,6570.0
2072,S10,6,lunch_break,6570.0,6575.0
2073,S10,6,lunch_break,6575.0,6580.0
2074,S10,6,lunch_break,6580.0,6585.0
2075,S10,6,lunch_break,6585.0,6590.0
2076,S10,6,lunch_break,6590.0,6595.0
2077,S10,6,lunch_break,6595.0,6600.0
2078,S10,6,lunch_break,6600.0,6605.0
2079,S10,6,lunch_break,6605.0,6610.0
2080,S10,6,lunch_break,6610.0,6615.0
2081,S10,6,lunch_break,6615.0,6620.0
2082,S10,6,lunch_break,6620.0,6625.0
2083,S10,6,lunch_break,6625.0,6630.0
2084,S10,6,lunch_break,6630.0,6635.0
2085,S10,6,lunch_break,6635.0,6640.0
2086,S10,6,lunch_break,6640.0,6645.0
2087,S10,6,lunch_break,6645.0,6650.0
2088,S10,6,lunch_break,6650.0,6655.0
2089,S10,6,lunch_break,6655.0,6660.0
2090,S10,6,lunch_break,6660.0,6665.0
2091,S10,6,lunch_break,6665.0,6670.0
2092,S10,6,lunch_break,6670.0,6675.0
2093,S10,6,lunch_break,6675.0,6680.0
2094,S10,6,lunch_break,6680.0,6685.0
2095,S10,6,lunch_break,6685.0,6690.0
2096,S10,6,lunch_break,6690.0,6695.0
2097,S10,6,lunch_break,6695.0,6700.0
2098,S10,6,lunch_break,6700.0,6705.0
2099,S10,6,lunch_break,6705.0,6710.0
2100,S10,6,lunch_break,6710.0,6715.0
2101,S10,6,lunch_break,6715.0,6720.0
2102,S10,6,lunch_break,6720.0,6725.0
2103,S10,6,lunch_break,6725.0,6730.0
2104,S10,6,lunch_break,6730.0,6735.0
2105,S10,6,lunch_break,6735.0,6740.0
2106,S10,6,lunch_break,6740.0,6745.0
2107,S10,6,lunch_break,6745.0,6750.0
2108,S10,6,lunch_break,6750.0,6755.0
2109,S10,6,lunch_break,6755.0,6760.0
2110,S10,6,lunch_break,6760.0,6765.0
2111,S10,6,lunch_break,6765.0,6770.0
2112,S10,6,lunch_break,6770.0,6775.0
2113,S10,6,lunch_break,6775.0,6780.0
2114,S10,6,lunch_break,6780.0,6785.0
2115,S10,6,lunch_break,6785.0,6790.0
2116,S10,6,lunch_break,6790.0,6795.0
2117,S10,6,lunch_break,6795.0,6800.0
2118,S10,6,lunch_break,6800.0,6805.0
2119,S10,6,lunch_break,6805.0,6810.0
2120,S10,6,lunch_break,6810.0,6815.0
2121,S10,6,lunch_break,6815.0,6820.0
2122,S10,6,lunch_break,6820.0,6825.0
2123,S10,6,lunch_break,6825.0,6830.0
2124,S10,6,lunch_break,6830.0,6835.0
2125,S10,6,lunch_break,6835.0,6840.0
2126,S10,6,lunch_break,6840.0,6845.0
2127,S10,6,lunch_break,6845.0,6850.0
2128,S10,6,lunch_break,6850.0,6855.0
2129,S10,6,lunch_break,6855.0,6860.0
2130,S10,6,lunch_break,6860.0,6865.0
2131,S10,6,lunch_break,6865.0,6870.0
2132,S10,6,lunch_break,6870.0,6875.0
2133,S10,6,lunch_break,6875.0,6880.0
2134,S10,6,lunch_break,6880.0,6885.0
2135,S10,6,lunch_break,6885.0,6890.0
2136,S10,6,lunch_break,6890.0,6895.0
2137,S10,6,lunch_break,6895.0,6900.0
2138,S10,6,lunch_break,6900.0,6905.0
2139,S10,6,lunch_break,6905.0,6910.0
2140,S10,6,lunch_break,6910.0,6915.0
2141,S10,6,lunch_break,6915.0,6920.0
2142,S10,6,lunch_break,6920.0,6925.0
2143,S10,6,lunch_break,6925.0,6930.0
2144,S10,6,lunch_break,6930.0,6935.0
2145,S10,6,lunch_break,6935.0,6940.0
2146,S10,6,lunch_break,6940.0,6945.0
2147,S10,6,lunch_break,6945.0,6950.0
2148,S10,6,lunch_break,6950.0,6955.0
2149,S10,6,lunch_break,6955.0,6960.0
2150,S10,6,lunch_break,6960.0,6965.0
2151,S10,6,lunch_break,6965.0,6970.0
2152,S10,6,lunch_break,6970.0,6975.0
2153,S10,6,lunch_break,6975.0,6980.0
2154,S10,6,lunch_break,6980.0,6985.0
2155,S10,6,lunch_break,6985.0,6990.0
2156,S10,6,lunch_break,6990.0,6995.0
2157,S10,6,lunch_break,6995.0,7000.0
2158,S10,6,lunch_break,7000.0,7005.0
2159,S10,6,lunch_break,7005.0,7010.0
2160,S10,6,lunch_break,7010.0,7015.0
2161,S10,6,lunch_break,7015.0,7020.0
2162,S10,6,lunch_break,7020.0,7025.0
2163,S10,6,lunch_break,7025.0,7030.0
2164,S10,6,lunch_break,7030.0,7035.0
2165,S10,6,lunch_break,7035.0,7040.0
2166,S10,6,lunch_break,7040.0,7045.0
2167,S10,6,lunch_break,7045.0,7050.0
2168,S10,6,lunch_break,7050.0,7055.0
2169,S10,6,lunch_break,7055.0,7060.0
2170,S10,6,lunch_break,7060.0,7065.0
2171,S10,6,lunch_break,7065.0,7070.0
2172,S10,6,lunch_break,7070.0,7075.0
2173,S10,6,lunch_break,7075.0,7080.0
2174,S10,6,lunch_break,7080.0,7085.0
2175,S10,6,lunch_break,7085.0,7090.0
2176,S10,6,lunch_break,7090.0,7095.0
2177,S10,6,lunch_break,7095.0,7100.0
2178,S10,6,lunch_break,7100.0,7105.0
2179,S10,6,lunch_break,7105.0,7110.0
2180,S10,6,lunch_break,7110.0,7115.0
2181,S10,6,lunch_break,7115.0,7120.0
2182,S10,6,lunch_break,7120.0,7125.0
2183,S10,6,lunch_break,7125.0,7130.0
2184,S10,6,lunch_break,7130.0,7135.0
2185,S10,6,lunch_break,7135.0,7140.0
2186,S10,6,lunch_break,7140.0,7145.0
2187,S10,6,lunch_break,7145.0,7150.0
2188,S10,6,lunch_break,7150.0,7155.0
2189,S10,6,lunch_break,7155.0,7160.0
2190,S10,6,lunch_break,7160.0,7165.0
2191,S10,6,lunch_break,7165.0,7170.0
2192,S10,6,lunch_break,7170.0,7175.0
2193,S10,6,lunch_break,7175.0,7180.0
2194,S10,6,lunch_break,7180.0,7185.0
2195,S10,6,lunch_break,7185.0,7190.0
2196,S10,6,lunch_break,7190.0,7195.0
2197,S10,6,lunch_break,7195.0,7200.0
2198,S10,6,lunch_break,7200.0,7205.0
2199,S10,6,lunch_break,7205.0,7210.0
2200,S10,6,lunch_break,7210.0,7215.0
2201,S10,6,lunch_break,7215.0,7220.0
2202,S10,6,lunch_break,7220.0,7225.0
2203,S10,6,lunch_break,7225.0,7230.0
2204,S10,6,lunch_break,7230.0,7235.0
2205,S10,6,lunch_break,7235.0,7240.0
2206,S10,6,lunch_break,7240.0,7245.0
2207,S10,6,lunch_break,7245.0,7250.0
2208,S10,6,lunch_break,7250.0,7255.0
2209,S10,6,lunch_break,7255.0,7260.0
2210,S10,6,lunch_break,7260.0,7265.0
2211,S10,6,lunch_break,7265.0,7270.0
2212,S10,6,lunch_break,7270.0,7275.0
2213,S10,6,lunch_break,7275.0,7280.0
2214,S10,6,lunch_break,7280.0,7285.0
2215,S10,6,lunch_break,7285.0,7290.0
2216,S10,6,lunch_break,7290.0,7295.0
2217,S10,6,lunch_break,7295.0,7300.0
2218,S10,6,lunch_break,7300.0,7305.0
2219,S10,6,lunch_break,7305.0,7310.0
2220,S10,6,lunch_break,7310.0,7315.0
2221,S10,6,lunch_break,7315.0,7320.0
2222,S10,6,lunch_break,7320.0,7325.0
2223,S10,6,lunch_break,7325.0,7330.0
2224,S10,6,lunch_break,7330.0,7335.0
2225,S10,6,lunch_break,7335.0,7340.0
2226,S10,6,lunch_break,7340.0,7345.0
2227,S10,6,lunch_break,7345.0,7350.0
2228,S10,6,lunch_break,7350.0,7355.0
2229,S10,6,lunch_break,7355.0,7360.0
2230,S10,6,lunch_break,7360.0,7365.0
2231,S10,6,lunch_break,7365.0,7370.0
2232,S10,6,lunch_break,7370.0,7375.0
2233,S10,6,lunch_break,7375.0,7380.0
2234,S10,6,lunch_break,7380.0,7385.0
2235,S10,6,lunch_break,7385.0,7390.0
2236,S10,6,lunch_break,7390.0,7395.0
2237,S10,6,lunch_break,7395.0,7400.0
2238,S10,6,lunch_break,7400.0,7405.0
2239,S10,6,lunch_break,7405.0,7410.0
2240,S10,6,lunch_break,7410.0,7415.0
2241,S10,6,lunch_break,7415.0,7420.0
2242,S10,6,lunch_break,7420.0,7425.0
2243,S10,6,lunch_break,7425.0,7430.0
2244,S10,6,lunch_break,7430.0,7435.0
2245,S10,6,lunch_break,7435.0,7440.0
2246,S10,6,lunch_break,7440.0,7445.0
2247,S10,6,lunch_break,7445.0,7450.0
2248,S10,6,lunch_break,7450.0,7455.0
2249,S10,6,lunch_break,7455.0,7460.0
2250,S10,6,lunch_break,7460.0,7465.0
2251,S10,6,lunch_break,7465.0,7470.0
2252,S10,6,lunch_break,7470.0,7475.0
2253,S10,6,lunch_break,7475.0,7480.0
2254,S10,6,lunch_break,7480.0,7485.0
2255,S10,6,lunch_break,7485.0,7490.0
2256,S10,6,lunch_break,7490.0,7495.0
2257,S10,6,lunch_break,7495.0,7500.0
2258,S10,6,lunch_break,7500.0,7505.0
2259,S10,6,lunch_break,7505.0,7510.0
2260,S10,6,lunch_break,7510.0,7515.0
2261,S10,6,lunch_break,7515.0,7520.0
2262,S10,6,lunch_break,7520.0,7525.0
2263,S10,6,lunch_break,7525.0,7530.0
2264,S10,6,lunch_break,7530.0,7535.0
2265,S10,6,lunch_break,7535.0,7540.0
2266,S10,6,lunch_break,7540.0,7545.0
2267,S10,6,lunch_break,7545.0,7550.0
2268,S10,6,lunch_break,7550.0,7555.0
2269,S10,6,lunch_break,7555.0,7560.0
2270,S10,6,lunch_break,7560.0,7565.0
2271,S10,6,lunch_break,7565.0,7570.0
2272,S10,6,lunch_break,7570.0,7575.0
2273,S10,6,lunch_break,7575.0,7580.0
2274,S10,6,lunch_break,7580.0,7585.0
2275,S10,6,lunch_break,7585.0,7590.0
2276,S10,6,lunch_break,7590.0,7595.0
2277,S10,6,lunch_break,7595.0,7600.0
2278,S10,6,lunch_break,7600.0,7605.0
2279,S10,6,lunch_break,7605.0,7610.0
2280,S10,6,lunch_break,7610.0,7615.0
2281,S10,6,lunch_break,7615.0,7620.0
2282,S10,6,lunch_break,7620.0,7625.0
2283,S10,6,lunch_break,7625.0,7630.0
2284,S10,6,lunch_break,7630.0,7635.0
2285,S10,6,lunch_break,7635.0,7640.0
2286,S10,6,lunch_break,7640.0,7645.0
2287,S10,6,lunch_break,7645.0,7650.0
2288,S10,6,lunch_break,7650.0,7655.0
2289,S10,6,lunch_break,7655.0,7660.0
2290,S10,6,lunch_break,7660.0,7665.0
2291,S10,6,lunch_break,7665.0,7670.0
2292,S10,6,lunch_break,7670.0,7675.0
2293,S10,6,lunch_break,7675.0,7680.0
2294,S10,6,lunch_break,7680.0,7685.0
2295,S10,6,lunch_break,7685.0,7690.0
2296,S10,6,lunch_break,7690.0,7695.0
2297,S10,6,lunch_break,7695.0,7700.0
2298,S10,6,lunch_break,7700.0,7705.0
2299,S10,6,lunch_break,7705.0,7710.0
2300,S10,6,lunch_break,7710.0,7715.0
2301,S10,6,lunch_break,7715.0,7720.0
2302,S10,6,lunch_break,7720.0,7725.0
2303,S10,6,lunch_break,7725.0,7730.0
2304,S10,6,lunch_break,7730.0,7735.0
2305,S10,6,lunch_break,7735.0,7740.0
2306,S10,6,lunch_break,7740.0,7745.0
2307,S10,6,lunch_break,7745.0,7750.0
2308,S10,6,lunch_break,7750.0,7755.0
2309,S10,6,lunch_break,7755.0,7760.0
2310,S10,6,lunch_break,7760.0,7765.0
2311,S10,6,lunch_break,7765.0,7770.0
2312,S10,6,lunch_break,7770.0,7775.0
2313,S10,6,lunch_break,7775.0,7780.0
2314,S10,6,lunch_break,7780.0,7785.0
2315,S10,6,lunch_break,7785.0,7790.0
2316,S10,6,lunch_break,7790.0,7795.0
2317,S10,6,lunch_break,7795.0,7800.0
2318,S10,6,lunch_break,7800.0,7805.0
2319,S10,6,lunch_break,7805.0,7810.0
2320,S10,6,lunch_break,7810.0,7815.0
2321,S10,6,lunch_break,7815.0,7820.0
2322,S10,6,lunch_break,7820.0,7825.0
2323,S10,6,lunch_break,7825.0,7830.0
2324,S10,6,lunch_break,7830.0,7835.0
2325,S10,6,lunch_break,7835.0,7840.0
2326,S10,6,lunch_break,7840.0,7845.0
2327,S10,6,lunch_break,7845.0,7850.0
2328,S10,6,lunch_break,7850.0,7855.0
2329,S10,6,lunch_break,7855.0,7860.0
2330,S10,6,lunch_break,7860.0,7865.0
2331,S10,6,lunch_break,7865.0,7870.0
2332,S10,6,lunch_break,7870.0,7875.0
2333,S10,6,lunch_break,7875.0,7880.0
2334,S10,6,lunch_break,7880.0,7885.0
2335,S10,6,lunch_break,7885.0,7890.0
2336,S10,6,lunch_break,7890.0,7895.0
2337,S10,6,lunch_break,7895.0,7900.0
2338,S10,6,lunch_break,7900.0,7905.0
2339,S10,6,lunch_break,7905.0,7910.0
2340,S10,6,lunch_break,7910.0,7915.0
2341,S10,6,lunch_break,7915.0,7920.0
2342,S10,6,lunch_break,7920.0,7925.0
2343,S10,6,lunch_break,7925.0,7930.0
2344,S10,6,lunch_break,7930.0,7935.0
2345,S10,6,lunch_break,7935.0,7940.0
2346,S10,6,lunch_break,7940.0,7945.0
2347,S10,6,lunch_break,7945.0,7950.0
2348,S10,6,lunch_break,7950.0,7955.0
2349,S10,6,lunch_break,7955.0,7960.0
2350,S10,6,lunch_break,7960.0,7965.0
2351,S10,6,lunch_break,7965.0,7970.0
2352,S10,6,lunch_break,7970.0,7975.0
2353,S10,6,lunch_break,7975.0,7980.0
2354,S10,7,walking,7985.0,7990.0
2355,S10,7,walking,7990.0,7995.0
2356,S10,7,walking,7995.0,8000.0
2357,S10,7,walking,8000.0,8005.0
2358,S10,7,walking,8005.0,8010.0
2359,S10,7,walking,8010.0,8015.0
2360,S10,7,walking,8015.0,8020.0
2361,S10,7,walking,8020.0,8025.0
2362,S10,7,walking,8025.0,8030.0
2363,S10,7,walking,8030.0,8035.0
2364,S10,7,walking,8035.0,8040.0
2365,S10,7,walking,8040.0,8045.0
2366,S10,7,walking,8045.0,8050.0
2367,S10,7,walking,8050.0,8055.0
2368,S10,7,walking,8055.0,8060.0
2369,S10,7,walking,8060.0,8065.0
2370,S10,7,walking,8065.0,8070.0
2371,S10,7,walking,8070.0,8075.0
2372,S10,7,walking,8075.0,8080.0
2373,S10,7,walking,8080.0,8085.0
2374,S10,7,walking,8085.0,8090.0
2375,S10,7,walking,8090.0,8095.0
2376,S10,7,walking,8095.0,8100.0
2377,S10,7,walking,8100.0,8105.0
2378,S10,7,walking,8105.0,8110.0
2379,S10,7,walking,8110.0,8115.0
2380,S10,7,walking,8115.0,8120.0
2381,S10,7,walking,8120.0,8125.0
2382,S10,7,walking,8125.0,8130.0
2383,S10,7,walking,8130.0,8135.0
2384,S10,7,walking,8135.0,8140.0
2385,S10,7,walking,8140.0,8145.0
2386,S10,7,walking,8145.0,8150.0
2387,S10,7,walking,8150.0,8155.0
2388,S10,7,walking,8155.0,8160.0
2389,S10,7,walking,8160.0,8165.0
2390,S10,7,walking,8165.0,8170.0
2391,S10,7,walking,8170.0,8175.0
2392,S10,7,walking,8175.0,8180.0
2393,S10,7,walking,8180.0,8185.0
2394,S10,7,walking,8185.0,8190.0
2395,S10,7,walking,8190.0,8195.0
2396,S10,7,walking,8195.0,8200.0
2397,S10,7,walking,8200.0,8205.0
2398,S10,7,walking,8205.0,8210.0
2399,S10,7,walking,8210.0,8215.0
2400,S10,7,walking,8215.0,8220.0
2401,S10,7,walking,8220.0,8225.0
2402,S10,7,walking,8225.0,8230.0
2403,S10,7,walking,8230.0,8235.0
2404,S10,7,walking,8235.0,8240.0
2405,S10,7,walking,8240.0,8245.0
2406,S10,7,walking,8245.0,8250.0
2407,S10,7,walking,8250.0,8255.0
2408,S10,7,walking,8255.0,8260.0
2409,S10,7,walking,8260.0,8265.0
2410,S10,7,walking,8265.0,8270.0
2411,S10,7,walking,8270.0,8275.0
2412,S10,7,walking,8275.0,8280.0
2413,S10,7,walking,8280.0,8285.0
2414,S10,7,walking,8285.0,8290.0
2415,S10,7,walking,8290.0,8295.0
2416,S10,7,walking,8295.0,8300.0
2417,S10,7,walking,8300.0,8305.0
2418,S10,7,walking,8305.0,8310.0
2419,S10,7,walking,8310.0,8315.0
2420,S10,7,walking,8315.0,8320.0
2421,S10,7,walking,8320.0,8325.0
2422,S10,7,walking,8325.0,8330.0
2423,S10,7,walking,8330.0,8335.0
2424,S10,7,walking,8335.0,8340.0
2425,S10,7,walking,8340.0,8345.0
2426,S10,7,walking,8345.0,8350.0
2427,S10,7,walking,8350.0,8355.0
2428,S10,7,walking,8355.0,8360.0
2429,S10,7,walking,8360.0,8365.0
2430,S10,7,walking,8365.0,8370.0
2431,S10,7,walking,8370.0,8375.0
2432,S10,7,walking,8375.0,8380.0
2433,S10,7,walking,8380.0,8385.0
2434,S10,7,walking,8385.0,8390.0
2435,S10,7,walking,8390.0,8395.0
2436,S10,7,walking,8395.0,8400.0
2437,S10,7,walking,8400.0,8405.0
2438,S10,7,walking,8405.0,8410.0
2439,S10,7,walking,8410.0,8415.0
2440,S10,7,walking,8415.0,8420.0
2441,S10,7,walking,8420.0,8425.0
2442,S10,7,walking,8425.0,8430.0
2443,S10,7,walking,8430.0,8435.0
2444,S10,7,walking,8435.0,8440.0
2445,S10,7,walking,8440.0,8445.0
2446,S10,7,walking,8445.0,8450.0
2447,S10,7,walking,8450.0,8455.0
2448,S10,7,walking,8455.0,8460.0
2449,S10,7,walking,8460.0,8465.0
2450,S10,7,walking,8465.0,8470.0
2451,S10,7,walking,8470.0,8475.0
2452,S10,7,walking,8475.0,8480.0
2453,S10,7,walking,8480.0,8485.0
2454,S10,7,walking,8485.0,8490.0
2455,S10,7,walking,8490.0,8495.0
2456,S10,7,walking,8495.0,8500.0
2457,S10,7,walking,8500.0,8505.0
2458,S10,7,walking,8505.0,8510.0
2459,S10,7,walking,8510.0,8515.0
2460,S10,7,walking,8515.0,8520.0
2461,S10,7,walking,8520.0,8525.0
2462,S10,7,walking,8525.0,8530.0
2463,S10,7,walking,8530.0,8535.0
2464,S10,7,walking,8535.0,8540.0
2465,S10,7,walking,8540.0,8545.0
2466,S10,7,walking,8545.0,8550.0
2467,S10,7,walking,8550.0,8555.0
2468,S10,7,walking,8555.0,8560.0
2469,S10,7,walking,8560.0,8565.0
2470,S10,7,walking,8565.0,8570.0
2471,S10,7,walking,8570.0,8575.0
2472,S10,7,walking,8575.0,8580.0
2473,S10,7,walking,8580.0,8585.0
2474,S10,7,walking,8585.0,8590.0
2475,S10,7,walking,8590.0,8595.0
2476,S10,7,walking,8595.0,8600.0
2477,S10,7,walking,8600.0,8605.0
2478,S10,7,walking,8605.0,8610.0
2479,S10,7,walking,8610.0,8615.0
2480,S10,7,walking,8615.0,8620.0
2481,S10,7,walking,8620.0,8625.0
2482,S10,7,walking,8625.0,8630.0
2483,S10,7,walking,8630.0,8635.0
2484,S10,7,walking,8635.0,8640.0
2485,S10,7,walking,8640.0,8645.0
2486,S10,7,walking,8645.0,8650.0
2487,S10,7,walking,8650.0,8655.0
2488,S10,7,walking,8655.0,8660.0
2489,S10,7,walking,8660.0,8665.0
2490,S10,7,walking,8665.0,8670.0
2491,S10,7,walking,8670.0,8675.0
2492,S10,7,walking,8675.0,8680.0
2493,S10,7,walking,8680.0,8685.0
2494,S10,7,walking,8685.0,8690.0
2495,S10,7,walking,8690.0,8695.0
2496,S10,7,walking,8695.0,8700.0
2497,S10,7,walking,8700.0,8705.0
2498,S10,7,walking,8705.0,8710.0
2499,S10,7,walking,8710.0,8715.0
2500,S10,7,walking,8715.0,8720.0
2501,S10,7,walking,8720.0,8725.0
2502,S10,7,walking,8725.0,8730.0
2503,S10,7,walking,8730.0,8735.0
2504,S10,7,walking,8735.0,8740.0
2505,S10,7,walking,8740.0,8745.0
2506,S10,7,walking,8745.0,8750.0
2507,S10,7,walking,8750.0,8755.0
2508,S10,7,walking,8755.0,8760.0
2509,S10,7,walking,8760.0,8765.0
2510,S10,7,walking,8765.0,8770.0
2511,S10,7,walking,8770.0,8775.0
2512,S10,7,walking,8775.0,8780.0
2513,S10,7,walking,8780.0,8785.0
2514,S10,7,walking,8785.0,8790.0
2515,S10,7,walking,8790.0,8795.0
2516,S10,7,walking,8795.0,8800.0
2517,S10,7,walking,8800.0,8805.0
2518,S10,7,walking,8805.0,8810.0
2519,S10,7,walking,8810.0,8815.0
2520,S10,7,walking,8815.0,8820.0
2521,S10,7,walking,8820.0,8825.0
2522,S10,7,walking,8825.0,8830.0
2523,S10,7,walking,8830.0,8835.0
2524,S10,7,walking,8835.0,8840.0
2525,S10,7,walking,8840.0,8845.0
2526,S10,7,walking,8845.0,8850.0
2527,S10,7,walking,8850.0,8855.0
2528,S10,7,walking,8855.0,8860.0
2529,S10,7,walking,8860.0,8865.0
2530,S10,7,walking,8865.0,8870.0
2531,S10,7,walking,8870.0,8875.0
2532,S10,7,walking,8875.0,8880.0
2533,S10,7,walking,8880.0,8885.0
2534,S10,7,walking,8885.0,8890.0
2535,S10,7,walking,8890.0,8895.0
2536,S10,7,walking,8895.0,8900.0
2537,S10,7,walking,8900.0,8905.0
2538,S10,7,walking,8905.0,8910.0
2539,S10,7,walking,8910.0,8915.0
2540,S10,7,walking,8915.0,8920.0
2541,S10,7,walking,8920.0,8925.0
2542,S10,7,walking,8925.0,8930.0
2543,S10,7,walking,8930.0,8935.0
2544,S10,7,walking,8935.0,8940.0
2545,S10,7,walking,8940.0,8945.0
2546,S10,7,walking,8945.0,8950.0
2547,S10,7,walking,8950.0,8955.0
2548,S10,7,walking,8955.0,8960.0
2549,S10,7,walking,8960.0,8965.0
2550,S10,7,walking,8965.0,8970.0
2551,S10,7,walking,8970.0,8975.0
2552,S10,7,walking,8975.0,8980.0
2553,S10,7,walking,8980.0,8985.0
2554,S10,7,walking,8985.0,8990.0
2555,S10,7,walking,8990.0,8995.0
2556,S10,7,walking,8995.0,9000.0
2557,S10,7,walking,9000.0,9005.0
2558,S10,7,walking,9005.0,9010.0
2559,S10,7,walking,9010.0,9015.0
2560,S10,7,walking,9015.0,9020.0
2561,S10,7,walking,9020.0,9025.0
2562,S10,7,walking,9025.0,9030.0
2563,S10,7,walking,9030.0,9035.0
2564,S10,7,walking,9035.0,9040.0
2565,S10,7,walking,9040.0,9045.0
2566,S10,7,walking,9045.0,9050.0
2567,S10,7,walking,9050.0,9055.0
2568,S10,7,walking,9055.0,9060.0
2569,S10,8,working,9220.0,9225.0
2570,S10,8,working,9225.0,9230.0
2571,S10,8,working,9230.0,9235.0
2572,S10,8,working,9235.0,9240.0
2573,S10,8,working,9240.0,9245.0
2574,S10,8,working,9245.0,9250.0
2575,S10,8,working,9250.0,9255.0
2576,S10,8,working,9255.0,9260.0
2577,S10,8,working,9260.0,9265.0
2578,S10,8,working,9265.0,9270.0
2579,S10,8,working,9270.0,9275.0
2580,S10,8,working,9275.0,9280.0
2581,S10,8,working,9280.0,9285.0
2582,S10,8,working,9285.0,9290.0
2583,S10,8,working,9290.0,9295.0
2584,S10,8,working,9295.0,9300.0
2585,S10,8,working,9300.0,9305.0
2586,S10,8,working,9305.0,9310.0
2587,S10,8,working,9310.0,9315.0
2588,S10,8,working,9315.0,9320.0
2589,S10,8,working,9320.0,9325.0
2590,S10,8,working,9325.0,9330.0
2591,S10,8,working,9330.0,9335.0
2592,S10,8,working,9335.0,9340.0
2593,S10,8,working,9340.0,9345.0
2594,S10,8,working,9345.0,9350.0
2595,S10,8,working,9350.0,9355.0
2596,S10,8,working,9355.0,9360.0
2597,S10,8,working,9360.0,9365.0
2598,S10,8,working,9365.0,9370.0
2599,S10,8,working,9370.0,9375.0
2600,S10,8,working,9375.0,9380.0
2601,S10,8,working,9380.0,9385.0
2602,S10,8,working,9385.0,9390.0
2603,S10,8,working,9390.0,9395.0
2604,S10,8,working,9395.0,9400.0
2605,S10,8,working,9400.0,9405.0
2606,S10,8,working,9405.0,9410.0
2607,S10,8,working,9410.0,9415.0
2608,S10,8,working,9415.0,9420.0
2609,S10,8,working,9420.0,9425.0
2610,S10,8,working,9425.0,9430.0
2611,S10,8,working,9430.0,9435.0
2612,S10,8,working,9435.0,9440.0
2613,S10,8,working,9440.0,9445.0
2614,S10,8,working,9445.0,9450.0
2615,S10,8,working,9450.0,9455.0
2616,S10,8,working,9455.0,9460.0
2617,S10,8,working,9460.0,9465.0
2618,S10,8,working,9465.0,9470.0
2619,S10,8,working,9470.0,9475.0
2620,S10,8,working,9475.0,9480.0
2621,S10,8,working,9480.0,9485.0
2622,S10,8,working,9485.0,9490.0
2623,S10,8,working,9490.0,9495.0
2624,S10,8,working,9495.0,9500.0
2625,S10,8,working,9500.0,9505.0
2626,S10,8,working,9505.0,9510.0
2627,S10,8,working,9510.0,9515.0
2628,S10,8,working,9515.0,9520.0
2629,S10,8,working,9520.0,9525.0
2630,S10,8,working,9525.0,9530.0
2631,S10,8,working,9530.0,9535.0
2632,S10,8,working,9535.0,9540.0
2633,S10,8,working,9540.0,9545.0
2634,S10,8,working,9545.0,9550.0
2635,S10,8,working,9550.0,9555.0
2636,S10,8,working,9555.0,9560.0
2637,S10,8,working,9560.0,9565.0
2638,S10,8,working,9565.0,9570.0
2639,S10,8,working,9570.0,9575.0
2640,S10,8,working,9575.0,9580.0
2641,S10,8,working,9580.0,9585.0
2642,S10,8,working,9585.0,9590.0
2643,S10,8,working,9590.0,9595.0
2644,S10,8,working,9595.0,9600.0
2645,S10,8,working,9600.0,9605.0
2646,S10,8,working,9605.0,9610.0
2647,S10,8,working,9610.0,9615.0
2648,S10,8,working,9615.0,9620.0
2649,S10,8,working,9620.0,9625.0
2650,S10,8,working,9625.0,9630.0
2651,S10,8,working,9630.0,9635.0
2652,S10,8,working,9635.0,9640.0
2653,S10,8,working,9640.0,9645.0
2654,S10,8,working,9645.0,9650.0
2655,S10,8,working,9650.0,9655.0
2656,S10,8,working,9655.0,9660.0
2657,S10,8,working,9660.0,9665.0
2658,S10,8,working,9665.0,9670.0
2659,S10,8,working,9670.0,9675.0
2660,S10,8,working,9675.0,9680.0
2661,S10,8,working,9680.0,9685.0
2662,S10,8,working,9685.0,9690.0
2663,S10,8,working,9690.0,9695.0
2664,S10,8,working,9695.0,9700.0
2665,S10,8,working,9700.0,9705.0
2666,S10,8,working,9705.0,9710.0
2667,S10,8,working,9710.0,9715.0
2668,S10,8,working,9715.0,9720.0
2669,S10,8,working,9720.0,9725.0
2670,S10,8,working,9725.0,9730.0
2671,S10,8,working,9730.0,9735.0
2672,S10,8,working,9735.0,9740.0
2673,S10,8,working,9740.0,9745.0
2674,S10,8,working,9745.0,9750.0
2675,S10,8,working,9750.0,9755.0
2676,S10,8,working,9755.0,9760.0
2677,S10,8,working,9760.0,9765.0
2678,S10,8,working,9765.0,9770.0
2679,S10,8,working,9770.0,9775.0
2680,S10,8,working,9775.0,9780.0
2681,S10,8,working,9780.0,9785.0
2682,S10,8,working,9785.0,9790.0
2683,S10,8,working,9790.0,9795.0
2684,S10,8,working,9795.0,9800.0
2685,S10,8,working,9800.0,9805.0
2686,S10,8,working,9805.0,9810.0
2687,S10,8,working,9810.0,9815.0
2688,S10,8,working,9815.0,9820.0
2689,S10,8,working,9820.0,9825.0
2690,S10,8,working,9825.0,9830.0
2691,S10,8,working,9830.0,9835.0
2692,S10,8,working,9835.0,9840.0
2693,S10,8,working,9840.0,9845.0
2694,S10,8,working,9845.0,9850.0
2695,S10,8,working,9850.0,9855.0
2696,S10,8,working,9855.0,9860.0
2697,S10,8,working,9860.0,9865.0
2698,S10,8,working,9865.0,9870.0
2699,S10,8,working,9870.0,9875.0
2700,S10,8,working,9875.0,9880.0
2701,S10,8,working,9880.0,9885.0
2702,S10,8,working,9885.0,9890.0
2703,S10,8,working,9890.0,9895.0
2704,S10,8,working,9895.0,9900.0
2705,S10,8,working,9900.0,9905.0
2706,S10,8,working,9905.0,9910.0
2707,S10,8,working,9910.0,9915.0
2708,S10,8,working,9915.0,9920.0
2709,S10,8,working,9920.0,9925.0
2710,S10,8,working,9925.0,9930.0
2711,S10,8,working,9930.0,9935.0
2712,S10,8,working,9935.0,9940.0
2713,S10,8,working,9940.0,9945.0
2714,S10,8,working,9945.0,9950.0
2715,S10,8,working,9950.0,9955.0
2716,S10,8,working,9955.0,9960.0
2717,S10,8,working,9960.0,9965.0
2718,S10,8,working,9965.0,9970.0
2719,S10,8,working,9970.0,9975.0
2720,S10,8,working,9975.0,9980.0
2721,S10,8,working,9980.0,9985.0
2722,S10,8,working,9985.0,9990.0
2723,S10,8,working,9990.0,9995.0
2724,S10,8,working,9995.0,10000.0
2725,S10,8,working,10000.0,10005.0
2726,S10,8,working,10005.0,10010.0
2727,S10,8,working,10010.0,10015.0
2728,S10,8,working,10015.0,10020.0
2729,S10,8,working,10020.0,10025.0
2730,S10,8,working,10025.0,10030.0
2731,S10,8,working,10030.0,10035.0
2732,S10,8,working,10035.0,10040.0
2733,S10,8,working,10040.0,10045.0
2734,S10,8,working,10045.0,10050.0
2735,S10,8,working,10050.0,10055.0
2736,S10,8,working,10055.0,10060.0
2737,S10,8,working,10060.0,10065.0
2738,S10,8,working,10065.0,10070.0
2739,S10,8,working,10070.0,10075.0
2740,S10,8,working,10075.0,10080.0
2741,S10,8,working,10080.0,10085.0
2742,S10,8,working,10085.0,10090.0
2743,S10,8,working,10090.0,10095.0
2744,S10,8,working,10095.0,10100.0
2745,S10,8,working,10100.0,10105.0
2746,S10,8,working,10105.0,10110.0
2747,S10,8,working,10110.0,10115.0
2748,S10,8,working,10115.0,10120.0
2749,S10,8,working,10120.0,10125.0
2750,S10,8,working,10125.0,10130.0
2751,S10,8,working,10130.0,10135.0
2752,S10,8,working,10135.0,10140.0
2753,S10,8,working,10140.0,10145.0
2754,S10,8,working,10145.0,10150.0
2755,S10,8,working,10150.0,10155.0
2756,S10,8,working,10155.0,10160.0
2757,S10,8,working,10160.0,10165.0
2758,S10,8,working,10165.0,10170.0
2759,S10,8,working,10170.0,10175.0
2760,S10,8,working,10175.0,10180.0
2761,S10,8,working,10180.0,10185.0
2762,S10,8,working,10185.0,10190.0
2763,S10,8,working,10190.0,10195.0
2764,S10,8,working,10195.0,10200.0
2765,S10,8,working,10200.0,10205.0
2766,S10,8,working,10205.0,10210.0
2767,S10,8,working,10210.0,10215.0
2768,S10,8,working,10215.0,10220.0
2769,S10,8,working,10220.0,10225.0
2770,S10,8,working,10225.0,10230.0
2771,S10,8,working,10230.0,10235.0
2772,S10,8,working,10235.0,10240.0
2773,S10,8,working,10240.0,10245.0
2774,S10,8,working,10245.0,10250.0
2775,S10,8,working,10250.0,10255.0
2776,S10,8,working,10255.0,10260.0
2777,S10,8,working,10260.0,10265.0
2778,S10,8,working,10265.0,10270.0
2779,S10,8,working,10270.0,10275.0
2780,S10,8,working,10275.0,10280.0
2781,S10,8,working,10280.0,10285.0
2782,S10,8,working,10285.0,10290.0
2783,S10,8,working,10290.0,10295.0
2784,S10,8,working,10295.0,10300.0
2785,S10,8,working,10300.0,10305.0
2786,S10,8,working,10305.0,10310.0
2787,S10,8,working,10310.0,10315.0
2788,S10,8,working,10315.0,10320.0
2789,S10,8,working,10320.0,10325.0
2790,S10,8,working,10325.0,10330.0
2791,S10,8,working,10330.0,10335.0
2792,S10,8,working,10335.0,10340.0
2793,S10,8,working,10340.0,10345.0
2794,S10,8,working,10345.0,10350.0
2795,S10,8,working,10350.0,10355.0
2796,S10,8,working,10355.0,10360.0
2797,S11,1,sitting,45.0,50.0
2798,S11,1,sitting,50.0,55.0
2799,S11,1,sitting,55.0,60.0
2800,S11,1,sitting,60.0,65.0
2801,S11,1,sitting,65.0,70.0
2802,S11,1,sitting,70.0,75.0
2803,S11,1,sitting,75.0,80.0
2804,S11,1,sitting,80.0,85.0
2805,S11,1,sitting,85.0,90.0
2806,S11,1,sitting,90.0,95.0
2807,S11,1,sitting,95.0,100.0
2808,S11,1,sitting,100.0,105.0
2809,S11,1,sitting,105.0,110.0
2810,S11,1,sitting,110.0,115.0
2811,S11,1,sitting,115.0,120.0
2812,S11,1,sitting,120.0,125.0
2813,S11,1,sitting,125.0,130.0
2814,S11,1,sitting,130.0,135.0
2815,S11,1,sitting,135.0,140.0
2816,S11,1,sitting,140.0,145.0
2817,S11,1,sitting,145.0,150.0
2818,S11,1,sitting,150.0,155.0
2819,S11,1,sitting,155.0,160.0
2820,S11,1,sitting,160.0,165.0
2821,S11,1,sitting,165.0,170.0
2822,S11,1,sitting,170.0,175.0
2823,S11,1,sitting,175.0,180.0
2824,S11,1,sitting,180.0,185.0
2825,S11,1,sitting,185.0,190.0
2826,S11,1,sitting,190.0,195.0
2827,S11,1,sitting,195.0,200.0
2828,S11,1,sitting,200.0,205.0
2829,S11,1,sitting,205.0,210.0
2830,S11,1,sitting,210.0,215.0
2831,S11,1,sitting,215.0,220.0
2832,S11,1,sitting,220.0,225.0
2833,S11,1,sitting,225.0,230.0
2834,S11,1,sitting,230.0,235.0
2835,S11,1,sitting,235.0,240.0
2836,S11,1,sitting,240.0,245.0
2837,S11,1,sitting,245.0,250.0
2838,S11,1,sitting,250.0,255.0
2839,S11,1,sitting,255.0,260.0
2840,S11,1,sitting,260.0,265.0
2841,S11,1,sitting,265.0,270.0
2842,S11,1,sitting,270.0,275.0
2843,S11,1,sitting,275.0,280.0
2844,S11,1,sitting,280.0,285.0
2845,S11,1,sitting,285.0,290.0
2846,S11,1,sitting,290.0,295.0
2847,S11,1,sitting,295.0,300.0
2848,S11,1,sitting,300.0,305.0
2849,S11,1,sitting,305.0,310.0
2850,S11,1,sitting,310.0,315.0
2851,S11,1,sitting,315.0,320.0
2852,S11,1,sitting,320.0,325.0
2853,S11,1,sitting,325.0,330.0
2854,S11,1,sitting,330.0,335.0
2855,S11,1,sitting,335.0,340.0
2856,S11,1,sitting,340.0,345.0
2857,S11,1,sitting,345.0,350.0
2858,S11,1,sitting,350.0,355.0
2859,S11,1,sitting,355.0,360.0
2860,S11,1,sitting,360.0,365.0
2861,S11,1,sitting,365.0,370.0
2862,S11,1,sitting,370.0,375.0
2863,S11,1,sitting,375.0,380.0
2864,S11,1,sitting,380.0,385.0
2865,S11,1,sitting,385.0,390.0
2866,S11,1,sitting,390.0,395.0
2867,S11,1,sitting,395.0,400.0
2868,S11,1,sitting,400.0,405.0
2869,S11,1,sitting,405.0,410.0
2870,S11,1,sitting,410.0,415.0
2871,S11,1,sitting,415.0,420.0
2872,S11,1,sitting,420.0,425.0
2873,S11,1,sitting,425.0,430.0
2874,S11,1,sitting,430.0,435.0
2875,S11,1,sitting,435.0,440.0
2876,S11,1,sitting,440.0,445.0
2877,S11,1,sitting,445.0,450.0
2878,S11,1,sitting,450.0,455.0
2879,S11,1,sitting,455.0,460.0
2880,S11,1,sitting,460.0,465.0
2881,S11,1,sitting,465.0,470.0
2882,S11,1,sitting,470.0,475.0
2883,S11,1,sitting,475.0,480.0
2884,S11,1,sitting,480.0,485.0
2885,S11,1,sitting,485.0,490.0
2886,S11,1,sitting,490.0,495.0
2887,S11,1,sitting,495.0,500.0
2888,S11,1,sitting,500.0,505.0
2889,S11,1,sitting,505.0,510.0
2890,S11,1,sitting,510.0,515.0
2891,S11,1,sitting,515.0,520.0
2892,S11,1,sitting,520.0,525.0
2893,S11,1,sitting,525.0,530.0
2894,S11,1,sitting,530.0,535.0
2895,S11,1,sitting,535.0,540.0
2896,S11,1,sitting,540.0,545.0
2897,S11,1,sitting,545.0,550.0
2898,S11,1,sitting,550.0,555.0
2899,S11,1,sitting,555.0,560.0
2900,S11,1,sitting,560.0,565.0
2901,S11,1,sitting,565.0,570.0
2902,S11,1,sitting,570.0,575.0
2903,S11,1,sitting,575.0,580.0
2904,S11,1,sitting,580.0,585.0
2905,S11,1,sitting,585.0,590.0
2906,S11,1,sitting,590.0,595.0
2907,S11,1,sitting,595.0,600.0
2908,S11,1,sitting,600.0,605.0
2909,S11,1,sitting,605.0,610.0
2910,S11,1,sitting,610.0,615.0
2911,S11,1,sitting,615.0,620.0
2912,S11,1,sitting,620.0,625.0
2913,S11,1,sitting,625.0,630.0
2914,S11,1,sitting,630.0,635.0
2915,S11,1,sitting,635.0,640.0
2916,S11,2,stairs,795.0,800.0
2917,S11,2,stairs,800.0,805.0
2918,S11,2,stairs,805.0,810.0
2919,S11,2,stairs,810.0,815.0
2920,S11,2,stairs,815.0,820.0
2921,S11,2,stairs,820.0,825.0
2922,S11,2,stairs,825.0,830.0
2923,S11,2,stairs,830.0,835.0
2924,S11,2,stairs,835.0,840.0
2925,S11,2,stairs,840.0,845.0
2926,S11,2,stairs,845.0,850.0
2927,S11,2,stairs,850.0,855.0
2928,S11,2,stairs,855.0,860.0
2929,S11,2,stairs,860.0,865.0
2930,S11,2,stairs,865.0,870.0
2931,S11,2,stairs,870.0,875.0
2932,S11,2,stairs,875.0,880.0
2933,S11,2,stairs,880.0,885.0
2934,S11,2,stairs,885.0,890.0
2935,S11,2,stairs,890.0,895.0
2936,S11,2,stairs,895.0,900.0
2937,S11,2,stairs,900.0,905.0
2938,S11,2,stairs,905.0,910.0
2939,S11,2,stairs,910.0,915.0
2940,S11,2,stairs,915.0,920.0
2941,S11,2,stairs,920.0,925.0
2942,S11,2,stairs,925.0,930.0
2943,S11,2,stairs,930.0,935.0
2944,S11,2,stairs,935.0,940.0
2945,S11,2,stairs,940.0,945.0
2946,S11,2,stairs,945.0,950.0
2947,S11,2,stairs,950.0,955.0
2948,S11,2,stairs,955.0,960.0
2949,S11,2,stairs,960.0,965.0
2950,S11,2,stairs,965.0,970.0
2951,S11,2,stairs,970.0,975.0
2952,S11,2,stairs,975.0,980.0
2953,S11,2,stairs,980.0,985.0
2954,S11,2,stairs,985.0,990.0
2955,S11,2,stairs,990.0,995.0
2956,S11,2,stairs,995.0,1000.0
2957,S11,2,stairs,1000.0,1005.0
2958,S11,2,stairs,1005.0,1010.0
2959,S11,2,stairs,1010.0,1015.0
2960,S11,2,stairs,1015.0,1020.0
2961,S11,2,stairs,1020.0,1025.0
2962,S11,2,stairs,1025.0,1030.0
2963,S11,2,stairs,1030.0,1035.0
2964,S11,2,stairs,1035.0,1040.0
2965,S11,2,stairs,1040.0,1045.0
2966,S11,2,stairs,1045.0,1050.0
2967,S11,2,stairs,1050.0,1055.0
2968,S11,2,stairs,1055.0,1060.0
2969,S11,2,stairs,1060.0,1065.0
2970,S11,2,stairs,1065.0,1070.0
2971,S11,2,stairs,1070.0,1075.0
2972,S11,2,stairs,1075.0,1080.0
2973,S11,2,stairs,1080.0,1085.0
2974,S11,2,stairs,1085.0,1090.0
2975,S11,2,stairs,1090.0,1095.0
2976,S11,2,stairs,1095.0,1100.0
2977,S11,2,stairs,1100.0,1105.0
2978,S11,2,stairs,1105.0,1110.0
2979,S11,2,stairs,1110.0,1115.0
2980,S11,2,stairs,1115.0,1120.0
2981,S11,2,stairs,1120.0,1125.0
2982,S11,2,stairs,1125.0,1130.0
2983,S11,2,stairs,1130.0,1135.0
2984,S11,2,stairs,1135.0,1140.0
2985,S11,2,stairs,1140.0,1145.0
2986,S11,2,stairs,1145.0,1150.0
2987,S11,2,stairs,1150.0,1155.0
2988,S11,2,stairs,1155.0,1160.0
2989,S11,2,stairs,1160.0,1165.0
2990,S11,2,stairs,1165.0,1170.0
2991,S11,2,stairs,1170.0,1175.0
2992,S11,2,stairs,1175.0,1180.0
2993,S11,2,stairs,1180.0,1185.0
2994,S11,2,stairs,1185.0,1190.0
2995,S11,2,stairs,1190.0,1195.0
2996,S11,2,stairs,1195.0,1200.0
2997,S11,2,stairs,1200.0,1205.0
2998,S11,2,stairs,1205.0,1210.0
2999,S11,2,stairs,1210.0,1215.0
3000,S11,2,stairs,1215.0,1220.0
3001,S11,2,stairs,1220.0,1225.0
3002,S11,2,stairs,1225.0,1230.0
3003,S11,2,stairs,1230.0,1235.0
3004,S11,2,stairs,1235.0,1240.0
3005,S11,2,stairs,1240.0,1245.0
3006,S11,3,table_soccer,1390.0,1395.0
3007,S11,3,table_soccer,1395.0,1400.0
3008,S11,3,table_soccer,1400.0,1405.0
3009,S11,3,table_soccer,1405.0,1410.0
3010,S11,3,table_soccer,1410.0,1415.0
3011,S11,3,table_soccer,1415.0,1420.0
3012,S11,3,table_soccer,1420.0,1425.0
3013,S11,3,table_soccer,1425.0,1430.0
3014,S11,3,table_soccer,1430.0,1435.0
3015,S11,3,table_soccer,1435.0,1440.0
3016,S11,3,table_soccer,1440.0,1445.0
3017,S11,3,table_soccer,1445.0,1450.0
3018,S11,3,table_soccer,1450.0,1455.0
3019,S11,3,table_soccer,1455.0,1460.0
3020,S11,3,table_soccer,1460.0,1465.0
3021,S11,3,table_soccer,1465.0,1470.0
3022,S11,3,table_soccer,1470.0,1475.0
3023,S11,3,table_soccer,1475.0,1480.0
3024,S11,3,table_soccer,1480.0,1485.0
3025,S11,3,table_soccer,1485.0,1490.0
3026,S11,3,table_soccer,1490.0,1495.0
3027,S11,3,table_soccer,1495.0,1500.0
3028,S11,3,table_soccer,1500.0,1505.0
3029,S11,3,table_soccer,1505.0,1510.0
3030,S11,3,table_soccer,1510.0,1515.0
3031,S11,3,table_soccer,1515.0,1520.0
3032,S11,3,table_soccer,1520.0,1525.0
3033,S11,3,table_soccer,1525.0,1530.0
3034,S11,3,table_soccer,1530.0,1535.0
3035,S11,3,table_soccer,1535.0,1540.0
3036,S11,3,table_soccer,1540.0,1545.0
3037,S11,3,table_soccer,1545.0,1550.0
3038,S11,3,table_soccer,1550.0,1555.0
3039,S11,3,table_soccer,1555.0,1560.0
3040,S11,3,table_soccer,1560.0,1565.0
3041,S11,3,table_soccer,1565.0,1570.0
3042,S11,3,table_soccer,1570.0,1575.0
3043,S11,3,table_soccer,1575.0,1580.0
3044,S11,3,table_soccer,1580.0,1585.0
3045,S11,3,table_soccer,1585.0,1590.0
3046,S11,3,table_soccer,1590.0,1595.0
3047,S11,3,table_soccer,1595.0,1600.0
3048,S11,3,table_soccer,1600.0,1605.0
3049,S11,3,table_soccer,1605.0,1610.0
3050,S11,3,table_soccer,1610.0,1615.0
3051,S11,3,table_soccer,1615.0,1620.0
3052,S11,3,table_soccer,1620.0,1625.0
3053,S11,3,table_soccer,1625.0,1630.0
3054,S11,3,table_soccer,1630.0,1635.0
3055,S11,3,table_soccer,1635.0,1640.0
3056,S11,3,table_soccer,1640.0,1645.0
3057,S11,3,table_soccer,1645.0,1650.0
3058,S11,3,table_soccer,1650.0,1655.0
3059,S11,3,table_soccer,1655.0,1660.0
3060,S11,3,table_soccer,1660.0,1665.0
3061,S11,3,table_soccer,1665.0,1670.0
3062,S11,3,table_soccer,1670.0,1675.0
3063,S11,3,table_soccer,1675.0,1680.0
3064,S11,3,table_soccer,1680.0,1685.0
3065,S11,3,table_soccer,1685.0,1690.0
3066,S11,3,table_soccer,1690.0,1695.0
3067,S11,3,table_soccer,1695.0,1700.0
3068,S11,3,table_soccer,1700.0,1705.0
3069,S11,3,table_soccer,1705.0,1710.0
3070,S11,4,cycling,2180.0,2185.0
3071,S11,4,cycling,2185.0,2190.0
3072,S11,4,cycling,2190.0,2195.0
3073,S11,4,cycling,2195.0,2200.0
3074,S11,4,cycling,2200.0,2205.0
3075,S11,4,cycling,2205.0,2210.0
3076,S11,4,cycling,2210.0,2215.0
3077,S11,4,cycling,2215.0,2220.0
3078,S11,4,cycling,2220.0,2225.0
3079,S11,4,cycling,2225.0,2230.0
3080,S11,4,cycling,2230.0,2235.0
3081,S11,4,cycling,2235.0,2240.0
3082,S11,4,cycling,2240.0,2245.0
3083,S11,4,cycling,2245.0,2250.0
3084,S11,4,cycling,2250.0,2255.0
3085,S11,4,cycling,2255.0,2260.0
3086,S11,4,cycling,2260.0,2265.0
3087,S11,4,cycling,2265.0,2270.0
3088,S11,4,cycling,2270.0,2275.0
3089,S11,4,cycling,2275.0,2280.0
3090,S11,4,cycling,2280.0,2285.0
3091,S11,4,cycling,2285.0,2290.0
3092,S11,4,cycling,2290.0,2295.0
3093,S11,4,cycling,2295.0,2300.0
3094,S11,4,cycling,2300.0,2305.0
3095,S11,4,cycling,2305.0,2310.0
3096,S11,4,cycling,2310.0,2315.0
3097,S11,4,cycling,2315.0,2320.0
3098,S11,4,cycling,2320.0,2325.0
3099,S11,4,cycling,2325.0,2330.0
3100,S11,4,cycling,2330.0,2335.0
3101,S11,4,cycling,2335.0,2340.0
3102,S11,4,cycling,2340.0,2345.0
3103,S11,4,cycling,2345.0,2350.0
3104,S11,4,cycling,2350.0,2355.0
3105,S11,4,cycling,2355.0,2360.0
3106,S11,4,cycling,2360.0,2365.0
3107,S11,4,cycling,2365.0,2370.0
3108,S11,4,cycling,2370.0,2375.0
3109,S11,4,cycling,2375.0,2380.0
3110,S11,4,cycling,2380.0,2385.0
3111,S11,4,cycling,2385.0,2390.0
3112,S11,4,cycling,2390.0,2395.0
3113,S11,4,cycling,2395.0,2400.0
3114,S11,4,cycling,2400.0,2405.0
3115,S11,4,cycling,2405.0,2410.0
3116,S11,4,cycling,2410.0,2415.0
3117,S11,4,cycling,2415.0,2420.0
3118,S11,4,cycling,2420.0,2425.0
3119,S11,4,cycling,2425.0,2430.0
3120,S11,4,cycling,2430.0,2435.0
3121,S11,4,cycling,2435.0,2440.0
3122,S11,4,cycling,2440.0,2445.0
3123,S11,4,cycling,2445.0,2450.0
3124,S11,4,cycling,2450.0,2455.0
3125,S11,4,cycling,2455.0,2460.0
3126,S11,4,cycling,2460.0,2465.0
3127,S11,4,cycling,2465.0,2470.0
3128,S11,4,cycling,2470.0,2475.0
3129,S11,4,cycling,2475.0,2480.0
3130,S11,4,cycling,2480.0,2485.0
3131,S11,4,cycling,2485.0,2490.0
3132,S11,4,cycling,2490.0,2495.0
3133,S11,4,cycling,2495.0,2500.0
3134,S11,4,cycling,2500.0,2505.0
3135,S11,4,cycling,2505.0,2510.0
3136,S11,4,cycling,2510.0,2515.0
3137,S11,4,cycling,2515.0,2520.0
3138,S11,4,cycling,2520.0,2525.0
3139,S11,4,cycling,2525.0,2530.0
3140,S11,4,cycling,2530.0,2535.0
3141,S11,4,cycling,2535.0,2540.0
3142,S11,4,cycling,2540.0,2545.0
3143,S11,4,cycling,2545.0,2550.0
3144,S11,4,cycling,2550.0,2555.0
3145,S11,4,cycling,2555.0,2560.0
3146,S11,4,cycling,2560.0,2565.0
3147,S11,4,cycling,2565.0,2570.0
3148,S11,4,cycling,2570.0,2575.0
3149,S11,4,cycling,2575.0,2580.0
3150,S11,4,cycling,2580.0,2585.0
3151,S11,4,cycling,2585.0,2590.0
3152,S11,4,cycling,2590.0,2595.0
3153,S11,4,cycling,2595.0,2600.0
3154,S11,4,cycling,2600.0,2605.0
3155,S11,4,cycling,2605.0,2610.0
3156,S11,4,cycling,2610.0,2615.0
3157,S11,4,cycling,2615.0,2620.0
3158,S11,4,cycling,2620.0,2625.0
3159,S11,4,cycling,2625.0,2630.0
3160,S11,4,cycling,2630.0,2635.0
3161,S11,4,cycling,2635.0,2640.0
3162,S11,4,cycling,2640.0,2645.0
3163,S11,4,cycling,2645.0,2650.0
3164,S11,4,cycling,2650.0,2655.0
3165,S11,4,cycling,2655.0,2660.0
3166,S11,4,cycling,2660.0,2665.0
3167,S11,5,car_driving,3150.0,3155.0
3168,S11,5,car_driving,3155.0,3160.0
3169,S11,5,car_driving,3160.0,3165.0
3170,S11,5,car_driving,3165.0,3170.0
3171,S11,5,car_driving,3170.0,3175.0
3172,S11,5,car_driving,3175.0,3180.0
3173,S11,5,car_driving,3180.0,3185.0
3174,S11,5,car_driving,3185.0,3190.0
3175,S11,5,car_driving,3190.0,3195.0
3176,S11,5,car_driving,3195.0,3200.0
3177,S11,5,car_driving,3200.0,3205.0
3178,S11,5,car_driving,3205.0,3210.0
3179,S11,5,car_driving,3210.0,3215.0
3180,S11,5,car_driving,3215.0,3220.0
3181,S11,5,car_driving,3220.0,3225.0
3182,S11,5,car_driving,3225.0,3230.0
3183,S11,5,car_driving,3230.0,3235.0
3184,S11,5,car_driving,3235.0,3240.0
3185,S11,5,car_driving,3240.0,3245.0
3186,S11,5,car_driving,3245.0,3250.0
3187,S11,5,car_driving,3250.0,3255.0
3188,S11,5,car_driving,3255.0,3260.0
3189,S11,5,car_driving,3260.0,3265.0
3190,S11,5,car_driving,3265.0,3270.0
3191,S11,5,car_driving,3270.0,3275.0
3192,S11,5,car_driving,3275.0,3280.0
3193,S11,5,car_driving,3280.0,3285.0
3194,S11,5,car_driving,3285.0,3290.0
3195,S11,5,car_driving,3290.0,3295.0
3196,S11,5,car_driving,3295.0,3300.0
3197,S11,5,car_driving,3300.0,3305.0
3198,S11,5,car_driving,3305.0,3310.0
3199,S11,5,car_driving,3310.0,3315.0
3200,S11,5,car_driving,3315.0,3320.0
3201,S11,5,car_driving,3320.0,3325.0
3202,S11,5,car_driving,3325.0,3330.0
3203,S11,5,car_driving,3330.0,3335.0
3204,S11,5,car_driving,3335.0,3340.0
3205,S11,5,car_driving,3340.0,3345.0
3206,S11,5,car_driving,3345.0,3350.0
3207,S11,5,car_driving,3350.0,3355.0
3208,S11,5,car_driving,3355.0,3360.0
3209,S11,5,car_driving,3360.0,3365.0
3210,S11,5,car_driving,3365.0,3370.0
3211,S11,5,car_driving,3370.0,3375.0
3212,S11,5,car_driving,3375.0,3380.0
3213,S11,5,car_driving,3380.0,3385.0
3214,S11,5,car_driving,3385.0,3390.0
3215,S11,5,car_driving,3390.0,3395.0
3216,S11,5,car_driving,3395.0,3400.0
3217,S11,5,car_driving,3400.0,3405.0
3218,S11,5,car_driving,3405.0,3410.0
3219,S11,5,car_driving,3410.0,3415.0
3220,S11,5,car_driving,3415.0,3420.0
3221,S11,5,car_driving,3420.0,3425.0
3222,S11,5,car_driving,3425.0,3430.0
3223,S11,5,car_driving,3430.0,3435.0
3224,S11,5,car_driving,3435.0,3440.0
3225,S11,5,car_driving,3440.0,3445.0
3226,S11,5,car_driving,3445.0,3450.0
3227,S11,5,car_driving,3450.0,3455.0
3228,S11,5,car_driving,3455.0,3460.0
3229,S11,5,car_driving,3460.0,3465.0
3230,S11,5,car_driving,3465.0,3470.0
3231,S11,5,car_driving,3470.0,3475.0
3232,S11,5,car_driving,3475.0,3480.0
3233,S11,5,car_driving,3480.0,3485.0
3234,S11,5,car_driving,3485.0,3490.0
3235,S11,5,car_driving,3490.0,3495.0
3236,S11,5,car_driving,3495.0,3500.0
3237,S11,5,car_driving,3500.0,3505.0
3238,S11,5,car_driving,3505.0,3510.0
3239,S11,5,car_driving,3510.0,3515.0
3240,S11,5,car_driving,3515.0,3520.0
3241,S11,5,car_driving,3520.0,3525.0
3242,S11,5,car_driving,3525.0,3530.0
3243,S11,5,car_driving,3530.0,3535.0
3244,S11,5,car_driving,3535.0,3540.0
3245,S11,5,car_driving,3540.0,3545.0
3246,S11,5,car_driving,3545.0,3550.0
3247,S11,5,car_driving,3550.0,3555.0
3248,S11,5,car_driving,3555.0,3560.0
3249,S11,5,car_driving,3560.0,3565.0
3250,S11,5,car_driving,3565.0,3570.0
3251,S11,5,car_driving,3570.0,3575.0
3252,S11,5,car_driving,3575.0,3580.0
3253,S11,5,car_driving,3580.0,3585.0
3254,S11,5,car_driving,3585.0,3590.0
3255,S11,5,car_driving,3590.0,3595.0
3256,S11,5,car_driving,3595.0,3600.0
3257,S11,5,car_driving,3600.0,3605.0
3258,S11,5,car_driving,3605.0,3610.0
3259,S11,5,car_driving,3610.0,3615.0
3260,S11,5,car_driving,3615.0,3620.0
3261,S11,5,car_driving,3620.0,3625.0
3262,S11,5,car_driving,3625.0,3630.0
3263,S11,5,car_driving,3630.0,3635.0
3264,S11,5,car_driving,3635.0,3640.0
3265,S11,5,car_driving,3640.0,3645.0
3266,S11,5,car_driving,3645.0,3650.0
3267,S11,5,car_driving,3650.0,3655.0
3268,S11,5,car_driving,3655.0,3660.0
3269,S11,5,car_driving,3660.0,3665.0
3270,S11,5,car_driving,3665.0,3670.0
3271,S11,5,car_driving,3670.0,3675.0
3272,S11,5,car_driving,3675.0,3680.0
3273,S11,5,car_driving,3680.0,3685.0
3274,S11,5,car_driving,3685.0,3690.0
3275,S11,5,car_driving,3690.0,3695.0
3276,S11,5,car_driving,3695.0,3700.0
3277,S11,5,car_driving,3700.0,3705.0
3278,S11,5,car_driving,3705.0,3710.0
3279,S11,5,car_driving,3710.0,3715.0
3280,S11,5,car_driving,3715.0,3720.0
3281,S11,5,car_driving,3720.0,3725.0
3282,S11,5,car_driving,3725.0,3730.0
3283,S11,5,car_driving,3730.0,3735.0
3284,S11,5,car_driving,3735.0,3740.0
3285,S11,5,car_driving,3740.0,3745.0
3286,S11,5,car_driving,3745.0,3750.0
3287,S11,5,car_driving,3750.0,3755.0
3288,S11,5,car_driving,3755.0,3760.0
3289,S11,5,car_driving,3760.0,3765.0
3290,S11,5,car_driving,3765.0,3770.0
3291,S11,5,car_driving,3770.0,3775.0
3292,S11,5,car_driving,3775.0,3780.0
3293,S11,5,car_driving,3780.0,3785.0
3294,S11,5,car_driving,3785.0,3790.0
3295,S11,5,car_driving,3790.0,3795.0
3296,S11,5,car_driving,3795.0,3800.0
3297,S11,5,car_driving,3800.0,3805.0
3298,S11,5,car_driving,3805.0,3810.0
3299,S11,5,car_driving,3810.0,3815.0
3300,S11,5,car_driving,3815.0,3820.0
3301,S11,5,car_driving,3820.0,3825.0
3302,S11,5,car_driving,3825.0,3830.0
3303,S11,5,car_driving,3830.0,3835.0
3304,S11,5,car_driving,3835.0,3840.0
3305,S11,5,car_driving,3840.0,3845.0
3306,S11,5,car_driving,3845.0,3850.0
3307,S11,5,car_driving,3850.0,3855.0
3308,S11,5,car_driving,3855.0,3860.0
3309,S11,5,car_driving,3860.0,3865.0
3310,S11,5,car_driving,3865.0,3870.0
3311,S11,5,car_driving,3870.0,3875.0
3312,S11,5,car_driving,3875.0,3880.0
3313,S11,5,car_driving,3880.0,3885.0
3314,S11,5,car_driving,3885.0,3890.0
3315,S11,5,car_driving,3890.0,3895.0
3316,S11,5,car_driving,3895.0,3900.0
3317,S11,5,car_driving,3900.0,3905.0
3318,S11,5,car_driving,3905.0,3910.0
3319,S11,5,car_driving,3910.0,3915.0
3320,S11,5,car_driving,3915.0,3920.0
3321,S11,5,car_driving,3920.0,3925.0
3322,S11,5,car_driving,3925.0,3930.0
3323,S11,5,car_driving,3930.0,3935.0
3324,S11,5,car_driving,3935.0,3940.0
3325,S11,5,car_driving,3940.0,3945.0
3326,S11,5,car_driving,3945.0,3950.0
3327,S11,5,car_driving,3950.0,3955.0
3328,S11,5,car_driving,3955.0,3960.0
3329,S11,5,car_driving,3960.0,3965.0
3330,S11,5,car_driving,3965.0,3970.0
3331,S11,5,car_driving,3970.0,3975.0
3332,S11,5,car_driving,3975.0,3980.0
3333,S11,5,car_driving,3980.0,3985.0
3334,S11,5,car_driving,3985.0,3990.0
3335,S11,5,car_driving,3990.0,3995.0
3336,S11,5,car_driving,3995.0,4000.0
3337,S11,5,car_driving,4000.0,4005.0
3338,S11,6,lunch_break,4445.0,4450.0
3339,S11,6,lunch_break,4450.0,4455.0
3340,S11,6,lunch_break,4455.0,4460.0
3341,S11,6,lunch_break,4460.0,4465.0
3342,S11,6,lunch_break,4465.0,4470.0
3343,S11,6,lunch_break,4470.0,4475.0
3344,S11,6,lunch_break,4475.0,4480.0
3345,S11,6,lunch_break,4480.0,4485.0
3346,S11,6,lunch_break,4485.0,4490.0
3347,S11,6,lunch_break,4490.0,4495.0
3348,S11,6,lunch_break,4495.0,4500.0
3349,S11,6,lunch_break,4500.0,4505.0
3350,S11,6,lunch_break,4505.0,4510.0
3351,S11,6,lunch_break,4510.0,4515.0
3352,S11,6,lunch_break,4515.0,4520.0
3353,S11,6,lunch_break,4520.0,4525.0
3354,S11,6,lunch_break,4525.0,4530.0
3355,S11,6,lunch_break,4530.0,4535.0
3356,S11,6,lunch_break,4535.0,4540.0
3357,S11,6,lunch_break,4540.0,4545.0
3358,S11,6,lunch_break,4545.0,4550.0
3359,S11,6,lunch_break,4550.0,4555.0
3360,S11,6,lunch_break,4555.0,4560.0
3361,S11,6,lunch_break,4560.0,4565.0
3362,S11,6,lunch_break,4565.0,4570.0
3363,S11,6,lunch_break,4570.0,4575.0
3364,S11,6,lunch_break,4575.0,4580.0
3365,S11,6,lunch_break,4580.0,4585.0
3366,S11,6,lunch_break,4585.0,4590.0
3367,S11,6,lunch_break,4590.0,4595.0
3368,S11,6,lunch_break,4595.0,4600.0
3369,S11,6,lunch_break,4600.0,4605.0
3370,S11,6,lunch_break,4605.0,4610.0
3371,S11,6,lunch_break,4610.0,4615.0
3372,S11,6,lunch_break,4615.0,4620.0
3373,S11,6,lunch_break,4620.0,4625.0
3374,S11,6,lunch_break,4625.0,4630.0
3375,S11,6,lunch_break,4630.0,4635.0
3376,S11,6,lunch_break,4635.0,4640.0
3377,S11,6,lunch_break,4640.0,4645.0
3378,S11,6,lunch_break,4645.0,4650.0
3379,S11,6,lunch_break,4650.0,4655.0
3380,S11,6,lunch_break,4655.0,4660.0
3381,S11,6,lunch_break,4660.0,4665.0
3382,S11,6,lunch_break,4665.0,4670.0
3383,S11,6,lunch_break,4670.0,4675.0
3384,S11,6,lunch_break,4675.0,4680.0
3385,S11,6,lunch_break,4680.0,4685.0
3386,S11,6,lunch_break,4685.0,4690.0
3387,S11,6,lunch_break,4690.0,4695.0
3388,S11,6,lunch_break,4695.0,4700.0
3389,S11,6,lunch_break,4700.0,4705.0
3390,S11,6,lunch_break,4705.0,4710.0
3391,S11,6,lunch_break,4710.0,4715.0
3392,S11,6,lunch_break,4715.0,4720.0
3393,S11,6,lunch_break,4720.0,4725.0
3394,S11,6,lunch_break,4725.0,4730.0
3395,S11,6,lunch_break,4730.0,4735.0
3396,S11,6,lunch_break,4735.0,4740.0
3397,S11,6,lunch_break,4740.0,4745.0
3398,S11,6,lunch_break,4745.0,4750.0
3399,S11,6,lunch_break,4750.0,4755.0
3400,S11,6,lunch_break,4755.0,4760.0
3401,S11,6,lunch_break,4760.0,4765.0
3402,S11,6,lunch_break,4765.0,4770.0
3403,S11,6,lunch_break,4770.0,4775.0
3404,S11,6,lunch_break,4775.0,4780.0
3405,S11,6,lunch_break,4780.0,4785.0
3406,S11,6,lunch_break,4785.0,4790.0
3407,S11,6,lunch_break,4790.0,4795.0
3408,S11,6,lunch_break,4795.0,4800.0
3409,S11,6,lunch_break,4800.0,4805.0
3410,S11,6,lunch_break,4805.0,4810.0
3411,S11,6,lunch_break,4810.0,4815.0
3412,S11,6,lunch_break,4815.0,4820.0
3413,S11,6,lunch_break,4820.0,4825.0
3414,S11,6,lunch_break,4825.0,4830.0
3415,S11,6,lunch_break,4830.0,4835.0
3416,S11,6,lunch_break,4835.0,4840.0
3417,S11,6,lunch_break,4840.0,4845.0
3418,S11,6,lunch_break,4845.0,4850.0
3419,S11,6,lunch_break,4850.0,4855.0
3420,S11,6,lunch_break,4855.0,4860.0
3421,S11,6,lunch_break,4860.0,4865.0
3422,S11,6,lunch_break,4865.0,4870.0
3423,S11,6,lunch_break,4870.0,4875.0
3424,S11,6,lunch_break,4875.0,4880.0
3425,S11,6,lunch_break,4880.0,4885.0
3426,S11,6,lunch_break,4885.0,4890.0
3427,S11,6,lunch_break,4890.0,4895.0
3428,S11,6,lunch_break,4895.0,4900.0
3429,S11,6,lunch_break,4900.0,4905.0
3430,S11,6,lunch_break,4905.0,4910.0
3431,S11,6,lunch_break,4910.0,4915.0
3432,S11,6,lunch_break,4915.0,4920.0
3433,S11,6,lunch_break,4920.0,4925.0
3434,S11,6,lunch_break,4925.0,4930.0
3435,S11,6,lunch_break,4930.0,4935.0
3436,S11,6,lunch_break,4935.0,4940.0
3437,S11,6,lunch_break,4940.0,4945.0
3438,S11,6,lunch_break,4945.0,4950.0
3439,S11,6,lunch_break,4950.0,4955.0
3440,S11,6,lunch_break,4955.0,4960.0
3441,S11,6,lunch_break,4960.0,4965.0
3442,S11,6,lunch_break,4965.0,4970.0
3443,S11,6,lunch_break,4970.0,4975.0
3444,S11,6,lunch_break,4975.0,4980.0
3445,S11,6,lunch_break,4980.0,4985.0
3446,S11,6,lunch_break,4985.0,4990.0
3447,S11,6,lunch_break,4990.0,4995.0
3448,S11,6,lunch_break,4995.0,5000.0
3449,S11,6,lunch_break,5000.0,5005.0
3450,S11,6,lunch_break,5005.0,5010.0
3451,S11,6,lunch_break,5010.0,5015.0
3452,S11,6,lunch_break,5015.0,5020.0
3453,S11,6,lunch_break,5020.0,5025.0
3454,S11,6,lunch_break,5025.0,5030.0
3455,S11,6,lunch_break,5030.0,5035.0
3456,S11,6,lunch_break,5035.0,5040.0
3457,S11,6,lunch_break,5040.0,5045.0
3458,S11,6,lunch_break,5045.0,5050.0
3459,S11,6,lunch_break,5050.0,5055.0
3460,S11,6,lunch_break,5055.0,5060.0
3461,S11,6,lunch_break,5060.0,5065.0
3462,S11,6,lunch_break,5065.0,5070.0
3463,S11,6,lunch_break,5070.0,5075.0
3464,S11,6,lunch_break,5075.0,5080.0
3465,S11,6,lunch_break,5080.0,5085.0
3466,S11,6,lunch_break,5085.0,5090.0
3467,S11,6,lunch_break,5090.0,5095.0
3468,S11,6,lunch_break,5095.0,5100.0
3469,S11,6,lunch_break,5100.0,5105.0
3470,S11,6,lunch_break,5105.0,5110.0
3471,S11,6,lunch_break,5110.0,5115.0
3472,S11,6,lunch_break,5115.0,5120.0
3473,S11,6,lunch_break,5120.0,5125.0
3474,S11,6,lunch_break,5125.0,5130.0
3475,S11,6,lunch_break,5130.0,5135.0
3476,S11,6,lunch_break,5135.0,5140.0
3477,S11,6,lunch_break,5140.0,5145.0
3478,S11,6,lunch_break,5145.0,5150.0
3479,S11,6,lunch_break,5150.0,5155.0
3480,S11,6,lunch_break,5155.0,5160.0
3481,S11,6,lunch_break,5160.0,5165.0
3482,S11,6,lunch_break,5165.0,5170.0
3483,S11,6,lunch_break,5170.0,5175.0
3484,S11,6,lunch_break,5175.0,5180.0
3485,S11,6,lunch_break,5180.0,5185.0
3486,S11,6,lunch_break,5185.0,5190.0
3487,S11,6,lunch_break,5190.0,5195.0
3488,S11,6,lunch_break,5195.0,5200.0
3489,S11,6,lunch_break,5200.0,5205.0
3490,S11,6,lunch_break,5205.0,5210.0
3491,S11,6,lunch_break,5210.0,5215.0
3492,S11,6,lunch_break,5215.0,5220.0
3493,S11,6,lunch_break,5220.0,5225.0
3494,S11,6,lunch_break,5225.0,5230.0
3495,S11,6,lunch_break,5230.0,5235.0
3496,S11,6,lunch_break,5235.0,5240.0
3497,S11,6,lunch_break,5240.0,5245.0
3498,S11,6,lunch_break,5245.0,5250.0
3499,S11,6,lunch_break,5250.0,5255.0
3500,S11,6,lunch_break,5255.0,5260.0
3501,S11,6,lunch_break,5260.0,5265.0
3502,S11,6,lunch_break,5265.0,5270.0
3503,S11,6,lunch_break,5270.0,5275.0
3504,S11,6,lunch_break,5275.0,5280.0
3505,S11,6,lunch_break,5280.0,5285.0
3506,S11,6,lunch_break,5285.0,5290.0
3507,S11,6,lunch_break,5290.0,5295.0
3508,S11,6,lunch_break,5295.0,5300.0
3509,S11,6,lunch_break,5300.0,5305.0
3510,S11,6,lunch_break,5305.0,5310.0
3511,S11,6,lunch_break,5310.0,5315.0
3512,S11,6,lunch_break,5315.0,5320.0
3513,S11,6,lunch_break,5320.0,5325.0
3514,S11,6,lunch_break,5325.0,5330.0
3515,S11,6,lunch_break,5330.0,5335.0
3516,S11,6,lunch_break,5335.0,5340.0
3517,S11,6,lunch_break,5340.0,5345.0
3518,S11,6,lunch_break,5345.0,5350.0
3519,S11,6,lunch_break,5350.0,5355.0
3520,S11,6,lunch_break,5355.0,5360.0
3521,S11,6,lunch_break,5360.0,5365.0
3522,S11,6,lunch_break,5365.0,5370.0
3523,S11,6,lunch_break,5370.0,5375.0
3524,S11,6,lunch_break,5375.0,5380.0
3525,S11,6,lunch_break,5380.0,5385.0
3526,S11,6,lunch_break,5385.0,5390.0
3527,S11,6,lunch_break,5390.0,5395.0
3528,S11,6,lunch_break,5395.0,5400.0
3529,S11,6,lunch_break,5400.0,5405.0
3530,S11,6,lunch_break,5405.0,5410.0
3531,S11,6,lunch_break,5410.0,5415.0
3532,S11,6,lunch_break,5415.0,5420.0
3533,S11,6,lunch_break,5420.0,5425.0
3534,S11,6,lunch_break,5425.0,5430.0
3535,S11,6,lunch_break,5430.0,5435.0
3536,S11,6,lunch_break,5435.0,5440.0
3537,S11,6,lunch_break,5440.0,5445.0
3538,S11,6,lunch_break,5445.0,5450.0
3539,S11,6,lunch_break,5450.0,5455.0
3540,S11,6,lunch_break,5455.0,5460.0
3541,S11,6,lunch_break,5460.0,5465.0
3542,S11,6,lunch_break,5465.0,5470.0
3543,S11,6,lunch_break,5470.0,5475.0
3544,S11,6,lunch_break,5475.0,5480.0
3545,S11,6,lunch_break,5480.0,5485.0
3546,S11,6,lunch_break,5485.0,5490.0
3547,S11,6,lunch_break,5490.0,5495.0
3548,S11,6,lunch_break,5495.0,5500.0
3549,S11,6,lunch_break,5500.0,5505.0
3550,S11,6,lunch_break,5505.0,5510.0
3551,S11,6,lunch_break,5510.0,5515.0
3552,S11,6,lunch_break,5515.0,5520.0
3553,S11,6,lunch_break,5520.0,5525.0
3554,S11,6,lunch_break,5525.0,5530.0
3555,S11,6,lunch_break,5530.0,5535.0
3556,S11,6,lunch_break,5535.0,5540.0
3557,S11,6,lunch_break,5540.0,5545.0
3558,S11,6,lunch_break,5545.0,5550.0
3559,S11,6,lunch_break,5550.0,5555.0
3560,S11,6,lunch_break,5555.0,5560.0
3561,S11,6,lunch_break,5560.0,5565.0
3562,S11,6,lunch_break,5565.0,5570.0
3563,S11,6,lunch_break,5570.0,5575.0
3564,S11,6,lunch_break,5575.0,5580.0
3565,S11,6,lunch_break,5580.0,5585.0
3566,S11,6,lunch_break,5585.0,5590.0
3567,S11,6,lunch_break,5590.0,5595.0
3568,S11,6,lunch_break,5595.0,5600.0
3569,S11,6,lunch_break,5600.0,5605.0
3570,S11,6,lunch_break,5605.0,5610.0
3571,S11,6,lunch_break,5610.0,5615.0
3572,S11,6,lunch_break,5615.0,5620.0
3573,S11,6,lunch_break,5620.0,5625.0
3574,S11,6,lunch_break,5625.0,5630.0
3575,S11,6,lunch_break,5630.0,5635.0
3576,S11,6,lunch_break,5635.0,5640.0
3577,S11,6,lunch_break,5640.0,5645.0
3578,S11,6,lunch_break,5645.0,5650.0
3579,S11,6,lunch_break,5650.0,5655.0
3580,S11,6,lunch_break,5655.0,5660.0
3581,S11,6,lunch_break,5660.0,5665.0
3582,S11,6,lunch_break,5665.0,5670.0
3583,S11,6,lunch_break,5670.0,5675.0
3584,S11,6,lunch_break,5675.0,5680.0
3585,S11,6,lunch_break,5680.0,5685.0
3586,S11,6,lunch_break,5685.0,5690.0
3587,S11,6,lunch_break,5690.0,5695.0
3588,S11,6,lunch_break,5695.0,5700.0
3589,S11,6,lunch_break,5700.0,5705.0
3590,S11,6,lunch_break,5705.0,5710.0
3591,S11,6,lunch_break,5710.0,5715.0
3592,S11,6,lunch_break,5715.0,5720.0
3593,S11,6,lunch_break,5720.0,5725.0
3594,S11,6,lunch_break,5725.0,5730.0
3595,S11,6,lunch_break,5730.0,5735.0
3596,S11,6,lunch_break,5735.0,5740.0
3597,S11,6,lunch_break,5740.0,5745.0
3598,S11,6,lunch_break,5745.0,5750.0
3599,S11,6,lunch_break,5750.0,5755.0
3600,S11,6,lunch_break,5755.0,5760.0
3601,S11,6,lunch_break,5760.0,5765.0
3602,S11,6,lunch_break,5765.0,5770.0
3603,S11,6,lunch_break,5770.0,5775.0
3604,S11,6,lunch_break,5775.0,5780.0
3605,S11,6,lunch_break,5780.0,5785.0
3606,S11,6,lunch_break,5785.0,5790.0
3607,S11,6,lunch_break,5790.0,5795.0
3608,S11,6,lunch_break,5795.0,5800.0
3609,S11,6,lunch_break,5800.0,5805.0
3610,S11,6,lunch_break,5805.0,5810.0
3611,S11,6,lunch_break,5810.0,5815.0
3612,S11,6,lunch_break,5815.0,5820.0
3613,S11,6,lunch_break,5820.0,5825.0
3614,S11,6,lunch_break,5825.0,5830.0
3615,S11,6,lunch_break,5830.0,5835.0
3616,S11,6,lunch_break,5835.0,5840.0
3617,S11,6,lunch_break,5840.0,5845.0
3618,S11,6,lunch_break,5845.0,5850.0
3619,S11,6,lunch_break,5850.0,5855.0
3620,S11,6,lunch_break,5855.0,5860.0
3621,S11,6,lunch_break,5860.0,5865.0
3622,S11,6,lunch_break,5865.0,5870.0
3623,S11,6,lunch_break,5870.0,5875.0
3624,S11,6,lunch_break,5875.0,5880.0
3625,S11,6,lunch_break,5880.0,5885.0
3626,S11,6,lunch_break,5885.0,5890.0
3627,S11,6,lunch_break,5890.0,5895.0
3628,S11,6,lunch_break,5895.0,5900.0
3629,S11,6,lunch_break,5900.0,5905.0
3630,S11,6,lunch_break,5905.0,5910.0
3631,S11,6,lunch_break,5910.0,5915.0
3632,S11,6,lunch_break,5915.0,5920.0
3633,S11,6,lunch_break,5920.0,5925.0
3634,S11,6,lunch_break,5925.0,5930.0
3635,S11,6,lunch_break,5930.0,5935.0
3636,S11,6,lunch_break,5935.0,5940.0
3637,S11,6,lunch_break,5940.0,5945.0
3638,S11,6,lunch_break,5945.0,5950.0
3639,S11,6,lunch_break,5950.0,5955.0
3640,S11,6,lunch_break,5955.0,5960.0
3641,S11,6,lunch_break,5960.0,5965.0
3642,S11,6,lunch_break,5965.0,5970.0
3643,S11,6,lunch_break,5970.0,5975.0
3644,S11,6,lunch_break,5975.0,5980.0
3645,S11,6,lunch_break,5980.0,5985.0
3646,S11,6,lunch_break,5985.0,5990.0
3647,S11,6,lunch_break,5990.0,5995.0
3648,S11,6,lunch_break,5995.0,6000.0
3649,S11,6,lunch_break,6000.0,6005.0
3650,S11,6,lunch_break,6005.0,6010.0
3651,S11,6,lunch_break,6010.0,6015.0
3652,S11,6,lunch_break,6015.0,6020.0
3653,S11,6,lunch_break,6020.0,6025.0
3654,S11,6,lunch_break,6025.0,6030.0
3655,S11,6,lunch_break,6030.0,6035.0
3656,S11,6,lunch_break,6035.0,6040.0
3657,S11,6,lunch_break,6040.0,6045.0
3658,S11,6,lunch_break,6045.0,6050.0
3659,S11,6,lunch_break,6050.0,6055.0
3660,S11,6,lunch_break,6055.0,6060.0
3661,S11,6,lunch_break,6060.0,6065.0
3662,S11,6,lunch_break,6065.0,6070.0
3663,S11,6,lunch_break,6070.0,6075.0
3664,S11,6,lunch_break,6075.0,6080.0
3665,S11,6,lunch_break,6080.0,6085.0
3666,S11,6,lunch_break,6085.0,6090.0
3667,S11,6,lunch_break,6090.0,6095.0
3668,S11,6,lunch_break,6095.0,6100.0
3669,S11,6,lunch_break,6100.0,6105.0
3670,S11,6,lunch_break,6105.0,6110.0
3671,S11,6,lunch_break,6110.0,6115.0
3672,S11,6,lunch_break,6115.0,6120.0
3673,S11,6,lunch_break,6120.0,6125.0
3674,S11,6,lunch_break,6125.0,6130.0
3675,S11,6,lunch_break,6130.0,6135.0
3676,S11,6,lunch_break,6135.0,6140.0
3677,S11,6,lunch_break,6140.0,6145.0
3678,S11,6,lunch_break,6145.0,6150.0
3679,S11,6,lunch_break,6150.0,6155.0
3680,S11,6,lunch_break,6155.0,6160.0
3681,S11,6,lunch_break,6160.0,6165.0
3682,S11,6,lunch_break,6165.0,6170.0
3683,S11,6,lunch_break,6170.0,6175.0
3684,S11,6,lunch_break,6175.0,6180.0
3685,S11,6,lunch_break,6180.0,6185.0
3686,S11,6,lunch_break,6185.0,6190.0
3687,S11,6,lunch_break,6190.0,6195.0
3688,S11,6,lunch_break,6195.0,6200.0
3689,S11,6,lunch_break,6200.0,6205.0
3690,S11,6,lunch_break,6205.0,6210.0
3691,S11,6,lunch_break,6210.0,6215.0
3692,S11,6,lunch_break,6215.0,6220.0
3693,S11,6,lunch_break,6220.0,6225.0
3694,S11,6,lunch_break,6225.0,6230.0
3695,S11,6,lunch_break,6230.0,6235.0
3696,S11,6,lunch_break,6235.0,6240.0
3697,S11,6,lunch_break,6240.0,6245.0
3698,S11,6,lunch_break,6245.0,6250.0
3699,S11,6,lunch_break,6250.0,6255.0
3700,S11,6,lunch_break,6255.0,6260.0
3701,S11,6,lunch_break,6260.0,6265.0
3702,S11,6,lunch_break,6265.0,6270.0
3703,S11,6,lunch_break,6270.0,6275.0
3704,S11,6,lunch_break,6275.0,6280.0
3705,S11,6,lunch_break,6280.0,6285.0
3706,S11,6,lunch_break,6285.0,6290.0
3707,S11,6,lunch_break,6290.0,6295.0
3708,S11,6,lunch_break,6295.0,6300.0
3709,S11,6,lunch_break,6300.0,6305.0
3710,S11,6,lunch_break,6305.0,6310.0
3711,S11,6,lunch_break,6310.0,6315.0
3712,S11,6,lunch_break,6315.0,6320.0
3713,S11,6,lunch_break,6320.0,6325.0
3714,S11,6,lunch_break,6325.0,6330.0
3715,S11,6,lunch_break,6330.0,6335.0
3716,S11,6,lunch_break,6335.0,6340.0
3717,S11,6,lunch_break,6340.0,6345.0
3718,S11,6,lunch_break,6345.0,6350.0
3719,S11,6,lunch_break,6350.0,6355.0
3720,S11,6,lunch_break,6355.0,6360.0
3721,S11,6,lunch_break,6360.0,6365.0
3722,S11,6,lunch_break,6365.0,6370.0
3723,S11,6,lunch_break,6370.0,6375.0
3724,S11,6,lunch_break,6375.0,6380.0
3725,S11,6,lunch_break,6380.0,6385.0
3726,S11,6,lunch_break,6385.0,6390.0
3727,S11,6,lunch_break,6390.0,6395.0
3728,S11,6,lunch_break,6395.0,6400.0
3729,S11,6,lunch_break,6400.0,6405.0
3730,S11,6,lunch_break,6405.0,6410.0
3731,S11,6,lunch_break,6410.0,6415.0
3732,S11,6,lunch_break,6415.0,6420.0
3733,S11,6,lunch_break,6420.0,6425.0
3734,S11,6,lunch_break,6425.0,6430.0
3735,S11,6,lunch_break,6430.0,6435.0
3736,S11,6,lunch_break,6435.0,6440.0
3737,S11,6,lunch_break,6440.0,6445.0
3738,S11,6,lunch_break,6445.0,6450.0
3739,S11,6,lunch_break,6450.0,6455.0
3740,S11,6,lunch_break,6455.0,6460.0
3741,S11,6,lunch_break,6460.0,6465.0
3742,S11,6,lunch_break,6465.0,6470.0
3743,S11,6,lunch_break,6470.0,6475.0
3744,S11,6,lunch_break,6475.0,6480.0
3745,S11,6,lunch_break,6480.0,6485.0
3746,S11,6,lunch_break,6485.0,6490.0
3747,S11,6,lunch_break,6490.0,6495.0
3748,S11,6,lunch_break,6495.0,6500.0
3749,S11,6,lunch_break,6500.0,6505.0
3750,S11,6,lunch_break,6505.0,6510.0
3751,S11,6,lunch_break,6510.0,6515.0
3752,S11,6,lunch_break,6515.0,6520.0
3753,S11,6,lunch_break,6520.0,6525.0
3754,S11,6,lunch_break,6525.0,6530.0
3755,S11,6,lunch_break,6530.0,6535.0
3756,S11,6,lunch_break,6535.0,6540.0
3757,S11,6,lunch_break,6540.0,6545.0
3758,S11,6,lunch_break,6545.0,6550.0
3759,S11,6,lunch_break,6550.0,6555.0
3760,S11,6,lunch_break,6555.0,6560.0
3761,S11,6,lunch_break,6560.0,6565.0
3762,S11,6,lunch_break,6565.0,6570.0
3763,S11,6,lunch_break,6570.0,6575.0
3764,S11,6,lunch_break,6575.0,6580.0
3765,S11,6,lunch_break,6580.0,6585.0
3766,S11,6,lunch_break,6585.0,6590.0
3767,S11,6,lunch_break,6590.0,6595.0
3768,S11,6,lunch_break,6595.0,6600.0
3769,S11,6,lunch_break,6600.0,6605.0
3770,S11,6,lunch_break,6605.0,6610.0
3771,S11,6,lunch_break,6610.0,6615.0
3772,S11,6,lunch_break,6615.0,6620.0
3773,S11,6,lunch_break,6620.0,6625.0
3774,S11,6,lunch_break,6625.0,6630.0
3775,S11,6,lunch_break,6630.0,6635.0
3776,S11,6,lunch_break,6635.0,6640.0
3777,S11,6,lunch_break,6640.0,6645.0
3778,S11,6,lunch_break,6645.0,6650.0
3779,S11,6,lunch_break,6650.0,6655.0
3780,S11,6,lunch_break,6655.0,6660.0
3781,S11,6,lunch_break,6660.0,6665.0
3782,S11,6,lunch_break,6665.0,6670.0
3783,S11,6,lunch_break,6670.0,6675.0
3784,S11,6,lunch_break,6675.0,6680.0
3785,S11,6,lunch_break,6680.0,6685.0
3786,S11,6,lunch_break,6685.0,6690.0
3787,S11,6,lunch_break,6690.0,6695.0
3788,S11,6,lunch_break,6695.0,6700.0
3789,S11,6,lunch_break,6700.0,6705.0
3790,S11,6,lunch_break,6705.0,6710.0
3791,S11,6,lunch_break,6710.0,6715.0
3792,S11,6,lunch_break,6715.0,6720.0
3793,S11,6,lunch_break,6720.0,6725.0
3794,S11,6,lunch_break,6725.0,6730.0
3795,S11,6,lunch_break,6730.0,6735.0
3796,S11,6,lunch_break,6735.0,6740.0
3797,S11,6,lunch_break,6740.0,6745.0
3798,S11,6,lunch_break,6745.0,6750.0
3799,S11,6,lunch_break,6750.0,6755.0
3800,S11,6,lunch_break,6755.0,6760.0
3801,S11,6,lunch_break,6760.0,6765.0
3802,S11,6,lunch_break,6765.0,6770.0
3803,S11,6,lunch_break,6770.0,6775.0
3804,S11,6,lunch_break,6775.0,6780.0
3805,S11,6,lunch_break,6780.0,6785.0
3806,S11,6,lunch_break,6785.0,6790.0
3807,S11,6,lunch_break,6790.0,6795.0
3808,S11,6,lunch_break,6795.0,6800.0
3809,S11,6,lunch_break,6800.0,6805.0
3810,S11,6,lunch_break,6805.0,6810.0
3811,S11,6,lunch_break,6810.0,6815.0
3812,S11,6,lunch_break,6815.0,6820.0
3813,S11,6,lunch_break,6820.0,6825.0
3814,S11,6,lunch_break,6825.0,6830.0
3815,S11,6,lunch_break,6830.0,6835.0
3816,S11,6,lunch_break,6835.0,6840.0
3817,S11,6,lunch_break,6840.0,6845.0
3818,S11,7,walking,6855.0,6860.0
3819,S11,7,walking,6860.0,6865.0
3820,S11,7,walking,6865.0,6870.0
3821,S11,7,walking,6870.0,6875.0
3822,S11,7,walking,6875.0,6880.0
3823,S11,7,walking,6880.0,6885.0
3824,S11,7,walking,6885.0,6890.0
3825,S11,7,walking,6890.0,6895.0
3826,S11,7,walking,6895.0,6900.0
3827,S11,7,walking,6900.0,6905.0
3828,S11,7,walking,6905.0,6910.0
3829,S11,7,walking,6910.0,6915.0
3830,S11,7,walking,6915.0,6920.0
3831,S11,7,walking,6920.0,6925.0
3832,S11,7,walking,6925.0,6930.0
3833,S11,7,walking,6930.0,6935.0
3834,S11,7,walking,6935.0,6940.0
3835,S11,7,walking,6940.0,6945.0
3836,S11,7,walking,6945.0,6950.0
3837,S11,7,walking,6950.0,6955.0
3838,S11,7,walking,6955.0,6960.0
3839,S11,7,walking,6960.0,6965.0
3840,S11,7,walking,6965.0,6970.0
3841,S11,7,walking,6970.0,6975.0
3842,S11,7,walking,6975.0,6980.0
3843,S11,7,walking,6980.0,6985.0
3844,S11,7,walking,6985.0,6990.0
3845,S11,7,walking,6990.0,6995.0
3846,S11,7,walking,6995.0,7000.0
3847,S11,7,walking,7000.0,7005.0
3848,S11,7,walking,7005.0,7010.0
3849,S11,7,walking,7010.0,7015.0
3850,S11,7,walking,7015.0,7020.0
3851,S11,7,walking,7020.0,7025.0
3852,S11,7,walking,7025.0,7030.0
3853,S11,7,walking,7030.0,7035.0
3854,S11,7,walking,7035.0,7040.0
3855,S11,7,walking,7040.0,7045.0
3856,S11,7,walking,7045.0,7050.0
3857,S11,7,walking,7050.0,7055.0
3858,S11,7,walking,7055.0,7060.0
3859,S11,7,walking,7060.0,7065.0
3860,S11,7,walking,7065.0,7070.0
3861,S11,7,walking,7070.0,7075.0
3862,S11,7,walking,7075.0,7080.0
3863,S11,7,walking,7080.0,7085.0
3864,S11,7,walking,7085.0,7090.0
3865,S11,7,walking,7090.0,7095.0
3866,S11,7,walking,7095.0,7100.0
3867,S11,7,walking,7100.0,7105.0
3868,S11,7,walking,7105.0,7110.0
3869,S11,7,walking,7110.0,7115.0
3870,S11,7,walking,7115.0,7120.0
3871,S11,7,walking,7120.0,7125.0
3872,S11,7,walking,7125.0,7130.0
3873,S11,7,walking,7130.0,7135.0
3874,S11,7,walking,7135.0,7140.0
3875,S11,7,walking,7140.0,7145.0
3876,S11,7,walking,7145.0,7150.0
3877,S11,7,walking,7150.0,7155.0
3878,S11,7,walking,7155.0,7160.0
3879,S11,7,walking,7160.0,7165.0
3880,S11,7,walking,7165.0,7170.0
3881,S11,7,walking,7170.0,7175.0
3882,S11,7,walking,7175.0,7180.0
3883,S11,7,walking,7180.0,7185.0
3884,S11,7,walking,7185.0,7190.0
3885,S11,7,walking,7190.0,7195.0
3886,S11,7,walking,7195.0,7200.0
3887,S11,7,walking,7200.0,7205.0
3888,S11,7,walking,7205.0,7210.0
3889,S11,7,walking,7210.0,7215.0
3890,S11,7,walking,7215.0,7220.0
3891,S11,7,walking,7220.0,7225.0
3892,S11,7,walking,7225.0,7230.0
3893,S11,7,walking,7230.0,7235.0
3894,S11,7,walking,7235.0,7240.0
3895,S11,7,walking,7240.0,7245.0
3896,S11,7,walking,7245.0,7250.0
3897,S11,7,walking,7250.0,7255.0
3898,S11,7,walking,7255.0,7260.0
3899,S11,7,walking,7260.0,7265.0
3900,S11,7,walking,7265.0,7270.0
3901,S11,7,walking,7270.0,7275.0
3902,S11,7,walking,7275.0,7280.0
3903,S11,7,walking,7280.0,7285.0
3904,S11,7,walking,7285.0,7290.0
3905,S11,7,walking,7290.0,7295.0
3906,S11,7,walking,7295.0,7300.0
3907,S11,7,walking,7300.0,7305.0
3908,S11,7,walking,7305.0,7310.0
3909,S11,7,walking,7310.0,7315.0
3910,S11,7,walking,7315.0,7320.0
3911,S11,7,walking,7320.0,7325.0
3912,S11,7,walking,7325.0,7330.0
3913,S11,7,walking,7330.0,7335.0
3914,S11,7,walking,7335.0,7340.0
3915,S11,7,walking,7340.0,7345.0
3916,S11,7,walking,7345.0,7350.0
3917,S11,7,walking,7350.0,7355.0
3918,S11,7,walking,7355.0,7360.0
3919,S11,7,walking,7360.0,7365.0
3920,S11,7,walking,7365.0,7370.0
3921,S11,7,walking,7370.0,7375.0
3922,S11,7,walking,7375.0,7380.0
3923,S11,7,walking,7380.0,7385.0
3924,S11,7,walking,7385.0,7390.0
3925,S11,7,walking,7390.0,7395.0
3926,S11,7,walking,7395.0,7400.0
3927,S11,7,walking,7400.0,7405.0
3928,S11,7,walking,7405.0,7410.0
3929,S11,7,walking,7410.0,7415.0
3930,S11,7,walking,7415.0,7420.0
3931,S11,7,walking,7420.0,7425.0
3932,S11,7,walking,7425.0,7430.0
3933,S11,7,walking,7430.0,7435.0
3934,S11,7,walking,7435.0,7440.0
3935,S11,7,walking,7440.0,7445.0
3936,S11,7,walking,7445.0,7450.0
3937,S11,7,walking,7450.0,7455.0
3938,S11,7,walking,7455.0,7460.0
3939,S11,7,walking,7460.0,7465.0
3940,S11,7,walking,7465.0,7470.0
3941,S11,7,walking,7470.0,7475.0
3942,S11,7,walking,7475.0,7480.0
3943,S11,7,walking,7480.0,7485.0
3944,S11,7,walking,7485.0,7490.0
3945,S11,7,walking,7490.0,7495.0
3946,S11,7,walking,7495.0,7500.0
3947,S11,8,working,7640.0,7645.0
3948,S11,8,working,7645.0,7650.0
3949,S11,8,working,7650.0,7655.0
3950,S11,8,working,7655.0,7660.0
3951,S11,8,working,7660.0,7665.0
3952,S11,8,working,7665.0,7670.0
3953,S11,8,working,7670.0,7675.0
3954,S11,8,working,7675.0,7680.0
3955,S11,8,working,7680.0,7685.0
3956,S11,8,working,7685.0,7690.0
3957,S11,8,working,7690.0,7695.0
3958,S11,8,working,7695.0,7700.0
3959,S11,8,working,7700.0,7705.0
3960,S11,8,working,7705.0,7710.0
3961,S11,8,working,7710.0,7715.0
3962,S11,8,working,7715.0,7720.0
3963,S11,8,working,7720.0,7725.0
3964,S11,8,working,7725.0,7730.0
3965,S11,8,working,7730.0,7735.0
3966,S11,8,working,7735.0,7740.0
3967,S11,8,working,7740.0,7745.0
3968,S11,8,working,7745.0,7750.0
3969,S11,8,working,7750.0,7755.0
3970,S11,8,working,7755.0,7760.0
3971,S11,8,working,7760.0,7765.0
3972,S11,8,working,7765.0,7770.0
3973,S11,8,working,7770.0,7775.0
3974,S11,8,working,7775.0,7780.0
3975,S11,8,working,7780.0,7785.0
3976,S11,8,working,7785.0,7790.0
3977,S11,8,working,7790.0,7795.0
3978,S11,8,working,7795.0,7800.0
3979,S11,8,working,7800.0,7805.0
3980,S11,8,working,7805.0,7810.0
3981,S11,8,working,7810.0,7815.0
3982,S11,8,working,7815.0,7820.0
3983,S11,8,working,7820.0,7825.0
3984,S11,8,working,7825.0,7830.0
3985,S11,8,working,7830.0,7835.0
3986,S11,8,working,7835.0,7840.0
3987,S11,8,working,7840.0,7845.0
3988,S11,8,working,7845.0,7850.0
3989,S11,8,working,7850.0,7855.0
3990,S11,8,working,7855.0,7860.0
3991,S11,8,working,7860.0,7865.0
3992,S11,8,working,7865.0,7870.0
3993,S11,8,working,7870.0,7875.0
3994,S11,8,working,7875.0,7880.0
3995,S11,8,working,7880.0,7885.0
3996,S11,8,working,7885.0,7890.0
3997,S11,8,working,7890.0,7895.0
3998,S11,8,working,7895.0,7900.0
3999,S11,8,working,7900.0,7905.0
4000,S11,8,working,7905.0,7910.0
4001,S11,8,working,7910.0,7915.0
4002,S11,8,working,7915.0,7920.0
4003,S11,8,working,7920.0,7925.0
4004,S11,8,working,7925.0,7930.0
4005,S11,8,working,7930.0,7935.0
4006,S11,8,working,7935.0,7940.0
4007,S11,8,working,7940.0,7945.0
4008,S11,8,working,7945.0,7950.0
4009,S11,8,working,7950.0,7955.0
4010,S11,8,working,7955.0,7960.0
4011,S11,8,working,7960.0,7965.0
4012,S11,8,working,7965.0,7970.0
4013,S11,8,working,7970.0,7975.0
4014,S11,8,working,7975.0,7980.0
4015,S11,8,working,7980.0,7985.0
4016,S11,8,working,7985.0,7990.0
4017,S11,8,working,7990.0,7995.0
4018,S11,8,working,7995.0,8000.0
4019,S11,8,working,8000.0,8005.0
4020,S11,8,working,8005.0,8010.0
4021,S11,8,working,8010.0,8015.0
4022,S11,8,working,8015.0,8020.0
4023,S11,8,working,8020.0,8025.0
4024,S11,8,working,8025.0,8030.0
4025,S11,8,working,8030.0,8035.0
4026,S11,8,working,8035.0,8040.0
4027,S11,8,working,8040.0,8045.0
4028,S11,8,working,8045.0,8050.0
4029,S11,8,working,8050.0,8055.0
4030,S11,8,working,8055.0,8060.0
4031,S11,8,working,8060.0,8065.0
4032,S11,8,working,8065.0,8070.0
4033,S11,8,working,8070.0,8075.0
4034,S11,8,working,8075.0,8080.0
4035,S11,8,working,8080.0,8085.0
4036,S11,8,working,8085.0,8090.0
4037,S11,8,working,8090.0,8095.0
4038,S11,8,working,8095.0,8100.0
4039,S11,8,working,8100.0,8105.0
4040,S11,8,working,8105.0,8110.0
4041,S11,8,working,8110.0,8115.0
4042,S11,8,working,8115.0,8120.0
4043,S11,8,working,8120.0,8125.0
4044,S11,8,working,8125.0,8130.0
4045,S11,8,working,8130.0,8135.0
4046,S11,8,working,8135.0,8140.0
4047,S11,8,working,8140.0,8145.0
4048,S11,8,working,8145.0,8150.0
4049,S11,8,working,8150.0,8155.0
4050,S11,8,working,8155.0,8160.0
4051,S11,8,working,8160.0,8165.0
4052,S11,8,working,8165.0,8170.0
4053,S11,8,working,8170.0,8175.0
4054,S11,8,working,8175.0,8180.0
4055,S11,8,working,8180.0,8185.0
4056,S11,8,working,8185.0,8190.0
4057,S11,8,working,8190.0,8195.0
4058,S11,8,working,8195.0,8200.0
4059,S11,8,working,8200.0,8205.0
4060,S11,8,working,8205.0,8210.0
4061,S11,8,working,8210.0,8215.0
4062,S11,8,working,8215.0,8220.0
4063,S11,8,working,8220.0,8225.0
4064,S11,8,working,8225.0,8230.0
4065,S11,8,working,8230.0,8235.0
4066,S11,8,working,8235.0,8240.0
4067,S11,8,working,8240.0,8245.0
4068,S11,8,working,8245.0,8250.0
4069,S11,8,working,8250.0,8255.0
4070,S11,8,working,8255.0,8260.0
4071,S11,8,working,8260.0,8265.0
4072,S11,8,working,8265.0,8270.0
4073,S11,8,working,8270.0,8275.0
4074,S11,8,working,8275.0,8280.0
4075,S11,8,working,8280.0,8285.0
4076,S11,8,working,8285.0,8290.0
4077,S11,8,working,8290.0,8295.0
4078,S11,8,working,8295.0,8300.0
4079,S11,8,working,8300.0,8305.0
4080,S11,8,working,8305.0,8310.0
4081,S11,8,working,8310.0,8315.0
4082,S11,8,working,8315.0,8320.0
4083,S11,8,working,8320.0,8325.0
4084,S11,8,working,8325.0,8330.0
4085,S11,8,working,8330.0,8335.0
4086,S11,8,working,8335.0,8340.0
4087,S11,8,working,8340.0,8345.0
4088,S11,8,working,8345.0,8350.0
4089,S11,8,working,8350.0,8355.0
4090,S11,8,working,8355.0,8360.0
4091,S11,8,working,8360.0,8365.0
4092,S11,8,working,8365.0,8370.0
4093,S11,8,working,8370.0,8375.0
4094,S11,8,working,8375.0,8380.0
4095,S11,8,working,8380.0,8385.0
4096,S11,8,working,8385.0,8390.0
4097,S11,8,working,8390.0,8395.0
4098,S11,8,working,8395.0,8400.0
4099,S11,8,working,8400.0,8405.0
4100,S11,8,working,8405.0,8410.0
4101,S11,8,working,8410.0,8415.0
4102,S11,8,working,8415.0,8420.0
4103,S11,8,working,8420.0,8425.0
4104,S11,8,working,8425.0,8430.0
4105,S11,8,working,8430.0,8435.0
4106,S11,8,working,8435.0,8440.0
4107,S11,8,working,8440.0,8445.0
4108,S11,8,working,8445.0,8450.0
4109,S11,8,working,8450.0,8455.0
4110,S11,8,working,8455.0,8460.0
4111,S11,8,working,8460.0,8465.0
4112,S11,8,working,8465.0,8470.0
4113,S11,8,working,8470.0,8475.0
4114,S11,8,working,8475.0,8480.0
4115,S11,8,working,8480.0,8485.0
4116,S11,8,working,8485.0,8490.0
4117,S11,8,working,8490.0,8495.0
4118,S11,8,working,8495.0,8500.0
4119,S11,8,working,8500.0,8505.0
4120,S11,8,working,8505.0,8510.0
4121,S11,8,working,8510.0,8515.0
4122,S11,8,working,8515.0,8520.0
4123,S11,8,working,8520.0,8525.0
4124,S11,8,working,8525.0,8530.0
4125,S11,8,working,8530.0,8535.0
4126,S11,8,working,8535.0,8540.0
4127,S11,8,working,8540.0,8545.0
4128,S11,8,working,8545.0,8550.0
4129,S11,8,working,8550.0,8555.0
4130,S11,8,working,8555.0,8560.0
4131,S11,8,working,8560.0,8565.0
4132,S11,8,working,8565.0,8570.0
4133,S11,8,working,8570.0,8575.0
4134,S11,8,working,8575.0,8580.0
4135,S11,8,working,8580.0,8585.0
4136,S11,8,working,8585.0,8590.0
4137,S11,8,working,8590.0,8595.0
4138,S11,8,working,8595.0,8600.0
4139,S11,8,working,8600.0,8605.0
4140,S11,8,working,8605.0,8610.0
4141,S11,8,working,8610.0,8615.0
4142,S11,8,working,8615.0,8620.0
4143,S11,8,working,8620.0,8625.0
4144,S11,8,working,8625.0,8630.0
4145,S11,8,working,8630.0,8635.0
4146,S11,8,working,8635.0,8640.0
4147,S11,8,working,8640.0,8645.0
4148,S11,8,working,8645.0,8650.0
4149,S11,8,working,8650.0,8655.0
4150,S11,8,working,8655.0,8660.0
4151,S11,8,working,8660.0,8665.0
4152,S11,8,working,8665.0,8670.0
4153,S11,8,working,8670.0,8675.0
4154,S11,8,working,8675.0,8680.0
4155,S11,8,working,8680.0,8685.0
4156,S11,8,working,8685.0,8690.0
4157,S11,8,working,8690.0,8695.0
4158,S11,8,working,8695.0,8700.0
4159,S11,8,working,8700.0,8705.0
4160,S11,8,working,8705.0,8710.0
4161,S11,8,working,8710.0,8715.0
4162,S11,8,working,8715.0,8720.0
4163,S11,8,working,8720.0,8725.0
4164,S11,8,working,8725.0,8730.0
4165,S11,8,working,8730.0,8735.0
4166,S11,8,working,8735.0,8740.0
4167,S11,8,working,8740.0,8745.0
4168,S11,8,working,8745.0,8750.0
4169,S11,8,working,8750.0,8755.0
4170,S11,8,working,8755.0,8760.0
4171,S11,8,working,8760.0,8765.0
4172,S11,8,working,8765.0,8770.0
4173,S11,8,working,8770.0,8775.0
4174,S11,8,working,8775.0,8780.0
4175,S11,8,working,8780.0,8785.0
4176,S11,8,working,8785.0,8790.0
4177,S11,8,working,8790.0,8795.0
4178,S11,8,working,8795.0,8800.0
4179,S11,8,working,8800.0,8805.0
4180,S11,8,working,8805.0,8810.0
4181,S11,8,working,8810.0,8815.0
4182,S11,8,working,8815.0,8820.0
4183,S11,8,working,8820.0,8825.0
4184,S11,8,working,8825.0,8830.0
4185,S11,8,working,8830.0,8835.0
4186,S11,8,working,8835.0,8840.0
4187,S11,8,working,8840.0,8845.0
4188,S11,8,working,8845.0,8850.0
4189,S11,8,working,8850.0,8855.0
4190,S12,1,sitting,90.0,95.0
4191,S12,1,sitting,95.0,100.0
4192,S12,1,sitting,100.0,105.0
4193,S12,1,sitting,105.0,110.0
4194,S12,1,sitting,110.0,115.0
4195,S12,1,sitting,115.0,120.0
4196,S12,1,sitting,120.0,125.0
4197,S12,1,sitting,125.0,130.0
4198,S12,1,sitting,130.0,135.0
4199,S12,1,sitting,135.0,140.0
4200,S12,1,sitting,140.0,145.0
4201,S12,1,sitting,145.0,150.0
4202,S12,1,sitting,150.0,155.0
4203,S12,1,sitting,155.0,160.0
4204,S12,1,sitting,160.0,165.0
4205,S12,1,sitting,165.0,170.0
4206,S12,1,sitting,170.0,175.0
4207,S12,1,sitting,175.0,180.0
4208,S12,1,sitting,180.0,185.0
4209,S12,1,sitting,185.0,190.0
4210,S12,1,sitting,190.0,195.0
4211,S12,1,sitting,195.0,200.0
4212,S12,1,sitting,200.0,205.0
4213,S12,1,sitting,205.0,210.0
4214,S12,1,sitting,210.0,215.0
4215,S12,1,sitting,215.0,220.0
4216,S12,1,sitting,220.0,225.0
4217,S12,1,sitting,225.0,230.0
4218,S12,1,sitting,230.0,235.0
4219,S12,1,sitting,235.0,240.0
4220,S12,1,sitting,240.0,245.0
4221,S12,1,sitting,245.0,250.0
4222,S12,1,sitting,250.0,255.0
4223,S12,1,sitting,255.0,260.0
4224,S12,1,sitting,260.0,265.0
4225,S12,1,sitting,265.0,270.0
4226,S12,1,sitting,270.0,275.0
4227,S12,1,sitting,275.0,280.0
4228,S12,1,sitting,280.0,285.0
4229,S12,1,sitting,285.0,290.0
4230,S12,1,sitting,290.0,295.0
4231,S12,1,sitting,295.0,300.0
4232,S12,1,sitting,300.0,305.0
4233,S12,1,sitting,305.0,310.0
4234,S12,1,sitting,310.0,315.0
4235,S12,1,sitting,315.0,320.0
4236,S12,1,sitting,320.0,325.0
4237,S12,1,sitting,325.0,330.0
4238,S12,1,sitting,330.0,335.0
4239,S12,1,sitting,335.0,340.0
4240,S12,1,sitting,340.0,345.0
4241,S12,1,sitting,345.0,350.0
4242,S12,1,sitting,350.0,355.0
4243,S12,1,sitting,355.0,360.0
4244,S12,1,sitting,360.0,365.0
4245,S12,1,sitting,365.0,370.0
4246,S12,1,sitting,370.0,375.0
4247,S12,1,sitting,375.0,380.0
4248,S12,1,sitting,380.0,385.0
4249,S12,1,sitting,385.0,390.0
4250,S12,1,sitting,390.0,395.0
4251,S12,1,sitting,395.0,400.0
4252,S12,1,sitting,400.0,405.0
4253,S12,1,sitting,405.0,410.0
4254,S12,1,sitting,410.0,415.0
4255,S12,1,sitting,415.0,420.0
4256,S12,1,sitting,420.0,425.0
4257,S12,1,sitting,425.0,430.0
4258,S12,1,sitting,430.0,435.0
4259,S12,1,sitting,435.0,440.0
4260,S12,1,sitting,440.0,445.0
4261,S12,1,sitting,445.0,450.0
4262,S12,1,sitting,450.0,455.0
4263,S12,1,sitting,455.0,460.0
4264,S12,1,sitting,460.0,465.0
4265,S12,1,sitting,465.0,470.0
4266,S12,1,sitting,470.0,475.0
4267,S12,1,sitting,475.0,480.0
4268,S12,1,sitting,480.0,485.0
4269,S12,1,sitting,485.0,490.0
4270,S12,1,sitting,490.0,495.0
4271,S12,1,sitting,495.0,500.0
4272,S12,1,sitting,500.0,505.0
4273,S12,1,sitting,505.0,510.0
4274,S12,1,sitting,510.0,515.0
4275,S12,1,sitting,515.0,520.0
4276,S12,1,sitting,520.0,525.0
4277,S12,1,sitting,525.0,530.0
4278,S12,1,sitting,530.0,535.0
4279,S12,1,sitting,535.0,540.0
4280,S12,1,sitting,540.0,545.0
4281,S12,1,sitting,545.0,550.0
4282,S12,1,sitting,550.0,555.0
4283,S12,1,sitting,555.0,560.0
4284,S12,1,sitting,560.0,565.0
4285,S12,1,sitting,565.0,570.0
4286,S12,1,sitting,570.0,575.0
4287,S12,1,sitting,575.0,580.0
4288,S12,1,sitting,580.0,585.0
4289,S12,1,sitting,585.0,590.0
4290,S12,1,sitting,590.0,595.0
4291,S12,1,sitting,595.0,600.0
4292,S12,1,sitting,600.0,605.0
4293,S12,1,sitting,605.0,610.0
4294,S12,1,sitting,610.0,615.0
4295,S12,1,sitting,615.0,620.0
4296,S12,1,sitting,620.0,625.0
4297,S12,1,sitting,625.0,630.0
4298,S12,1,sitting,630.0,635.0
4299,S12,1,sitting,635.0,640.0
4300,S12,1,sitting,640.0,645.0
4301,S12,1,sitting,645.0,650.0
4302,S12,1,sitting,650.0,655.0
4303,S12,1,sitting,655.0,660.0
4304,S12,1,sitting,660.0,665.0
4305,S12,1,sitting,665.0,670.0
4306,S12,1,sitting,670.0,675.0
4307,S12,1,sitting,675.0,680.0
4308,S12,1,sitting,680.0,685.0
4309,S12,2,stairs,830.0,835.0
4310,S12,2,stairs,835.0,840.0
4311,S12,2,stairs,840.0,845.0
4312,S12,2,stairs,845.0,850.0
4313,S12,2,stairs,850.0,855.0
4314,S12,2,stairs,855.0,860.0
4315,S12,2,stairs,860.0,865.0
4316,S12,2,stairs,865.0,870.0
4317,S12,2,stairs,870.0,875.0
4318,S12,2,stairs,875.0,880.0
4319,S12,2,stairs,880.0,885.0
4320,S12,2,stairs,885.0,890.0
4321,S12,2,stairs,890.0,895.0
4322,S12,2,stairs,895.0,900.0
4323,S12,2,stairs,900.0,905.0
4324,S12,2,stairs,905.0,910.0
4325,S12,2,stairs,910.0,915.0
4326,S12,2,stairs,915.0,920.0
4327,S12,2,stairs,920.0,925.0
4328,S12,2,stairs,925.0,930.0
4329,S12,2,stairs,930.0,935.0
4330,S12,2,stairs,935.0,940.0
4331,S12,2,stairs,940.0,945.0
4332,S12,2,stairs,945.0,950.0
4333,S12,2,stairs,950.0,955.0
4334,S12,2,stairs,955.0,960.0
4335,S12,2,stairs,960.0,965.0
4336,S12,2,stairs,965.0,970.0
4337,S12,2,stairs,970.0,975.0
4338,S12,2,stairs,975.0,980.0
4339,S12,2,stairs,980.0,985.0
4340,S12,2,stairs,985.0,990.0
4341,S12,2,stairs,990.0,995.0
4342,S12,2,stairs,995.0,1000.0
4343,S12,2,stairs,1000.0,1005.0
4344,S12,2,stairs,1005.0,1010.0
4345,S12,2,stairs,1010.0,1015.0
4346,S12,2,stairs,1015.0,1020.0
4347,S12,2,stairs,1020.0,1025.0
4348,S12,2,stairs,1025.0,1030.0
4349,S12,2,stairs,1030.0,1035.0
4350,S12,2,stairs,1035.0,1040.0
4351,S12,2,stairs,1040.0,1045.0
4352,S12,2,stairs,1045.0,1050.0
4353,S12,2,stairs,1050.0,1055.0
4354,S12,2,stairs,1055.0,1060.0
4355,S12,2,stairs,1060.0,1065.0
4356,S12,2,stairs,1065.0,1070.0
4357,S12,2,stairs,1070.0,1075.0
4358,S12,2,stairs,1075.0,1080.0
4359,S12,2,stairs,1080.0,1085.0
4360,S12,2,stairs,1085.0,1090.0
4361,S12,2,stairs,1090.0,1095.0
4362,S12,2,stairs,1095.0,1100.0
4363,S12,2,stairs,1100.0,1105.0
4364,S12,2,stairs,1105.0,1110.0
4365,S12,2,stairs,1110.0,1115.0
4366,S12,2,stairs,1115.0,1120.0
4367,S12,2,stairs,1120.0,1125.0
4368,S12,2,stairs,1125.0,1130.0
4369,S12,2,stairs,1130.0,1135.0
4370,S12,2,stairs,1135.0,1140.0
4371,S12,2,stairs,1140.0,1145.0
4372,S12,2,stairs,1145.0,1150.0
4373,S12,2,stairs,1150.0,1155.0
4374,S12,2,stairs,1155.0,1160.0
4375,S12,2,stairs,1160.0,1165.0
4376,S12,2,stairs,1165.0,1170.0
4377,S12,2,stairs,1170.0,1175.0
4378,S12,2,stairs,1175.0,1180.0
4379,S12,2,stairs,1180.0,1185.0
4380,S12,2,stairs,1185.0,1190.0
4381,S12,2,stairs,1190.0,1195.0
4382,S12,2,stairs,1195.0,1200.0
4383,S12,2,stairs,1200.0,1205.0
4384,S12,2,stairs,1205.0,1210.0
4385,S12,2,stairs,1210.0,1215.0
4386,S12,2,stairs,1215.0,1220.0
4387,S12,2,stairs,1220.0,1225.0
4388,S12,2,stairs,1225.0,1230.0
4389,S12,2,stairs,1230.0,1235.0
4390,S12,2,stairs,1235.0,1240.0
4391,S12,2,stairs,1240.0,1245.0
4392,S12,2,stairs,1245.0,1250.0
4393,S12,2,stairs,1250.0,1255.0
4394,S12,2,stairs,1255.0,1260.0
4395,S12,2,stairs,1260.0,1265.0
4396,S12,2,stairs,1265.0,1270.0
4397,S12,2,stairs,1270.0,1275.0
4398,S12,2,stairs,1275.0,1280.0
4399,S12,2,stairs,1280.0,1285.0
4400,S12,2,stairs,1285.0,1290.0
4401,S12,2,stairs,1290.0,1295.0
4402,S12,2,stairs,1295.0,1300.0
4403,S12,2,stairs,1300.0,1305.0
4404,S12,2,stairs,1305.0,1310.0
4405,S12,3,table_soccer,1425.0,1430.0
4406,S12,3,table_soccer,1430.0,1435.0
4407,S12,3,table_soccer,1435.0,1440.0
4408,S12,3,table_soccer,1440.0,1445.0
4409,S12,3,table_soccer,1445.0,1450.0
4410,S12,3,table_soccer,1450.0,1455.0
4411,S12,3,table_soccer,1455.0,1460.0
4412,S12,3,table_soccer,1460.0,1465.0
4413,S12,3,table_soccer,1465.0,1470.0
4414,S12,3,table_soccer,1470.0,1475.0
4415,S12,3,table_soccer,1475.0,1480.0
4416,S12,3,table_soccer,1480.0,1485.0
4417,S12,3,table_soccer,1485.0,1490.0
4418,S12,3,table_soccer,1490.0,1495.0
4419,S12,3,table_soccer,1495.0,1500.0
4420,S12,3,table_soccer,1500.0,1505.0
4421,S12,3,table_soccer,1505.0,1510.0
4422,S12,3,table_soccer,1510.0,1515.0
4423,S12,3,table_soccer,1515.0,1520.0
4424,S12,3,table_soccer,1520.0,1525.0
4425,S12,3,table_soccer,1525.0,1530.0
4426,S12,3,table_soccer,1530.0,1535.0
4427,S12,3,table_soccer,1535.0,1540.0
4428,S12,3,table_soccer,1540.0,1545.0
4429,S12,3,table_soccer,1545.0,1550.0
4430,S12,3,table_soccer,1550.0,1555.0
4431,S12,3,table_soccer,1555.0,1560.0
4432,S12,3,table_soccer,1560.0,1565.0
4433,S12,3,table_soccer,1565.0,1570.0
4434,S12,3,table_soccer,1570.0,1575.0
4435,S12,3,table_soccer,1575.0,1580.0
4436,S12,3,table_soccer,1580.0,1585.0
4437,S12,3,table_soccer,1585.0,1590.0
4438,S12,3,table_soccer,1590.0,1595.0
4439,S12,3,table_soccer,1595.0,1600.0
4440,S12,3,table_soccer,1600.0,1605.0
4441,S12,3,table_soccer,1605.0,1610.0
4442,S12,3,table_soccer,1610.0,1615.0
4443,S12,3,table_soccer,1615.0,1620.0
4444,S12,3,table_soccer,1620.0,1625.0
4445,S12,3,table_soccer,1625.0,1630.0
4446,S12,3,table_soccer,1630.0,1635.0
4447,S12,3,table_soccer,1635.0,1640.0
4448,S12,3,table_soccer,1640.0,1645.0
4449,S12,3,table_soccer,1645.0,1650.0
4450,S12,3,table_soccer,1650.0,1655.0
4451,S12,3,table_soccer,1655.0,1660.0
4452,S12,3,table_soccer,1660.0,1665.0
4453,S12,3,table_soccer,1665.0,1670.0
4454,S12,3,table_soccer,1670.0,1675.0
4455,S12,3,table_soccer,1675.0,1680.0
4456,S12,3,table_soccer,1680.0,1685.0
4457,S12,3,table_soccer,1685.0,1690.0
4458,S12,3,table_soccer,1690.0,1695.0
4459,S12,3,table_soccer,1695.0,1700.0
4460,S12,4,cycling,2070.0,2075.0
4461,S12,4,cycling,2075.0,2080.0
4462,S12,4,cycling,2080.0,2085.0
4463,S12,4,cycling,2085.0,2090.0
4464,S12,4,cycling,2090.0,2095.0
4465,S12,4,cycling,2095.0,2100.0
4466,S12,4,cycling,2100.0,2105.0
4467,S12,4,cycling,2105.0,2110.0
4468,S12,4,cycling,2110.0,2115.0
4469,S12,4,cycling,2115.0,2120.0
4470,S12,4,cycling,2120.0,2125.0
4471,S12,4,cycling,2125.0,2130.0
4472,S12,4,cycling,2130.0,2135.0
4473,S12,4,cycling,2135.0,2140.0
4474,S12,4,cycling,2140.0,2145.0
4475,S12,4,cycling,2145.0,2150.0
4476,S12,4,cycling,2150.0,2155.0
4477,S12,4,cycling,2155.0,2160.0
4478,S12,4,cycling,2160.0,2165.0
4479,S12,4,cycling,2165.0,2170.0
4480,S12,4,cycling,2170.0,2175.0
4481,S12,4,cycling,2175.0,2180.0
4482,S12,4,cycling,2180.0,2185.0
4483,S12,4,cycling,2185.0,2190.0
4484,S12,4,cycling,2190.0,2195.0
4485,S12,4,cycling,2195.0,2200.0
4486,S12,4,cycling,2200.0,2205.0
4487,S12,4,cycling,2205.0,2210.0
4488,S12,4,cycling,2210.0,2215.0
4489,S12,4,cycling,2215.0,2220.0
4490,S12,4,cycling,2220.0,2225.0
4491,S12,4,cycling,2225.0,2230.0
4492,S12,4,cycling,2230.0,2235.0
4493,S12,4,cycling,2235.0,2240.0
4494,S12,4,cycling,2240.0,2245.0
4495,S12,4,cycling,2245.0,2250.0
4496,S12,4,cycling,2250.0,2255.0
4497,S12,4,cycling,2255.0,2260.0
4498,S12,4,cycling,2260.0,2265.0
4499,S12,4,cycling,2265.0,2270.0
4500,S12,4,cycling,2270.0,2275.0
4501,S12,4,cycling,2275.0,2280.0
4502,S12,4,cycling,2280.0,2285.0
4503,S12,4,cycling,2285.0,2290.0
4504,S12,4,cycling,2290.0,2295.0
4505,S12,4,cycling,2295.0,2300.0
4506,S12,4,cycling,2300.0,2305.0
4507,S12,4,cycling,2305.0,2310.0
4508,S12,4,cycling,2310.0,2315.0
4509,S12,4,cycling,2315.0,2320.0
4510,S12,4,cycling,2320.0,2325.0
4511,S12,4,cycling,2325.0,2330.0
4512,S12,4,cycling,2330.0,2335.0
4513,S12,4,cycling,2335.0,2340.0
4514,S12,4,cycling,2340.0,2345.0
4515,S12,4,cycling,2345.0,2350.0
4516,S12,4,cycling,2350.0,2355.0
4517,S12,4,cycling,2355.0,2360.0
4518,S12,4,cycling,2360.0,2365.0
4519,S12,4,cycling,2365.0,2370.0
4520,S12,4,cycling,2370.0,2375.0
4521,S12,4,cycling,2375.0,2380.0
4522,S12,4,cycling,2380.0,2385.0
4523,S12,4,cycling,2385.0,2390.0
4524,S12,4,cycling,2390.0,2395.0
4525,S12,4,cycling,2395.0,2400.0
4526,S12,4,cycling,2400.0,2405.0
4527,S12,4,cycling,2405.0,2410.0
4528,S12,4,cycling,2410.0,2415.0
4529,S12,4,cycling,2415.0,2420.0
4530,S12,4,cycling,2420.0,2425.0
4531,S12,4,cycling,2425.0,2430.0
4532,S12,4,cycling,2430.0,2435.0
4533,S12,4,cycling,2435.0,2440.0
4534,S12,4,cycling,2440.0,2445.0
4535,S12,4,cycling,2445.0,2450.0
4536,S12,4,cycling,2450.0,2455.0
4537,S12,4,cycling,2455.0,2460.0
4538,S12,4,cycling,2460.0,2465.0
4539,S12,4,cycling,2465.0,2470.0
4540,S12,4,cycling,2470.0,2475.0
4541,S12,4,cycling,2475.0,2480.0
4542,S12,4,cycling,2480.0,2485.0
4543,S12,4,cycling,2485.0,2490.0
4544,S12,4,cycling,2490.0,2495.0
4545,S12,4,cycling,2495.0,2500.0
4546,S12,4,cycling,2500.0,2505.0
4547,S12,4,cycling,2505.0,2510.0
4548,S12,4,cycling,2510.0,2515.0
4549,S12,4,cycling,2515.0,2520.0
4550,S12,4,cycling,2520.0,2525.0
4551,S12,4,cycling,2525.0,2530.0
4552,S12,4,cycling,2530.0,2535.0
4553,S12,4,cycling,2535.0,2540.0
4554,S12,4,cycling,2540.0,2545.0
4555,S12,5,car_driving,2880.0,2885.0
4556,S12,5,car_driving,2885.0,2890.0
4557,S12,5,car_driving,2890.0,2895.0
4558,S12,5,car_driving,2895.0,2900.0
4559,S12,5,car_driving,2900.0,2905.0
4560,S12,5,car_driving,2905.0,2910.0
4561,S12,5,car_driving,2910.0,2915.0
4562,S12,5,car_driving,2915.0,2920.0
4563,S12,5,car_driving,2920.0,2925.0
4564,S12,5,car_driving,2925.0,2930.0
4565,S12,5,car_driving,2930.0,2935.0
4566,S12,5,car_driving,2935.0,2940.0
4567,S12,5,car_driving,2940.0,2945.0
4568,S12,5,car_driving,2945.0,2950.0
4569,S12,5,car_driving,2950.0,2955.0
4570,S12,5,car_driving,2955.0,2960.0
4571,S12,5,car_driving,2960.0,2965.0
4572,S12,5,car_driving,2965.0,2970.0
4573,S12,5,car_driving,2970.0,2975.0
4574,S12,5,car_driving,2975.0,2980.0
4575,S12,5,car_driving,2980.0,2985.0
4576,S12,5,car_driving,2985.0,2990.0
4577,S12,5,car_driving,2990.0,2995.0
4578,S12,5,car_driving,2995.0,3000.0
4579,S12,5,car_driving,3000.0,3005.0
4580,S12,5,car_driving,3005.0,3010.0
4581,S12,5,car_driving,3010.0,3015.0
4582,S12,5,car_driving,3015.0,3020.0
4583,S12,5,car_driving,3020.0,3025.0
4584,S12,5,car_driving,3025.0,3030.0
4585,S12,5,car_driving,3030.0,3035.0
4586,S12,5,car_driving,3035.0,3040.0
4587,S12,5,car_driving,3040.0,3045.0
4588,S12,5,car_driving,3045.0,3050.0
4589,S12,5,car_driving,3050.0,3055.0
4590,S12,5,car_driving,3055.0,3060.0
4591,S12,5,car_driving,3060.0,3065.0
4592,S12,5,car_driving,3065.0,3070.0
4593,S12,5,car_driving,3070.0,3075.0
4594,S12,5,car_driving,3075.0,3080.0
4595,S12,5,car_driving,3080.0,3085.0
4596,S12,5,car_driving,3085.0,3090.0
4597,S12,5,car_driving,3090.0,3095.0
4598,S12,5,car_driving,3095.0,3100.0
4599,S12,5,car_driving,3100.0,3105.0
4600,S12,5,car_driving,3105.0,3110.0
4601,S12,5,car_driving,3110.0,3115.0
4602,S12,5,car_driving,3115.0,3120.0
4603,S12,5,car_driving,3120.0,3125.0
4604,S12,5,car_driving,3125.0,3130.0
4605,S12,5,car_driving,3130.0,3135.0
4606,S12,5,car_driving,3135.0,3140.0
4607,S12,5,car_driving,3140.0,3145.0
4608,S12,5,car_driving,3145.0,3150.0
4609,S12,5,car_driving,3150.0,3155.0
4610,S12,5,car_driving,3155.0,3160.0
4611,S12,5,car_driving,3160.0,3165.0
4612,S12,5,car_driving,3165.0,3170.0
4613,S12,5,car_driving,3170.0,3175.0
4614,S12,5,car_driving,3175.0,3180.0
4615,S12,5,car_driving,3180.0,3185.0
4616,S12,5,car_driving,3185.0,3190.0
4617,S12,5,car_driving,3190.0,3195.0
4618,S12,5,car_driving,3195.0,3200.0
4619,S12,5,car_driving,3200.0,3205.0
4620,S12,5,car_driving,3205.0,3210.0
4621,S12,5,car_driving,3210.0,3215.0
4622,S12,5,car_driving,3215.0,3220.0
4623,S12,5,car_driving,3220.0,3225.0
4624,S12,5,car_driving,3225.0,3230.0
4625,S12,5,car_driving,3230.0,3235.0
4626,S12,5,car_driving,3235.0,3240.0
4627,S12,5,car_driving,3240.0,3245.0
4628,S12,5,car_driving,3245.0,3250.0
4629,S12,5,car_driving,3250.0,3255.0
4630,S12,5,car_driving,3255.0,3260.0
4631,S12,5,car_driving,3260.0,3265.0
4632,S12,5,car_driving,3265.0,3270.0
4633,S12,5,car_driving,3270.0,3275.0
4634,S12,5,car_driving,3275.0,3280.0
4635,S12,5,car_driving,3280.0,3285.0
4636,S12,5,car_driving,3285.0,3290.0
4637,S12,5,car_driving,3290.0,3295.0
4638,S12,5,car_driving,3295.0,3300.0
4639,S12,5,car_driving,3300.0,3305.0
4640,S12,5,car_driving,3305.0,3310.0
4641,S12,5,car_driving,3310.0,3315.0
4642,S12,5,car_driving,3315.0,3320.0
4643,S12,5,car_driving,3320.0,3325.0
4644,S12,5,car_driving,3325.0,3330.0
4645,S12,5,car_driving,3330.0,3335.0
4646,S12,5,car_driving,3335.0,3340.0
4647,S12,5,car_driving,3340.0,3345.0
4648,S12,5,car_driving,3345.0,3350.0
4649,S12,5,car_driving,3350.0,3355.0
4650,S12,5,car_driving,3355.0,3360.0
4651,S12,5,car_driving,3360.0,3365.0
4652,S12,5,car_driving,3365.0,3370.0
4653,S12,5,car_driving,3370.0,3375.0
4654,S12,5,car_driving,3375.0,3380.0
4655,S12,5,car_driving,3380.0,3385.0
4656,S12,5,car_driving,3385.0,3390.0
4657,S12,5,car_driving,3390.0,3395.0
4658,S12,5,car_driving,3395.0,3400.0
4659,S12,5,car_driving,3400.0,3405.0
4660,S12,5,car_driving,3405.0,3410.0
4661,S12,5,car_driving,3410.0,3415.0
4662,S12,5,car_driving,3415.0,3420.0
4663,S12,5,car_driving,3420.0,3425.0
4664,S12,5,car_driving,3425.0,3430.0
4665,S12,5,car_driving,3430.0,3435.0
4666,S12,5,car_driving,3435.0,3440.0
4667,S12,5,car_driving,3440.0,3445.0
4668,S12,5,car_driving,3445.0,3450.0
4669,S12,5,car_driving,3450.0,3455.0
4670,S12,5,car_driving,3455.0,3460.0
4671,S12,5,car_driving,3460.0,3465.0
4672,S12,5,car_driving,3465.0,3470.0
4673,S12,5,car_driving,3470.0,3475.0
4674,S12,5,car_driving,3475.0,3480.0
4675,S12,5,car_driving,3480.0,3485.0
4676,S12,5,car_driving,3485.0,3490.0
4677,S12,5,car_driving,3490.0,3495.0
4678,S12,5,car_driving,3495.0,3500.0
4679,S12,5,car_driving,3500.0,3505.0
4680,S12,5,car_driving,3505.0,3510.0
4681,S12,5,car_driving,3510.0,3515.0
4682,S12,5,car_driving,3515.0,3520.0
4683,S12,5,car_driving,3520.0,3525.0
4684,S12,5,car_driving,3525.0,3530.0
4685,S12,5,car_driving,3530.0,3535.0
4686,S12,5,car_driving,3535.0,3540.0
4687,S12,5,car_driving,3540.0,3545.0
4688,S12,5,car_driving,3545.0,3550.0
4689,S12,5,car_driving,3550.0,3555.0
4690,S12,5,car_driving,3555.0,3560.0
4691,S12,5,car_driving,3560.0,3565.0
4692,S12,5,car_driving,3565.0,3570.0
4693,S12,5,car_driving,3570.0,3575.0
4694,S12,5,car_driving,3575.0,3580.0
4695,S12,5,car_driving,3580.0,3585.0
4696,S12,5,car_driving,3585.0,3590.0
4697,S12,5,car_driving,3590.0,3595.0
4698,S12,5,car_driving,3595.0,3600.0
4699,S12,5,car_driving,3600.0,3605.0
4700,S12,5,car_driving,3605.0,3610.0
4701,S12,5,car_driving,3610.0,3615.0
4702,S12,5,car_driving,3615.0,3620.0
4703,S12,5,car_driving,3620.0,3625.0
4704,S12,5,car_driving,3625.0,3630.0
4705,S12,5,car_driving,3630.0,3635.0
4706,S12,5,car_driving,3635.0,3640.0
4707,S12,5,car_driving,3640.0,3645.0
4708,S12,5,car_driving,3645.0,3650.0
4709,S12,5,car_driving,3650.0,3655.0
4710,S12,5,car_driving,3655.0,3660.0
4711,S12,5,car_driving,3660.0,3665.0
4712,S12,5,car_driving,3665.0,3670.0
4713,S12,5,car_driving,3670.0,3675.0
4714,S12,5,car_driving,3675.0,3680.0
4715,S12,5,car_driving,3680.0,3685.0
4716,S12,5,car_driving,3685.0,3690.0
4717,S12,5,car_driving,3690.0,3695.0
4718,S12,5,car_driving,3695.0,3700.0
4719,S12,5,car_driving,3700.0,3705.0
4720,S12,5,car_driving,3705.0,3710.0
4721,S12,5,car_driving,3710.0,3715.0
4722,S12,5,car_driving,3715.0,3720.0
4723,S12,5,car_driving,3720.0,3725.0
4724,S12,5,car_driving,3725.0,3730.0
4725,S12,5,car_driving,3730.0,3735.0
4726,S12,5,car_driving,3735.0,3740.0
4727,S12,5,car_driving,3740.0,3745.0
4728,S12,5,car_driving,3745.0,3750.0
4729,S12,5,car_driving,3750.0,3755.0
4730,S12,5,car_driving,3755.0,3760.0
4731,S12,5,car_driving,3760.0,3765.0
4732,S12,6,lunch_break,4440.0,4445.0
4733,S12,6,lunch_break,4445.0,4450.0
4734,S12,6,lunch_break,4450.0,4455.0
4735,S12,6,lunch_break,4455.0,4460.0
4736,S12,6,lunch_break,4460.0,4465.0
4737,S12,6,lunch_break,4465.0,4470.0
4738,S12,6,lunch_break,4470.0,4475.0
4739,S12,6,lunch_break,4475.0,4480.0
4740,S12,6,lunch_break,4480.0,4485.0
4741,S12,6,lunch_break,4485.0,4490.0
4742,S12,6,lunch_break,4490.0,4495.0
4743,S12,6,lunch_break,4495.0,4500.0
4744,S12,6,lunch_break,4500.0,4505.0
4745,S12,6,lunch_break,4505.0,4510.0
4746,S12,6,lunch_break,4510.0,4515.0
4747,S12,6,lunch_break,4515.0,4520.0
4748,S12,6,lunch_break,4520.0,4525.0
4749,S12,6,lunch_break,4525.0,4530.0
4750,S12,6,lunch_break,4530.0,4535.0
4751,S12,6,lunch_break,4535.0,4540.0
4752,S12,6,lunch_break,4540.0,4545.0
4753,S12,6,lunch_break,4545.0,4550.0
4754,S12,6,lunch_break,4550.0,4555.0
4755,S12,6,lunch_break,4555.0,4560.0
4756,S12,6,lunch_break,4560.0,4565.0
4757,S12,6,lunch_break,4565.0,4570.0
4758,S12,6,lunch_break,4570.0,4575.0
4759,S12,6,lunch_break,4575.0,4580.0
4760,S12,6,lunch_break,4580.0,4585.0
4761,S12,6,lunch_break,4585.0,4590.0
4762,S12,6,lunch_break,4590.0,4595.0
4763,S12,6,lunch_break,4595.0,4600.0
4764,S12,6,lunch_break,4600.0,4605.0
4765,S12,6,lunch_break,4605.0,4610.0
4766,S12,6,lunch_break,4610.0,4615.0
4767,S12,6,lunch_break,4615.0,4620.0
4768,S12,6,lunch_break,4620.0,4625.0
4769,S12,6,lunch_break,4625.0,4630.0
4770,S12,6,lunch_break,4630.0,4635.0
4771,S12,6,lunch_break,4635.0,4640.0
4772,S12,6,lunch_break,4640.0,4645.0
4773,S12,6,lunch_break,4645.0,4650.0
4774,S12,6,lunch_break,4650.0,4655.0
4775,S12,6,lunch_break,4655.0,4660.0
4776,S12,6,lunch_break,4660.0,4665.0
4777,S12,6,lunch_break,4665.0,4670.0
4778,S12,6,lunch_break,4670.0,4675.0
4779,S12,6,lunch_break,4675.0,4680.0
4780,S12,6,lunch_break,4680.0,4685.0
4781,S12,6,lunch_break,4685.0,4690.0
4782,S12,6,lunch_break,4690.0,4695.0
4783,S12,6,lunch_break,4695.0,4700.0
4784,S12,6,lunch_break,4700.0,4705.0
4785,S12,6,lunch_break,4705.0,4710.0
4786,S12,6,lunch_break,4710.0,4715.0
4787,S12,6,lunch_break,4715.0,4720.0
4788,S12,6,lunch_break,4720.0,4725.0
4789,S12,6,lunch_break,4725.0,4730.0
4790,S12,6,lunch_break,4730.0,4735.0
4791,S12,6,lunch_break,4735.0,4740.0
4792,S12,6,lunch_break,4740.0,4745.0
4793,S12,6,lunch_break,4745.0,4750.0
4794,S12,6,lunch_break,4750.0,4755.0
4795,S12,6,lunch_break,4755.0,4760.0
4796,S12,6,lunch_break,4760.0,4765.0
4797,S12,6,lunch_break,4765.0,4770.0
4798,S12,6,lunch_break,4770.0,4775.0
4799,S12,6,lunch_break,4775.0,4780.0
4800,S12,6,lunch_break,4780.0,4785.0
4801,S12,6,lunch_break,4785.0,4790.0
4802,S12,6,lunch_break,4790.0,4795.0
4803,S12,6,lunch_break,4795.0,4800.0
4804,S12,6,lunch_break,4800.0,4805.0
4805,S12,6,lunch_break,4805.0,4810.0
4806,S12,6,lunch_break,4810.0,4815.0
4807,S12,6,lunch_break,4815.0,4820.0
4808,S12,6,lunch_break,4820.0,4825.0
4809,S12,6,lunch_break,4825.0,4830.0
4810,S12,6,lunch_break,4830.0,4835.0
4811,S12,6,lunch_break,4835.0,4840.0
4812,S12,6,lunch_break,4840.0,4845.0
4813,S12,6,lunch_break,4845.0,4850.0
4814,S12,6,lunch_break,4850.0,4855.0
4815,S12,6,lunch_break,4855.0,4860.0
4816,S12,6,lunch_break,4860.0,4865.0
4817,S12,6,lunch_break,4865.0,4870.0
4818,S12,6,lunch_break,4870.0,4875.0
4819,S12,6,lunch_break,4875.0,4880.0
4820,S12,6,lunch_break,4880.0,4885.0
4821,S12,6,lunch_break,4885.0,4890.0
4822,S12,6,lunch_break,4890.0,4895.0
4823,S12,6,lunch_break,4895.0,4900.0
4824,S12,6,lunch_break,4900.0,4905.0
4825,S12,6,lunch_break,4905.0,4910.0
4826,S12,6,lunch_break,4910.0,4915.0
4827,S12,6,lunch_break,4915.0,4920.0
4828,S12,6,lunch_break,4920.0,4925.0
4829,S12,6,lunch_break,4925.0,4930.0
4830,S12,6,lunch_break,4930.0,4935.0
4831,S12,6,lunch_break,4935.0,4940.0
4832,S12,6,lunch_break,4940.0,4945.0
4833,S12,6,lunch_break,4945.0,4950.0
4834,S12,6,lunch_break,4950.0,4955.0
4835,S12,6,lunch_break,4955.0,4960.0
4836,S12,6,lunch_break,4960.0,4965.0
4837,S12,6,lunch_break,4965.0,4970.0
4838,S12,6,lunch_break,4970.0,4975.0
4839,S12,6,lunch_break,4975.0,4980.0
4840,S12,6,lunch_break,4980.0,4985.0
4841,S12,6,lunch_break,4985.0,4990.0
4842,S12,6,lunch_break,4990.0,4995.0
4843,S12,6,lunch_break,4995.0,5000.0
4844,S12,6,lunch_break,5000.0,5005.0
4845,S12,6,lunch_break,5005.0,5010.0
4846,S12,6,lunch_break,5010.0,5015.0
4847,S12,6,lunch_break,5015.0,5020.0
4848,S12,6,lunch_break,5020.0,5025.0
4849,S12,6,lunch_break,5025.0,5030.0
4850,S12,6,lunch_break,5030.0,5035.0
4851,S12,6,lunch_break,5035.0,5040.0
4852,S12,6,lunch_break,5040.0,5045.0
4853,S12,6,lunch_break,5045.0,5050.0
4854,S12,6,lunch_break,5050.0,5055.0
4855,S12,6,lunch_break,5055.0,5060.0
4856,S12,6,lunch_break,5060.0,5065.0
4857,S12,6,lunch_break,5065.0,5070.0
4858,S12,6,lunch_break,5070.0,5075.0
4859,S12,6,lunch_break,5075.0,5080.0
4860,S12,6,lunch_break,5080.0,5085.0
4861,S12,6,lunch_break,5085.0,5090.0
4862,S12,6,lunch_break,5090.0,5095.0
4863,S12,6,lunch_break,5095.0,5100.0
4864,S12,6,lunch_break,5100.0,5105.0
4865,S12,6,lunch_break,5105.0,5110.0
4866,S12,6,lunch_break,5110.0,5115.0
4867,S12,6,lunch_break,5115.0,5120.0
4868,S12,6,lunch_break,5120.0,5125.0
4869,S12,6,lunch_break,5125.0,5130.0
4870,S12,6,lunch_break,5130.0,5135.0
4871,S12,6,lunch_break,5135.0,5140.0
4872,S12,6,lunch_break,5140.0,5145.0
4873,S12,6,lunch_break,5145.0,5150.0
4874,S12,6,lunch_break,5150.0,5155.0
4875,S12,6,lunch_break,5155.0,5160.0
4876,S12,6,lunch_break,5160.0,5165.0
4877,S12,6,lunch_break,5165.0,5170.0
4878,S12,6,lunch_break,5170.0,5175.0
4879,S12,6,lunch_break,5175.0,5180.0
4880,S12,6,lunch_break,5180.0,5185.0
4881,S12,6,lunch_break,5185.0,5190.0
4882,S12,6,lunch_break,5190.0,5195.0
4883,S12,6,lunch_break,5195.0,5200.0
4884,S12,6,lunch_break,5200.0,5205.0
4885,S12,6,lunch_break,5205.0,5210.0
4886,S12,6,lunch_break,5210.0,5215.0
4887,S12,6,lunch_break,5215.0,5220.0
4888,S12,6,lunch_break,5220.0,5225.0
4889,S12,6,lunch_break,5225.0,5230.0
4890,S12,6,lunch_break,5230.0,5235.0
4891,S12,6,lunch_break,5235.0,5240.0
4892,S12,6,lunch_break,5240.0,5245.0
4893,S12,6,lunch_break,5245.0,5250.0
4894,S12,6,lunch_break,5250.0,5255.0
4895,S12,6,lunch_break,5255.0,5260.0
4896,S12,6,lunch_break,5260.0,5265.0
4897,S12,6,lunch_break,5265.0,5270.0
4898,S12,6,lunch_break,5270.0,5275.0
4899,S12,6,lunch_break,5275.0,5280.0
4900,S12,6,lunch_break,5280.0,5285.0
4901,S12,6,lunch_break,5285.0,5290.0
4902,S12,6,lunch_break,5290.0,5295.0
4903,S12,6,lunch_break,5295.0,5300.0
4904,S12,6,lunch_break,5300.0,5305.0
4905,S12,6,lunch_break,5305.0,5310.0
4906,S12,6,lunch_break,5310.0,5315.0
4907,S12,6,lunch_break,5315.0,5320.0
4908,S12,6,lunch_break,5320.0,5325.0
4909,S12,6,lunch_break,5325.0,5330.0
4910,S12,6,lunch_break,5330.0,5335.0
4911,S12,6,lunch_break,5335.0,5340.0
4912,S12,6,lunch_break,5340.0,5345.0
4913,S12,6,lunch_break,5345.0,5350.0
4914,S12,6,lunch_break,5350.0,5355.0
4915,S12,6,lunch_break,5355.0,5360.0
4916,S12,6,lunch_break,5360.0,5365.0
4917,S12,6,lunch_break,5365.0,5370.0
4918,S12,6,lunch_break,5370.0,5375.0
4919,S12,6,lunch_break,5375.0,5380.0
4920,S12,6,lunch_break,5380.0,5385.0
4921,S12,6,lunch_break,5385.0,5390.0
4922,S12,6,lunch_break,5390.0,5395.0
4923,S12,6,lunch_break,5395.0,5400.0
4924,S12,6,lunch_break,5400.0,5405.0
4925,S12,6,lunch_break,5405.0,5410.0
4926,S12,6,lunch_break,5410.0,5415.0
4927,S12,6,lunch_break,5415.0,5420.0
4928,S12,6,lunch_break,5420.0,5425.0
4929,S12,6,lunch_break,5425.0,5430.0
4930,S12,6,lunch_break,5430.0,5435.0
4931,S12,6,lunch_break,5435.0,5440.0
4932,S12,6,lunch_break,5440.0,5445.0
4933,S12,6,lunch_break,5445.0,5450.0
4934,S12,6,lunch_break,5450.0,5455.0
4935,S12,6,lunch_break,5455.0,5460.0
4936,S12,6,lunch_break,5460.0,5465.0
4937,S12,6,lunch_break,5465.0,5470.0
4938,S12,6,lunch_break,5470.0,5475.0
4939,S12,6,lunch_break,5475.0,5480.0
4940,S12,6,lunch_break,5480.0,5485.0
4941,S12,6,lunch_break,5485.0,5490.0
4942,S12,6,lunch_break,5490.0,5495.0
4943,S12,6,lunch_break,5495.0,5500.0
4944,S12,6,lunch_break,5500.0,5505.0
4945,S12,6,lunch_break,5505.0,5510.0
4946,S12,6,lunch_break,5510.0,5515.0
4947,S12,6,lunch_break,5515.0,5520.0
4948,S12,6,lunch_break,5520.0,5525.0
4949,S12,6,lunch_break,5525.0,5530.0
4950,S12,6,lunch_break,5530.0,5535.0
4951,S12,6,lunch_break,5535.0,5540.0
4952,S12,6,lunch_break,5540.0,5545.0
4953,S12,6,lunch_break,5545.0,5550.0
4954,S12,6,lunch_break,5550.0,5555.0
4955,S12,6,lunch_break,5555.0,5560.0
4956,S12,6,lunch_break,5560.0,5565.0
4957,S12,6,lunch_break,5565.0,5570.0
4958,S12,6,lunch_break,5570.0,5575.0
4959,S12,6,lunch_break,5575.0,5580.0
4960,S12,6,lunch_break,5580.0,5585.0
4961,S12,6,lunch_break,5585.0,5590.0
4962,S12,6,lunch_break,5590.0,5595.0
4963,S12,6,lunch_break,5595.0,5600.0
4964,S12,6,lunch_break,5600.0,5605.0
4965,S12,6,lunch_break,5605.0,5610.0
4966,S12,6,lunch_break,5610.0,5615.0
4967,S12,6,lunch_break,5615.0,5620.0
4968,S12,6,lunch_break,5620.0,5625.0
4969,S12,6,lunch_break,5625.0,5630.0
4970,S12,6,lunch_break,5630.0,5635.0
4971,S12,6,lunch_break,5635.0,5640.0
4972,S12,6,lunch_break,5640.0,5645.0
4973,S12,6,lunch_break,5645.0,5650.0
4974,S12,6,lunch_break,5650.0,5655.0
4975,S12,6,lunch_break,5655.0,5660.0
4976,S12,6,lunch_break,5660.0,5665.0
4977,S12,6,lunch_break,5665.0,5670.0
4978,S12,6,lunch_break,5670.0,5675.0
4979,S12,6,lunch_break,5675.0,5680.0
4980,S12,6,lunch_break,5680.0,5685.0
4981,S12,6,lunch_break,5685.0,5690.0
4982,S12,6,lunch_break,5690.0,5695.0
4983,S12,6,lunch_break,5695.0,5700.0
4984,S12,6,lunch_break,5700.0,5705.0
4985,S12,6,lunch_break,5705.0,5710.0
4986,S12,6,lunch_break,5710.0,5715.0
4987,S12,6,lunch_break,5715.0,5720.0
4988,S12,6,lunch_break,5720.0,5725.0
4989,S12,6,lunch_break,5725.0,5730.0
4990,S12,6,lunch_break,5730.0,5735.0
4991,S12,6,lunch_break,5735.0,5740.0
4992,S12,6,lunch_break,5740.0,5745.0
4993,S12,6,lunch_break,5745.0,5750.0
4994,S12,6,lunch_break,5750.0,5755.0
4995,S12,6,lunch_break,5755.0,5760.0
4996,S12,6,lunch_break,5760.0,5765.0
4997,S12,6,lunch_break,5765.0,5770.0
4998,S12,6,lunch_break,5770.0,5775.0
4999,S12,6,lunch_break,5775.0,5780.0
5000,S12,6,lunch_break,5780.0,5785.0
5001,S12,6,lunch_break,5785.0,5790.0
5002,S12,6,lunch_break,5790.0,5795.0
5003,S12,6,lunch_break,5795.0,5800.0
5004,S12,6,lunch_break,5800.0,5805.0
5005,S12,6,lunch_break,5805.0,5810.0
5006,S12,6,lunch_break,5810.0,5815.0
5007,S12,6,lunch_break,5815.0,5820.0
5008,S12,6,lunch_break,5820.0,5825.0
5009,S12,6,lunch_break,5825.0,5830.0
5010,S12,6,lunch_break,5830.0,5835.0
5011,S12,6,lunch_break,5835.0,5840.0
5012,S12,6,lunch_break,5840.0,5845.0
5013,S12,6,lunch_break,5845.0,5850.0
5014,S12,6,lunch_break,5850.0,5855.0
5015,S12,6,lunch_break,5855.0,5860.0
5016,S12,6,lunch_break,5860.0,5865.0
5017,S12,6,lunch_break,5865.0,5870.0
5018,S12,6,lunch_break,5870.0,5875.0
5019,S12,6,lunch_break,5875.0,5880.0
5020,S12,6,lunch_break,5880.0,5885.0
5021,S12,6,lunch_break,5885.0,5890.0
5022,S12,6,lunch_break,5890.0,5895.0
5023,S12,7,walking,5900.0,5905.0
5024,S12,7,walking,5905.0,5910.0
5025,S12,7,walking,5910.0,5915.0
5026,S12,7,walking,5915.0,5920.0
5027,S12,7,walking,5920.0,5925.0
5028,S12,7,walking,5925.0,5930.0
5029,S12,7,walking,5930.0,5935.0
5030,S12,7,walking,5935.0,5940.0
5031,S12,7,walking,5940.0,5945.0
5032,S12,7,walking,5945.0,5950.0
5033,S12,7,walking,5950.0,5955.0
5034,S12,7,walking,5955.0,5960.0
5035,S12,7,walking,5960.0,5965.0
5036,S12,7,walking,5965.0,5970.0
5037,S12,7,walking,5970.0,5975.0
5038,S12,7,walking,5975.0,5980.0
5039,S12,7,walking,5980.0,5985.0
5040,S12,7,walking,5985.0,5990.0
5041,S12,7,walking,5990.0,5995.0
5042,S12,7,walking,5995.0,6000.0
5043,S12,7,walking,6000.0,6005.0
5044,S12,7,walking,6005.0,6010.0
5045,S12,7,walking,6010.0,6015.0
5046,S12,7,walking,6015.0,6020.0
5047,S12,7,walking,6020.0,6025.0
5048,S12,7,walking,6025.0,6030.0
5049,S12,7,walking,6030.0,6035.0
5050,S12,7,walking,6035.0,6040.0
5051,S12,7,walking,6040.0,6045.0
5052,S12,7,walking,6045.0,6050.0
5053,S12,7,walking,6050.0,6055.0
5054,S12,7,walking,6055.0,6060.0
5055,S12,7,walking,6060.0,6065.0
5056,S12,7,walking,6065.0,6070.0
5057,S12,7,walking,6070.0,6075.0
5058,S12,7,walking,6075.0,6080.0
5059,S12,7,walking,6080.0,6085.0
5060,S12,7,walking,6085.0,6090.0
5061,S12,7,walking,6090.0,6095.0
5062,S12,7,walking,6095.0,6100.0
5063,S12,7,walking,6100.0,6105.0
5064,S12,7,walking,6105.0,6110.0
5065,S12,7,walking,6110.0,6115.0
5066,S12,7,walking,6115.0,6120.0
5067,S12,7,walking,6120.0,6125.0
5068,S12,7,walking,6125.0,6130.0
5069,S12,7,walking,6130.0,6135.0
5070,S12,7,walking,6135.0,6140.0
5071,S12,7,walking,6140.0,6145.0
5072,S12,7,walking,6145.0,6150.0
5073,S12,7,walking,6150.0,6155.0
5074,S12,7,walking,6155.0,6160.0
5075,S12,7,walking,6160.0,6165.0
5076,S12,7,walking,6165.0,6170.0
5077,S12,7,walking,6170.0,6175.0
5078,S12,7,walking,6175.0,6180.0
5079,S12,7,walking,6180.0,6185.0
5080,S12,7,walking,6185.0,6190.0
5081,S12,7,walking,6190.0,6195.0
5082,S12,7,walking,6195.0,6200.0
5083,S12,7,walking,6200.0,6205.0
5084,S12,7,walking,6205.0,6210.0
5085,S12,7,walking,6210.0,6215.0
5086,S12,7,walking,6215.0,6220.0
5087,S12,7,walking,6220.0,6225.0
5088,S12,7,walking,6225.0,6230.0
5089,S12,7,walking,6230.0,6235.0
5090,S12,7,walking,6235.0,6240.0
5091,S12,7,walking,6240.0,6245.0
5092,S12,7,walking,6245.0,6250.0
5093,S12,7,walking,6250.0,6255.0
5094,S12,7,walking,6255.0,6260.0
5095,S12,7,walking,6260.0,6265.0
5096,S12,7,walking,6265.0,6270.0
5097,S12,7,walking,6270.0,6275.0
5098,S12,7,walking,6275.0,6280.0
5099,S12,7,walking,6280.0,6285.0
5100,S12,7,walking,6285.0,6290.0
5101,S12,7,walking,6290.0,6295.0
5102,S12,7,walking,6295.0,6300.0
5103,S12,7,walking,6300.0,6305.0
5104,S12,7,walking,6305.0,6310.0
5105,S12,7,walking,6310.0,6315.0
5106,S12,7,walking,6315.0,6320.0
5107,S12,7,walking,6320.0,6325.0
5108,S12,7,walking,6325.0,6330.0
5109,S12,7,walking,6330.0,6335.0
5110,S12,7,walking,6335.0,6340.0
5111,S12,7,walking,6340.0,6345.0
5112,S12,7,walking,6345.0,6350.0
5113,S12,7,walking,6350.0,6355.0
5114,S12,7,walking,6355.0,6360.0
5115,S12,7,walking,6360.0,6365.0
5116,S12,7,walking,6365.0,6370.0
5117,S12,7,walking,6370.0,6375.0
5118,S12,7,walking,6375.0,6380.0
5119,S12,7,walking,6380.0,6385.0
5120,S12,7,walking,6385.0,6390.0
5121,S12,7,walking,6390.0,6395.0
5122,S12,7,walking,6395.0,6400.0
5123,S12,7,walking,6400.0,6405.0
5124,S12,7,walking,6405.0,6410.0
5125,S12,7,walking,6410.0,6415.0
5126,S12,7,walking,6415.0,6420.0
5127,S12,7,walking,6420.0,6425.0
5128,S12,8,working,6510.0,6515.0
5129,S12,8,working,6515.0,6520.0
5130,S12,8,working,6520.0,6525.0
5131,S12,8,working,6525.0,6530.0
5132,S12,8,working,6530.0,6535.0
5133,S12,8,working,6535.0,6540.0
5134,S12,8,working,6540.0,6545.0
5135,S12,8,working,6545.0,6550.0
5136,S12,8,working,6550.0,6555.0
5137,S12,8,working,6555.0,6560.0
5138,S12,8,working,6560.0,6565.0
5139,S12,8,working,6565.0,6570.0
5140,S12,8,working,6570.0,6575.0
5141,S12,8,working,6575.0,6580.0
5142,S12,8,working,6580.0,6585.0
5143,S12,8,working,6585.0,6590.0
5144,S12,8,working,6590.0,6595.0
5145,S12,8,working,6595.0,6600.0
5146,S12,8,working,6600.0,6605.0
5147,S12,8,working,6605.0,6610.0
5148,S12,8,working,6610.0,6615.0
5149,S12,8,working,6615.0,6620.0
5150,S12,8,working,6620.0,6625.0
5151,S12,8,working,6625.0,6630.0
5152,S12,8,working,6630.0,6635.0
5153,S12,8,working,6635.0,6640.0
5154,S12,8,working,6640.0,6645.0
5155,S12,8,working,6645.0,6650.0
5156,S12,8,working,6650.0,6655.0
5157,S12,8,working,6655.0,6660.0
5158,S12,8,working,6660.0,6665.0
5159,S12,8,working,6665.0,6670.0
5160,S12,8,working,6670.0,6675.0
5161,S12,8,working,6675.0,6680.0
5162,S12,8,working,6680.0,6685.0
5163,S12,8,working,6685.0,6690.0
5164,S12,8,working,6690.0,6695.0
5165,S12,8,working,6695.0,6700.0
5166,S12,8,working,6700.0,6705.0
5167,S12,8,working,6705.0,6710.0
5168,S12,8,working,6710.0,6715.0
5169,S12,8,working,6715.0,6720.0
5170,S12,8,working,6720.0,6725.0
5171,S12,8,working,6725.0,6730.0
5172,S12,8,working,6730.0,6735.0
5173,S12,8,working,6735.0,6740.0
5174,S12,8,working,6740.0,6745.0
5175,S12,8,working,6745.0,6750.0
5176,S12,8,working,6750.0,6755.0
5177,S12,8,working,6755.0,6760.0
5178,S12,8,working,6760.0,6765.0
5179,S12,8,working,6765.0,6770.0
5180,S12,8,working,6770.0,6775.0
5181,S12,8,working,6775.0,6780.0
5182,S12,8,working,6780.0,6785.0
5183,S12,8,working,6785.0,6790.0
5184,S12,8,working,6790.0,6795.0
5185,S12,8,working,6795.0,6800.0
5186,S12,8,working,6800.0,6805.0
5187,S12,8,working,6805.0,6810.0
5188,S12,8,working,6810.0,6815.0
5189,S12,8,working,6815.0,6820.0
5190,S12,8,working,6820.0,6825.0
5191,S12,8,working,6825.0,6830.0
5192,S12,8,working,6830.0,6835.0
5193,S12,8,working,6835.0,6840.0
5194,S12,8,working,6840.0,6845.0
5195,S12,8,working,6845.0,6850.0
5196,S12,8,working,6850.0,6855.0
5197,S12,8,working,6855.0,6860.0
5198,S12,8,working,6860.0,6865.0
5199,S12,8,working,6865.0,6870.0
5200,S12,8,working,6870.0,6875.0
5201,S12,8,working,6875.0,6880.0
5202,S12,8,working,6880.0,6885.0
5203,S12,8,working,6885.0,6890.0
5204,S12,8,working,6890.0,6895.0
5205,S12,8,working,6895.0,6900.0
5206,S12,8,working,6900.0,6905.0
5207,S12,8,working,6905.0,6910.0
5208,S12,8,working,6910.0,6915.0
5209,S12,8,working,6915.0,6920.0
5210,S12,8,working,6920.0,6925.0
5211,S12,8,working,6925.0,6930.0
5212,S12,8,working,6930.0,6935.0
5213,S12,8,working,6935.0,6940.0
5214,S12,8,working,6940.0,6945.0
5215,S12,8,working,6945.0,6950.0
5216,S12,8,working,6950.0,6955.0
5217,S12,8,working,6955.0,6960.0
5218,S12,8,working,6960.0,6965.0
5219,S12,8,working,6965.0,6970.0
5220,S12,8,working,6970.0,6975.0
5221,S12,8,working,6975.0,6980.0
5222,S12,8,working,6980.0,6985.0
5223,S12,8,working,6985.0,6990.0
5224,S12,8,working,6990.0,6995.0
5225,S12,8,working,6995.0,7000.0
5226,S12,8,working,7000.0,7005.0
5227,S12,8,working,7005.0,7010.0
5228,S12,8,working,7010.0,7015.0
5229,S12,8,working,7015.0,7020.0
5230,S12,8,working,7020.0,7025.0
5231,S12,8,working,7025.0,7030.0
5232,S12,8,working,7030.0,7035.0
5233,S12,8,working,7035.0,7040.0
5234,S12,8,working,7040.0,7045.0
5235,S12,8,working,7045.0,7050.0
5236,S12,8,working,7050.0,7055.0
5237,S12,8,working,7055.0,7060.0
5238,S12,8,working,7060.0,7065.0
5239,S12,8,working,7065.0,7070.0
5240,S12,8,working,7070.0,7075.0
5241,S12,8,working,7075.0,7080.0
5242,S12,8,working,7080.0,7085.0
5243,S12,8,working,7085.0,7090.0
5244,S12,8,working,7090.0,7095.0
5245,S12,8,working,7095.0,7100.0
5246,S12,8,working,7100.0,7105.0
5247,S12,8,working,7105.0,7110.0
5248,S12,8,working,7110.0,7115.0
5249,S12,8,working,7115.0,7120.0
5250,S12,8,working,7120.0,7125.0
5251,S12,8,working,7125.0,7130.0
5252,S12,8,working,7130.0,7135.0
5253,S12,8,working,7135.0,7140.0
5254,S12,8,working,7140.0,7145.0
5255,S12,8,working,7145.0,7150.0
5256,S12,8,working,7150.0,7155.0
5257,S12,8,working,7155.0,7160.0
5258,S12,8,working,7160.0,7165.0
5259,S12,8,working,7165.0,7170.0
5260,S12,8,working,7170.0,7175.0
5261,S12,8,working,7175.0,7180.0
5262,S12,8,working,7180.0,7185.0
5263,S12,8,working,7185.0,7190.0
5264,S12,8,working,7190.0,7195.0
5265,S12,8,working,7195.0,7200.0
5266,S12,8,working,7200.0,7205.0
5267,S12,8,working,7205.0,7210.0
5268,S12,8,working,7210.0,7215.0
5269,S12,8,working,7215.0,7220.0
5270,S12,8,working,7220.0,7225.0
5271,S12,8,working,7225.0,7230.0
5272,S12,8,working,7230.0,7235.0
5273,S12,8,working,7235.0,7240.0
5274,S12,8,working,7240.0,7245.0
5275,S12,8,working,7245.0,7250.0
5276,S12,8,working,7250.0,7255.0
5277,S12,8,working,7255.0,7260.0
5278,S12,8,working,7260.0,7265.0
5279,S12,8,working,7265.0,7270.0
5280,S12,8,working,7270.0,7275.0
5281,S12,8,working,7275.0,7280.0
5282,S12,8,working,7280.0,7285.0
5283,S12,8,working,7285.0,7290.0
5284,S12,8,working,7290.0,7295.0
5285,S12,8,working,7295.0,7300.0
5286,S12,8,working,7300.0,7305.0
5287,S12,8,working,7305.0,7310.0
5288,S12,8,working,7310.0,7315.0
5289,S12,8,working,7315.0,7320.0
5290,S12,8,working,7320.0,7325.0
5291,S12,8,working,7325.0,7330.0
5292,S12,8,working,7330.0,7335.0
5293,S12,8,working,7335.0,7340.0
5294,S12,8,working,7340.0,7345.0
5295,S12,8,working,7345.0,7350.0
5296,S12,8,working,7350.0,7355.0
5297,S12,8,working,7355.0,7360.0
5298,S12,8,working,7360.0,7365.0
5299,S12,8,working,7365.0,7370.0
5300,S12,8,working,7370.0,7375.0
5301,S12,8,working,7375.0,7380.0
5302,S12,8,working,7380.0,7385.0
5303,S12,8,working,7385.0,7390.0
5304,S12,8,working,7390.0,7395.0
5305,S12,8,working,7395.0,7400.0
5306,S12,8,working,7400.0,7405.0
5307,S12,8,working,7405.0,7410.0
5308,S12,8,working,7410.0,7415.0
5309,S12,8,working,7415.0,7420.0
5310,S12,8,working,7420.0,7425.0
5311,S12,8,working,7425.0,7430.0
5312,S12,8,working,7430.0,7435.0
5313,S12,8,working,7435.0,7440.0
5314,S12,8,working,7440.0,7445.0
5315,S12,8,working,7445.0,7450.0
5316,S12,8,working,7450.0,7455.0
5317,S12,8,working,7455.0,7460.0
5318,S12,8,working,7460.0,7465.0
5319,S12,8,working,7465.0,7470.0
5320,S12,8,working,7470.0,7475.0
5321,S12,8,working,7475.0,7480.0
5322,S12,8,working,7480.0,7485.0
5323,S12,8,working,7485.0,7490.0
5324,S12,8,working,7490.0,7495.0
5325,S12,8,working,7495.0,7500.0
5326,S12,8,working,7500.0,7505.0
5327,S12,8,working,7505.0,7510.0
5328,S12,8,working,7510.0,7515.0
5329,S12,8,working,7515.0,7520.0
5330,S12,8,working,7520.0,7525.0
5331,S12,8,working,7525.0,7530.0
5332,S12,8,working,7530.0,7535.0
5333,S12,8,working,7535.0,7540.0
5334,S12,8,working,7540.0,7545.0
5335,S12,8,working,7545.0,7550.0
5336,S12,8,working,7550.0,7555.0
5337,S12,8,working,7555.0,7560.0
5338,S12,8,working,7560.0,7565.0
5339,S12,8,working,7565.0,7570.0
5340,S12,8,working,7570.0,7575.0
5341,S12,8,working,7575.0,7580.0
5342,S12,8,working,7580.0,7585.0
5343,S12,8,working,7585.0,7590.0
5344,S12,8,working,7590.0,7595.0
5345,S12,8,working,7595.0,7600.0
5346,S12,8,working,7600.0,7605.0
5347,S12,8,working,7605.0,7610.0
5348,S12,8,working,7610.0,7615.0
5349,S12,8,working,7615.0,7620.0
5350,S12,8,working,7620.0,7625.0
5351,S12,8,working,7625.0,7630.0
5352,S12,8,working,7630.0,7635.0
5353,S12,8,working,7635.0,7640.0
5354,S12,8,working,7640.0,7645.0
5355,S12,8,working,7645.0,7650.0
5356,S12,8,working,7650.0,7655.0
5357,S12,8,working,7655.0,7660.0
5358,S12,8,working,7660.0,7665.0
5359,S12,8,working,7665.0,7670.0
5360,S12,8,working,7670.0,7675.0
5361,S12,8,working,7675.0,7680.0
5362,S12,8,working,7680.0,7685.0
5363,S12,8,working,7685.0,7690.0
5364,S12,8,working,7690.0,7695.0
5365,S12,8,working,7695.0,7700.0
5366,S13,1,sitting,70.0,75.0
5367,S13,1,sitting,75.0,80.0
5368,S13,1,sitting,80.0,85.0
5369,S13,1,sitting,85.0,90.0
5370,S13,1,sitting,90.0,95.0
5371,S13,1,sitting,95.0,100.0
5372,S13,1,sitting,100.0,105.0
5373,S13,1,sitting,105.0,110.0
5374,S13,1,sitting,110.0,115.0
5375,S13,1,sitting,115.0,120.0
5376,S13,1,sitting,120.0,125.0
5377,S13,1,sitting,125.0,130.0
5378,S13,1,sitting,130.0,135.0
5379,S13,1,sitting,135.0,140.0
5380,S13,1,sitting,140.0,145.0
5381,S13,1,sitting,145.0,150.0
5382,S13,1,sitting,150.0,155.0
5383,S13,1,sitting,155.0,160.0
5384,S13,1,sitting,160.0,165.0
5385,S13,1,sitting,165.0,170.0
5386,S13,1,sitting,170.0,175.0
5387,S13,1,sitting,175.0,180.0
5388,S13,1,sitting,180.0,185.0
5389,S13,1,sitting,185.0,190.0
5390,S13,1,sitting,190.0,195.0
5391,S13,1,sitting,195.0,200.0
5392,S13,1,sitting,200.0,205.0
5393,S13,1,sitting,205.0,210.0
5394,S13,1,sitting,210.0,215.0
5395,S13,1,sitting,215.0,220.0
5396,S13,1,sitting,220.0,225.0
5397,S13,1,sitting,225.0,230.0
5398,S13,1,sitting,230.0,235.0
5399,S13,1,sitting,235.0,240.0
5400,S13,1,sitting,240.0,245.0
5401,S13,1,sitting,245.0,250.0
5402,S13,1,sitting,250.0,255.0
5403,S13,1,sitting,255.0,260.0
5404,S13,1,sitting,260.0,265.0
5405,S13,1,sitting,265.0,270.0
5406,S13,1,sitting,270.0,275.0
5407,S13,1,sitting,275.0,280.0
5408,S13,1,sitting,280.0,285.0
5409,S13,1,sitting,285.0,290.0
5410,S13,1,sitting,290.0,295.0
5411,S13,1,sitting,295.0,300.0
5412,S13,1,sitting,300.0,305.0
5413,S13,1,sitting,305.0,310.0
5414,S13,1,sitting,310.0,315.0
5415,S13,1,sitting,315.0,320.0
5416,S13,1,sitting,320.0,325.0
5417,S13,1,sitting,325.0,330.0
5418,S13,1,sitting,330.0,335.0
5419,S13,1,sitting,335.0,340.0
5420,S13,1,sitting,340.0,345.0
5421,S13,1,sitting,345.0,350.0
5422,S13,1,sitting,350.0,355.0
5423,S13,1,sitting,355.0,360.0
5424,S13,1,sitting,360.0,365.0
5425,S13,1,sitting,365.0,370.0
5426,S13,1,sitting,370.0,375.0
5427,S13,1,sitting,375.0,380.0
5428,S13,1,sitting,380.0,385.0
5429,S13,1,sitting,385.0,390.0
5430,S13,1,sitting,390.0,395.0
5431,S13,1,sitting,395.0,400.0
5432,S13,1,sitting,400.0,405.0
5433,S13,1,sitting,405.0,410.0
5434,S13,1,sitting,410.0,415.0
5435,S13,1,sitting,415.0,420.0
5436,S13,1,sitting,420.0,425.0
5437,S13,1,sitting,425.0,430.0
5438,S13,1,sitting,430.0,435.0
5439,S13,1,sitting,435.0,440.0
5440,S13,1,sitting,440.0,445.0
5441,S13,1,sitting,445.0,450.0
5442,S13,1,sitting,450.0,455.0
5443,S13,1,sitting,455.0,460.0
5444,S13,1,sitting,460.0,465.0
5445,S13,1,sitting,465.0,470.0
5446,S13,1,sitting,470.0,475.0
5447,S13,1,sitting,475.0,480.0
5448,S13,1,sitting,480.0,485.0
5449,S13,1,sitting,485.0,490.0
5450,S13,1,sitting,490.0,495.0
5451,S13,1,sitting,495.0,500.0
5452,S13,1,sitting,500.0,505.0
5453,S13,1,sitting,505.0,510.0
5454,S13,1,sitting,510.0,515.0
5455,S13,1,sitting,515.0,520.0
5456,S13,1,sitting,520.0,525.0
5457,S13,1,sitting,525.0,530.0
5458,S13,1,sitting,530.0,535.0
5459,S13,1,sitting,535.0,540.0
5460,S13,1,sitting,540.0,545.0
5461,S13,1,sitting,545.0,550.0
5462,S13,1,sitting,550.0,555.0
5463,S13,1,sitting,555.0,560.0
5464,S13,1,sitting,560.0,565.0
5465,S13,1,sitting,565.0,570.0
5466,S13,1,sitting,570.0,575.0
5467,S13,1,sitting,575.0,580.0
5468,S13,1,sitting,580.0,585.0
5469,S13,1,sitting,585.0,590.0
5470,S13,1,sitting,590.0,595.0
5471,S13,1,sitting,595.0,600.0
5472,S13,1,sitting,600.0,605.0
5473,S13,1,sitting,605.0,610.0
5474,S13,1,sitting,610.0,615.0
5475,S13,1,sitting,615.0,620.0
5476,S13,1,sitting,620.0,625.0
5477,S13,1,sitting,625.0,630.0
5478,S13,1,sitting,630.0,635.0
5479,S13,1,sitting,635.0,640.0
5480,S13,1,sitting,640.0,645.0
5481,S13,1,sitting,645.0,650.0
5482,S13,1,sitting,650.0,655.0
5483,S13,1,sitting,655.0,660.0
5484,S13,1,sitting,660.0,665.0
5485,S13,1,sitting,665.0,670.0
5486,S13,2,stairs,820.0,825.0
5487,S13,2,stairs,825.0,830.0
5488,S13,2,stairs,830.0,835.0
5489,S13,2,stairs,835.0,840.0
5490,S13,2,stairs,840.0,845.0
5491,S13,2,stairs,845.0,850.0
5492,S13,2,stairs,850.0,855.0
5493,S13,2,stairs,855.0,860.0
5494,S13,2,stairs,860.0,865.0
5495,S13,2,stairs,865.0,870.0
5496,S13,2,stairs,870.0,875.0
5497,S13,2,stairs,875.0,880.0
5498,S13,2,stairs,880.0,885.0
5499,S13,2,stairs,885.0,890.0
5500,S13,2,stairs,890.0,895.0
5501,S13,2,stairs,895.0,900.0
5502,S13,2,stairs,900.0,905.0
5503,S13,2,stairs,905.0,910.0
5504,S13,2,stairs,910.0,915.0
5505,S13,2,stairs,915.0,920.0
5506,S13,2,stairs,920.0,925.0
5507,S13,2,stairs,925.0,930.0
5508,S13,2,stairs,930.0,935.0
5509,S13,2,stairs,935.0,940.0
5510,S13,2,stairs,940.0,945.0
5511,S13,2,stairs,945.0,950.0
5512,S13,2,stairs,950.0,955.0
5513,S13,2,stairs,955.0,960.0
5514,S13,2,stairs,960.0,965.0
5515,S13,2,stairs,965.0,970.0
5516,S13,2,stairs,970.0,975.0
5517,S13,2,stairs,975.0,980.0
5518,S13,2,stairs,980.0,985.0
5519,S13,2,stairs,985.0,990.0
5520,S13,2,stairs,990.0,995.0
5521,S13,2,stairs,995.0,1000.0
5522,S13,2,stairs,1000.0,1005.0
5523,S13,2,stairs,1005.0,1010.0
5524,S13,2,stairs,1010.0,1015.0
5525,S13,2,stairs,1015.0,1020.0
5526,S13,2,stairs,1020.0,1025.0
5527,S13,2,stairs,1025.0,1030.0
5528,S13,2,stairs,1030.0,1035.0
5529,S13,2,stairs,1035.0,1040.0
5530,S13,2,stairs,1040.0,1045.0
5531,S13,2,stairs,1045.0,1050.0
5532,S13,2,stairs,1050.0,1055.0
5533,S13,2,stairs,1055.0,1060.0
5534,S13,2,stairs,1060.0,1065.0
5535,S13,2,stairs,1065.0,1070.0
5536,S13,2,stairs,1070.0,1075.0
5537,S13,2,stairs,1075.0,1080.0
5538,S13,2,stairs,1080.0,1085.0
5539,S13,2,stairs,1085.0,1090.0
5540,S13,2,stairs,1090.0,1095.0
5541,S13,2,stairs,1095.0,1100.0
5542,S13,2,stairs,1100.0,1105.0
5543,S13,2,stairs,1105.0,1110.0
5544,S13,2,stairs,1110.0,1115.0
5545,S13,2,stairs,1115.0,1120.0
5546,S13,2,stairs,1120.0,1125.0
5547,S13,2,stairs,1125.0,1130.0
5548,S13,2,stairs,1130.0,1135.0
5549,S13,2,stairs,1135.0,1140.0
5550,S13,2,stairs,1140.0,1145.0
5551,S13,2,stairs,1145.0,1150.0
5552,S13,2,stairs,1150.0,1155.0
5553,S13,2,stairs,1155.0,1160.0
5554,S13,2,stairs,1160.0,1165.0
5555,S13,2,stairs,1165.0,1170.0
5556,S13,2,stairs,1170.0,1175.0
5557,S13,2,stairs,1175.0,1180.0
5558,S13,2,stairs,1180.0,1185.0
5559,S13,2,stairs,1185.0,1190.0
5560,S13,2,stairs,1190.0,1195.0
5561,S13,2,stairs,1195.0,1200.0
5562,S13,2,stairs,1200.0,1205.0
5563,S13,2,stairs,1205.0,1210.0
5564,S13,2,stairs,1210.0,1215.0
5565,S13,2,stairs,1215.0,1220.0
5566,S13,2,stairs,1220.0,1225.0
5567,S13,2,stairs,1225.0,1230.0
5568,S13,2,stairs,1230.0,1235.0
5569,S13,2,stairs,1235.0,1240.0
5570,S13,2,stairs,1240.0,1245.0
5571,S13,2,stairs,1245.0,1250.0
5572,S13,2,stairs,1250.0,1255.0
5573,S13,2,stairs,1255.0,1260.0
5574,S13,2,stairs,1260.0,1265.0
5575,S13,2,stairs,1265.0,1270.0
5576,S13,2,stairs,1270.0,1275.0
5577,S13,2,stairs,1275.0,1280.0
5578,S13,2,stairs,1280.0,1285.0
5579,S13,2,stairs,1285.0,1290.0
5580,S13,2,stairs,1290.0,1295.0
5581,S13,2,stairs,1295.0,1300.0
5582,S13,2,stairs,1300.0,1305.0
5583,S13,2,stairs,1305.0,1310.0
5584,S13,3,table_soccer,1420.0,1425.0
5585,S13,3,table_soccer,1425.0,1430.0
5586,S13,3,table_soccer,1430.0,1435.0
5587,S13,3,table_soccer,1435.0,1440.0
5588,S13,3,table_soccer,1440.0,1445.0
5589,S13,3,table_soccer,1445.0,1450.0
5590,S13,3,table_soccer,1450.0,1455.0
5591,S13,3,table_soccer,1455.0,1460.0
5592,S13,3,table_soccer,1460.0,1465.0
5593,S13,3,table_soccer,1465.0,1470.0
5594,S13,3,table_soccer,1470.0,1475.0
5595,S13,3,table_soccer,1475.0,1480.0
5596,S13,3,table_soccer,1480.0,1485.0
5597,S13,3,table_soccer,1485.0,1490.0
5598,S13,3,table_soccer,1490.0,1495.0
5599,S13,3,table_soccer,1495.0,1500.0
5600,S13,3,table_soccer,1500.0,1505.0
5601,S13,3,table_soccer,1505.0,1510.0
5602,S13,3,table_soccer,1510.0,1515.0
5603,S13,3,table_soccer,1515.0,1520.0
5604,S13,3,table_soccer,1520.0,1525.0
5605,S13,3,table_soccer,1525.0,1530.0
5606,S13,3,table_soccer,1530.0,1535.0
5607,S13,3,table_soccer,1535.0,1540.0
5608,S13,3,table_soccer,1540.0,1545.0
5609,S13,3,table_soccer,1545.0,1550.0
5610,S13,3,table_soccer,1550.0,1555.0
5611,S13,3,table_soccer,1555.0,1560.0
5612,S13,3,table_soccer,1560.0,1565.0
5613,S13,3,table_soccer,1565.0,1570.0
5614,S13,3,table_soccer,1570.0,1575.0
5615,S13,3,table_soccer,1575.0,1580.0
5616,S13,3,table_soccer,1580.0,1585.0
5617,S13,3,table_soccer,1585.0,1590.0
5618,S13,3,table_soccer,1590.0,1595.0
5619,S13,3,table_soccer,1595.0,1600.0
5620,S13,3,table_soccer,1600.0,1605.0
5621,S13,3,table_soccer,1605.0,1610.0
5622,S13,3,table_soccer,1610.0,1615.0
5623,S13,3,table_soccer,1615.0,1620.0
5624,S13,3,table_soccer,1620.0,1625.0
5625,S13,3,table_soccer,1625.0,1630.0
5626,S13,3,table_soccer,1630.0,1635.0
5627,S13,3,table_soccer,1635.0,1640.0
5628,S13,3,table_soccer,1640.0,1645.0
5629,S13,3,table_soccer,1645.0,1650.0
5630,S13,3,table_soccer,1650.0,1655.0
5631,S13,3,table_soccer,1655.0,1660.0
5632,S13,3,table_soccer,1660.0,1665.0
5633,S13,3,table_soccer,1665.0,1670.0
5634,S13,3,table_soccer,1670.0,1675.0
5635,S13,3,table_soccer,1675.0,1680.0
5636,S13,3,table_soccer,1680.0,1685.0
5637,S13,3,table_soccer,1685.0,1690.0
5638,S13,3,table_soccer,1690.0,1695.0
5639,S13,3,table_soccer,1695.0,1700.0
5640,S13,3,table_soccer,1700.0,1705.0
5641,S13,4,cycling,2165.0,2170.0
5642,S13,4,cycling,2170.0,2175.0
5643,S13,4,cycling,2175.0,2180.0
5644,S13,4,cycling,2180.0,2185.0
5645,S13,4,cycling,2185.0,2190.0
5646,S13,4,cycling,2190.0,2195.0
5647,S13,4,cycling,2195.0,2200.0
5648,S13,4,cycling,2200.0,2205.0
5649,S13,4,cycling,2205.0,2210.0
5650,S13,4,cycling,2210.0,2215.0
5651,S13,4,cycling,2215.0,2220.0
5652,S13,4,cycling,2220.0,2225.0
5653,S13,4,cycling,2225.0,2230.0
5654,S13,4,cycling,2230.0,2235.0
5655,S13,4,cycling,2235.0,2240.0
5656,S13,4,cycling,2240.0,2245.0
5657,S13,4,cycling,2245.0,2250.0
5658,S13,4,cycling,2250.0,2255.0
5659,S13,4,cycling,2255.0,2260.0
5660,S13,4,cycling,2260.0,2265.0
5661,S13,4,cycling,2265.0,2270.0
5662,S13,4,cycling,2270.0,2275.0
5663,S13,4,cycling,2275.0,2280.0
5664,S13,4,cycling,2280.0,2285.0
5665,S13,4,cycling,2285.0,2290.0
5666,S13,4,cycling,2290.0,2295.0
5667,S13,4,cycling,2295.0,2300.0
5668,S13,4,cycling,2300.0,2305.0
5669,S13,4,cycling,2305.0,2310.0
5670,S13,4,cycling,2310.0,2315.0
5671,S13,4,cycling,2315.0,2320.0
5672,S13,4,cycling,2320.0,2325.0
5673,S13,4,cycling,2325.0,2330.0
5674,S13,4,cycling,2330.0,2335.0
5675,S13,4,cycling,2335.0,2340.0
5676,S13,4,cycling,2340.0,2345.0
5677,S13,4,cycling,2345.0,2350.0
5678,S13,4,cycling,2350.0,2355.0
5679,S13,4,cycling,2355.0,2360.0
5680,S13,4,cycling,2360.0,2365.0
5681,S13,4,cycling,2365.0,2370.0
5682,S13,4,cycling,2370.0,2375.0
5683,S13,4,cycling,2375.0,2380.0
5684,S13,4,cycling,2380.0,2385.0
5685,S13,4,cycling,2385.0,2390.0
5686,S13,4,cycling,2390.0,2395.0
5687,S13,4,cycling,2395.0,2400.0
5688,S13,4,cycling,2400.0,2405.0
5689,S13,4,cycling,2405.0,2410.0
5690,S13,4,cycling,2410.0,2415.0
5691,S13,4,cycling,2415.0,2420.0
5692,S13,4,cycling,2420.0,2425.0
5693,S13,4,cycling,2425.0,2430.0
5694,S13,4,cycling,2430.0,2435.0
5695,S13,4,cycling,2435.0,2440.0
5696,S13,4,cycling,2440.0,2445.0
5697,S13,4,cycling,2445.0,2450.0
5698,S13,4,cycling,2450.0,2455.0
5699,S13,4,cycling,2455.0,2460.0
5700,S13,4,cycling,2460.0,2465.0
5701,S13,4,cycling,2465.0,2470.0
5702,S13,4,cycling,2470.0,2475.0
5703,S13,4,cycling,2475.0,2480.0
5704,S13,4,cycling,2480.0,2485.0
5705,S13,4,cycling,2485.0,2490.0
5706,S13,4,cycling,2490.0,2495.0
5707,S13,4,cycling,2495.0,2500.0
5708,S13,4,cycling,2500.0,2505.0
5709,S13,4,cycling,2505.0,2510.0
5710,S13,4,cycling,2510.0,2515.0
5711,S13,4,cycling,2515.0,2520.0
5712,S13,4,cycling,2520.0,2525.0
5713,S13,4,cycling,2525.0,2530.0
5714,S13,4,cycling,2530.0,2535.0
5715,S13,4,cycling,2535.0,2540.0
5716,S13,4,cycling,2540.0,2545.0
5717,S13,4,cycling,2545.0,2550.0
5718,S13,4,cycling,2550.0,2555.0
5719,S13,4,cycling,2555.0,2560.0
5720,S13,4,cycling,2560.0,2565.0
5721,S13,4,cycling,2565.0,2570.0
5722,S13,4,cycling,2570.0,2575.0
5723,S13,4,cycling,2575.0,2580.0
5724,S13,4,cycling,2580.0,2585.0
5725,S13,4,cycling,2585.0,2590.0
5726,S13,4,cycling,2590.0,2595.0
5727,S13,4,cycling,2595.0,2600.0
5728,S13,4,cycling,2600.0,2605.0
5729,S13,4,cycling,2605.0,2610.0
5730,S13,4,cycling,2610.0,2615.0
5731,S13,4,cycling,2615.0,2620.0
5732,S13,4,cycling,2620.0,2625.0
5733,S13,4,cycling,2625.0,2630.0
5734,S13,4,cycling,2630.0,2635.0
5735,S13,4,cycling,2635.0,2640.0
5736,S13,4,cycling,2640.0,2645.0
5737,S13,4,cycling,2645.0,2650.0
5738,S13,4,cycling,2650.0,2655.0
5739,S13,5,car_driving,3335.0,3340.0
5740,S13,5,car_driving,3340.0,3345.0
5741,S13,5,car_driving,3345.0,3350.0
5742,S13,5,car_driving,3350.0,3355.0
5743,S13,5,car_driving,3355.0,3360.0
5744,S13,5,car_driving,3360.0,3365.0
5745,S13,5,car_driving,3365.0,3370.0
5746,S13,5,car_driving,3370.0,3375.0
5747,S13,5,car_driving,3375.0,3380.0
5748,S13,5,car_driving,3380.0,3385.0
5749,S13,5,car_driving,3385.0,3390.0
5750,S13,5,car_driving,3390.0,3395.0
5751,S13,5,car_driving,3395.0,3400.0
5752,S13,5,car_driving,3400.0,3405.0
5753,S13,5,car_driving,3405.0,3410.0
5754,S13,5,car_driving,3410.0,3415.0
5755,S13,5,car_driving,3415.0,3420.0
5756,S13,5,car_driving,3420.0,3425.0
5757,S13,5,car_driving,3425.0,3430.0
5758,S13,5,car_driving,3430.0,3435.0
5759,S13,5,car_driving,3435.0,3440.0
5760,S13,5,car_driving,3440.0,3445.0
5761,S13,5,car_driving,3445.0,3450.0
5762,S13,5,car_driving,3450.0,3455.0
5763,S13,5,car_driving,3455.0,3460.0
5764,S13,5,car_driving,3460.0,3465.0
5765,S13,5,car_driving,3465.0,3470.0
5766,S13,5,car_driving,3470.0,3475.0
5767,S13,5,car_driving,3475.0,3480.0
5768,S13,5,car_driving,3480.0,3485.0
5769,S13,5,car_driving,3485.0,3490.0
5770,S13,5,car_driving,3490.0,3495.0
5771,S13,5,car_driving,3495.0,3500.0
5772,S13,5,car_driving,3500.0,3505.0
5773,S13,5,car_driving,3505.0,3510.0
5774,S13,5,car_driving,3510.0,3515.0
5775,S13,5,car_driving,3515.0,3520.0
5776,S13,5,car_driving,3520.0,3525.0
5777,S13,5,car_driving,3525.0,3530.0
5778,S13,5,car_driving,3530.0,3535.0
5779,S13,5,car_driving,3535.0,3540.0
5780,S13,5,car_driving,3540.0,3545.0
5781,S13,5,car_driving,3545.0,3550.0
5782,S13,5,car_driving,3550.0,3555.0
5783,S13,5,car_driving,3555.0,3560.0
5784,S13,5,car_driving,3560.0,3565.0
5785,S13,5,car_driving,3565.0,3570.0
5786,S13,5,car_driving,3570.0,3575.0
5787,S13,5,car_driving,3575.0,3580.0
5788,S13,5,car_driving,3580.0,3585.0
5789,S13,5,car_driving,3585.0,3590.0
5790,S13,5,car_driving,3590.0,3595.0
5791,S13,5,car_driving,3595.0,3600.0
5792,S13,5,car_driving,3600.0,3605.0
5793,S13,5,car_driving,3605.0,3610.0
5794,S13,5,car_driving,3610.0,3615.0
5795,S13,5,car_driving,3615.0,3620.0
5796,S13,5,car_driving,3620.0,3625.0
5797,S13,5,car_driving,3625.0,3630.0
5798,S13,5,car_driving,3630.0,3635.0
5799,S13,5,car_driving,3635.0,3640.0
5800,S13,5,car_driving,3640.0,3645.0
5801,S13,5,car_driving,3645.0,3650.0
5802,S13,5,car_driving,3650.0,3655.0
5803,S13,5,car_driving,3655.0,3660.0
5804,S13,5,car_driving,3660.0,3665.0
5805,S13,5,car_driving,3665.0,3670.0
5806,S13,5,car_driving,3670.0,3675.0
5807,S13,5,car_driving,3675.0,3680.0
5808,S13,5,car_driving,3680.0,3685.0
5809,S13,5,car_driving,3685.0,3690.0
5810,S13,5,car_driving,3690.0,3695.0
5811,S13,5,car_driving,3695.0,3700.0
5812,S13,5,car_driving,3700.0,3705.0
5813,S13,5,car_driving,3705.0,3710.0
5814,S13,5,car_driving,3710.0,3715.0
5815,S13,5,car_driving,3715.0,3720.0
5816,S13,5,car_driving,3720.0,3725.0
5817,S13,5,car_driving,3725.0,3730.0
5818,S13,5,car_driving,3730.0,3735.0
5819,S13,5,car_driving,3735.0,3740.0
5820,S13,5,car_driving,3740.0,3745.0
5821,S13,5,car_driving,3745.0,3750.0
5822,S13,5,car_driving,3750.0,3755.0
5823,S13,5,car_driving,3755.0,3760.0
5824,S13,5,car_driving,3760.0,3765.0
5825,S13,5,car_driving,3765.0,3770.0
5826,S13,5,car_driving,3770.0,3775.0
5827,S13,5,car_driving,3775.0,3780.0
5828,S13,5,car_driving,3780.0,3785.0
5829,S13,5,car_driving,3785.0,3790.0
5830,S13,5,car_driving,3790.0,3795.0
5831,S13,5,car_driving,3795.0,3800.0
5832,S13,5,car_driving,3800.0,3805.0
5833,S13,5,car_driving,3805.0,3810.0
5834,S13,5,car_driving,3810.0,3815.0
5835,S13,5,car_driving,3815.0,3820.0
5836,S13,5,car_driving,3820.0,3825.0
5837,S13,5,car_driving,3825.0,3830.0
5838,S13,5,car_driving,3830.0,3835.0
5839,S13,5,car_driving,3835.0,3840.0
5840,S13,5,car_driving,3840.0,3845.0
5841,S13,5,car_driving,3845.0,3850.0
5842,S13,5,car_driving,3850.0,3855.0
5843,S13,5,car_driving,3855.0,3860.0
5844,S13,5,car_driving,3860.0,3865.0
5845,S13,5,car_driving,3865.0,3870.0
5846,S13,5,car_driving,3870.0,3875.0
5847,S13,5,car_driving,3875.0,3880.0
5848,S13,5,car_driving,3880.0,3885.0
5849,S13,5,car_driving,3885.0,3890.0
5850,S13,5,car_driving,3890.0,3895.0
5851,S13,5,car_driving,3895.0,3900.0
5852,S13,5,car_driving,3900.0,3905.0
5853,S13,5,car_driving,3905.0,3910.0
5854,S13,5,car_driving,3910.0,3915.0
5855,S13,5,car_driving,3915.0,3920.0
5856,S13,5,car_driving,3920.0,3925.0
5857,S13,5,car_driving,3925.0,3930.0
5858,S13,5,car_driving,3930.0,3935.0
5859,S13,5,car_driving,3935.0,3940.0
5860,S13,5,car_driving,3940.0,3945.0
5861,S13,5,car_driving,3945.0,3950.0
5862,S13,5,car_driving,3950.0,3955.0
5863,S13,5,car_driving,3955.0,3960.0
5864,S13,5,car_driving,3960.0,3965.0
5865,S13,5,car_driving,3965.0,3970.0
5866,S13,5,car_driving,3970.0,3975.0
5867,S13,5,car_driving,3975.0,3980.0
5868,S13,5,car_driving,3980.0,3985.0
5869,S13,5,car_driving,3985.0,3990.0
5870,S13,5,car_driving,3990.0,3995.0
5871,S13,5,car_driving,3995.0,4000.0
5872,S13,5,car_driving,4000.0,4005.0
5873,S13,5,car_driving,4005.0,4010.0
5874,S13,5,car_driving,4010.0,4015.0
5875,S13,5,car_driving,4015.0,4020.0
5876,S13,5,car_driving,4020.0,4025.0
5877,S13,5,car_driving,4025.0,4030.0
5878,S13,5,car_driving,4030.0,4035.0
5879,S13,5,car_driving,4035.0,4040.0
5880,S13,5,car_driving,4040.0,4045.0
5881,S13,5,car_driving,4045.0,4050.0
5882,S13,5,car_driving,4050.0,4055.0
5883,S13,5,car_driving,4055.0,4060.0
5884,S13,5,car_driving,4060.0,4065.0
5885,S13,5,car_driving,4065.0,4070.0
5886,S13,5,car_driving,4070.0,4075.0
5887,S13,5,car_driving,4075.0,4080.0
5888,S13,5,car_driving,4080.0,4085.0
5889,S13,5,car_driving,4085.0,4090.0
5890,S13,5,car_driving,4090.0,4095.0
5891,S13,5,car_driving,4095.0,4100.0
5892,S13,5,car_driving,4100.0,4105.0
5893,S13,5,car_driving,4105.0,4110.0
5894,S13,5,car_driving,4110.0,4115.0
5895,S13,5,car_driving,4115.0,4120.0
5896,S13,5,car_driving,4120.0,4125.0
5897,S13,5,car_driving,4125.0,4130.0
5898,S13,5,car_driving,4130.0,4135.0
5899,S13,5,car_driving,4135.0,4140.0
5900,S13,5,car_driving,4140.0,4145.0
5901,S13,5,car_driving,4145.0,4150.0
5902,S13,5,car_driving,4150.0,4155.0
5903,S13,5,car_driving,4155.0,4160.0
5904,S13,5,car_driving,4160.0,4165.0
5905,S13,5,car_driving,4165.0,4170.0
5906,S13,5,car_driving,4170.0,4175.0
5907,S13,5,car_driving,4175.0,4180.0
5908,S13,5,car_driving,4180.0,4185.0
5909,S13,5,car_driving,4185.0,4190.0
5910,S13,5,car_driving,4190.0,4195.0
5911,S13,5,car_driving,4195.0,4200.0
5912,S13,5,car_driving,4200.0,4205.0
5913,S13,5,car_driving,4205.0,4210.0
5914,S13,5,car_driving,4210.0,4215.0
5915,S13,5,car_driving,4215.0,4220.0
5916,S13,5,car_driving,4220.0,4225.0
5917,S13,6,lunch_break,4645.0,4650.0
5918,S13,6,lunch_break,4650.0,4655.0
5919,S13,6,lunch_break,4655.0,4660.0
5920,S13,6,lunch_break,4660.0,4665.0
5921,S13,6,lunch_break,4665.0,4670.0
5922,S13,6,lunch_break,4670.0,4675.0
5923,S13,6,lunch_break,4675.0,4680.0
5924,S13,6,lunch_break,4680.0,4685.0
5925,S13,6,lunch_break,4685.0,4690.0
5926,S13,6,lunch_break,4690.0,4695.0
5927,S13,6,lunch_break,4695.0,4700.0
5928,S13,6,lunch_break,4700.0,4705.0
5929,S13,6,lunch_break,4705.0,4710.0
5930,S13,6,lunch_break,4710.0,4715.0
5931,S13,6,lunch_break,4715.0,4720.0
5932,S13,6,lunch_break,4720.0,4725.0
5933,S13,6,lunch_break,4725.0,4730.0
5934,S13,6,lunch_break,4730.0,4735.0
5935,S13,6,lunch_break,4735.0,4740.0
5936,S13,6,lunch_break,4740.0,4745.0
5937,S13,6,lunch_break,4745.0,4750.0
5938,S13,6,lunch_break,4750.0,4755.0
5939,S13,6,lunch_break,4755.0,4760.0
5940,S13,6,lunch_break,4760.0,4765.0
5941,S13,6,lunch_break,4765.0,4770.0
5942,S13,6,lunch_break,4770.0,4775.0
5943,S13,6,lunch_break,4775.0,4780.0
5944,S13,6,lunch_break,4780.0,4785.0
5945,S13,6,lunch_break,4785.0,4790.0
5946,S13,6,lunch_break,4790.0,4795.0
5947,S13,6,lunch_break,4795.0,4800.0
5948,S13,6,lunch_break,4800.0,4805.0
5949,S13,6,lunch_break,4805.0,4810.0
5950,S13,6,lunch_break,4810.0,4815.0
5951,S13,6,lunch_break,4815.0,4820.0
5952,S13,6,lunch_break,4820.0,4825.0
5953,S13,6,lunch_break,4825.0,4830.0
5954,S13,6,lunch_break,4830.0,4835.0
5955,S13,6,lunch_break,4835.0,4840.0
5956,S13,6,lunch_break,4840.0,4845.0
5957,S13,6,lunch_break,4845.0,4850.0
5958,S13,6,lunch_break,4850.0,4855.0
5959,S13,6,lunch_break,4855.0,4860.0
5960,S13,6,lunch_break,4860.0,4865.0
5961,S13,6,lunch_break,4865.0,4870.0
5962,S13,6,lunch_break,4870.0,4875.0
5963,S13,6,lunch_break,4875.0,4880.0
5964,S13,6,lunch_break,4880.0,4885.0
5965,S13,6,lunch_break,4885.0,4890.0
5966,S13,6,lunch_break,4890.0,4895.0
5967,S13,6,lunch_break,4895.0,4900.0
5968,S13,6,lunch_break,4900.0,4905.0
5969,S13,6,lunch_break,4905.0,4910.0
5970,S13,6,lunch_break,4910.0,4915.0
5971,S13,6,lunch_break,4915.0,4920.0
5972,S13,6,lunch_break,4920.0,4925.0
5973,S13,6,lunch_break,4925.0,4930.0
5974,S13,6,lunch_break,4930.0,4935.0
5975,S13,6,lunch_break,4935.0,4940.0
5976,S13,6,lunch_break,4940.0,4945.0
5977,S13,6,lunch_break,4945.0,4950.0
5978,S13,6,lunch_break,4950.0,4955.0
5979,S13,6,lunch_break,4955.0,4960.0
5980,S13,6,lunch_break,4960.0,4965.0
5981,S13,6,lunch_break,4965.0,4970.0
5982,S13,6,lunch_break,4970.0,4975.0
5983,S13,6,lunch_break,4975.0,4980.0
5984,S13,6,lunch_break,4980.0,4985.0
5985,S13,6,lunch_break,4985.0,4990.0
5986,S13,6,lunch_break,4990.0,4995.0
5987,S13,6,lunch_break,4995.0,5000.0
5988,S13,6,lunch_break,5000.0,5005.0
5989,S13,6,lunch_break,5005.0,5010.0
5990,S13,6,lunch_break,5010.0,5015.0
5991,S13,6,lunch_break,5015.0,5020.0
5992,S13,6,lunch_break,5020.0,5025.0
5993,S13,6,lunch_break,5025.0,5030.0
5994,S13,6,lunch_break,5030.0,5035.0
5995,S13,6,lunch_break,5035.0,5040.0
5996,S13,6,lunch_break,5040.0,5045.0
5997,S13,6,lunch_break,5045.0,5050.0
5998,S13,6,lunch_break,5050.0,5055.0
5999,S13,6,lunch_break,5055.0,5060.0
6000,S13,6,lunch_break,5060.0,5065.0
6001,S13,6,lunch_break,5065.0,5070.0
6002,S13,6,lunch_break,5070.0,5075.0
6003,S13,6,lunch_break,5075.0,5080.0
6004,S13,6,lunch_break,5080.0,5085.0
6005,S13,6,lunch_break,5085.0,5090.0
6006,S13,6,lunch_break,5090.0,5095.0
6007,S13,6,lunch_break,5095.0,5100.0
6008,S13,6,lunch_break,5100.0,5105.0
6009,S13,6,lunch_break,5105.0,5110.0
6010,S13,6,lunch_break,5110.0,5115.0
6011,S13,6,lunch_break,5115.0,5120.0
6012,S13,6,lunch_break,5120.0,5125.0
6013,S13,6,lunch_break,5125.0,5130.0
6014,S13,6,lunch_break,5130.0,5135.0
6015,S13,6,lunch_break,5135.0,5140.0
6016,S13,6,lunch_break,5140.0,5145.0
6017,S13,6,lunch_break,5145.0,5150.0
6018,S13,6,lunch_break,5150.0,5155.0
6019,S13,6,lunch_break,5155.0,5160.0
6020,S13,6,lunch_break,5160.0,5165.0
6021,S13,6,lunch_break,5165.0,5170.0
6022,S13,6,lunch_break,5170.0,5175.0
6023,S13,6,lunch_break,5175.0,5180.0
6024,S13,6,lunch_break,5180.0,5185.0
6025,S13,6,lunch_break,5185.0,5190.0
6026,S13,6,lunch_break,5190.0,5195.0
6027,S13,6,lunch_break,5195.0,5200.0
6028,S13,6,lunch_break,5200.0,5205.0
6029,S13,6,lunch_break,5205.0,5210.0
6030,S13,6,lunch_break,5210.0,5215.0
6031,S13,6,lunch_break,5215.0,5220.0
6032,S13,6,lunch_break,5220.0,5225.0
6033,S13,6,lunch_break,5225.0,5230.0
6034,S13,6,lunch_break,5230.0,5235.0
6035,S13,6,lunch_break,5235.0,5240.0
6036,S13,6,lunch_break,5240.0,5245.0
6037,S13,6,lunch_break,5245.0,5250.0
6038,S13,6,lunch_break,5250.0,5255.0
6039,S13,6,lunch_break,5255.0,5260.0
6040,S13,6,lunch_break,5260.0,5265.0
6041,S13,6,lunch_break,5265.0,5270.0
6042,S13,6,lunch_break,5270.0,5275.0
6043,S13,6,lunch_break,5275.0,5280.0
6044,S13,6,lunch_break,5280.0,5285.0
6045,S13,6,lunch_break,5285.0,5290.0
6046,S13,6,lunch_break,5290.0,5295.0
6047,S13,6,lunch_break,5295.0,5300.0
6048,S13,6,lunch_break,5300.0,5305.0
6049,S13,6,lunch_break,5305.0,5310.0
6050,S13,6,lunch_break,5310.0,5315.0
6051,S13,6,lunch_break,5315.0,5320.0
6052,S13,6,lunch_break,5320.0,5325.0
6053,S13,6,lunch_break,5325.0,5330.0
6054,S13,6,lunch_break,5330.0,5335.0
6055,S13,6,lunch_break,5335.0,5340.0
6056,S13,6,lunch_break,5340.0,5345.0
6057,S13,6,lunch_break,5345.0,5350.0
6058,S13,6,lunch_break,5350.0,5355.0
6059,S13,6,lunch_break,5355.0,5360.0
6060,S13,6,lunch_break,5360.0,5365.0
6061,S13,6,lunch_break,5365.0,5370.0
6062,S13,6,lunch_break,5370.0,5375.0
6063,S13,6,lunch_break,5375.0,5380.0
6064,S13,6,lunch_break,5380.0,5385.0
6065,S13,6,lunch_break,5385.0,5390.0
6066,S13,6,lunch_break,5390.0,5395.0
6067,S13,6,lunch_break,5395.0,5400.0
6068,S13,6,lunch_break,5400.0,5405.0
6069,S13,6,lunch_break,5405.0,5410.0
6070,S13,6,lunch_break,5410.0,5415.0
6071,S13,6,lunch_break,5415.0,5420.0
6072,S13,6,lunch_break,5420.0,5425.0
6073,S13,6,lunch_break,5425.0,5430.0
6074,S13,6,lunch_break,5430.0,5435.0
6075,S13,6,lunch_break,5435.0,5440.0
6076,S13,6,lunch_break,5440.0,5445.0
6077,S13,6,lunch_break,5445.0,5450.0
6078,S13,6,lunch_break,5450.0,5455.0
6079,S13,6,lunch_break,5455.0,5460.0
6080,S13,6,lunch_break,5460.0,5465.0
6081,S13,6,lunch_break,5465.0,5470.0
6082,S13,6,lunch_break,5470.0,5475.0
6083,S13,6,lunch_break,5475.0,5480.0
6084,S13,6,lunch_break,5480.0,5485.0
6085,S13,6,lunch_break,5485.0,5490.0
6086,S13,6,lunch_break,5490.0,5495.0
6087,S13,6,lunch_break,5495.0,5500.0
6088,S13,6,lunch_break,5500.0,5505.0
6089,S13,6,lunch_break,5505.0,5510.0
6090,S13,6,lunch_break,5510.0,5515.0
6091,S13,6,lunch_break,5515.0,5520.0
6092,S13,6,lunch_break,5520.0,5525.0
6093,S13,6,lunch_break,5525.0,5530.0
6094,S13,6,lunch_break,5530.0,5535.0
6095,S13,6,lunch_break,5535.0,5540.0
6096,S13,6,lunch_break,5540.0,5545.0
6097,S13,6,lunch_break,5545.0,5550.0
6098,S13,6,lunch_break,5550.0,5555.0
6099,S13,6,lunch_break,5555.0,5560.0
6100,S13,6,lunch_break,5560.0,5565.0
6101,S13,6,lunch_break,5565.0,5570.0
6102,S13,6,lunch_break,5570.0,5575.0
6103,S13,6,lunch_break,5575.0,5580.0
6104,S13,6,lunch_break,5580.0,5585.0
6105,S13,6,lunch_break,5585.0,5590.0
6106,S13,6,lunch_break,5590.0,5595.0
6107,S13,6,lunch_break,5595.0,5600.0
6108,S13,6,lunch_break,5600.0,5605.0
6109,S13,6,lunch_break,5605.0,5610.0
6110,S13,6,lunch_break,5610.0,5615.0
6111,S13,6,lunch_break,5615.0,5620.0
6112,S13,6,lunch_break,5620.0,5625.0
6113,S13,6,lunch_break,5625.0,5630.0
6114,S13,6,lunch_break,5630.0,5635.0
6115,S13,6,lunch_break,5635.0,5640.0
6116,S13,6,lunch_break,5640.0,5645.0
6117,S13,6,lunch_break,5645.0,5650.0
6118,S13,6,lunch_break,5650.0,5655.0
6119,S13,6,lunch_break,5655.0,5660.0
6120,S13,6,lunch_break,5660.0,5665.0
6121,S13,6,lunch_break,5665.0,5670.0
6122,S13,6,lunch_break,5670.0,5675.0
6123,S13,6,lunch_break,5675.0,5680.0
6124,S13,6,lunch_break,5680.0,5685.0
6125,S13,6,lunch_break,5685.0,5690.0
6126,S13,6,lunch_break,5690.0,5695.0
6127,S13,6,lunch_break,5695.0,5700.0
6128,S13,6,lunch_break,5700.0,5705.0
6129,S13,6,lunch_break,5705.0,5710.0
6130,S13,6,lunch_break,5710.0,5715.0
6131,S13,6,lunch_break,5715.0,5720.0
6132,S13,6,lunch_break,5720.0,5725.0
6133,S13,6,lunch_break,5725.0,5730.0
6134,S13,6,lunch_break,5730.0,5735.0
6135,S13,6,lunch_break,5735.0,5740.0
6136,S13,6,lunch_break,5740.0,5745.0
6137,S13,6,lunch_break,5745.0,5750.0
6138,S13,6,lunch_break,5750.0,5755.0
6139,S13,6,lunch_break,5755.0,5760.0
6140,S13,6,lunch_break,5760.0,5765.0
6141,S13,6,lunch_break,5765.0,5770.0
6142,S13,6,lunch_break,5770.0,5775.0
6143,S13,6,lunch_break,5775.0,5780.0
6144,S13,6,lunch_break,5780.0,5785.0
6145,S13,6,lunch_break,5785.0,5790.0
6146,S13,6,lunch_break,5790.0,5795.0
6147,S13,6,lunch_break,5795.0,5800.0
6148,S13,6,lunch_break,5800.0,5805.0
6149,S13,6,lunch_break,5805.0,5810.0
6150,S13,6,lunch_break,5810.0,5815.0
6151,S13,6,lunch_break,5815.0,5820.0
6152,S13,6,lunch_break,5820.0,5825.0
6153,S13,6,lunch_break,5825.0,5830.0
6154,S13,6,lunch_break,5830.0,5835.0
6155,S13,6,lunch_break,5835.0,5840.0
6156,S13,6,lunch_break,5840.0,5845.0
6157,S13,6,lunch_break,5845.0,5850.0
6158,S13,6,lunch_break,5850.0,5855.0
6159,S13,6,lunch_break,5855.0,5860.0
6160,S13,6,lunch_break,5860.0,5865.0
6161,S13,6,lunch_break,5865.0,5870.0
6162,S13,6,lunch_break,5870.0,5875.0
6163,S13,6,lunch_break,5875.0,5880.0
6164,S13,6,lunch_break,5880.0,5885.0
6165,S13,6,lunch_break,5885.0,5890.0
6166,S13,6,lunch_break,5890.0,5895.0
6167,S13,6,lunch_break,5895.0,5900.0
6168,S13,6,lunch_break,5900.0,5905.0
6169,S13,6,lunch_break,5905.0,5910.0
6170,S13,6,lunch_break,5910.0,5915.0
6171,S13,6,lunch_break,5915.0,5920.0
6172,S13,6,lunch_break,5920.0,5925.0
6173,S13,6,lunch_break,5925.0,5930.0
6174,S13,6,lunch_break,5930.0,5935.0
6175,S13,6,lunch_break,5935.0,5940.0
6176,S13,6,lunch_break,5940.0,5945.0
6177,S13,6,lunch_break,5945.0,5950.0
6178,S13,6,lunch_break,5950.0,5955.0
6179,S13,6,lunch_break,5955.0,5960.0
6180,S13,6,lunch_break,5960.0,5965.0
6181,S13,6,lunch_break,5965.0,5970.0
6182,S13,6,lunch_break,5970.0,5975.0
6183,S13,6,lunch_break,5975.0,5980.0
6184,S13,6,lunch_break,5980.0,5985.0
6185,S13,6,lunch_break,5985.0,5990.0
6186,S13,6,lunch_break,5990.0,5995.0
6187,S13,6,lunch_break,5995.0,6000.0
6188,S13,6,lunch_break,6000.0,6005.0
6189,S13,6,lunch_break,6005.0,6010.0
6190,S13,6,lunch_break,6010.0,6015.0
6191,S13,6,lunch_break,6015.0,6020.0
6192,S13,6,lunch_break,6020.0,6025.0
6193,S13,6,lunch_break,6025.0,6030.0
6194,S13,6,lunch_break,6030.0,6035.0
6195,S13,6,lunch_break,6035.0,6040.0
6196,S13,6,lunch_break,6040.0,6045.0
6197,S13,6,lunch_break,6045.0,6050.0
6198,S13,6,lunch_break,6050.0,6055.0
6199,S13,6,lunch_break,6055.0,6060.0
6200,S13,6,lunch_break,6060.0,6065.0
6201,S13,6,lunch_break,6065.0,6070.0
6202,S13,6,lunch_break,6070.0,6075.0
6203,S13,6,lunch_break,6075.0,6080.0
6204,S13,6,lunch_break,6080.0,6085.0
6205,S13,6,lunch_break,6085.0,6090.0
6206,S13,6,lunch_break,6090.0,6095.0
6207,S13,6,lunch_break,6095.0,6100.0
6208,S13,6,lunch_break,6100.0,6105.0
6209,S13,6,lunch_break,6105.0,6110.0
6210,S13,6,lunch_break,6110.0,6115.0
6211,S13,6,lunch_break,6115.0,6120.0
6212,S13,6,lunch_break,6120.0,6125.0
6213,S13,6,lunch_break,6125.0,6130.0
6214,S13,6,lunch_break,6130.0,6135.0
6215,S13,6,lunch_break,6135.0,6140.0
6216,S13,6,lunch_break,6140.0,6145.0
6217,S13,6,lunch_break,6145.0,6150.0
6218,S13,6,lunch_break,6150.0,6155.0
6219,S13,6,lunch_break,6155.0,6160.0
6220,S13,6,lunch_break,6160.0,6165.0
6221,S13,6,lunch_break,6165.0,6170.0
6222,S13,6,lunch_break,6170.0,6175.0
6223,S13,6,lunch_break,6175.0,6180.0
6224,S13,6,lunch_break,6180.0,6185.0
6225,S13,6,lunch_break,6185.0,6190.0
6226,S13,6,lunch_break,6190.0,6195.0
6227,S13,6,lunch_break,6195.0,6200.0
6228,S13,6,lunch_break,6200.0,6205.0
6229,S13,6,lunch_break,6205.0,6210.0
6230,S13,6,lunch_break,6210.0,6215.0
6231,S13,6,lunch_break,6215.0,6220.0
6232,S13,6,lunch_break,6220.0,6225.0
6233,S13,6,lunch_break,6225.0,6230.0
6234,S13,6,lunch_break,6230.0,6235.0
6235,S13,6,lunch_break,6235.0,6240.0
6236,S13,6,lunch_break,6240.0,6245.0
6237,S13,6,lunch_break,6245.0,6250.0
6238,S13,6,lunch_break,6250.0,6255.0
6239,S13,6,lunch_break,6255.0,6260.0
6240,S13,6,lunch_break,6260.0,6265.0
6241,S13,6,lunch_break,6265.0,6270.0
6242,S13,6,lunch_break,6270.0,6275.0
6243,S13,6,lunch_break,6275.0,6280.0
6244,S13,6,lunch_break,6280.0,6285.0
6245,S13,6,lunch_break,6285.0,6290.0
6246,S13,6,lunch_break,6290.0,6295.0
6247,S13,6,lunch_break,6295.0,6300.0
6248,S13,6,lunch_break,6300.0,6305.0
6249,S13,6,lunch_break,6305.0,6310.0
6250,S13,6,lunch_break,6310.0,6315.0
6251,S13,6,lunch_break,6315.0,6320.0
6252,S13,6,lunch_break,6320.0,6325.0
6253,S13,6,lunch_break,6325.0,6330.0
6254,S13,6,lunch_break,6330.0,6335.0
6255,S13,6,lunch_break,6335.0,6340.0
6256,S13,6,lunch_break,6340.0,6345.0
6257,S13,6,lunch_break,6345.0,6350.0
6258,S13,6,lunch_break,6350.0,6355.0
6259,S13,6,lunch_break,6355.0,6360.0
6260,S13,6,lunch_break,6360.0,6365.0
6261,S13,6,lunch_break,6365.0,6370.0
6262,S13,6,lunch_break,6370.0,6375.0
6263,S13,6,lunch_break,6375.0,6380.0
6264,S13,6,lunch_break,6380.0,6385.0
6265,S13,6,lunch_break,6385.0,6390.0
6266,S13,6,lunch_break,6390.0,6395.0
6267,S13,6,lunch_break,6395.0,6400.0
6268,S13,6,lunch_break,6400.0,6405.0
6269,S13,6,lunch_break,6405.0,6410.0
6270,S13,6,lunch_break,6410.0,6415.0
6271,S13,6,lunch_break,6415.0,6420.0
6272,S13,6,lunch_break,6420.0,6425.0
6273,S13,6,lunch_break,6425.0,6430.0
6274,S13,6,lunch_break,6430.0,6435.0
6275,S13,6,lunch_break,6435.0,6440.0
6276,S13,6,lunch_break,6440.0,6445.0
6277,S13,6,lunch_break,6445.0,6450.0
6278,S13,6,lunch_break,6450.0,6455.0
6279,S13,6,lunch_break,6455.0,6460.0
6280,S13,6,lunch_break,6460.0,6465.0
6281,S13,6,lunch_break,6465.0,6470.0
6282,S13,6,lunch_break,6470.0,6475.0
6283,S13,6,lunch_break,6475.0,6480.0
6284,S13,6,lunch_break,6480.0,6485.0
6285,S13,6,lunch_break,6485.0,6490.0
6286,S13,6,lunch_break,6490.0,6495.0
6287,S13,6,lunch_break,6495.0,6500.0
6288,S13,6,lunch_break,6500.0,6505.0
6289,S13,6,lunch_break,6505.0,6510.0
6290,S13,6,lunch_break,6510.0,6515.0
6291,S13,6,lunch_break,6515.0,6520.0
6292,S13,6,lunch_break,6520.0,6525.0
6293,S13,6,lunch_break,6525.0,6530.0
6294,S13,6,lunch_break,6530.0,6535.0
6295,S13,6,lunch_break,6535.0,6540.0
6296,S13,6,lunch_break,6540.0,6545.0
6297,S13,6,lunch_break,6545.0,6550.0
6298,S13,6,lunch_break,6550.0,6555.0
6299,S13,6,lunch_break,6555.0,6560.0
6300,S13,6,lunch_break,6560.0,6565.0
6301,S13,6,lunch_break,6565.0,6570.0
6302,S13,6,lunch_break,6570.0,6575.0
6303,S13,6,lunch_break,6575.0,6580.0
6304,S13,6,lunch_break,6580.0,6585.0
6305,S13,6,lunch_break,6585.0,6590.0
6306,S13,6,lunch_break,6590.0,6595.0
6307,S13,6,lunch_break,6595.0,6600.0
6308,S13,6,lunch_break,6600.0,6605.0
6309,S13,6,lunch_break,6605.0,6610.0
6310,S13,6,lunch_break,6610.0,6615.0
6311,S13,6,lunch_break,6615.0,6620.0
6312,S13,6,lunch_break,6620.0,6625.0
6313,S13,6,lunch_break,6625.0,6630.0
6314,S13,6,lunch_break,6630.0,6635.0
6315,S13,6,lunch_break,6635.0,6640.0
6316,S13,6,lunch_break,6640.0,6645.0
6317,S13,6,lunch_break,6645.0,6650.0
6318,S13,6,lunch_break,6650.0,6655.0
6319,S13,6,lunch_break,6655.0,6660.0
6320,S13,6,lunch_break,6660.0,6665.0
6321,S13,7,walking,6670.0,6675.0
6322,S13,7,walking,6675.0,6680.0
6323,S13,7,walking,6680.0,6685.0
6324,S13,7,walking,6685.0,6690.0
6325,S13,7,walking,6690.0,6695.0
6326,S13,7,walking,6695.0,6700.0
6327,S13,7,walking,6700.0,6705.0
6328,S13,7,walking,6705.0,6710.0
6329,S13,7,walking,6710.0,6715.0
6330,S13,7,walking,6715.0,6720.0
6331,S13,7,walking,6720.0,6725.0
6332,S13,7,walking,6725.0,6730.0
6333,S13,7,walking,6730.0,6735.0
6334,S13,7,walking,6735.0,6740.0
6335,S13,7,walking,6740.0,6745.0
6336,S13,7,walking,6745.0,6750.0
6337,S13,7,walking,6750.0,6755.0
6338,S13,7,walking,6755.0,6760.0
6339,S13,7,walking,6760.0,6765.0
6340,S13,7,walking,6765.0,6770.0
6341,S13,7,walking,6770.0,6775.0
6342,S13,7,walking,6775.0,6780.0
6343,S13,7,walking,6780.0,6785.0
6344,S13,7,walking,6785.0,6790.0
6345,S13,7,walking,6790.0,6795.0
6346,S13,7,walking,6795.0,6800.0
6347,S13,7,walking,6800.0,6805.0
6348,S13,7,walking,6805.0,6810.0
6349,S13,7,walking,6810.0,6815.0
6350,S13,7,walking,6815.0,6820.0
6351,S13,7,walking,6820.0,6825.0
6352,S13,7,walking,6825.0,6830.0
6353,S13,7,walking,6830.0,6835.0
6354,S13,7,walking,6835.0,6840.0
6355,S13,7,walking,6840.0,6845.0
6356,S13,7,walking,6845.0,6850.0
6357,S13,7,walking,6850.0,6855.0
6358,S13,7,walking,6855.0,6860.0
6359,S13,7,walking,6860.0,6865.0
6360,S13,7,walking,6865.0,6870.0
6361,S13,7,walking,6870.0,6875.0
6362,S13,7,walking,6875.0,6880.0
6363,S13,7,walking,6880.0,6885.0
6364,S13,7,walking,6885.0,6890.0
6365,S13,7,walking,6890.0,6895.0
6366,S13,7,walking,6895.0,6900.0
6367,S13,7,walking,6900.0,6905.0
6368,S13,7,walking,6905.0,6910.0
6369,S13,7,walking,6910.0,6915.0
6370,S13,7,walking,6915.0,6920.0
6371,S13,7,walking,6920.0,6925.0
6372,S13,7,walking,6925.0,6930.0
6373,S13,7,walking,6930.0,6935.0
6374,S13,7,walking,6935.0,6940.0
6375,S13,7,walking,6940.0,6945.0
6376,S13,7,walking,6945.0,6950.0
6377,S13,7,walking,6950.0,6955.0
6378,S13,7,walking,6955.0,6960.0
6379,S13,7,walking,6960.0,6965.0
6380,S13,7,walking,6965.0,6970.0
6381,S13,7,walking,6970.0,6975.0
6382,S13,7,walking,6975.0,6980.0
6383,S13,7,walking,6980.0,6985.0
6384,S13,7,walking,6985.0,6990.0
6385,S13,7,walking,6990.0,6995.0
6386,S13,7,walking,6995.0,7000.0
6387,S13,7,walking,7000.0,7005.0
6388,S13,7,walking,7005.0,7010.0
6389,S13,7,walking,7010.0,7015.0
6390,S13,7,walking,7015.0,7020.0
6391,S13,7,walking,7020.0,7025.0
6392,S13,7,walking,7025.0,7030.0
6393,S13,7,walking,7030.0,7035.0
6394,S13,7,walking,7035.0,7040.0
6395,S13,7,walking,7040.0,7045.0
6396,S13,7,walking,7045.0,7050.0
6397,S13,7,walking,7050.0,7055.0
6398,S13,7,walking,7055.0,7060.0
6399,S13,7,walking,7060.0,7065.0
6400,S13,7,walking,7065.0,7070.0
6401,S13,7,walking,7070.0,7075.0
6402,S13,7,walking,7075.0,7080.0
6403,S13,7,walking,7080.0,7085.0
6404,S13,7,walking,7085.0,7090.0
6405,S13,7,walking,7090.0,7095.0
6406,S13,7,walking,7095.0,7100.0
6407,S13,7,walking,7100.0,7105.0
6408,S13,7,walking,7105.0,7110.0
6409,S13,7,walking,7110.0,7115.0
6410,S13,7,walking,7115.0,7120.0
6411,S13,7,walking,7120.0,7125.0
6412,S13,7,walking,7125.0,7130.0
6413,S13,7,walking,7130.0,7135.0
6414,S13,7,walking,7135.0,7140.0
6415,S13,7,walking,7140.0,7145.0
6416,S13,7,walking,7145.0,7150.0
6417,S13,7,walking,7150.0,7155.0
6418,S13,7,walking,7155.0,7160.0
6419,S13,7,walking,7160.0,7165.0
6420,S13,7,walking,7165.0,7170.0
6421,S13,7,walking,7170.0,7175.0
6422,S13,7,walking,7175.0,7180.0
6423,S13,7,walking,7180.0,7185.0
6424,S13,7,walking,7185.0,7190.0
6425,S13,7,walking,7190.0,7195.0
6426,S13,7,walking,7195.0,7200.0
6427,S13,7,walking,7200.0,7205.0
6428,S13,7,walking,7205.0,7210.0
6429,S13,7,walking,7210.0,7215.0
6430,S13,7,walking,7215.0,7220.0
6431,S13,7,walking,7220.0,7225.0
6432,S13,7,walking,7225.0,7230.0
6433,S13,7,walking,7230.0,7235.0
6434,S13,7,walking,7235.0,7240.0
6435,S13,7,walking,7240.0,7245.0
6436,S13,7,walking,7245.0,7250.0
6437,S13,7,walking,7250.0,7255.0
6438,S13,7,walking,7255.0,7260.0
6439,S13,7,walking,7260.0,7265.0
6440,S13,7,walking,7265.0,7270.0
6441,S13,7,walking,7270.0,7275.0
6442,S13,7,walking,7275.0,7280.0
6443,S13,7,walking,7280.0,7285.0
6444,S13,7,walking,7285.0,7290.0
6445,S13,7,walking,7290.0,7295.0
6446,S13,7,walking,7295.0,7300.0
6447,S13,7,walking,7300.0,7305.0
6448,S13,7,walking,7305.0,7310.0
6449,S13,7,walking,7310.0,7315.0
6450,S13,7,walking,7315.0,7320.0
6451,S13,7,walking,7320.0,7325.0
6452,S13,7,walking,7325.0,7330.0
6453,S13,7,walking,7330.0,7335.0
6454,S13,7,walking,7335.0,7340.0
6455,S13,7,walking,7340.0,7345.0
6456,S13,7,walking,7345.0,7350.0
6457,S13,7,walking,7350.0,7355.0
6458,S13,7,walking,7355.0,7360.0
6459,S13,7,walking,7360.0,7365.0
6460,S13,7,walking,7365.0,7370.0
6461,S13,7,walking,7370.0,7375.0
6462,S13,8,working,7710.0,7715.0
6463,S13,8,working,7715.0,7720.0
6464,S13,8,working,7720.0,7725.0
6465,S13,8,working,7725.0,7730.0
6466,S13,8,working,7730.0,7735.0
6467,S13,8,working,7735.0,7740.0
6468,S13,8,working,7740.0,7745.0
6469,S13,8,working,7745.0,7750.0
6470,S13,8,working,7750.0,7755.0
6471,S13,8,working,7755.0,7760.0
6472,S13,8,working,7760.0,7765.0
6473,S13,8,working,7765.0,7770.0
6474,S13,8,working,7770.0,7775.0
6475,S13,8,working,7775.0,7780.0
6476,S13,8,working,7780.0,7785.0
6477,S13,8,working,7785.0,7790.0
6478,S13,8,working,7790.0,7795.0
6479,S13,8,working,7795.0,7800.0
6480,S13,8,working,7800.0,7805.0
6481,S13,8,working,7805.0,7810.0
6482,S13,8,working,7810.0,7815.0
6483,S13,8,working,7815.0,7820.0
6484,S13,8,working,7820.0,7825.0
6485,S13,8,working,7825.0,7830.0
6486,S13,8,working,7830.0,7835.0
6487,S13,8,working,7835.0,7840.0
6488,S13,8,working,7840.0,7845.0
6489,S13,8,working,7845.0,7850.0
6490,S13,8,working,7850.0,7855.0
6491,S13,8,working,7855.0,7860.0
6492,S13,8,working,7860.0,7865.0
6493,S13,8,working,7865.0,7870.0
6494,S13,8,working,7870.0,7875.0
6495,S13,8,working,7875.0,7880.0
6496,S13,8,working,7880.0,7885.0
6497,S13,8,working,7885.0,7890.0
6498,S13,8,working,7890.0,7895.0
6499,S13,8,working,7895.0,7900.0
6500,S13,8,working,7900.0,7905.0
6501,S13,8,working,7905.0,7910.0
6502,S13,8,working,7910.0,7915.0
6503,S13,8,working,7915.0,7920.0
6504,S13,8,working,7920.0,7925.0
6505,S13,8,working,7925.0,7930.0
6506,S13,8,working,7930.0,7935.0
6507,S13,8,working,7935.0,7940.0
6508,S13,8,working,7940.0,7945.0
6509,S13,8,working,7945.0,7950.0
6510,S13,8,working,7950.0,7955.0
6511,S13,8,working,7955.0,7960.0
6512,S13,8,working,7960.0,7965.0
6513,S13,8,working,7965.0,7970.0
6514,S13,8,working,7970.0,7975.0
6515,S13,8,working,7975.0,7980.0
6516,S13,8,working,7980.0,7985.0
6517,S13,8,working,7985.0,7990.0
6518,S13,8,working,7990.0,7995.0
6519,S13,8,working,7995.0,8000.0
6520,S13,8,working,8000.0,8005.0
6521,S13,8,working,8005.0,8010.0
6522,S13,8,working,8010.0,8015.0
6523,S13,8,working,8015.0,8020.0
6524,S13,8,working,8020.0,8025.0
6525,S13,8,working,8025.0,8030.0
6526,S13,8,working,8030.0,8035.0
6527,S13,8,working,8035.0,8040.0
6528,S13,8,working,8040.0,8045.0
6529,S13,8,working,8045.0,8050.0
6530,S13,8,working,8050.0,8055.0
6531,S13,8,working,8055.0,8060.0
6532,S13,8,working,8060.0,8065.0
6533,S13,8,working,8065.0,8070.0
6534,S13,8,working,8070.0,8075.0
6535,S13,8,working,8075.0,8080.0
6536,S13,8,working,8080.0,8085.0
6537,S13,8,working,8085.0,8090.0
6538,S13,8,working,8090.0,8095.0
6539,S13,8,working,8095.0,8100.0
6540,S13,8,working,8100.0,8105.0
6541,S13,8,working,8105.0,8110.0
6542,S13,8,working,8110.0,8115.0
6543,S13,8,working,8115.0,8120.0
6544,S13,8,working,8120.0,8125.0
6545,S13,8,working,8125.0,8130.0
6546,S13,8,working,8130.0,8135.0
6547,S13,8,working,8135.0,8140.0
6548,S13,8,working,8140.0,8145.0
6549,S13,8,working,8145.0,8150.0
6550,S13,8,working,8150.0,8155.0
6551,S13,8,working,8155.0,8160.0
6552,S13,8,working,8160.0,8165.0
6553,S13,8,working,8165.0,8170.0
6554,S13,8,working,8170.0,8175.0
6555,S13,8,working,8175.0,8180.0
6556,S13,8,working,8180.0,8185.0
6557,S13,8,working,8185.0,8190.0
6558,S13,8,working,8190.0,8195.0
6559,S13,8,working,8195.0,8200.0
6560,S13,8,working,8200.0,8205.0
6561,S13,8,working,8205.0,8210.0
6562,S13,8,working,8210.0,8215.0
6563,S13,8,working,8215.0,8220.0
6564,S13,8,working,8220.0,8225.0
6565,S13,8,working,8225.0,8230.0
6566,S13,8,working,8230.0,8235.0
6567,S13,8,working,8235.0,8240.0
6568,S13,8,working,8240.0,8245.0
6569,S13,8,working,8245.0,8250.0
6570,S13,8,working,8250.0,8255.0
6571,S13,8,working,8255.0,8260.0
6572,S13,8,working,8260.0,8265.0
6573,S13,8,working,8265.0,8270.0
6574,S13,8,working,8270.0,8275.0
6575,S13,8,working,8275.0,8280.0
6576,S13,8,working,8280.0,8285.0
6577,S13,8,working,8285.0,8290.0
6578,S13,8,working,8290.0,8295.0
6579,S13,8,working,8295.0,8300.0
6580,S13,8,working,8300.0,8305.0
6581,S13,8,working,8305.0,8310.0
6582,S13,8,working,8310.0,8315.0
6583,S13,8,working,8315.0,8320.0
6584,S13,8,working,8320.0,8325.0
6585,S13,8,working,8325.0,8330.0
6586,S13,8,working,8330.0,8335.0
6587,S13,8,working,8335.0,8340.0
6588,S13,8,working,8340.0,8345.0
6589,S13,8,working,8345.0,8350.0
6590,S13,8,working,8350.0,8355.0
6591,S13,8,working,8355.0,8360.0
6592,S13,8,working,8360.0,8365.0
6593,S13,8,working,8365.0,8370.0
6594,S13,8,working,8370.0,8375.0
6595,S13,8,working,8375.0,8380.0
6596,S13,8,working,8380.0,8385.0
6597,S13,8,working,8385.0,8390.0
6598,S13,8,working,8390.0,8395.0
6599,S13,8,working,8395.0,8400.0
6600,S13,8,working,8400.0,8405.0
6601,S13,8,working,8405.0,8410.0
6602,S13,8,working,8410.0,8415.0
6603,S13,8,working,8415.0,8420.0
6604,S13,8,working,8420.0,8425.0
6605,S13,8,working,8425.0,8430.0
6606,S13,8,working,8430.0,8435.0
6607,S13,8,working,8435.0,8440.0
6608,S13,8,working,8440.0,8445.0
6609,S13,8,working,8445.0,8450.0
6610,S13,8,working,8450.0,8455.0
6611,S13,8,working,8455.0,8460.0
6612,S13,8,working,8460.0,8465.0
6613,S13,8,working,8465.0,8470.0
6614,S13,8,working,8470.0,8475.0
6615,S13,8,working,8475.0,8480.0
6616,S13,8,working,8480.0,8485.0
6617,S13,8,working,8485.0,8490.0
6618,S13,8,working,8490.0,8495.0
6619,S13,8,working,8495.0,8500.0
6620,S13,8,working,8500.0,8505.0
6621,S13,8,working,8505.0,8510.0
6622,S13,8,working,8510.0,8515.0
6623,S13,8,working,8515.0,8520.0
6624,S13,8,working,8520.0,8525.0
6625,S13,8,working,8525.0,8530.0
6626,S13,8,working,8530.0,8535.0
6627,S13,8,working,8535.0,8540.0
6628,S13,8,working,8540.0,8545.0
6629,S13,8,working,8545.0,8550.0
6630,S13,8,working,8550.0,8555.0
6631,S13,8,working,8555.0,8560.0
6632,S13,8,working,8560.0,8565.0
6633,S13,8,working,8565.0,8570.0
6634,S13,8,working,8570.0,8575.0
6635,S13,8,working,8575.0,8580.0
6636,S13,8,working,8580.0,8585.0
6637,S13,8,working,8585.0,8590.0
6638,S13,8,working,8590.0,8595.0
6639,S13,8,working,8595.0,8600.0
6640,S13,8,working,8600.0,8605.0
6641,S13,8,working,8605.0,8610.0
6642,S13,8,working,8610.0,8615.0
6643,S13,8,working,8615.0,8620.0
6644,S13,8,working,8620.0,8625.0
6645,S13,8,working,8625.0,8630.0
6646,S13,8,working,8630.0,8635.0
6647,S13,8,working,8635.0,8640.0
6648,S13,8,working,8640.0,8645.0
6649,S13,8,working,8645.0,8650.0
6650,S13,8,working,8650.0,8655.0
6651,S13,8,working,8655.0,8660.0
6652,S13,8,working,8660.0,8665.0
6653,S13,8,working,8665.0,8670.0
6654,S13,8,working,8670.0,8675.0
6655,S13,8,working,8675.0,8680.0
6656,S13,8,working,8680.0,8685.0
6657,S13,8,working,8685.0,8690.0
6658,S13,8,working,8690.0,8695.0
6659,S13,8,working,8695.0,8700.0
6660,S13,8,working,8700.0,8705.0
6661,S13,8,working,8705.0,8710.0
6662,S13,8,working,8710.0,8715.0
6663,S13,8,working,8715.0,8720.0
6664,S13,8,working,8720.0,8725.0
6665,S13,8,working,8725.0,8730.0
6666,S13,8,working,8730.0,8735.0
6667,S13,8,working,8735.0,8740.0
6668,S13,8,working,8740.0,8745.0
6669,S13,8,working,8745.0,8750.0
6670,S13,8,working,8750.0,8755.0
6671,S13,8,working,8755.0,8760.0
6672,S13,8,working,8760.0,8765.0
6673,S13,8,working,8765.0,8770.0
6674,S13,8,working,8770.0,8775.0
6675,S13,8,working,8775.0,8780.0
6676,S13,8,working,8780.0,8785.0
6677,S13,8,working,8785.0,8790.0
6678,S13,8,working,8790.0,8795.0
6679,S13,8,working,8795.0,8800.0
6680,S13,8,working,8800.0,8805.0
6681,S13,8,working,8805.0,8810.0
6682,S13,8,working,8810.0,8815.0
6683,S13,8,working,8815.0,8820.0
6684,S13,8,working,8820.0,8825.0
6685,S13,8,working,8825.0,8830.0
6686,S13,8,working,8830.0,8835.0
6687,S13,8,working,8835.0,8840.0
6688,S13,8,working,8840.0,8845.0
6689,S13,8,working,8845.0,8850.0
6690,S13,8,working,8850.0,8855.0
6691,S13,8,working,8855.0,8860.0
6692,S13,8,working,8860.0,8865.0
6693,S13,8,working,8865.0,8870.0
6694,S13,8,working,8870.0,8875.0
6695,S13,8,working,8875.0,8880.0
6696,S13,8,working,8880.0,8885.0
6697,S13,8,working,8885.0,8890.0
6698,S13,8,working,8890.0,8895.0
6699,S13,8,working,8895.0,8900.0
6700,S13,8,working,8900.0,8905.0
6701,S13,8,working,8905.0,8910.0
6702,S13,8,working,8910.0,8915.0
6703,S13,8,working,8915.0,8920.0
6704,S13,8,working,8920.0,8925.0
6705,S13,8,working,8925.0,8930.0
6706,S14,1,sitting,65.0,70.0
6707,S14,1,sitting,70.0,75.0
6708,S14,1,sitting,75.0,80.0
6709,S14,1,sitting,80.0,85.0
6710,S14,1,sitting,85.0,90.0
6711,S14,1,sitting,90.0,95.0
6712,S14,1,sitting,95.0,100.0
6713,S14,1,sitting,100.0,105.0
6714,S14,1,sitting,105.0,110.0
6715,S14,1,sitting,110.0,115.0
6716,S14,1,sitting,115.0,120.0
6717,S14,1,sitting,120.0,125.0
6718,S14,1,sitting,125.0,130.0
6719,S14,1,sitting,130.0,135.0
6720,S14,1,sitting,135.0,140.0
6721,S14,1,sitting,140.0,145.0
6722,S14,1,sitting,145.0,150.0
6723,S14,1,sitting,150.0,155.0
6724,S14,1,sitting,155.0,160.0
6725,S14,1,sitting,160.0,165.0
6726,S14,1,sitting,165.0,170.0
6727,S14,1,sitting,170.0,175.0
6728,S14,1,sitting,175.0,180.0
6729,S14,1,sitting,180.0,185.0
6730,S14,1,sitting,185.0,190.0
6731,S14,1,sitting,190.0,195.0
6732,S14,1,sitting,195.0,200.0
6733,S14,1,sitting,200.0,205.0
6734,S14,1,sitting,205.0,210.0
6735,S14,1,sitting,210.0,215.0
6736,S14,1,sitting,215.0,220.0
6737,S14,1,sitting,220.0,225.0
6738,S14,1,sitting,225.0,230.0
6739,S14,1,sitting,230.0,235.0
6740,S14,1,sitting,235.0,240.0
6741,S14,1,sitting,240.0,245.0
6742,S14,1,sitting,245.0,250.0
6743,S14,1,sitting,250.0,255.0
6744,S14,1,sitting,255.0,260.0
6745,S14,1,sitting,260.0,265.0
6746,S14,1,sitting,265.0,270.0
6747,S14,1,sitting,270.0,275.0
6748,S14,1,sitting,275.0,280.0
6749,S14,1,sitting,280.0,285.0
6750,S14,1,sitting,285.0,290.0
6751,S14,1,sitting,290.0,295.0
6752,S14,1,sitting,295.0,300.0
6753,S14,1,sitting,300.0,305.0
6754,S14,1,sitting,305.0,310.0
6755,S14,1,sitting,310.0,315.0
6756,S14,1,sitting,315.0,320.0
6757,S14,1,sitting,320.0,325.0
6758,S14,1,sitting,325.0,330.0
6759,S14,1,sitting,330.0,335.0
6760,S14,1,sitting,335.0,340.0
6761,S14,1,sitting,340.0,345.0
6762,S14,1,sitting,345.0,350.0
6763,S14,1,sitting,350.0,355.0
6764,S14,1,sitting,355.0,360.0
6765,S14,1,sitting,360.0,365.0
6766,S14,1,sitting,365.0,370.0
6767,S14,1,sitting,370.0,375.0
6768,S14,1,sitting,375.0,380.0
6769,S14,1,sitting,380.0,385.0
6770,S14,1,sitting,385.0,390.0
6771,S14,1,sitting,390.0,395.0
6772,S14,1,sitting,395.0,400.0
6773,S14,1,sitting,400.0,405.0
6774,S14,1,sitting,405.0,410.0
6775,S14,1,sitting,410.0,415.0
6776,S14,1,sitting,415.0,420.0
6777,S14,1,sitting,420.0,425.0
6778,S14,1,sitting,425.0,430.0
6779,S14,1,sitting,430.0,435.0
6780,S14,1,sitting,435.0,440.0
6781,S14,1,sitting,440.0,445.0
6782,S14,1,sitting,445.0,450.0
6783,S14,1,sitting,450.0,455.0
6784,S14,1,sitting,455.0,460.0
6785,S14,1,sitting,460.0,465.0
6786,S14,1,sitting,465.0,470.0
6787,S14,1,sitting,470.0,475.0
6788,S14,1,sitting,475.0,480.0
6789,S14,1,sitting,480.0,485.0
6790,S14,1,sitting,485.0,490.0
6791,S14,1,sitting,490.0,495.0
6792,S14,1,sitting,495.0,500.0
6793,S14,1,sitting,500.0,505.0
6794,S14,1,sitting,505.0,510.0
6795,S14,1,sitting,510.0,515.0
6796,S14,1,sitting,515.0,520.0
6797,S14,1,sitting,520.0,525.0
6798,S14,1,sitting,525.0,530.0
6799,S14,1,sitting,530.0,535.0
6800,S14,1,sitting,535.0,540.0
6801,S14,1,sitting,540.0,545.0
6802,S14,1,sitting,545.0,550.0
6803,S14,1,sitting,550.0,555.0
6804,S14,1,sitting,555.0,560.0
6805,S14,1,sitting,560.0,565.0
6806,S14,1,sitting,565.0,570.0
6807,S14,1,sitting,570.0,575.0
6808,S14,1,sitting,575.0,580.0
6809,S14,1,sitting,580.0,585.0
6810,S14,1,sitting,585.0,590.0
6811,S14,1,sitting,590.0,595.0
6812,S14,1,sitting,595.0,600.0
6813,S14,1,sitting,600.0,605.0
6814,S14,1,sitting,605.0,610.0
6815,S14,1,sitting,610.0,615.0
6816,S14,1,sitting,615.0,620.0
6817,S14,1,sitting,620.0,625.0
6818,S14,1,sitting,625.0,630.0
6819,S14,1,sitting,630.0,635.0
6820,S14,1,sitting,635.0,640.0
6821,S14,1,sitting,640.0,645.0
6822,S14,1,sitting,645.0,650.0
6823,S14,1,sitting,650.0,655.0
6824,S14,1,sitting,655.0,660.0
6825,S14,1,sitting,660.0,665.0
6826,S14,1,sitting,665.0,670.0
6827,S14,2,stairs,815.0,820.0
6828,S14,2,stairs,820.0,825.0
6829,S14,2,stairs,825.0,830.0
6830,S14,2,stairs,830.0,835.0
6831,S14,2,stairs,835.0,840.0
6832,S14,2,stairs,840.0,845.0
6833,S14,2,stairs,845.0,850.0
6834,S14,2,stairs,850.0,855.0
6835,S14,2,stairs,855.0,860.0
6836,S14,2,stairs,860.0,865.0
6837,S14,2,stairs,865.0,870.0
6838,S14,2,stairs,870.0,875.0
6839,S14,2,stairs,875.0,880.0
6840,S14,2,stairs,880.0,885.0
6841,S14,2,stairs,885.0,890.0
6842,S14,2,stairs,890.0,895.0
6843,S14,2,stairs,895.0,900.0
6844,S14,2,stairs,900.0,905.0
6845,S14,2,stairs,905.0,910.0
6846,S14,2,stairs,910.0,915.0
6847,S14,2,stairs,915.0,920.0
6848,S14,2,stairs,920.0,925.0
6849,S14,2,stairs,925.0,930.0
6850,S14,2,stairs,930.0,935.0
6851,S14,2,stairs,935.0,940.0
6852,S14,2,stairs,940.0,945.0
6853,S14,2,stairs,945.0,950.0
6854,S14,2,stairs,950.0,955.0
6855,S14,2,stairs,955.0,960.0
6856,S14,2,stairs,960.0,965.0
6857,S14,2,stairs,965.0,970.0
6858,S14,2,stairs,970.0,975.0
6859,S14,2,stairs,975.0,980.0
6860,S14,2,stairs,980.0,985.0
6861,S14,2,stairs,985.0,990.0
6862,S14,2,stairs,990.0,995.0
6863,S14,2,stairs,995.0,1000.0
6864,S14,2,stairs,1000.0,1005.0
6865,S14,2,stairs,1005.0,1010.0
6866,S14,2,stairs,1010.0,1015.0
6867,S14,2,stairs,1015.0,1020.0
6868,S14,2,stairs,1020.0,1025.0
6869,S14,2,stairs,1025.0,1030.0
6870,S14,2,stairs,1030.0,1035.0
6871,S14,2,stairs,1035.0,1040.0
6872,S14,2,stairs,1040.0,1045.0
6873,S14,2,stairs,1045.0,1050.0
6874,S14,2,stairs,1050.0,1055.0
6875,S14,2,stairs,1055.0,1060.0
6876,S14,2,stairs,1060.0,1065.0
6877,S14,2,stairs,1065.0,1070.0
6878,S14,2,stairs,1070.0,1075.0
6879,S14,2,stairs,1075.0,1080.0
6880,S14,2,stairs,1080.0,1085.0
6881,S14,2,stairs,1085.0,1090.0
6882,S14,2,stairs,1090.0,1095.0
6883,S14,2,stairs,1095.0,1100.0
6884,S14,2,stairs,1100.0,1105.0
6885,S14,2,stairs,1105.0,1110.0
6886,S14,2,stairs,1110.0,1115.0
6887,S14,2,stairs,1115.0,1120.0
6888,S14,2,stairs,1120.0,1125.0
6889,S14,2,stairs,1125.0,1130.0
6890,S14,2,stairs,1130.0,1135.0
6891,S14,2,stairs,1135.0,1140.0
6892,S14,2,stairs,1140.0,1145.0
6893,S14,2,stairs,1145.0,1150.0
6894,S14,2,stairs,1150.0,1155.0
6895,S14,2,stairs,1155.0,1160.0
6896,S14,2,stairs,1160.0,1165.0
6897,S14,2,stairs,1165.0,1170.0
6898,S14,2,stairs,1170.0,1175.0
6899,S14,2,stairs,1175.0,1180.0
6900,S14,2,stairs,1180.0,1185.0
6901,S14,2,stairs,1185.0,1190.0
6902,S14,2,stairs,1190.0,1195.0
6903,S14,2,stairs,1195.0,1200.0
6904,S14,2,stairs,1200.0,1205.0
6905,S14,2,stairs,1205.0,1210.0
6906,S14,2,stairs,1210.0,1215.0
6907,S14,2,stairs,1215.0,1220.0
6908,S14,2,stairs,1220.0,1225.0
6909,S14,2,stairs,1225.0,1230.0
6910,S14,2,stairs,1230.0,1235.0
6911,S14,2,stairs,1235.0,1240.0
6912,S14,2,stairs,1240.0,1245.0
6913,S14,2,stairs,1245.0,1250.0
6914,S14,2,stairs,1250.0,1255.0
6915,S14,2,stairs,1255.0,1260.0
6916,S14,2,stairs,1260.0,1265.0
6917,S14,2,stairs,1265.0,1270.0
6918,S14,3,table_soccer,1400.0,1405.0
6919,S14,3,table_soccer,1405.0,1410.0
6920,S14,3,table_soccer,1410.0,1415.0
6921,S14,3,table_soccer,1415.0,1420.0
6922,S14,3,table_soccer,1420.0,1425.0
6923,S14,3,table_soccer,1425.0,1430.0
6924,S14,3,table_soccer,1430.0,1435.0
6925,S14,3,table_soccer,1435.0,1440.0
6926,S14,3,table_soccer,1440.0,1445.0
6927,S14,3,table_soccer,1445.0,1450.0
6928,S14,3,table_soccer,1450.0,1455.0
6929,S14,3,table_soccer,1455.0,1460.0
6930,S14,3,table_soccer,1460.0,1465.0
6931,S14,3,table_soccer,1465.0,1470.0
6932,S14,3,table_soccer,1470.0,1475.0
6933,S14,3,table_soccer,1475.0,1480.0
6934,S14,3,table_soccer,1480.0,1485.0
6935,S14,3,table_soccer,1485.0,1490.0
6936,S14,3,table_soccer,1490.0,1495.0
6937,S14,3,table_soccer,1495.0,1500.0
6938,S14,3,table_soccer,1500.0,1505.0
6939,S14,3,table_soccer,1505.0,1510.0
6940,S14,3,table_soccer,1510.0,1515.0
6941,S14,3,table_soccer,1515.0,1520.0
6942,S14,3,table_soccer,1520.0,1525.0
6943,S14,3,table_soccer,1525.0,1530.0
6944,S14,3,table_soccer,1530.0,1535.0
6945,S14,3,table_soccer,1535.0,1540.0
6946,S14,3,table_soccer,1540.0,1545.0
6947,S14,3,table_soccer,1545.0,1550.0
6948,S14,3,table_soccer,1550.0,1555.0
6949,S14,3,table_soccer,1555.0,1560.0
6950,S14,3,table_soccer,1560.0,1565.0
6951,S14,3,table_soccer,1565.0,1570.0
6952,S14,3,table_soccer,1570.0,1575.0
6953,S14,3,table_soccer,1575.0,1580.0
6954,S14,3,table_soccer,1580.0,1585.0
6955,S14,3,table_soccer,1585.0,1590.0
6956,S14,3,table_soccer,1590.0,1595.0
6957,S14,3,table_soccer,1595.0,1600.0
6958,S14,3,table_soccer,1600.0,1605.0
6959,S14,3,table_soccer,1605.0,1610.0
6960,S14,3,table_soccer,1610.0,1615.0
6961,S14,3,table_soccer,1615.0,1620.0
6962,S14,3,table_soccer,1620.0,1625.0
6963,S14,3,table_soccer,1625.0,1630.0
6964,S14,3,table_soccer,1630.0,1635.0
6965,S14,3,table_soccer,1635.0,1640.0
6966,S14,3,table_soccer,1640.0,1645.0
6967,S14,3,table_soccer,1645.0,1650.0
6968,S14,3,table_soccer,1650.0,1655.0
6969,S14,3,table_soccer,1655.0,1660.0
6970,S14,3,table_soccer,1660.0,1665.0
6971,S14,3,table_soccer,1665.0,1670.0
6972,S14,3,table_soccer,1670.0,1675.0
6973,S14,3,table_soccer,1675.0,1680.0
6974,S14,3,table_soccer,1680.0,1685.0
6975,S14,3,table_soccer,1685.0,1690.0
6976,S14,3,table_soccer,1690.0,1695.0
6977,S14,3,table_soccer,1695.0,1700.0
6978,S14,3,table_soccer,1700.0,1705.0
6979,S14,3,table_soccer,1705.0,1710.0
6980,S14,3,table_soccer,1710.0,1715.0
6981,S14,3,table_soccer,1715.0,1720.0
6982,S14,3,table_soccer,1720.0,1725.0
6983,S14,4,cycling,2210.0,2215.0
6984,S14,4,cycling,2215.0,2220.0
6985,S14,4,cycling,2220.0,2225.0
6986,S14,4,cycling,2225.0,2230.0
6987,S14,4,cycling,2230.0,2235.0
6988,S14,4,cycling,2235.0,2240.0
6989,S14,4,cycling,2240.0,2245.0
6990,S14,4,cycling,2245.0,2250.0
6991,S14,4,cycling,2250.0,2255.0
6992,S14,4,cycling,2255.0,2260.0
6993,S14,4,cycling,2260.0,2265.0
6994,S14,4,cycling,2265.0,2270.0
6995,S14,4,cycling,2270.0,2275.0
6996,S14,4,cycling,2275.0,2280.0
6997,S14,4,cycling,2280.0,2285.0
6998,S14,4,cycling,2285.0,2290.0
6999,S14,4,cycling,2290.0,2295.0
7000,S14,4,cycling,2295.0,2300.0
7001,S14,4,cycling,2300.0,2305.0
7002,S14,4,cycling,2305.0,2310.0
7003,S14,4,cycling,2310.0,2315.0
7004,S14,4,cycling,2315.0,2320.0
7005,S14,4,cycling,2320.0,2325.0
7006,S14,4,cycling,2325.0,2330.0
7007,S14,4,cycling,2330.0,2335.0
7008,S14,4,cycling,2335.0,2340.0
7009,S14,4,cycling,2340.0,2345.0
7010,S14,4,cycling,2345.0,2350.0
7011,S14,4,cycling,2350.0,2355.0
7012,S14,4,cycling,2355.0,2360.0
7013,S14,4,cycling,2360.0,2365.0
7014,S14,4,cycling,2365.0,2370.0
7015,S14,4,cycling,2370.0,2375.0
7016,S14,4,cycling,2375.0,2380.0
7017,S14,4,cycling,2380.0,2385.0
7018,S14,4,cycling,2385.0,2390.0
7019,S14,4,cycling,2390.0,2395.0
7020,S14,4,cycling,2395.0,2400.0
7021,S14,4,cycling,2400.0,2405.0
7022,S14,4,cycling,2405.0,2410.0
7023,S14,4,cycling,2410.0,2415.0
7024,S14,4,cycling,2415.0,2420.0
7025,S14,4,cycling,2420.0,2425.0
7026,S14,4,cycling,2425.0,2430.0
7027,S14,4,cycling,2430.0,2435.0
7028,S14,4,cycling,2435.0,2440.0
7029,S14,4,cycling,2440.0,2445.0
7030,S14,4,cycling,2445.0,2450.0
7031,S14,4,cycling,2450.0,2455.0
7032,S14,4,cycling,2455.0,2460.0
7033,S14,4,cycling,2460.0,2465.0
7034,S14,4,cycling,2465.0,2470.0
7035,S14,4,cycling,2470.0,2475.0
7036,S14,4,cycling,2475.0,2480.0
7037,S14,4,cycling,2480.0,2485.0
7038,S14,4,cycling,2485.0,2490.0
7039,S14,4,cycling,2490.0,2495.0
7040,S14,4,cycling,2495.0,2500.0
7041,S14,4,cycling,2500.0,2505.0
7042,S14,4,cycling,2505.0,2510.0
7043,S14,4,cycling,2510.0,2515.0
7044,S14,4,cycling,2515.0,2520.0
7045,S14,4,cycling,2520.0,2525.0
7046,S14,4,cycling,2525.0,2530.0
7047,S14,4,cycling,2530.0,2535.0
7048,S14,4,cycling,2535.0,2540.0
7049,S14,4,cycling,2540.0,2545.0
7050,S14,4,cycling,2545.0,2550.0
7051,S14,4,cycling,2550.0,2555.0
7052,S14,4,cycling,2555.0,2560.0
7053,S14,4,cycling,2560.0,2565.0
7054,S14,4,cycling,2565.0,2570.0
7055,S14,4,cycling,2570.0,2575.0
7056,S14,4,cycling,2575.0,2580.0
7057,S14,4,cycling,2580.0,2585.0
7058,S14,4,cycling,2585.0,2590.0
7059,S14,4,cycling,2590.0,2595.0
7060,S14,4,cycling,2595.0,2600.0
7061,S14,4,cycling,2600.0,2605.0
7062,S14,4,cycling,2605.0,2610.0
7063,S14,4,cycling,2610.0,2615.0
7064,S14,4,cycling,2615.0,2620.0
7065,S14,4,cycling,2620.0,2625.0
7066,S14,4,cycling,2625.0,2630.0
7067,S14,4,cycling,2630.0,2635.0
7068,S14,4,cycling,2635.0,2640.0
7069,S14,4,cycling,2640.0,2645.0
7070,S14,4,cycling,2645.0,2650.0
7071,S14,4,cycling,2650.0,2655.0
7072,S14,4,cycling,2655.0,2660.0
7073,S14,4,cycling,2660.0,2665.0
7074,S14,4,cycling,2665.0,2670.0
7075,S14,4,cycling,2670.0,2675.0
7076,S14,4,cycling,2675.0,2680.0
7077,S14,4,cycling,2680.0,2685.0
7078,S14,4,cycling,2685.0,2690.0
7079,S14,4,cycling,2690.0,2695.0
7080,S14,4,cycling,2695.0,2700.0
7081,S14,4,cycling,2700.0,2705.0
7082,S14,4,cycling,2705.0,2710.0
7083,S14,5,car_driving,3345.0,3350.0
7084,S14,5,car_driving,3350.0,3355.0
7085,S14,5,car_driving,3355.0,3360.0
7086,S14,5,car_driving,3360.0,3365.0
7087,S14,5,car_driving,3365.0,3370.0
7088,S14,5,car_driving,3370.0,3375.0
7089,S14,5,car_driving,3375.0,3380.0
7090,S14,5,car_driving,3380.0,3385.0
7091,S14,5,car_driving,3385.0,3390.0
7092,S14,5,car_driving,3390.0,3395.0
7093,S14,5,car_driving,3395.0,3400.0
7094,S14,5,car_driving,3400.0,3405.0
7095,S14,5,car_driving,3405.0,3410.0
7096,S14,5,car_driving,3410.0,3415.0
7097,S14,5,car_driving,3415.0,3420.0
7098,S14,5,car_driving,3420.0,3425.0
7099,S14,5,car_driving,3425.0,3430.0
7100,S14,5,car_driving,3430.0,3435.0
7101,S14,5,car_driving,3435.0,3440.0
7102,S14,5,car_driving,3440.0,3445.0
7103,S14,5,car_driving,3445.0,3450.0
7104,S14,5,car_driving,3450.0,3455.0
7105,S14,5,car_driving,3455.0,3460.0
7106,S14,5,car_driving,3460.0,3465.0
7107,S14,5,car_driving,3465.0,3470.0
7108,S14,5,car_driving,3470.0,3475.0
7109,S14,5,car_driving,3475.0,3480.0
7110,S14,5,car_driving,3480.0,3485.0
7111,S14,5,car_driving,3485.0,3490.0
7112,S14,5,car_driving,3490.0,3495.0
7113,S14,5,car_driving,3495.0,3500.0
7114,S14,5,car_driving,3500.0,3505.0
7115,S14,5,car_driving,3505.0,3510.0
7116,S14,5,car_driving,3510.0,3515.0
7117,S14,5,car_driving,3515.0,3520.0
7118,S14,5,car_driving,3520.0,3525.0
7119,S14,5,car_driving,3525.0,3530.0
7120,S14,5,car_driving,3530.0,3535.0
7121,S14,5,car_driving,3535.0,3540.0
7122,S14,5,car_driving,3540.0,3545.0
7123,S14,5,car_driving,3545.0,3550.0
7124,S14,5,car_driving,3550.0,3555.0
7125,S14,5,car_driving,3555.0,3560.0
7126,S14,5,car_driving,3560.0,3565.0
7127,S14,5,car_driving,3565.0,3570.0
7128,S14,5,car_driving,3570.0,3575.0
7129,S14,5,car_driving,3575.0,3580.0
7130,S14,5,car_driving,3580.0,3585.0
7131,S14,5,car_driving,3585.0,3590.0
7132,S14,5,car_driving,3590.0,3595.0
7133,S14,5,car_driving,3595.0,3600.0
7134,S14,5,car_driving,3600.0,3605.0
7135,S14,5,car_driving,3605.0,3610.0
7136,S14,5,car_driving,3610.0,3615.0
7137,S14,5,car_driving,3615.0,3620.0
7138,S14,5,car_driving,3620.0,3625.0
7139,S14,5,car_driving,3625.0,3630.0
7140,S14,5,car_driving,3630.0,3635.0
7141,S14,5,car_driving,3635.0,3640.0
7142,S14,5,car_driving,3640.0,3645.0
7143,S14,5,car_driving,3645.0,3650.0
7144,S14,5,car_driving,3650.0,3655.0
7145,S14,5,car_driving,3655.0,3660.0
7146,S14,5,car_driving,3660.0,3665.0
7147,S14,5,car_driving,3665.0,3670.0
7148,S14,5,car_driving,3670.0,3675.0
7149,S14,5,car_driving,3675.0,3680.0
7150,S14,5,car_driving,3680.0,3685.0
7151,S14,5,car_driving,3685.0,3690.0
7152,S14,5,car_driving,3690.0,3695.0
7153,S14,5,car_driving,3695.0,3700.0
7154,S14,5,car_driving,3700.0,3705.0
7155,S14,5,car_driving,3705.0,3710.0
7156,S14,5,car_driving,3710.0,3715.0
7157,S14,5,car_driving,3715.0,3720.0
7158,S14,5,car_driving,3720.0,3725.0
7159,S14,5,car_driving,3725.0,3730.0
7160,S14,5,car_driving,3730.0,3735.0
7161,S14,5,car_driving,3735.0,3740.0
7162,S14,5,car_driving,3740.0,3745.0
7163,S14,5,car_driving,3745.0,3750.0
7164,S14,5,car_driving,3750.0,3755.0
7165,S14,5,car_driving,3755.0,3760.0
7166,S14,5,car_driving,3760.0,3765.0
7167,S14,5,car_driving,3765.0,3770.0
7168,S14,5,car_driving,3770.0,3775.0
7169,S14,5,car_driving,3775.0,3780.0
7170,S14,5,car_driving,3780.0,3785.0
7171,S14,5,car_driving,3785.0,3790.0
7172,S14,5,car_driving,3790.0,3795.0
7173,S14,5,car_driving,3795.0,3800.0
7174,S14,5,car_driving,3800.0,3805.0
7175,S14,5,car_driving,3805.0,3810.0
7176,S14,5,car_driving,3810.0,3815.0
7177,S14,5,car_driving,3815.0,3820.0
7178,S14,5,car_driving,3820.0,3825.0
7179,S14,5,car_driving,3825.0,3830.0
7180,S14,5,car_driving,3830.0,3835.0
7181,S14,5,car_driving,3835.0,3840.0
7182,S14,5,car_driving,3840.0,3845.0
7183,S14,5,car_driving,3845.0,3850.0
7184,S14,5,car_driving,3850.0,3855.0
7185,S14,5,car_driving,3855.0,3860.0
7186,S14,5,car_driving,3860.0,3865.0
7187,S14,5,car_driving,3865.0,3870.0
7188,S14,5,car_driving,3870.0,3875.0
7189,S14,5,car_driving,3875.0,3880.0
7190,S14,5,car_driving,3880.0,3885.0
7191,S14,5,car_driving,3885.0,3890.0
7192,S14,5,car_driving,3890.0,3895.0
7193,S14,5,car_driving,3895.0,3900.0
7194,S14,5,car_driving,3900.0,3905.0
7195,S14,5,car_driving,3905.0,3910.0
7196,S14,5,car_driving,3910.0,3915.0
7197,S14,5,car_driving,3915.0,3920.0
7198,S14,5,car_driving,3920.0,3925.0
7199,S14,5,car_driving,3925.0,3930.0
7200,S14,5,car_driving,3930.0,3935.0
7201,S14,5,car_driving,3935.0,3940.0
7202,S14,5,car_driving,3940.0,3945.0
7203,S14,5,car_driving,3945.0,3950.0
7204,S14,5,car_driving,3950.0,3955.0
7205,S14,5,car_driving,3955.0,3960.0
7206,S14,5,car_driving,3960.0,3965.0
7207,S14,5,car_driving,3965.0,3970.0
7208,S14,5,car_driving,3970.0,3975.0
7209,S14,5,car_driving,3975.0,3980.0
7210,S14,5,car_driving,3980.0,3985.0
7211,S14,5,car_driving,3985.0,3990.0
7212,S14,5,car_driving,3990.0,3995.0
7213,S14,5,car_driving,3995.0,4000.0
7214,S14,5,car_driving,4000.0,4005.0
7215,S14,5,car_driving,4005.0,4010.0
7216,S14,5,car_driving,4010.0,4015.0
7217,S14,5,car_driving,4015.0,4020.0
7218,S14,5,car_driving,4020.0,4025.0
7219,S14,5,car_driving,4025.0,4030.0
7220,S14,5,car_driving,4030.0,4035.0
7221,S14,5,car_driving,4035.0,4040.0
7222,S14,5,car_driving,4040.0,4045.0
7223,S14,5,car_driving,4045.0,4050.0
7224,S14,5,car_driving,4050.0,4055.0
7225,S14,5,car_driving,4055.0,4060.0
7226,S14,5,car_driving,4060.0,4065.0
7227,S14,5,car_driving,4065.0,4070.0
7228,S14,5,car_driving,4070.0,4075.0
7229,S14,5,car_driving,4075.0,4080.0
7230,S14,5,car_driving,4080.0,4085.0
7231,S14,5,car_driving,4085.0,4090.0
7232,S14,5,car_driving,4090.0,4095.0
7233,S14,5,car_driving,4095.0,4100.0
7234,S14,5,car_driving,4100.0,4105.0
7235,S14,5,car_driving,4105.0,4110.0
7236,S14,5,car_driving,4110.0,4115.0
7237,S14,5,car_driving,4115.0,4120.0
7238,S14,5,car_driving,4120.0,4125.0
7239,S14,5,car_driving,4125.0,4130.0
7240,S14,5,car_driving,4130.0,4135.0
7241,S14,5,car_driving,4135.0,4140.0
7242,S14,5,car_driving,4140.0,4145.0
7243,S14,5,car_driving,4145.0,4150.0
7244,S14,5,car_driving,4150.0,4155.0
7245,S14,5,car_driving,4155.0,4160.0
7246,S14,5,car_driving,4160.0,4165.0
7247,S14,5,car_driving,4165.0,4170.0
7248,S14,5,car_driving,4170.0,4175.0
7249,S14,5,car_driving,4175.0,4180.0
7250,S14,5,car_driving,4180.0,4185.0
7251,S14,5,car_driving,4185.0,4190.0
7252,S14,5,car_driving,4190.0,4195.0
7253,S14,5,car_driving,4195.0,4200.0
7254,S14,5,car_driving,4200.0,4205.0
7255,S14,5,car_driving,4205.0,4210.0
7256,S14,5,car_driving,4210.0,4215.0
7257,S14,5,car_driving,4215.0,4220.0
7258,S14,5,car_driving,4220.0,4225.0
7259,S14,5,car_driving,4225.0,4230.0
7260,S14,5,car_driving,4230.0,4235.0
7261,S14,5,car_driving,4235.0,4240.0
7262,S14,5,car_driving,4240.0,4245.0
7263,S14,5,car_driving,4245.0,4250.0
7264,S14,5,car_driving,4250.0,4255.0
7265,S14,5,car_driving,4255.0,4260.0
7266,S14,5,car_driving,4260.0,4265.0
7267,S14,5,car_driving,4265.0,4270.0
7268,S14,5,car_driving,4270.0,4275.0
7269,S14,5,car_driving,4275.0,4280.0
7270,S14,5,car_driving,4280.0,4285.0
7271,S14,5,car_driving,4285.0,4290.0
7272,S14,5,car_driving,4290.0,4295.0
7273,S14,6,lunch_break,4735.0,4740.0
7274,S14,6,lunch_break,4740.0,4745.0
7275,S14,6,lunch_break,4745.0,4750.0
7276,S14,6,lunch_break,4750.0,4755.0
7277,S14,6,lunch_break,4755.0,4760.0
7278,S14,6,lunch_break,4760.0,4765.0
7279,S14,6,lunch_break,4765.0,4770.0
7280,S14,6,lunch_break,4770.0,4775.0
7281,S14,6,lunch_break,4775.0,4780.0
7282,S14,6,lunch_break,4780.0,4785.0
7283,S14,6,lunch_break,4785.0,4790.0
7284,S14,6,lunch_break,4790.0,4795.0
7285,S14,6,lunch_break,4795.0,4800.0
7286,S14,6,lunch_break,4800.0,4805.0
7287,S14,6,lunch_break,4805.0,4810.0
7288,S14,6,lunch_break,4810.0,4815.0
7289,S14,6,lunch_break,4815.0,4820.0
7290,S14,6,lunch_break,4820.0,4825.0
7291,S14,6,lunch_break,4825.0,4830.0
7292,S14,6,lunch_break,4830.0,4835.0
7293,S14,6,lunch_break,4835.0,4840.0
7294,S14,6,lunch_break,4840.0,4845.0
7295,S14,6,lunch_break,4845.0,4850.0
7296,S14,6,lunch_break,4850.0,4855.0
7297,S14,6,lunch_break,4855.0,4860.0
7298,S14,6,lunch_break,4860.0,4865.0
7299,S14,6,lunch_break,4865.0,4870.0
7300,S14,6,lunch_break,4870.0,4875.0
7301,S14,6,lunch_break,4875.0,4880.0
7302,S14,6,lunch_break,4880.0,4885.0
7303,S14,6,lunch_break,4885.0,4890.0
7304,S14,6,lunch_break,4890.0,4895.0
7305,S14,6,lunch_break,4895.0,4900.0
7306,S14,6,lunch_break,4900.0,4905.0
7307,S14,6,lunch_break,4905.0,4910.0
7308,S14,6,lunch_break,4910.0,4915.0
7309,S14,6,lunch_break,4915.0,4920.0
7310,S14,6,lunch_break,4920.0,4925.0
7311,S14,6,lunch_break,4925.0,4930.0
7312,S14,6,lunch_break,4930.0,4935.0
7313,S14,6,lunch_break,4935.0,4940.0
7314,S14,6,lunch_break,4940.0,4945.0
7315,S14,6,lunch_break,4945.0,4950.0
7316,S14,6,lunch_break,4950.0,4955.0
7317,S14,6,lunch_break,4955.0,4960.0
7318,S14,6,lunch_break,4960.0,4965.0
7319,S14,6,lunch_break,4965.0,4970.0
7320,S14,6,lunch_break,4970.0,4975.0
7321,S14,6,lunch_break,4975.0,4980.0
7322,S14,6,lunch_break,4980.0,4985.0
7323,S14,6,lunch_break,4985.0,4990.0
7324,S14,6,lunch_break,4990.0,4995.0
7325,S14,6,lunch_break,4995.0,5000.0
7326,S14,6,lunch_break,5000.0,5005.0
7327,S14,6,lunch_break,5005.0,5010.0
7328,S14,6,lunch_break,5010.0,5015.0
7329,S14,6,lunch_break,5015.0,5020.0
7330,S14,6,lunch_break,5020.0,5025.0
7331,S14,6,lunch_break,5025.0,5030.0
7332,S14,6,lunch_break,5030.0,5035.0
7333,S14,6,lunch_break,5035.0,5040.0
7334,S14,6,lunch_break,5040.0,5045.0
7335,S14,6,lunch_break,5045.0,5050.0
7336,S14,6,lunch_break,5050.0,5055.0
7337,S14,6,lunch_break,5055.0,5060.0
7338,S14,6,lunch_break,5060.0,5065.0
7339,S14,6,lunch_break,5065.0,5070.0
7340,S14,6,lunch_break,5070.0,5075.0
7341,S14,6,lunch_break,5075.0,5080.0
7342,S14,6,lunch_break,5080.0,5085.0
7343,S14,6,lunch_break,5085.0,5090.0
7344,S14,6,lunch_break,5090.0,5095.0
7345,S14,6,lunch_break,5095.0,5100.0
7346,S14,6,lunch_break,5100.0,5105.0
7347,S14,6,lunch_break,5105.0,5110.0
7348,S14,6,lunch_break,5110.0,5115.0
7349,S14,6,lunch_break,5115.0,5120.0
7350,S14,6,lunch_break,5120.0,5125.0
7351,S14,6,lunch_break,5125.0,5130.0
7352,S14,6,lunch_break,5130.0,5135.0
7353,S14,6,lunch_break,5135.0,5140.0
7354,S14,6,lunch_break,5140.0,5145.0
7355,S14,6,lunch_break,5145.0,5150.0
7356,S14,6,lunch_break,5150.0,5155.0
7357,S14,6,lunch_break,5155.0,5160.0
7358,S14,6,lunch_break,5160.0,5165.0
7359,S14,6,lunch_break,5165.0,5170.0
7360,S14,6,lunch_break,5170.0,5175.0
7361,S14,6,lunch_break,5175.0,5180.0
7362,S14,6,lunch_break,5180.0,5185.0
7363,S14,6,lunch_break,5185.0,5190.0
7364,S14,6,lunch_break,5190.0,5195.0
7365,S14,6,lunch_break,5195.0,5200.0
7366,S14,6,lunch_break,5200.0,5205.0
7367,S14,6,lunch_break,5205.0,5210.0
7368,S14,6,lunch_break,5210.0,5215.0
7369,S14,6,lunch_break,5215.0,5220.0
7370,S14,6,lunch_break,5220.0,5225.0
7371,S14,6,lunch_break,5225.0,5230.0
7372,S14,6,lunch_break,5230.0,5235.0
7373,S14,6,lunch_break,5235.0,5240.0
7374,S14,6,lunch_break,5240.0,5245.0
7375,S14,6,lunch_break,5245.0,5250.0
7376,S14,6,lunch_break,5250.0,5255.0
7377,S14,6,lunch_break,5255.0,5260.0
7378,S14,6,lunch_break,5260.0,5265.0
7379,S14,6,lunch_break,5265.0,5270.0
7380,S14,6,lunch_break,5270.0,5275.0
7381,S14,6,lunch_break,5275.0,5280.0
7382,S14,6,lunch_break,5280.0,5285.0
7383,S14,6,lunch_break,5285.0,5290.0
7384,S14,6,lunch_break,5290.0,5295.0
7385,S14,6,lunch_break,5295.0,5300.0
7386,S14,6,lunch_break,5300.0,5305.0
7387,S14,6,lunch_break,5305.0,5310.0
7388,S14,6,lunch_break,5310.0,5315.0
7389,S14,6,lunch_break,5315.0,5320.0
7390,S14,6,lunch_break,5320.0,5325.0
7391,S14,6,lunch_break,5325.0,5330.0
7392,S14,6,lunch_break,5330.0,5335.0
7393,S14,6,lunch_break,5335.0,5340.0
7394,S14,6,lunch_break,5340.0,5345.0
7395,S14,6,lunch_break,5345.0,5350.0
7396,S14,6,lunch_break,5350.0,5355.0
7397,S14,6,lunch_break,5355.0,5360.0
7398,S14,6,lunch_break,5360.0,5365.0
7399,S14,6,lunch_break,5365.0,5370.0
7400,S14,6,lunch_break,5370.0,5375.0
7401,S14,6,lunch_break,5375.0,5380.0
7402,S14,6,lunch_break,5380.0,5385.0
7403,S14,6,lunch_break,5385.0,5390.0
7404,S14,6,lunch_break,5390.0,5395.0
7405,S14,6,lunch_break,5395.0,5400.0
7406,S14,6,lunch_break,5400.0,5405.0
7407,S14,6,lunch_break,5405.0,5410.0
7408,S14,6,lunch_break,5410.0,5415.0
7409,S14,6,lunch_break,5415.0,5420.0
7410,S14,6,lunch_break,5420.0,5425.0
7411,S14,6,lunch_break,5425.0,5430.0
7412,S14,6,lunch_break,5430.0,5435.0
7413,S14,6,lunch_break,5435.0,5440.0
7414,S14,6,lunch_break,5440.0,5445.0
7415,S14,6,lunch_break,5445.0,5450.0
7416,S14,6,lunch_break,5450.0,5455.0
7417,S14,6,lunch_break,5455.0,5460.0
7418,S14,6,lunch_break,5460.0,5465.0
7419,S14,6,lunch_break,5465.0,5470.0
7420,S14,6,lunch_break,5470.0,5475.0
7421,S14,6,lunch_break,5475.0,5480.0
7422,S14,6,lunch_break,5480.0,5485.0
7423,S14,6,lunch_break,5485.0,5490.0
7424,S14,6,lunch_break,5490.0,5495.0
7425,S14,6,lunch_break,5495.0,5500.0
7426,S14,6,lunch_break,5500.0,5505.0
7427,S14,6,lunch_break,5505.0,5510.0
7428,S14,6,lunch_break,5510.0,5515.0
7429,S14,6,lunch_break,5515.0,5520.0
7430,S14,6,lunch_break,5520.0,5525.0
7431,S14,6,lunch_break,5525.0,5530.0
7432,S14,6,lunch_break,5530.0,5535.0
7433,S14,6,lunch_break,5535.0,5540.0
7434,S14,6,lunch_break,5540.0,5545.0
7435,S14,6,lunch_break,5545.0,5550.0
7436,S14,6,lunch_break,5550.0,5555.0
7437,S14,6,lunch_break,5555.0,5560.0
7438,S14,6,lunch_break,5560.0,5565.0
7439,S14,6,lunch_break,5565.0,5570.0
7440,S14,6,lunch_break,5570.0,5575.0
7441,S14,6,lunch_break,5575.0,5580.0
7442,S14,6,lunch_break,5580.0,5585.0
7443,S14,6,lunch_break,5585.0,5590.0
7444,S14,6,lunch_break,5590.0,5595.0
7445,S14,6,lunch_break,5595.0,5600.0
7446,S14,6,lunch_break,5600.0,5605.0
7447,S14,6,lunch_break,5605.0,5610.0
7448,S14,6,lunch_break,5610.0,5615.0
7449,S14,6,lunch_break,5615.0,5620.0
7450,S14,6,lunch_break,5620.0,5625.0
7451,S14,6,lunch_break,5625.0,5630.0
7452,S14,6,lunch_break,5630.0,5635.0
7453,S14,6,lunch_break,5635.0,5640.0
7454,S14,6,lunch_break,5640.0,5645.0
7455,S14,6,lunch_break,5645.0,5650.0
7456,S14,6,lunch_break,5650.0,5655.0
7457,S14,6,lunch_break,5655.0,5660.0
7458,S14,6,lunch_break,5660.0,5665.0
7459,S14,6,lunch_break,5665.0,5670.0
7460,S14,6,lunch_break,5670.0,5675.0
7461,S14,6,lunch_break,5675.0,5680.0
7462,S14,6,lunch_break,5680.0,5685.0
7463,S14,6,lunch_break,5685.0,5690.0
7464,S14,6,lunch_break,5690.0,5695.0
7465,S14,6,lunch_break,5695.0,5700.0
7466,S14,6,lunch_break,5700.0,5705.0
7467,S14,6,lunch_break,5705.0,5710.0
7468,S14,6,lunch_break,5710.0,5715.0
7469,S14,6,lunch_break,5715.0,5720.0
7470,S14,6,lunch_break,5720.0,5725.0
7471,S14,6,lunch_break,5725.0,5730.0
7472,S14,6,lunch_break,5730.0,5735.0
7473,S14,6,lunch_break,5735.0,5740.0
7474,S14,6,lunch_break,5740.0,5745.0
7475,S14,6,lunch_break,5745.0,5750.0
7476,S14,6,lunch_break,5750.0,5755.0
7477,S14,6,lunch_break,5755.0,5760.0
7478,S14,6,lunch_break,5760.0,5765.0
7479,S14,6,lunch_break,5765.0,5770.0
7480,S14,6,lunch_break,5770.0,5775.0
7481,S14,6,lunch_break,5775.0,5780.0
7482,S14,6,lunch_break,5780.0,5785.0
7483,S14,6,lunch_break,5785.0,5790.0
7484,S14,6,lunch_break,5790.0,5795.0
7485,S14,6,lunch_break,5795.0,5800.0
7486,S14,6,lunch_break,5800.0,5805.0
7487,S14,6,lunch_break,5805.0,5810.0
7488,S14,6,lunch_break,5810.0,5815.0
7489,S14,6,lunch_break,5815.0,5820.0
7490,S14,6,lunch_break,5820.0,5825.0
7491,S14,6,lunch_break,5825.0,5830.0
7492,S14,6,lunch_break,5830.0,5835.0
7493,S14,6,lunch_break,5835.0,5840.0
7494,S14,6,lunch_break,5840.0,5845.0
7495,S14,6,lunch_break,5845.0,5850.0
7496,S14,6,lunch_break,5850.0,5855.0
7497,S14,6,lunch_break,5855.0,5860.0
7498,S14,6,lunch_break,5860.0,5865.0
7499,S14,6,lunch_break,5865.0,5870.0
7500,S14,6,lunch_break,5870.0,5875.0
7501,S14,6,lunch_break,5875.0,5880.0
7502,S14,6,lunch_break,5880.0,5885.0
7503,S14,6,lunch_break,5885.0,5890.0
7504,S14,6,lunch_break,5890.0,5895.0
7505,S14,6,lunch_break,5895.0,5900.0
7506,S14,6,lunch_break,5900.0,5905.0
7507,S14,6,lunch_break,5905.0,5910.0
7508,S14,6,lunch_break,5910.0,5915.0
7509,S14,6,lunch_break,5915.0,5920.0
7510,S14,6,lunch_break,5920.0,5925.0
7511,S14,6,lunch_break,5925.0,5930.0
7512,S14,6,lunch_break,5930.0,5935.0
7513,S14,6,lunch_break,5935.0,5940.0
7514,S14,6,lunch_break,5940.0,5945.0
7515,S14,6,lunch_break,5945.0,5950.0
7516,S14,6,lunch_break,5950.0,5955.0
7517,S14,6,lunch_break,5955.0,5960.0
7518,S14,6,lunch_break,5960.0,5965.0
7519,S14,6,lunch_break,5965.0,5970.0
7520,S14,6,lunch_break,5970.0,5975.0
7521,S14,6,lunch_break,5975.0,5980.0
7522,S14,6,lunch_break,5980.0,5985.0
7523,S14,6,lunch_break,5985.0,5990.0
7524,S14,6,lunch_break,5990.0,5995.0
7525,S14,6,lunch_break,5995.0,6000.0
7526,S14,6,lunch_break,6000.0,6005.0
7527,S14,6,lunch_break,6005.0,6010.0
7528,S14,6,lunch_break,6010.0,6015.0
7529,S14,6,lunch_break,6015.0,6020.0
7530,S14,6,lunch_break,6020.0,6025.0
7531,S14,6,lunch_break,6025.0,6030.0
7532,S14,6,lunch_break,6030.0,6035.0
7533,S14,6,lunch_break,6035.0,6040.0
7534,S14,6,lunch_break,6040.0,6045.0
7535,S14,6,lunch_break,6045.0,6050.0
7536,S14,6,lunch_break,6050.0,6055.0
7537,S14,6,lunch_break,6055.0,6060.0
7538,S14,6,lunch_break,6060.0,6065.0
7539,S14,6,lunch_break,6065.0,6070.0
7540,S14,6,lunch_break,6070.0,6075.0
7541,S14,6,lunch_break,6075.0,6080.0
7542,S14,6,lunch_break,6080.0,6085.0
7543,S14,6,lunch_break,6085.0,6090.0
7544,S14,6,lunch_break,6090.0,6095.0
7545,S14,6,lunch_break,6095.0,6100.0
7546,S14,6,lunch_break,6100.0,6105.0
7547,S14,6,lunch_break,6105.0,6110.0
7548,S14,6,lunch_break,6110.0,6115.0
7549,S14,6,lunch_break,6115.0,6120.0
7550,S14,6,lunch_break,6120.0,6125.0
7551,S14,6,lunch_break,6125.0,6130.0
7552,S14,6,lunch_break,6130.0,6135.0
7553,S14,6,lunch_break,6135.0,6140.0
7554,S14,6,lunch_break,6140.0,6145.0
7555,S14,6,lunch_break,6145.0,6150.0
7556,S14,6,lunch_break,6150.0,6155.0
7557,S14,6,lunch_break,6155.0,6160.0
7558,S14,6,lunch_break,6160.0,6165.0
7559,S14,6,lunch_break,6165.0,6170.0
7560,S14,6,lunch_break,6170.0,6175.0
7561,S14,6,lunch_break,6175.0,6180.0
7562,S14,6,lunch_break,6180.0,6185.0
7563,S14,6,lunch_break,6185.0,6190.0
7564,S14,6,lunch_break,6190.0,6195.0
7565,S14,6,lunch_break,6195.0,6200.0
7566,S14,6,lunch_break,6200.0,6205.0
7567,S14,6,lunch_break,6205.0,6210.0
7568,S14,6,lunch_break,6210.0,6215.0
7569,S14,6,lunch_break,6215.0,6220.0
7570,S14,6,lunch_break,6220.0,6225.0
7571,S14,6,lunch_break,6225.0,6230.0
7572,S14,6,lunch_break,6230.0,6235.0
7573,S14,6,lunch_break,6235.0,6240.0
7574,S14,6,lunch_break,6240.0,6245.0
7575,S14,6,lunch_break,6245.0,6250.0
7576,S14,6,lunch_break,6250.0,6255.0
7577,S14,6,lunch_break,6255.0,6260.0
7578,S14,6,lunch_break,6260.0,6265.0
7579,S14,6,lunch_break,6265.0,6270.0
7580,S14,6,lunch_break,6270.0,6275.0
7581,S14,6,lunch_break,6275.0,6280.0
7582,S14,6,lunch_break,6280.0,6285.0
7583,S14,6,lunch_break,6285.0,6290.0
7584,S14,6,lunch_break,6290.0,6295.0
7585,S14,6,lunch_break,6295.0,6300.0
7586,S14,6,lunch_break,6300.0,6305.0
7587,S14,6,lunch_break,6305.0,6310.0
7588,S14,6,lunch_break,6310.0,6315.0
7589,S14,6,lunch_break,6315.0,6320.0
7590,S14,6,lunch_break,6320.0,6325.0
7591,S14,6,lunch_break,6325.0,6330.0
7592,S14,6,lunch_break,6330.0,6335.0
7593,S14,6,lunch_break,6335.0,6340.0
7594,S14,6,lunch_break,6340.0,6345.0
7595,S14,6,lunch_break,6345.0,6350.0
7596,S14,6,lunch_break,6350.0,6355.0
7597,S14,6,lunch_break,6355.0,6360.0
7598,S14,6,lunch_break,6360.0,6365.0
7599,S14,6,lunch_break,6365.0,6370.0
7600,S14,6,lunch_break,6370.0,6375.0
7601,S14,6,lunch_break,6375.0,6380.0
7602,S14,6,lunch_break,6380.0,6385.0
7603,S14,6,lunch_break,6385.0,6390.0
7604,S14,6,lunch_break,6390.0,6395.0
7605,S14,6,lunch_break,6395.0,6400.0
7606,S14,6,lunch_break,6400.0,6405.0
7607,S14,6,lunch_break,6405.0,6410.0
7608,S14,6,lunch_break,6410.0,6415.0
7609,S14,6,lunch_break,6415.0,6420.0
7610,S14,6,lunch_break,6420.0,6425.0
7611,S14,6,lunch_break,6425.0,6430.0
7612,S14,6,lunch_break,6430.0,6435.0
7613,S14,6,lunch_break,6435.0,6440.0
7614,S14,6,lunch_break,6440.0,6445.0
7615,S14,6,lunch_break,6445.0,6450.0
7616,S14,6,lunch_break,6450.0,6455.0
7617,S14,6,lunch_break,6455.0,6460.0
7618,S14,7,walking,6465.0,6470.0
7619,S14,7,walking,6470.0,6475.0
7620,S14,7,walking,6475.0,6480.0
7621,S14,7,walking,6480.0,6485.0
7622,S14,7,walking,6485.0,6490.0
7623,S14,7,walking,6490.0,6495.0
7624,S14,7,walking,6495.0,6500.0
7625,S14,7,walking,6500.0,6505.0
7626,S14,7,walking,6505.0,6510.0
7627,S14,7,walking,6510.0,6515.0
7628,S14,7,walking,6515.0,6520.0
7629,S14,7,walking,6520.0,6525.0
7630,S14,7,walking,6525.0,6530.0
7631,S14,7,walking,6530.0,6535.0
7632,S14,7,walking,6535.0,6540.0
7633,S14,7,walking,6540.0,6545.0
7634,S14,7,walking,6545.0,6550.0
7635,S14,7,walking,6550.0,6555.0
7636,S14,7,walking,6555.0,6560.0
7637,S14,7,walking,6560.0,6565.0
7638,S14,7,walking,6565.0,6570.0
7639,S14,7,walking,6570.0,6575.0
7640,S14,7,walking,6575.0,6580.0
7641,S14,7,walking,6580.0,6585.0
7642,S14,7,walking,6585.0,6590.0
7643,S14,7,walking,6590.0,6595.0
7644,S14,7,walking,6595.0,6600.0
7645,S14,7,walking,6600.0,6605.0
7646,S14,7,walking,6605.0,6610.0
7647,S14,7,walking,6610.0,6615.0
7648,S14,7,walking,6615.0,6620.0
7649,S14,7,walking,6620.0,6625.0
7650,S14,7,walking,6625.0,6630.0
7651,S14,7,walking,6630.0,6635.0
7652,S14,7,walking,6635.0,6640.0
7653,S14,7,walking,6640.0,6645.0
7654,S14,7,walking,6645.0,6650.0
7655,S14,7,walking,6650.0,6655.0
7656,S14,7,walking,6655.0,6660.0
7657,S14,7,walking,6660.0,6665.0
7658,S14,7,walking,6665.0,6670.0
7659,S14,7,walking,6670.0,6675.0
7660,S14,7,walking,6675.0,6680.0
7661,S14,7,walking,6680.0,6685.0
7662,S14,7,walking,6685.0,6690.0
7663,S14,7,walking,6690.0,6695.0
7664,S14,7,walking,6695.0,6700.0
7665,S14,7,walking,6700.0,6705.0
7666,S14,7,walking,6705.0,6710.0
7667,S14,7,walking,6710.0,6715.0
7668,S14,7,walking,6715.0,6720.0
7669,S14,7,walking,6720.0,6725.0
7670,S14,7,walking,6725.0,6730.0
7671,S14,7,walking,6730.0,6735.0
7672,S14,7,walking,6735.0,6740.0
7673,S14,7,walking,6740.0,6745.0
7674,S14,7,walking,6745.0,6750.0
7675,S14,7,walking,6750.0,6755.0
7676,S14,7,walking,6755.0,6760.0
7677,S14,7,walking,6760.0,6765.0
7678,S14,7,walking,6765.0,6770.0
7679,S14,7,walking,6770.0,6775.0
7680,S14,7,walking,6775.0,6780.0
7681,S14,7,walking,6780.0,6785.0
7682,S14,7,walking,6785.0,6790.0
7683,S14,7,walking,6790.0,6795.0
7684,S14,7,walking,6795.0,6800.0
7685,S14,7,walking,6800.0,6805.0
7686,S14,7,walking,6805.0,6810.0
7687,S14,7,walking,6810.0,6815.0
7688,S14,7,walking,6815.0,6820.0
7689,S14,7,walking,6820.0,6825.0
7690,S14,7,walking,6825.0,6830.0
7691,S14,7,walking,6830.0,6835.0
7692,S14,7,walking,6835.0,6840.0
7693,S14,7,walking,6840.0,6845.0
7694,S14,7,walking,6845.0,6850.0
7695,S14,7,walking,6850.0,6855.0
7696,S14,7,walking,6855.0,6860.0
7697,S14,7,walking,6860.0,6865.0
7698,S14,7,walking,6865.0,6870.0
7699,S14,7,walking,6870.0,6875.0
7700,S14,7,walking,6875.0,6880.0
7701,S14,7,walking,6880.0,6885.0
7702,S14,7,walking,6885.0,6890.0
7703,S14,7,walking,6890.0,6895.0
7704,S14,7,walking,6895.0,6900.0
7705,S14,7,walking,6900.0,6905.0
7706,S14,7,walking,6905.0,6910.0
7707,S14,7,walking,6910.0,6915.0
7708,S14,7,walking,6915.0,6920.0
7709,S14,7,walking,6920.0,6925.0
7710,S14,7,walking,6925.0,6930.0
7711,S14,7,walking,6930.0,6935.0
7712,S14,7,walking,6935.0,6940.0
7713,S14,7,walking,6940.0,6945.0
7714,S14,7,walking,6945.0,6950.0
7715,S14,7,walking,6950.0,6955.0
7716,S14,7,walking,6955.0,6960.0
7717,S14,7,walking,6960.0,6965.0
7718,S14,7,walking,6965.0,6970.0
7719,S14,7,walking,6970.0,6975.0
7720,S14,7,walking,6975.0,6980.0
7721,S14,7,walking,6980.0,6985.0
7722,S14,7,walking,6985.0,6990.0
7723,S14,7,walking,6990.0,6995.0
7724,S14,7,walking,6995.0,7000.0
7725,S14,7,walking,7000.0,7005.0
7726,S14,7,walking,7005.0,7010.0
7727,S14,7,walking,7010.0,7015.0
7728,S14,7,walking,7015.0,7020.0
7729,S14,7,walking,7020.0,7025.0
7730,S14,7,walking,7025.0,7030.0
7731,S14,7,walking,7030.0,7035.0
7732,S14,7,walking,7035.0,7040.0
7733,S14,7,walking,7040.0,7045.0
7734,S14,7,walking,7045.0,7050.0
7735,S14,7,walking,7050.0,7055.0
7736,S14,7,walking,7055.0,7060.0
7737,S14,7,walking,7060.0,7065.0
7738,S14,7,walking,7065.0,7070.0
7739,S14,7,walking,7070.0,7075.0
7740,S14,7,walking,7075.0,7080.0
7741,S14,8,working,7145.0,7150.0
7742,S14,8,working,7150.0,7155.0
7743,S14,8,working,7155.0,7160.0
7744,S14,8,working,7160.0,7165.0
7745,S14,8,working,7165.0,7170.0
7746,S14,8,working,7170.0,7175.0
7747,S14,8,working,7175.0,7180.0
7748,S14,8,working,7180.0,7185.0
7749,S14,8,working,7185.0,7190.0
7750,S14,8,working,7190.0,7195.0
7751,S14,8,working,7195.0,7200.0
7752,S14,8,working,7200.0,7205.0
7753,S14,8,working,7205.0,7210.0
7754,S14,8,working,7210.0,7215.0
7755,S14,8,working,7215.0,7220.0
7756,S14,8,working,7220.0,7225.0
7757,S14,8,working,7225.0,7230.0
7758,S14,8,working,7230.0,7235.0
7759,S14,8,working,7235.0,7240.0
7760,S14,8,working,7240.0,7245.0
7761,S14,8,working,7245.0,7250.0
7762,S14,8,working,7250.0,7255.0
7763,S14,8,working,7255.0,7260.0
7764,S14,8,working,7260.0,7265.0
7765,S14,8,working,7265.0,7270.0
7766,S14,8,working,7270.0,7275.0
7767,S14,8,working,7275.0,7280.0
7768,S14,8,working,7280.0,7285.0
7769,S14,8,working,7285.0,7290.0
7770,S14,8,working,7290.0,7295.0
7771,S14,8,working,7295.0,7300.0
7772,S14,8,working,7300.0,7305.0
7773,S14,8,working,7305.0,7310.0
7774,S14,8,working,7310.0,7315.0
7775,S14,8,working,7315.0,7320.0
7776,S14,8,working,7320.0,7325.0
7777,S14,8,working,7325.0,7330.0
7778,S14,8,working,7330.0,7335.0
7779,S14,8,working,7335.0,7340.0
7780,S14,8,working,7340.0,7345.0
7781,S14,8,working,7345.0,7350.0
7782,S14,8,working,7350.0,7355.0
7783,S14,8,working,7355.0,7360.0
7784,S14,8,working,7360.0,7365.0
7785,S14,8,working,7365.0,7370.0
7786,S14,8,working,7370.0,7375.0
7787,S14,8,working,7375.0,7380.0
7788,S14,8,working,7380.0,7385.0
7789,S14,8,working,7385.0,7390.0
7790,S14,8,working,7390.0,7395.0
7791,S14,8,working,7395.0,7400.0
7792,S14,8,working,7400.0,7405.0
7793,S14,8,working,7405.0,7410.0
7794,S14,8,working,7410.0,7415.0
7795,S14,8,working,7415.0,7420.0
7796,S14,8,working,7420.0,7425.0
7797,S14,8,working,7425.0,7430.0
7798,S14,8,working,7430.0,7435.0
7799,S14,8,working,7435.0,7440.0
7800,S14,8,working,7440.0,7445.0
7801,S14,8,working,7445.0,7450.0
7802,S14,8,working,7450.0,7455.0
7803,S14,8,working,7455.0,7460.0
7804,S14,8,working,7460.0,7465.0
7805,S14,8,working,7465.0,7470.0
7806,S14,8,working,7470.0,7475.0
7807,S14,8,working,7475.0,7480.0
7808,S14,8,working,7480.0,7485.0
7809,S14,8,working,7485.0,7490.0
7810,S14,8,working,7490.0,7495.0
7811,S14,8,working,7495.0,7500.0
7812,S14,8,working,7500.0,7505.0
7813,S14,8,working,7505.0,7510.0
7814,S14,8,working,7510.0,7515.0
7815,S14,8,working,7515.0,7520.0
7816,S14,8,working,7520.0,7525.0
7817,S14,8,working,7525.0,7530.0
7818,S14,8,working,7530.0,7535.0
7819,S14,8,working,7535.0,7540.0
7820,S14,8,working,7540.0,7545.0
7821,S14,8,working,7545.0,7550.0
7822,S14,8,working,7550.0,7555.0
7823,S14,8,working,7555.0,7560.0
7824,S14,8,working,7560.0,7565.0
7825,S14,8,working,7565.0,7570.0
7826,S14,8,working,7570.0,7575.0
7827,S14,8,working,7575.0,7580.0
7828,S14,8,working,7580.0,7585.0
7829,S14,8,working,7585.0,7590.0
7830,S14,8,working,7590.0,7595.0
7831,S14,8,working,7595.0,7600.0
7832,S14,8,working,7600.0,7605.0
7833,S14,8,working,7605.0,7610.0
7834,S14,8,working,7610.0,7615.0
7835,S14,8,working,7615.0,7620.0
7836,S14,8,working,7620.0,7625.0
7837,S14,8,working,7625.0,7630.0
7838,S14,8,working,7630.0,7635.0
7839,S14,8,working,7635.0,7640.0
7840,S14,8,working,7640.0,7645.0
7841,S14,8,working,7645.0,7650.0
7842,S14,8,working,7650.0,7655.0
7843,S14,8,working,7655.0,7660.0
7844,S14,8,working,7660.0,7665.0
7845,S14,8,working,7665.0,7670.0
7846,S14,8,working,7670.0,7675.0
7847,S14,8,working,7675.0,7680.0
7848,S14,8,working,7680.0,7685.0
7849,S14,8,working,7685.0,7690.0
7850,S14,8,working,7690.0,7695.0
7851,S14,8,working,7695.0,7700.0
7852,S14,8,working,7700.0,7705.0
7853,S14,8,working,7705.0,7710.0
7854,S14,8,working,7710.0,7715.0
7855,S14,8,working,7715.0,7720.0
7856,S14,8,working,7720.0,7725.0
7857,S14,8,working,7725.0,7730.0
7858,S14,8,working,7730.0,7735.0
7859,S14,8,working,7735.0,7740.0
7860,S14,8,working,7740.0,7745.0
7861,S14,8,working,7745.0,7750.0
7862,S14,8,working,7750.0,7755.0
7863,S14,8,working,7755.0,7760.0
7864,S14,8,working,7760.0,7765.0
7865,S14,8,working,7765.0,7770.0
7866,S14,8,working,7770.0,7775.0
7867,S14,8,working,7775.0,7780.0
7868,S14,8,working,7780.0,7785.0
7869,S14,8,working,7785.0,7790.0
7870,S14,8,working,7790.0,7795.0
7871,S14,8,working,7795.0,7800.0
7872,S14,8,working,7800.0,7805.0
7873,S14,8,working,7805.0,7810.0
7874,S14,8,working,7810.0,7815.0
7875,S14,8,working,7815.0,7820.0
7876,S14,8,working,7820.0,7825.0
7877,S14,8,working,7825.0,7830.0
7878,S14,8,working,7830.0,7835.0
7879,S14,8,working,7835.0,7840.0
7880,S14,8,working,7840.0,7845.0
7881,S14,8,working,7845.0,7850.0
7882,S14,8,working,7850.0,7855.0
7883,S14,8,working,7855.0,7860.0
7884,S14,8,working,7860.0,7865.0
7885,S14,8,working,7865.0,7870.0
7886,S14,8,working,7870.0,7875.0
7887,S14,8,working,7875.0,7880.0
7888,S14,8,working,7880.0,7885.0
7889,S14,8,working,7885.0,7890.0
7890,S14,8,working,7890.0,7895.0
7891,S14,8,working,7895.0,7900.0
7892,S14,8,working,7900.0,7905.0
7893,S14,8,working,7905.0,7910.0
7894,S14,8,working,7910.0,7915.0
7895,S14,8,working,7915.0,7920.0
7896,S14,8,working,7920.0,7925.0
7897,S14,8,working,7925.0,7930.0
7898,S14,8,working,7930.0,7935.0
7899,S14,8,working,7935.0,7940.0
7900,S14,8,working,7940.0,7945.0
7901,S14,8,working,7945.0,7950.0
7902,S14,8,working,7950.0,7955.0
7903,S14,8,working,7955.0,7960.0
7904,S14,8,working,7960.0,7965.0
7905,S14,8,working,7965.0,7970.0
7906,S14,8,working,7970.0,7975.0
7907,S14,8,working,7975.0,7980.0
7908,S14,8,working,7980.0,7985.0
7909,S14,8,working,7985.0,7990.0
7910,S14,8,working,7990.0,7995.0
7911,S14,8,working,7995.0,8000.0
7912,S14,8,working,8000.0,8005.0
7913,S14,8,working,8005.0,8010.0
7914,S14,8,working,8010.0,8015.0
7915,S14,8,working,8015.0,8020.0
7916,S14,8,working,8020.0,8025.0
7917,S14,8,working,8025.0,8030.0
7918,S14,8,working,8030.0,8035.0
7919,S14,8,working,8035.0,8040.0
7920,S14,8,working,8040.0,8045.0
7921,S14,8,working,8045.0,8050.0
7922,S14,8,working,8050.0,8055.0
7923,S14,8,working,8055.0,8060.0
7924,S14,8,working,8060.0,8065.0
7925,S14,8,working,8065.0,8070.0
7926,S14,8,working,8070.0,8075.0
7927,S14,8,working,8075.0,8080.0
7928,S14,8,working,8080.0,8085.0
7929,S14,8,working,8085.0,8090.0
7930,S14,8,working,8090.0,8095.0
7931,S14,8,working,8095.0,8100.0
7932,S14,8,working,8100.0,8105.0
7933,S14,8,working,8105.0,8110.0
7934,S14,8,working,8110.0,8115.0
7935,S14,8,working,8115.0,8120.0
7936,S14,8,working,8120.0,8125.0
7937,S14,8,working,8125.0,8130.0
7938,S14,8,working,8130.0,8135.0
7939,S14,8,working,8135.0,8140.0
7940,S14,8,working,8140.0,8145.0
7941,S14,8,working,8145.0,8150.0
7942,S14,8,working,8150.0,8155.0
7943,S14,8,working,8155.0,8160.0
7944,S14,8,working,8160.0,8165.0
7945,S14,8,working,8165.0,8170.0
7946,S14,8,working,8170.0,8175.0
7947,S14,8,working,8175.0,8180.0
7948,S14,8,working,8180.0,8185.0
7949,S14,8,working,8185.0,8190.0
7950,S14,8,working,8190.0,8195.0
7951,S14,8,working,8195.0,8200.0
7952,S14,8,working,8200.0,8205.0
7953,S14,8,working,8205.0,8210.0
7954,S14,8,working,8210.0,8215.0
7955,S14,8,working,8215.0,8220.0
7956,S14,8,working,8220.0,8225.0
7957,S14,8,working,8225.0,8230.0
7958,S14,8,working,8230.0,8235.0
7959,S14,8,working,8235.0,8240.0
7960,S14,8,working,8240.0,8245.0
7961,S14,8,working,8245.0,8250.0
7962,S14,8,working,8250.0,8255.0
7963,S14,8,working,8255.0,8260.0
7964,S14,8,working,8260.0,8265.0
7965,S14,8,working,8265.0,8270.0
7966,S14,8,working,8270.0,8275.0
7967,S14,8,working,8275.0,8280.0
7968,S14,8,working,8280.0,8285.0
7969,S14,8,working,8285.0,8290.0
7970,S14,8,working,8290.0,8295.0
7971,S14,8,working,8295.0,8300.0
7972,S14,8,working,8300.0,8305.0
7973,S14,8,working,8305.0,8310.0
7974,S14,8,working,8310.0,8315.0
7975,S14,8,working,8315.0,8320.0
7976,S14,8,working,8320.0,8325.0
7977,S14,8,working,8325.0,8330.0
7978,S14,8,working,8330.0,8335.0
7979,S14,8,working,8335.0,8340.0
7980,S14,8,working,8340.0,8345.0
7981,S14,8,working,8345.0,8350.0
7982,S15,1,sitting,55.0,60.0
7983,S15,1,sitting,60.0,65.0
7984,S15,1,sitting,65.0,70.0
7985,S15,1,sitting,70.0,75.0
7986,S15,1,sitting,75.0,80.0
7987,S15,1,sitting,80.0,85.0
7988,S15,1,sitting,85.0,90.0
7989,S15,1,sitting,90.0,95.0
7990,S15,1,sitting,95.0,100.0
7991,S15,1,sitting,100.0,105.0
7992,S15,1,sitting,105.0,110.0
7993,S15,1,sitting,110.0,115.0
7994,S15,1,sitting,115.0,120.0
7995,S15,1,sitting,120.0,125.0
7996,S15,1,sitting,125.0,130.0
7997,S15,1,sitting,130.0,135.0
7998,S15,1,sitting,135.0,140.0
7999,S15,1,sitting,140.0,145.0
8000,S15,1,sitting,145.0,150.0
8001,S15,1,sitting,150.0,155.0
8002,S15,1,sitting,155.0,160.0
8003,S15,1,sitting,160.0,165.0
8004,S15,1,sitting,165.0,170.0
8005,S15,1,sitting,170.0,175.0
8006,S15,1,sitting,175.0,180.0
8007,S15,1,sitting,180.0,185.0
8008,S15,1,sitting,185.0,190.0
8009,S15,1,sitting,190.0,195.0
8010,S15,1,sitting,195.0,200.0
8011,S15,1,sitting,200.0,205.0
8012,S15,1,sitting,205.0,210.0
8013,S15,1,sitting,210.0,215.0
8014,S15,1,sitting,215.0,220.0
8015,S15,1,sitting,220.0,225.0
8016,S15,1,sitting,225.0,230.0
8017,S15,1,sitting,230.0,235.0
8018,S15,1,sitting,235.0,240.0
8019,S15,1,sitting,240.0,245.0
8020,S15,1,sitting,245.0,250.0
8021,S15,1,sitting,250.0,255.0
8022,S15,1,sitting,255.0,260.0
8023,S15,1,sitting,260.0,265.0
8024,S15,1,sitting,265.0,270.0
8025,S15,1,sitting,270.0,275.0
8026,S15,1,sitting,275.0,280.0
8027,S15,1,sitting,280.0,285.0
8028,S15,1,sitting,285.0,290.0
8029,S15,1,sitting,290.0,295.0
8030,S15,1,sitting,295.0,300.0
8031,S15,1,sitting,300.0,305.0
8032,S15,1,sitting,305.0,310.0
8033,S15,1,sitting,310.0,315.0
8034,S15,1,sitting,315.0,320.0
8035,S15,1,sitting,320.0,325.0
8036,S15,1,sitting,325.0,330.0
8037,S15,1,sitting,330.0,335.0
8038,S15,1,sitting,335.0,340.0
8039,S15,1,sitting,340.0,345.0
8040,S15,1,sitting,345.0,350.0
8041,S15,1,sitting,350.0,355.0
8042,S15,1,sitting,355.0,360.0
8043,S15,1,sitting,360.0,365.0
8044,S15,1,sitting,365.0,370.0
8045,S15,1,sitting,370.0,375.0
8046,S15,1,sitting,375.0,380.0
8047,S15,1,sitting,380.0,385.0
8048,S15,1,sitting,385.0,390.0
8049,S15,1,sitting,390.0,395.0
8050,S15,1,sitting,395.0,400.0
8051,S15,1,sitting,400.0,405.0
8052,S15,1,sitting,405.0,410.0
8053,S15,1,sitting,410.0,415.0
8054,S15,1,sitting,415.0,420.0
8055,S15,1,sitting,420.0,425.0
8056,S15,1,sitting,425.0,430.0
8057,S15,1,sitting,430.0,435.0
8058,S15,1,sitting,435.0,440.0
8059,S15,1,sitting,440.0,445.0
8060,S15,1,sitting,445.0,450.0
8061,S15,1,sitting,450.0,455.0
8062,S15,1,sitting,455.0,460.0
8063,S15,1,sitting,460.0,465.0
8064,S15,1,sitting,465.0,470.0
8065,S15,1,sitting,470.0,475.0
8066,S15,1,sitting,475.0,480.0
8067,S15,1,sitting,480.0,485.0
8068,S15,1,sitting,485.0,490.0
8069,S15,1,sitting,490.0,495.0
8070,S15,1,sitting,495.0,500.0
8071,S15,1,sitting,500.0,505.0
8072,S15,1,sitting,505.0,510.0
8073,S15,1,sitting,510.0,515.0
8074,S15,1,sitting,515.0,520.0
8075,S15,1,sitting,520.0,525.0
8076,S15,1,sitting,525.0,530.0
8077,S15,1,sitting,530.0,535.0
8078,S15,1,sitting,535.0,540.0
8079,S15,1,sitting,540.0,545.0
8080,S15,1,sitting,545.0,550.0
8081,S15,1,sitting,550.0,555.0
8082,S15,1,sitting,555.0,560.0
8083,S15,1,sitting,560.0,565.0
8084,S15,1,sitting,565.0,570.0
8085,S15,1,sitting,570.0,575.0
8086,S15,1,sitting,575.0,580.0
8087,S15,1,sitting,580.0,585.0
8088,S15,1,sitting,585.0,590.0
8089,S15,1,sitting,590.0,595.0
8090,S15,1,sitting,595.0,600.0
8091,S15,1,sitting,600.0,605.0
8092,S15,1,sitting,605.0,610.0
8093,S15,1,sitting,610.0,615.0
8094,S15,1,sitting,615.0,620.0
8095,S15,1,sitting,620.0,625.0
8096,S15,1,sitting,625.0,630.0
8097,S15,1,sitting,630.0,635.0
8098,S15,1,sitting,635.0,640.0
8099,S15,1,sitting,640.0,645.0
8100,S15,1,sitting,645.0,650.0
8101,S15,1,sitting,650.0,655.0
8102,S15,1,sitting,655.0,660.0
8103,S15,2,stairs,780.0,785.0
8104,S15,2,stairs,785.0,790.0
8105,S15,2,stairs,790.0,795.0
8106,S15,2,stairs,795.0,800.0
8107,S15,2,stairs,800.0,805.0
8108,S15,2,stairs,805.0,810.0
8109,S15,2,stairs,810.0,815.0
8110,S15,2,stairs,815.0,820.0
8111,S15,2,stairs,820.0,825.0
8112,S15,2,stairs,825.0,830.0
8113,S15,2,stairs,830.0,835.0
8114,S15,2,stairs,835.0,840.0
8115,S15,2,stairs,840.0,845.0
8116,S15,2,stairs,845.0,850.0
8117,S15,2,stairs,850.0,855.0
8118,S15,2,stairs,855.0,860.0
8119,S15,2,stairs,860.0,865.0
8120,S15,2,stairs,865.0,870.0
8121,S15,2,stairs,870.0,875.0
8122,S15,2,stairs,875.0,880.0
8123,S15,2,stairs,880.0,885.0
8124,S15,2,stairs,885.0,890.0
8125,S15,2,stairs,890.0,895.0
8126,S15,2,stairs,895.0,900.0
8127,S15,2,stairs,900.0,905.0
8128,S15,2,stairs,905.0,910.0
8129,S15,2,stairs,910.0,915.0
8130,S15,2,stairs,915.0,920.0
8131,S15,2,stairs,920.0,925.0
8132,S15,2,stairs,925.0,930.0
8133,S15,2,stairs,930.0,935.0
8134,S15,2,stairs,935.0,940.0
8135,S15,2,stairs,940.0,945.0
8136,S15,2,stairs,945.0,950.0
8137,S15,2,stairs,950.0,955.0
8138,S15,2,stairs,955.0,960.0
8139,S15,2,stairs,960.0,965.0
8140,S15,2,stairs,965.0,970.0
8141,S15,2,stairs,970.0,975.0
8142,S15,2,stairs,975.0,980.0
8143,S15,2,stairs,980.0,985.0
8144,S15,2,stairs,985.0,990.0
8145,S15,2,stairs,990.0,995.0
8146,S15,2,stairs,995.0,1000.0
8147,S15,2,stairs,1000.0,1005.0
8148,S15,2,stairs,1005.0,1010.0
8149,S15,2,stairs,1010.0,1015.0
8150,S15,2,stairs,1015.0,1020.0
8151,S15,2,stairs,1020.0,1025.0
8152,S15,2,stairs,1025.0,1030.0
8153,S15,2,stairs,1030.0,1035.0
8154,S15,2,stairs,1035.0,1040.0
8155,S15,2,stairs,1040.0,1045.0
8156,S15,2,stairs,1045.0,1050.0
8157,S15,2,stairs,1050.0,1055.0
8158,S15,2,stairs,1055.0,1060.0
8159,S15,2,stairs,1060.0,1065.0
8160,S15,2,stairs,1065.0,1070.0
8161,S15,2,stairs,1070.0,1075.0
8162,S15,2,stairs,1075.0,1080.0
8163,S15,2,stairs,1080.0,1085.0
8164,S15,2,stairs,1085.0,1090.0
8165,S15,2,stairs,1090.0,1095.0
8166,S15,2,stairs,1095.0,1100.0
8167,S15,2,stairs,1100.0,1105.0
8168,S15,2,stairs,1105.0,1110.0
8169,S15,2,stairs,1110.0,1115.0
8170,S15,2,stairs,1115.0,1120.0
8171,S15,2,stairs,1120.0,1125.0
8172,S15,2,stairs,1125.0,1130.0
8173,S15,2,stairs,1130.0,1135.0
8174,S15,2,stairs,1135.0,1140.0
8175,S15,2,stairs,1140.0,1145.0
8176,S15,2,stairs,1145.0,1150.0
8177,S15,2,stairs,1150.0,1155.0
8178,S15,2,stairs,1155.0,1160.0
8179,S15,2,stairs,1160.0,1165.0
8180,S15,2,stairs,1165.0,1170.0
8181,S15,2,stairs,1170.0,1175.0
8182,S15,2,stairs,1175.0,1180.0
8183,S15,2,stairs,1180.0,1185.0
8184,S15,2,stairs,1185.0,1190.0
8185,S15,2,stairs,1190.0,1195.0
8186,S15,3,table_soccer,1290.0,1295.0
8187,S15,3,table_soccer,1295.0,1300.0
8188,S15,3,table_soccer,1300.0,1305.0
8189,S15,3,table_soccer,1305.0,1310.0
8190,S15,3,table_soccer,1310.0,1315.0
8191,S15,3,table_soccer,1315.0,1320.0
8192,S15,3,table_soccer,1320.0,1325.0
8193,S15,3,table_soccer,1325.0,1330.0
8194,S15,3,table_soccer,1330.0,1335.0
8195,S15,3,table_soccer,1335.0,1340.0
8196,S15,3,table_soccer,1340.0,1345.0
8197,S15,3,table_soccer,1345.0,1350.0
8198,S15,3,table_soccer,1350.0,1355.0
8199,S15,3,table_soccer,1355.0,1360.0
8200,S15,3,table_soccer,1360.0,1365.0
8201,S15,3,table_soccer,1365.0,1370.0
8202,S15,3,table_soccer,1370.0,1375.0
8203,S15,3,table_soccer,1375.0,1380.0
8204,S15,3,table_soccer,1380.0,1385.0
8205,S15,3,table_soccer,1385.0,1390.0
8206,S15,3,table_soccer,1390.0,1395.0
8207,S15,3,table_soccer,1395.0,1400.0
8208,S15,3,table_soccer,1400.0,1405.0
8209,S15,3,table_soccer,1405.0,1410.0
8210,S15,3,table_soccer,1410.0,1415.0
8211,S15,3,table_soccer,1415.0,1420.0
8212,S15,3,table_soccer,1420.0,1425.0
8213,S15,3,table_soccer,1425.0,1430.0
8214,S15,3,table_soccer,1430.0,1435.0
8215,S15,3,table_soccer,1435.0,1440.0
8216,S15,3,table_soccer,1440.0,1445.0
8217,S15,3,table_soccer,1445.0,1450.0
8218,S15,3,table_soccer,1450.0,1455.0
8219,S15,3,table_soccer,1455.0,1460.0
8220,S15,3,table_soccer,1460.0,1465.0
8221,S15,3,table_soccer,1465.0,1470.0
8222,S15,3,table_soccer,1470.0,1475.0
8223,S15,3,table_soccer,1475.0,1480.0
8224,S15,3,table_soccer,1480.0,1485.0
8225,S15,3,table_soccer,1485.0,1490.0
8226,S15,3,table_soccer,1490.0,1495.0
8227,S15,3,table_soccer,1495.0,1500.0
8228,S15,3,table_soccer,1500.0,1505.0
8229,S15,3,table_soccer,1505.0,1510.0
8230,S15,3,table_soccer,1510.0,1515.0
8231,S15,3,table_soccer,1515.0,1520.0
8232,S15,3,table_soccer,1520.0,1525.0
8233,S15,3,table_soccer,1525.0,1530.0
8234,S15,3,table_soccer,1530.0,1535.0
8235,S15,3,table_soccer,1535.0,1540.0
8236,S15,3,table_soccer,1540.0,1545.0
8237,S15,3,table_soccer,1545.0,1550.0
8238,S15,3,table_soccer,1550.0,1555.0
8239,S15,3,table_soccer,1555.0,1560.0
8240,S15,3,table_soccer,1560.0,1565.0
8241,S15,3,table_soccer,1565.0,1570.0
8242,S15,3,table_soccer,1570.0,1575.0
8243,S15,3,table_soccer,1575.0,1580.0
8244,S15,3,table_soccer,1580.0,1585.0
8245,S15,3,table_soccer,1585.0,1590.0
8246,S15,3,table_soccer,1590.0,1595.0
8247,S15,3,table_soccer,1595.0,1600.0
8248,S15,3,table_soccer,1600.0,1605.0
8249,S15,3,table_soccer,1605.0,1610.0
8250,S15,3,table_soccer,1610.0,1615.0
8251,S15,3,table_soccer,1615.0,1620.0
8252,S15,3,table_soccer,1620.0,1625.0
8253,S15,3,table_soccer,1625.0,1630.0
8254,S15,3,table_soccer,1630.0,1635.0
8255,S15,3,table_soccer,1635.0,1640.0
8256,S15,4,cycling,2140.0,2145.0
8257,S15,4,cycling,2145.0,2150.0
8258,S15,4,cycling,2150.0,2155.0
8259,S15,4,cycling,2155.0,2160.0
8260,S15,4,cycling,2160.0,2165.0
8261,S15,4,cycling,2165.0,2170.0
8262,S15,4,cycling,2170.0,2175.0
8263,S15,4,cycling,2175.0,2180.0
8264,S15,4,cycling,2180.0,2185.0
8265,S15,4,cycling,2185.0,2190.0
8266,S15,4,cycling,2190.0,2195.0
8267,S15,4,cycling,2195.0,2200.0
8268,S15,4,cycling,2200.0,2205.0
8269,S15,4,cycling,2205.0,2210.0
8270,S15,4,cycling,2210.0,2215.0
8271,S15,4,cycling,2215.0,2220.0
8272,S15,4,cycling,2220.0,2225.0
8273,S15,4,cycling,2225.0,2230.0
8274,S15,4,cycling,2230.0,2235.0
8275,S15,4,cycling,2235.0,2240.0
8276,S15,4,cycling,2240.0,2245.0
8277,S15,4,cycling,2245.0,2250.0
8278,S15,4,cycling,2250.0,2255.0
8279,S15,4,cycling,2255.0,2260.0
8280,S15,4,cycling,2260.0,2265.0
8281,S15,4,cycling,2265.0,2270.0
8282,S15,4,cycling,2270.0,2275.0
8283,S15,4,cycling,2275.0,2280.0
8284,S15,4,cycling,2280.0,2285.0
8285,S15,4,cycling,2285.0,2290.0
8286,S15,4,cycling,2290.0,2295.0
8287,S15,4,cycling,2295.0,2300.0
8288,S15,4,cycling,2300.0,2305.0
8289,S15,4,cycling,2305.0,2310.0
8290,S15,4,cycling,2310.0,2315.0
8291,S15,4,cycling,2315.0,2320.0
8292,S15,4,cycling,2320.0,2325.0
8293,S15,4,cycling,2325.0,2330.0
8294,S15,4,cycling,2330.0,2335.0
8295,S15,4,cycling,2335.0,2340.0
8296,S15,4,cycling,2340.0,2345.0
8297,S15,4,cycling,2345.0,2350.0
8298,S15,4,cycling,2350.0,2355.0
8299,S15,4,cycling,2355.0,2360.0
8300,S15,4,cycling,2360.0,2365.0
8301,S15,4,cycling,2365.0,2370.0
8302,S15,4,cycling,2370.0,2375.0
8303,S15,4,cycling,2375.0,2380.0
8304,S15,4,cycling,2380.0,2385.0
8305,S15,4,cycling,2385.0,2390.0
8306,S15,4,cycling,2390.0,2395.0
8307,S15,4,cycling,2395.0,2400.0
8308,S15,4,cycling,2400.0,2405.0
8309,S15,4,cycling,2405.0,2410.0
8310,S15,4,cycling,2410.0,2415.0
8311,S15,4,cycling,2415.0,2420.0
8312,S15,4,cycling,2420.0,2425.0
8313,S15,4,cycling,2425.0,2430.0
8314,S15,4,cycling,2430.0,2435.0
8315,S15,4,cycling,2435.0,2440.0
8316,S15,4,cycling,2440.0,2445.0
8317,S15,4,cycling,2445.0,2450.0
8318,S15,4,cycling,2450.0,2455.0
8319,S15,4,cycling,2455.0,2460.0
8320,S15,4,cycling,2460.0,2465.0
8321,S15,4,cycling,2465.0,2470.0
8322,S15,4,cycling,2470.0,2475.0
8323,S15,4,cycling,2475.0,2480.0
8324,S15,4,cycling,2480.0,2485.0
8325,S15,4,cycling,2485.0,2490.0
8326,S15,4,cycling,2490.0,2495.0
8327,S15,4,cycling,2495.0,2500.0
8328,S15,4,cycling,2500.0,2505.0
8329,S15,4,cycling,2505.0,2510.0
8330,S15,4,cycling,2510.0,2515.0
8331,S15,4,cycling,2515.0,2520.0
8332,S15,4,cycling,2520.0,2525.0
8333,S15,4,cycling,2525.0,2530.0
8334,S15,4,cycling,2530.0,2535.0
8335,S15,4,cycling,2535.0,2540.0
8336,S15,5,car_driving,3000.0,3005.0
8337,S15,5,car_driving,3005.0,3010.0
8338,S15,5,car_driving,3010.0,3015.0
8339,S15,5,car_driving,3015.0,3020.0
8340,S15,5,car_driving,3020.0,3025.0
8341,S15,5,car_driving,3025.0,3030.0
8342,S15,5,car_driving,3030.0,3035.0
8343,S15,5,car_driving,3035.0,3040.0
8344,S15,5,car_driving,3040.0,3045.0
8345,S15,5,car_driving,3045.0,3050.0
8346,S15,5,car_driving,3050.0,3055.0
8347,S15,5,car_driving,3055.0,3060.0
8348,S15,5,car_driving,3060.0,3065.0
8349,S15,5,car_driving,3065.0,3070.0
8350,S15,5,car_driving,3070.0,3075.0
8351,S15,5,car_driving,3075.0,3080.0
8352,S15,5,car_driving,3080.0,3085.0
8353,S15,5,car_driving,3085.0,3090.0
8354,S15,5,car_driving,3090.0,3095.0
8355,S15,5,car_driving,3095.0,3100.0
8356,S15,5,car_driving,3100.0,3105.0
8357,S15,5,car_driving,3105.0,3110.0
8358,S15,5,car_driving,3110.0,3115.0
8359,S15,5,car_driving,3115.0,3120.0
8360,S15,5,car_driving,3120.0,3125.0
8361,S15,5,car_driving,3125.0,3130.0
8362,S15,5,car_driving,3130.0,3135.0
8363,S15,5,car_driving,3135.0,3140.0
8364,S15,5,car_driving,3140.0,3145.0
8365,S15,5,car_driving,3145.0,3150.0
8366,S15,5,car_driving,3150.0,3155.0
8367,S15,5,car_driving,3155.0,3160.0
8368,S15,5,car_driving,3160.0,3165.0
8369,S15,5,car_driving,3165.0,3170.0
8370,S15,5,car_driving,3170.0,3175.0
8371,S15,5,car_driving,3175.0,3180.0
8372,S15,5,car_driving,3180.0,3185.0
8373,S15,5,car_driving,3185.0,3190.0
8374,S15,5,car_driving,3190.0,3195.0
8375,S15,5,car_driving,3195.0,3200.0
8376,S15,5,car_driving,3200.0,3205.0
8377,S15,5,car_driving,3205.0,3210.0
8378,S15,5,car_driving,3210.0,3215.0
8379,S15,5,car_driving,3215.0,3220.0
8380,S15,5,car_driving,3220.0,3225.0
8381,S15,5,car_driving,3225.0,3230.0
8382,S15,5,car_driving,3230.0,3235.0
8383,S15,5,car_driving,3235.0,3240.0
8384,S15,5,car_driving,3240.0,3245.0
8385,S15,5,car_driving,3245.0,3250.0
8386,S15,5,car_driving,3250.0,3255.0
8387,S15,5,car_driving,3255.0,3260.0
8388,S15,5,car_driving,3260.0,3265.0
8389,S15,5,car_driving,3265.0,3270.0
8390,S15,5,car_driving,3270.0,3275.0
8391,S15,5,car_driving,3275.0,3280.0
8392,S15,5,car_driving,3280.0,3285.0
8393,S15,5,car_driving,3285.0,3290.0
8394,S15,5,car_driving,3290.0,3295.0
8395,S15,5,car_driving,3295.0,3300.0
8396,S15,5,car_driving,3300.0,3305.0
8397,S15,5,car_driving,3305.0,3310.0
8398,S15,5,car_driving,3310.0,3315.0
8399,S15,5,car_driving,3315.0,3320.0
8400,S15,5,car_driving,3320.0,3325.0
8401,S15,5,car_driving,3325.0,3330.0
8402,S15,5,car_driving,3330.0,3335.0
8403,S15,5,car_driving,3335.0,3340.0
8404,S15,5,car_driving,3340.0,3345.0
8405,S15,5,car_driving,3345.0,3350.0
8406,S15,5,car_driving,3350.0,3355.0
8407,S15,5,car_driving,3355.0,3360.0
8408,S15,5,car_driving,3360.0,3365.0
8409,S15,5,car_driving,3365.0,3370.0
8410,S15,5,car_driving,3370.0,3375.0
8411,S15,5,car_driving,3375.0,3380.0
8412,S15,5,car_driving,3380.0,3385.0
8413,S15,5,car_driving,3385.0,3390.0
8414,S15,5,car_driving,3390.0,3395.0
8415,S15,5,car_driving,3395.0,3400.0
8416,S15,5,car_driving,3400.0,3405.0
8417,S15,5,car_driving,3405.0,3410.0
8418,S15,5,car_driving,3410.0,3415.0
8419,S15,5,car_driving,3415.0,3420.0
8420,S15,5,car_driving,3420.0,3425.0
8421,S15,5,car_driving,3425.0,3430.0
8422,S15,5,car_driving,3430.0,3435.0
8423,S15,5,car_driving,3435.0,3440.0
8424,S15,5,car_driving,3440.0,3445.0
8425,S15,5,car_driving,3445.0,3450.0
8426,S15,5,car_driving,3450.0,3455.0
8427,S15,5,car_driving,3455.0,3460.0
8428,S15,5,car_driving,3460.0,3465.0
8429,S15,5,car_driving,3465.0,3470.0
8430,S15,5,car_driving,3470.0,3475.0
8431,S15,5,car_driving,3475.0,3480.0
8432,S15,5,car_driving,3480.0,3485.0
8433,S15,5,car_driving,3485.0,3490.0
8434,S15,5,car_driving,3490.0,3495.0
8435,S15,5,car_driving,3495.0,3500.0
8436,S15,5,car_driving,3500.0,3505.0
8437,S15,5,car_driving,3505.0,3510.0
8438,S15,5,car_driving,3510.0,3515.0
8439,S15,5,car_driving,3515.0,3520.0
8440,S15,5,car_driving,3520.0,3525.0
8441,S15,5,car_driving,3525.0,3530.0
8442,S15,5,car_driving,3530.0,3535.0
8443,S15,5,car_driving,3535.0,3540.0
8444,S15,5,car_driving,3540.0,3545.0
8445,S15,5,car_driving,3545.0,3550.0
8446,S15,5,car_driving,3550.0,3555.0
8447,S15,5,car_driving,3555.0,3560.0
8448,S15,5,car_driving,3560.0,3565.0
8449,S15,5,car_driving,3565.0,3570.0
8450,S15,5,car_driving,3570.0,3575.0
8451,S15,5,car_driving,3575.0,3580.0
8452,S15,5,car_driving,3580.0,3585.0
8453,S15,5,car_driving,3585.0,3590.0
8454,S15,5,car_driving,3590.0,3595.0
8455,S15,5,car_driving,3595.0,3600.0
8456,S15,5,car_driving,3600.0,3605.0
8457,S15,5,car_driving,3605.0,3610.0
8458,S15,5,car_driving,3610.0,3615.0
8459,S15,5,car_driving,3615.0,3620.0
8460,S15,5,car_driving,3620.0,3625.0
8461,S15,5,car_driving,3625.0,3630.0
8462,S15,5,car_driving,3630.0,3635.0
8463,S15,5,car_driving,3635.0,3640.0
8464,S15,5,car_driving,3640.0,3645.0
8465,S15,5,car_driving,3645.0,3650.0
8466,S15,5,car_driving,3650.0,3655.0
8467,S15,5,car_driving,3655.0,3660.0
8468,S15,5,car_driving,3660.0,3665.0
8469,S15,5,car_driving,3665.0,3670.0
8470,S15,5,car_driving,3670.0,3675.0
8471,S15,5,car_driving,3675.0,3680.0
8472,S15,5,car_driving,3680.0,3685.0
8473,S15,5,car_driving,3685.0,3690.0
8474,S15,5,car_driving,3690.0,3695.0
8475,S15,5,car_driving,3695.0,3700.0
8476,S15,5,car_driving,3700.0,3705.0
8477,S15,5,car_driving,3705.0,3710.0
8478,S15,5,car_driving,3710.0,3715.0
8479,S15,5,car_driving,3715.0,3720.0
8480,S15,5,car_driving,3720.0,3725.0
8481,S15,5,car_driving,3725.0,3730.0
8482,S15,5,car_driving,3730.0,3735.0
8483,S15,5,car_driving,3735.0,3740.0
8484,S15,5,car_driving,3740.0,3745.0
8485,S15,5,car_driving,3745.0,3750.0
8486,S15,5,car_driving,3750.0,3755.0
8487,S15,5,car_driving,3755.0,3760.0
8488,S15,5,car_driving,3760.0,3765.0
8489,S15,5,car_driving,3765.0,3770.0
8490,S15,5,car_driving,3770.0,3775.0
8491,S15,5,car_driving,3775.0,3780.0
8492,S15,6,lunch_break,4200.0,4205.0
8493,S15,6,lunch_break,4205.0,4210.0
8494,S15,6,lunch_break,4210.0,4215.0
8495,S15,6,lunch_break,4215.0,4220.0
8496,S15,6,lunch_break,4220.0,4225.0
8497,S15,6,lunch_break,4225.0,4230.0
8498,S15,6,lunch_break,4230.0,4235.0
8499,S15,6,lunch_break,4235.0,4240.0
8500,S15,6,lunch_break,4240.0,4245.0
8501,S15,6,lunch_break,4245.0,4250.0
8502,S15,6,lunch_break,4250.0,4255.0
8503,S15,6,lunch_break,4255.0,4260.0
8504,S15,6,lunch_break,4260.0,4265.0
8505,S15,6,lunch_break,4265.0,4270.0
8506,S15,6,lunch_break,4270.0,4275.0
8507,S15,6,lunch_break,4275.0,4280.0
8508,S15,6,lunch_break,4280.0,4285.0
8509,S15,6,lunch_break,4285.0,4290.0
8510,S15,6,lunch_break,4290.0,4295.0
8511,S15,6,lunch_break,4295.0,4300.0
8512,S15,6,lunch_break,4300.0,4305.0
8513,S15,6,lunch_break,4305.0,4310.0
8514,S15,6,lunch_break,4310.0,4315.0
8515,S15,6,lunch_break,4315.0,4320.0
8516,S15,6,lunch_break,4320.0,4325.0
8517,S15,6,lunch_break,4325.0,4330.0
8518,S15,6,lunch_break,4330.0,4335.0
8519,S15,6,lunch_break,4335.0,4340.0
8520,S15,6,lunch_break,4340.0,4345.0
8521,S15,6,lunch_break,4345.0,4350.0
8522,S15,6,lunch_break,4350.0,4355.0
8523,S15,6,lunch_break,4355.0,4360.0
8524,S15,6,lunch_break,4360.0,4365.0
8525,S15,6,lunch_break,4365.0,4370.0
8526,S15,6,lunch_break,4370.0,4375.0
8527,S15,6,lunch_break,4375.0,4380.0
8528,S15,6,lunch_break,4380.0,4385.0
8529,S15,6,lunch_break,4385.0,4390.0
8530,S15,6,lunch_break,4390.0,4395.0
8531,S15,6,lunch_break,4395.0,4400.0
8532,S15,6,lunch_break,4400.0,4405.0
8533,S15,6,lunch_break,4405.0,4410.0
8534,S15,6,lunch_break,4410.0,4415.0
8535,S15,6,lunch_break,4415.0,4420.0
8536,S15,6,lunch_break,4420.0,4425.0
8537,S15,6,lunch_break,4425.0,4430.0
8538,S15,6,lunch_break,4430.0,4435.0
8539,S15,6,lunch_break,4435.0,4440.0
8540,S15,6,lunch_break,4440.0,4445.0
8541,S15,6,lunch_break,4445.0,4450.0
8542,S15,6,lunch_break,4450.0,4455.0
8543,S15,6,lunch_break,4455.0,4460.0
8544,S15,6,lunch_break,4460.0,4465.0
8545,S15,6,lunch_break,4465.0,4470.0
8546,S15,6,lunch_break,4470.0,4475.0
8547,S15,6,lunch_break,4475.0,4480.0
8548,S15,6,lunch_break,4480.0,4485.0
8549,S15,6,lunch_break,4485.0,4490.0
8550,S15,6,lunch_break,4490.0,4495.0
8551,S15,6,lunch_break,4495.0,4500.0
8552,S15,6,lunch_break,4500.0,4505.0
8553,S15,6,lunch_break,4505.0,4510.0
8554,S15,6,lunch_break,4510.0,4515.0
8555,S15,6,lunch_break,4515.0,4520.0
8556,S15,6,lunch_break,4520.0,4525.0
8557,S15,6,lunch_break,4525.0,4530.0
8558,S15,6,lunch_break,4530.0,4535.0
8559,S15,6,lunch_break,4535.0,4540.0
8560,S15,6,lunch_break,4540.0,4545.0
8561,S15,6,lunch_break,4545.0,4550.0
8562,S15,6,lunch_break,4550.0,4555.0
8563,S15,6,lunch_break,4555.0,4560.0
8564,S15,6,lunch_break,4560.0,4565.0
8565,S15,6,lunch_break,4565.0,4570.0
8566,S15,6,lunch_break,4570.0,4575.0
8567,S15,6,lunch_break,4575.0,4580.0
8568,S15,6,lunch_break,4580.0,4585.0
8569,S15,6,lunch_break,4585.0,4590.0
8570,S15,6,lunch_break,4590.0,4595.0
8571,S15,6,lunch_break,4595.0,4600.0
8572,S15,6,lunch_break,4600.0,4605.0
8573,S15,6,lunch_break,4605.0,4610.0
8574,S15,6,lunch_break,4610.0,4615.0
8575,S15,6,lunch_break,4615.0,4620.0
8576,S15,6,lunch_break,4620.0,4625.0
8577,S15,6,lunch_break,4625.0,4630.0
8578,S15,6,lunch_break,4630.0,4635.0
8579,S15,6,lunch_break,4635.0,4640.0
8580,S15,6,lunch_break,4640.0,4645.0
8581,S15,6,lunch_break,4645.0,4650.0
8582,S15,6,lunch_break,4650.0,4655.0
8583,S15,6,lunch_break,4655.0,4660.0
8584,S15,6,lunch_break,4660.0,4665.0
8585,S15,6,lunch_break,4665.0,4670.0
8586,S15,6,lunch_break,4670.0,4675.0
8587,S15,6,lunch_break,4675.0,4680.0
8588,S15,6,lunch_break,4680.0,4685.0
8589,S15,6,lunch_break,4685.0,4690.0
8590,S15,6,lunch_break,4690.0,4695.0
8591,S15,6,lunch_break,4695.0,4700.0
8592,S15,6,lunch_break,4700.0,4705.0
8593,S15,6,lunch_break,4705.0,4710.0
8594,S15,6,lunch_break,4710.0,4715.0
8595,S15,6,lunch_break,4715.0,4720.0
8596,S15,6,lunch_break,4720.0,4725.0
8597,S15,6,lunch_break,4725.0,4730.0
8598,S15,6,lunch_break,4730.0,4735.0
8599,S15,6,lunch_break,4735.0,4740.0
8600,S15,6,lunch_break,4740.0,4745.0
8601,S15,6,lunch_break,4745.0,4750.0
8602,S15,6,lunch_break,4750.0,4755.0
8603,S15,6,lunch_break,4755.0,4760.0
8604,S15,6,lunch_break,4760.0,4765.0
8605,S15,6,lunch_break,4765.0,4770.0
8606,S15,6,lunch_break,4770.0,4775.0
8607,S15,6,lunch_break,4775.0,4780.0
8608,S15,6,lunch_break,4780.0,4785.0
8609,S15,6,lunch_break,4785.0,4790.0
8610,S15,6,lunch_break,4790.0,4795.0
8611,S15,6,lunch_break,4795.0,4800.0
8612,S15,6,lunch_break,4800.0,4805.0
8613,S15,6,lunch_break,4805.0,4810.0
8614,S15,6,lunch_break,4810.0,4815.0
8615,S15,6,lunch_break,4815.0,4820.0
8616,S15,6,lunch_break,4820.0,4825.0
8617,S15,6,lunch_break,4825.0,4830.0
8618,S15,6,lunch_break,4830.0,4835.0
8619,S15,6,lunch_break,4835.0,4840.0
8620,S15,6,lunch_break,4840.0,4845.0
8621,S15,6,lunch_break,4845.0,4850.0
8622,S15,6,lunch_break,4850.0,4855.0
8623,S15,6,lunch_break,4855.0,4860.0
8624,S15,6,lunch_break,4860.0,4865.0
8625,S15,6,lunch_break,4865.0,4870.0
8626,S15,6,lunch_break,4870.0,4875.0
8627,S15,6,lunch_break,4875.0,4880.0
8628,S15,6,lunch_break,4880.0,4885.0
8629,S15,6,lunch_break,4885.0,4890.0
8630,S15,6,lunch_break,4890.0,4895.0
8631,S15,6,lunch_break,4895.0,4900.0
8632,S15,6,lunch_break,4900.0,4905.0
8633,S15,6,lunch_break,4905.0,4910.0
8634,S15,6,lunch_break,4910.0,4915.0
8635,S15,6,lunch_break,4915.0,4920.0
8636,S15,6,lunch_break,4920.0,4925.0
8637,S15,6,lunch_break,4925.0,4930.0
8638,S15,6,lunch_break,4930.0,4935.0
8639,S15,6,lunch_break,4935.0,4940.0
8640,S15,6,lunch_break,4940.0,4945.0
8641,S15,6,lunch_break,4945.0,4950.0
8642,S15,6,lunch_break,4950.0,4955.0
8643,S15,6,lunch_break,4955.0,4960.0
8644,S15,6,lunch_break,4960.0,4965.0
8645,S15,6,lunch_break,4965.0,4970.0
8646,S15,6,lunch_break,4970.0,4975.0
8647,S15,6,lunch_break,4975.0,4980.0
8648,S15,6,lunch_break,4980.0,4985.0
8649,S15,6,lunch_break,4985.0,4990.0
8650,S15,6,lunch_break,4990.0,4995.0
8651,S15,6,lunch_break,4995.0,5000.0
8652,S15,6,lunch_break,5000.0,5005.0
8653,S15,6,lunch_break,5005.0,5010.0
8654,S15,6,lunch_break,5010.0,5015.0
8655,S15,6,lunch_break,5015.0,5020.0
8656,S15,6,lunch_break,5020.0,5025.0
8657,S15,6,lunch_break,5025.0,5030.0
8658,S15,6,lunch_break,5030.0,5035.0
8659,S15,6,lunch_break,5035.0,5040.0
8660,S15,6,lunch_break,5040.0,5045.0
8661,S15,6,lunch_break,5045.0,5050.0
8662,S15,6,lunch_break,5050.0,5055.0
8663,S15,6,lunch_break,5055.0,5060.0
8664,S15,6,lunch_break,5060.0,5065.0
8665,S15,6,lunch_break,5065.0,5070.0
8666,S15,6,lunch_break,5070.0,5075.0
8667,S15,6,lunch_break,5075.0,5080.0
8668,S15,6,lunch_break,5080.0,5085.0
8669,S15,6,lunch_break,5085.0,5090.0
8670,S15,6,lunch_break,5090.0,5095.0
8671,S15,6,lunch_break,5095.0,5100.0
8672,S15,6,lunch_break,5100.0,5105.0
8673,S15,6,lunch_break,5105.0,5110.0
8674,S15,6,lunch_break,5110.0,5115.0
8675,S15,6,lunch_break,5115.0,5120.0
8676,S15,6,lunch_break,5120.0,5125.0
8677,S15,6,lunch_break,5125.0,5130.0
8678,S15,6,lunch_break,5130.0,5135.0
8679,S15,6,lunch_break,5135.0,5140.0
8680,S15,6,lunch_break,5140.0,5145.0
8681,S15,6,lunch_break,5145.0,5150.0
8682,S15,6,lunch_break,5150.0,5155.0
8683,S15,6,lunch_break,5155.0,5160.0
8684,S15,6,lunch_break,5160.0,5165.0
8685,S15,6,lunch_break,5165.0,5170.0
8686,S15,6,lunch_break,5170.0,5175.0
8687,S15,6,lunch_break,5175.0,5180.0
8688,S15,6,lunch_break,5180.0,5185.0
8689,S15,6,lunch_break,5185.0,5190.0
8690,S15,6,lunch_break,5190.0,5195.0
8691,S15,6,lunch_break,5195.0,5200.0
8692,S15,6,lunch_break,5200.0,5205.0
8693,S15,6,lunch_break,5205.0,5210.0
8694,S15,6,lunch_break,5210.0,5215.0
8695,S15,6,lunch_break,5215.0,5220.0
8696,S15,6,lunch_break,5220.0,5225.0
8697,S15,6,lunch_break,5225.0,5230.0
8698,S15,6,lunch_break,5230.0,5235.0
8699,S15,6,lunch_break,5235.0,5240.0
8700,S15,6,lunch_break,5240.0,5245.0
8701,S15,6,lunch_break,5245.0,5250.0
8702,S15,6,lunch_break,5250.0,5255.0
8703,S15,6,lunch_break,5255.0,5260.0
8704,S15,6,lunch_break,5260.0,5265.0
8705,S15,6,lunch_break,5265.0,5270.0
8706,S15,6,lunch_break,5270.0,5275.0
8707,S15,6,lunch_break,5275.0,5280.0
8708,S15,6,lunch_break,5280.0,5285.0
8709,S15,6,lunch_break,5285.0,5290.0
8710,S15,6,lunch_break,5290.0,5295.0
8711,S15,6,lunch_break,5295.0,5300.0
8712,S15,6,lunch_break,5300.0,5305.0
8713,S15,6,lunch_break,5305.0,5310.0
8714,S15,6,lunch_break,5310.0,5315.0
8715,S15,6,lunch_break,5315.0,5320.0
8716,S15,6,lunch_break,5320.0,5325.0
8717,S15,6,lunch_break,5325.0,5330.0
8718,S15,6,lunch_break,5330.0,5335.0
8719,S15,6,lunch_break,5335.0,5340.0
8720,S15,6,lunch_break,5340.0,5345.0
8721,S15,6,lunch_break,5345.0,5350.0
8722,S15,6,lunch_break,5350.0,5355.0
8723,S15,6,lunch_break,5355.0,5360.0
8724,S15,6,lunch_break,5360.0,5365.0
8725,S15,6,lunch_break,5365.0,5370.0
8726,S15,6,lunch_break,5370.0,5375.0
8727,S15,6,lunch_break,5375.0,5380.0
8728,S15,6,lunch_break,5380.0,5385.0
8729,S15,6,lunch_break,5385.0,5390.0
8730,S15,6,lunch_break,5390.0,5395.0
8731,S15,6,lunch_break,5395.0,5400.0
8732,S15,6,lunch_break,5400.0,5405.0
8733,S15,6,lunch_break,5405.0,5410.0
8734,S15,6,lunch_break,5410.0,5415.0
8735,S15,6,lunch_break,5415.0,5420.0
8736,S15,6,lunch_break,5420.0,5425.0
8737,S15,6,lunch_break,5425.0,5430.0
8738,S15,6,lunch_break,5430.0,5435.0
8739,S15,6,lunch_break,5435.0,5440.0
8740,S15,6,lunch_break,5440.0,5445.0
8741,S15,6,lunch_break,5445.0,5450.0
8742,S15,6,lunch_break,5450.0,5455.0
8743,S15,6,lunch_break,5455.0,5460.0
8744,S15,6,lunch_break,5460.0,5465.0
8745,S15,6,lunch_break,5465.0,5470.0
8746,S15,6,lunch_break,5470.0,5475.0
8747,S15,6,lunch_break,5475.0,5480.0
8748,S15,6,lunch_break,5480.0,5485.0
8749,S15,6,lunch_break,5485.0,5490.0
8750,S15,6,lunch_break,5490.0,5495.0
8751,S15,6,lunch_break,5495.0,5500.0
8752,S15,6,lunch_break,5500.0,5505.0
8753,S15,6,lunch_break,5505.0,5510.0
8754,S15,6,lunch_break,5510.0,5515.0
8755,S15,6,lunch_break,5515.0,5520.0
8756,S15,6,lunch_break,5520.0,5525.0
8757,S15,6,lunch_break,5525.0,5530.0
8758,S15,6,lunch_break,5530.0,5535.0
8759,S15,6,lunch_break,5535.0,5540.0
8760,S15,6,lunch_break,5540.0,5545.0
8761,S15,6,lunch_break,5545.0,5550.0
8762,S15,6,lunch_break,5550.0,5555.0
8763,S15,6,lunch_break,5555.0,5560.0
8764,S15,6,lunch_break,5560.0,5565.0
8765,S15,6,lunch_break,5565.0,5570.0
8766,S15,6,lunch_break,5570.0,5575.0
8767,S15,6,lunch_break,5575.0,5580.0
8768,S15,6,lunch_break,5580.0,5585.0
8769,S15,6,lunch_break,5585.0,5590.0
8770,S15,6,lunch_break,5590.0,5595.0
8771,S15,6,lunch_break,5595.0,5600.0
8772,S15,6,lunch_break,5600.0,5605.0
8773,S15,6,lunch_break,5605.0,5610.0
8774,S15,6,lunch_break,5610.0,5615.0
8775,S15,6,lunch_break,5615.0,5620.0
8776,S15,6,lunch_break,5620.0,5625.0
8777,S15,6,lunch_break,5625.0,5630.0
8778,S15,6,lunch_break,5630.0,5635.0
8779,S15,7,walking,5640.0,5645.0
8780,S15,7,walking,5645.0,5650.0
8781,S15,7,walking,5650.0,5655.0
8782,S15,7,walking,5655.0,5660.0
8783,S15,7,walking,5660.0,5665.0
8784,S15,7,walking,5665.0,5670.0
8785,S15,7,walking,5670.0,5675.0
8786,S15,7,walking,5675.0,5680.0
8787,S15,7,walking,5680.0,5685.0
8788,S15,7,walking,5685.0,5690.0
8789,S15,7,walking,5690.0,5695.0
8790,S15,7,walking,5695.0,5700.0
8791,S15,7,walking,5700.0,5705.0
8792,S15,7,walking,5705.0,5710.0
8793,S15,7,walking,5710.0,5715.0
8794,S15,7,walking,5715.0,5720.0
8795,S15,7,walking,5720.0,5725.0
8796,S15,7,walking,5725.0,5730.0
8797,S15,7,walking,5730.0,5735.0
8798,S15,7,walking,5735.0,5740.0
8799,S15,7,walking,5740.0,5745.0
8800,S15,7,walking,5745.0,5750.0
8801,S15,7,walking,5750.0,5755.0
8802,S15,7,walking,5755.0,5760.0
8803,S15,7,walking,5760.0,5765.0
8804,S15,7,walking,5765.0,5770.0
8805,S15,7,walking,5770.0,5775.0
8806,S15,7,walking,5775.0,5780.0
8807,S15,7,walking,5780.0,5785.0
8808,S15,7,walking,5785.0,5790.0
8809,S15,7,walking,5790.0,5795.0
8810,S15,7,walking,5795.0,5800.0
8811,S15,7,walking,5800.0,5805.0
8812,S15,7,walking,5805.0,5810.0
8813,S15,7,walking,5810.0,5815.0
8814,S15,7,walking,5815.0,5820.0
8815,S15,7,walking,5820.0,5825.0
8816,S15,7,walking,5825.0,5830.0
8817,S15,7,walking,5830.0,5835.0
8818,S15,7,walking,5835.0,5840.0
8819,S15,7,walking,5840.0,5845.0
8820,S15,7,walking,5845.0,5850.0
8821,S15,7,walking,5850.0,5855.0
8822,S15,7,walking,5855.0,5860.0
8823,S15,7,walking,5860.0,5865.0
8824,S15,7,walking,5865.0,5870.0
8825,S15,7,walking,5870.0,5875.0
8826,S15,7,walking,5875.0,5880.0
8827,S15,7,walking,5880.0,5885.0
8828,S15,7,walking,5885.0,5890.0
8829,S15,7,walking,5890.0,5895.0
8830,S15,7,walking,5895.0,5900.0
8831,S15,7,walking,5900.0,5905.0
8832,S15,7,walking,5905.0,5910.0
8833,S15,7,walking,5910.0,5915.0
8834,S15,7,walking,5915.0,5920.0
8835,S15,7,walking,5920.0,5925.0
8836,S15,7,walking,5925.0,5930.0
8837,S15,7,walking,5930.0,5935.0
8838,S15,7,walking,5935.0,5940.0
8839,S15,7,walking,5940.0,5945.0
8840,S15,7,walking,5945.0,5950.0
8841,S15,7,walking,5950.0,5955.0
8842,S15,7,walking,5955.0,5960.0
8843,S15,7,walking,5960.0,5965.0
8844,S15,7,walking,5965.0,5970.0
8845,S15,7,walking,5970.0,5975.0
8846,S15,7,walking,5975.0,5980.0
8847,S15,7,walking,5980.0,5985.0
8848,S15,7,walking,5985.0,5990.0
8849,S15,7,walking,5990.0,5995.0
8850,S15,7,walking,5995.0,6000.0
8851,S15,7,walking,6000.0,6005.0
8852,S15,7,walking,6005.0,6010.0
8853,S15,7,walking,6010.0,6015.0
8854,S15,7,walking,6015.0,6020.0
8855,S15,7,walking,6020.0,6025.0
8856,S15,7,walking,6025.0,6030.0
8857,S15,7,walking,6030.0,6035.0
8858,S15,7,walking,6035.0,6040.0
8859,S15,7,walking,6040.0,6045.0
8860,S15,7,walking,6045.0,6050.0
8861,S15,7,walking,6050.0,6055.0
8862,S15,7,walking,6055.0,6060.0
8863,S15,7,walking,6060.0,6065.0
8864,S15,7,walking,6065.0,6070.0
8865,S15,7,walking,6070.0,6075.0
8866,S15,7,walking,6075.0,6080.0
8867,S15,7,walking,6080.0,6085.0
8868,S15,7,walking,6085.0,6090.0
8869,S15,7,walking,6090.0,6095.0
8870,S15,7,walking,6095.0,6100.0
8871,S15,7,walking,6100.0,6105.0
8872,S15,7,walking,6105.0,6110.0
8873,S15,7,walking,6110.0,6115.0
8874,S15,7,walking,6115.0,6120.0
8875,S15,7,walking,6120.0,6125.0
8876,S15,7,walking,6125.0,6130.0
8877,S15,7,walking,6130.0,6135.0
8878,S15,7,walking,6135.0,6140.0
8879,S15,7,walking,6140.0,6145.0
8880,S15,7,walking,6145.0,6150.0
8881,S15,7,walking,6150.0,6155.0
8882,S15,7,walking,6155.0,6160.0
8883,S15,7,walking,6160.0,6165.0
8884,S15,7,walking,6165.0,6170.0
8885,S15,7,walking,6170.0,6175.0
8886,S15,7,walking,6175.0,6180.0
8887,S15,7,walking,6180.0,6185.0
8888,S15,7,walking,6185.0,6190.0
8889,S15,7,walking,6190.0,6195.0
8890,S15,7,walking,6195.0,6200.0
8891,S15,7,walking,6200.0,6205.0
8892,S15,7,walking,6205.0,6210.0
8893,S15,7,walking,6210.0,6215.0
8894,S15,7,walking,6215.0,6220.0
8895,S15,7,walking,6220.0,6225.0
8896,S15,7,walking,6225.0,6230.0
8897,S15,7,walking,6230.0,6235.0
8898,S15,7,walking,6235.0,6240.0
8899,S15,7,walking,6240.0,6245.0
8900,S15,7,walking,6245.0,6250.0
8901,S15,7,walking,6250.0,6255.0
8902,S15,7,walking,6255.0,6260.0
8903,S15,7,walking,6260.0,6265.0
8904,S15,7,walking,6265.0,6270.0
8905,S15,7,walking,6270.0,6275.0
8906,S15,7,walking,6275.0,6280.0
8907,S15,7,walking,6280.0,6285.0
8908,S15,7,walking,6285.0,6290.0
8909,S15,7,walking,6290.0,6295.0
8910,S15,8,working,6540.0,6545.0
8911,S15,8,working,6545.0,6550.0
8912,S15,8,working,6550.0,6555.0
8913,S15,8,working,6555.0,6560.0
8914,S15,8,working,6560.0,6565.0
8915,S15,8,working,6565.0,6570.0
8916,S15,8,working,6570.0,6575.0
8917,S15,8,working,6575.0,6580.0
8918,S15,8,working,6580.0,6585.0
8919,S15,8,working,6585.0,6590.0
8920,S15,8,working,6590.0,6595.0
8921,S15,8,working,6595.0,6600.0
8922,S15,8,working,6600.0,6605.0
8923,S15,8,working,6605.0,6610.0
8924,S15,8,working,6610.0,6615.0
8925,S15,8,working,6615.0,6620.0
8926,S15,8,working,6620.0,6625.0
8927,S15,8,working,6625.0,6630.0
8928,S15,8,working,6630.0,6635.0
8929,S15,8,working,6635.0,6640.0
8930,S15,8,working,6640.0,6645.0
8931,S15,8,working,6645.0,6650.0
8932,S15,8,working,6650.0,6655.0
8933,S15,8,working,6655.0,6660.0
8934,S15,8,working,6660.0,6665.0
8935,S15,8,working,6665.0,6670.0
8936,S15,8,working,6670.0,6675.0
8937,S15,8,working,6675.0,6680.0
8938,S15,8,working,6680.0,6685.0
8939,S15,8,working,6685.0,6690.0
8940,S15,8,working,6690.0,6695.0
8941,S15,8,working,6695.0,6700.0
8942,S15,8,working,6700.0,6705.0
8943,S15,8,working,6705.0,6710.0
8944,S15,8,working,6710.0,6715.0
8945,S15,8,working,6715.0,6720.0
8946,S15,8,working,6720.0,6725.0
8947,S15,8,working,6725.0,6730.0
8948,S15,8,working,6730.0,6735.0
8949,S15,8,working,6735.0,6740.0
8950,S15,8,working,6740.0,6745.0
8951,S15,8,working,6745.0,6750.0
8952,S15,8,working,6750.0,6755.0
8953,S15,8,working,6755.0,6760.0
8954,S15,8,working,6760.0,6765.0
8955,S15,8,working,6765.0,6770.0
8956,S15,8,working,6770.0,6775.0
8957,S15,8,working,6775.0,6780.0
8958,S15,8,working,6780.0,6785.0
8959,S15,8,working,6785.0,6790.0
8960,S15,8,working,6790.0,6795.0
8961,S15,8,working,6795.0,6800.0
8962,S15,8,working,6800.0,6805.0
8963,S15,8,working,6805.0,6810.0
8964,S15,8,working,6810.0,6815.0
8965,S15,8,working,6815.0,6820.0
8966,S15,8,working,6820.0,6825.0
8967,S15,8,working,6825.0,6830.0
8968,S15,8,working,6830.0,6835.0
8969,S15,8,working,6835.0,6840.0
8970,S15,8,working,6840.0,6845.0
8971,S15,8,working,6845.0,6850.0
8972,S15,8,working,6850.0,6855.0
8973,S15,8,working,6855.0,6860.0
8974,S15,8,working,6860.0,6865.0
8975,S15,8,working,6865.0,6870.0
8976,S15,8,working,6870.0,6875.0
8977,S15,8,working,6875.0,6880.0
8978,S15,8,working,6880.0,6885.0
8979,S15,8,working,6885.0,6890.0
8980,S15,8,working,6890.0,6895.0
8981,S15,8,working,6895.0,6900.0
8982,S15,8,working,6900.0,6905.0
8983,S15,8,working,6905.0,6910.0
8984,S15,8,working,6910.0,6915.0
8985,S15,8,working,6915.0,6920.0
8986,S15,8,working,6920.0,6925.0
8987,S15,8,working,6925.0,6930.0
8988,S15,8,working,6930.0,6935.0
8989,S15,8,working,6935.0,6940.0
8990,S15,8,working,6940.0,6945.0
8991,S15,8,working,6945.0,6950.0
8992,S15,8,working,6950.0,6955.0
8993,S15,8,working,6955.0,6960.0
8994,S15,8,working,6960.0,6965.0
8995,S15,8,working,6965.0,6970.0
8996,S15,8,working,6970.0,6975.0
8997,S15,8,working,6975.0,6980.0
8998,S15,8,working,6980.0,6985.0
8999,S15,8,working,6985.0,6990.0
9000,S15,8,working,6990.0,6995.0
9001,S15,8,working,6995.0,7000.0
9002,S15,8,working,7000.0,7005.0
9003,S15,8,working,7005.0,7010.0
9004,S15,8,working,7010.0,7015.0
9005,S15,8,working,7015.0,7020.0
9006,S15,8,working,7020.0,7025.0
9007,S15,8,working,7025.0,7030.0
9008,S15,8,working,7030.0,7035.0
9009,S15,8,working,7035.0,7040.0
9010,S15,8,working,7040.0,7045.0
9011,S15,8,working,7045.0,7050.0
9012,S15,8,working,7050.0,7055.0
9013,S15,8,working,7055.0,7060.0
9014,S15,8,working,7060.0,7065.0
9015,S15,8,working,7065.0,7070.0
9016,S15,8,working,7070.0,7075.0
9017,S15,8,working,7075.0,7080.0
9018,S15,8,working,7080.0,7085.0
9019,S15,8,working,7085.0,7090.0
9020,S15,8,working,7090.0,7095.0
9021,S15,8,working,7095.0,7100.0
9022,S15,8,working,7100.0,7105.0
9023,S15,8,working,7105.0,7110.0
9024,S15,8,working,7110.0,7115.0
9025,S15,8,working,7115.0,7120.0
9026,S15,8,working,7120.0,7125.0
9027,S15,8,working,7125.0,7130.0
9028,S15,8,working,7130.0,7135.0
9029,S15,8,working,7135.0,7140.0
9030,S15,8,working,7140.0,7145.0
9031,S15,8,working,7145.0,7150.0
9032,S15,8,working,7150.0,7155.0
9033,S15,8,working,7155.0,7160.0
9034,S15,8,working,7160.0,7165.0
9035,S15,8,working,7165.0,7170.0
9036,S15,8,working,7170.0,7175.0
9037,S15,8,working,7175.0,7180.0
9038,S15,8,working,7180.0,7185.0
9039,S15,8,working,7185.0,7190.0
9040,S15,8,working,7190.0,7195.0
9041,S15,8,working,7195.0,7200.0
9042,S15,8,working,7200.0,7205.0
9043,S15,8,working,7205.0,7210.0
9044,S15,8,working,7210.0,7215.0
9045,S15,8,working,7215.0,7220.0
9046,S15,8,working,7220.0,7225.0
9047,S15,8,working,7225.0,7230.0
9048,S15,8,working,7230.0,7235.0
9049,S15,8,working,7235.0,7240.0
9050,S15,8,working,7240.0,7245.0
9051,S15,8,working,7245.0,7250.0
9052,S15,8,working,7250.0,7255.0
9053,S15,8,working,7255.0,7260.0
9054,S15,8,working,7260.0,7265.0
9055,S15,8,working,7265.0,7270.0
9056,S15,8,working,7270.0,7275.0
9057,S15,8,working,7275.0,7280.0
9058,S15,8,working,7280.0,7285.0
9059,S15,8,working,7285.0,7290.0
9060,S15,8,working,7290.0,7295.0
9061,S15,8,working,7295.0,7300.0
9062,S15,8,working,7300.0,7305.0
9063,S15,8,working,7305.0,7310.0
9064,S15,8,working,7310.0,7315.0
9065,S15,8,working,7315.0,7320.0
9066,S15,8,working,7320.0,7325.0
9067,S15,8,working,7325.0,7330.0
9068,S15,8,working,7330.0,7335.0
9069,S15,8,working,7335.0,7340.0
9070,S15,8,working,7340.0,7345.0
9071,S15,8,working,7345.0,7350.0
9072,S15,8,working,7350.0,7355.0
9073,S15,8,working,7355.0,7360.0
9074,S15,8,working,7360.0,7365.0
9075,S15,8,working,7365.0,7370.0
9076,S15,8,working,7370.0,7375.0
9077,S15,8,working,7375.0,7380.0
9078,S15,8,working,7380.0,7385.0
9079,S15,8,working,7385.0,7390.0
9080,S15,8,working,7390.0,7395.0
9081,S15,8,working,7395.0,7400.0
9082,S15,8,working,7400.0,7405.0
9083,S15,8,working,7405.0,7410.0
9084,S15,8,working,7410.0,7415.0
9085,S15,8,working,7415.0,7420.0
9086,S15,8,working,7420.0,7425.0
9087,S15,8,working,7425.0,7430.0
9088,S15,8,working,7430.0,7435.0
9089,S15,8,working,7435.0,7440.0
9090,S15,8,working,7440.0,7445.0
9091,S15,8,working,7445.0,7450.0
9092,S15,8,working,7450.0,7455.0
9093,S15,8,working,7455.0,7460.0
9094,S15,8,working,7460.0,7465.0
9095,S15,8,working,7465.0,7470.0
9096,S15,8,working,7470.0,7475.0
9097,S15,8,working,7475.0,7480.0
9098,S15,8,working,7480.0,7485.0
9099,S15,8,working,7485.0,7490.0
9100,S15,8,working,7490.0,7495.0
9101,S15,8,working,7495.0,7500.0
9102,S15,8,working,7500.0,7505.0
9103,S15,8,working,7505.0,7510.0
9104,S15,8,working,7510.0,7515.0
9105,S15,8,working,7515.0,7520.0
9106,S15,8,working,7520.0,7525.0
9107,S15,8,working,7525.0,7530.0
9108,S15,8,working,7530.0,7535.0
9109,S15,8,working,7535.0,7540.0
9110,S15,8,working,7540.0,7545.0
9111,S15,8,working,7545.0,7550.0
9112,S15,8,working,7550.0,7555.0
9113,S15,8,working,7555.0,7560.0
9114,S15,8,working,7560.0,7565.0
9115,S15,8,working,7565.0,7570.0
9116,S15,8,working,7570.0,7575.0
9117,S15,8,working,7575.0,7580.0
9118,S15,8,working,7580.0,7585.0
9119,S15,8,working,7585.0,7590.0
9120,S15,8,working,7590.0,7595.0
9121,S15,8,working,7595.0,7600.0
9122,S15,8,working,7600.0,7605.0
9123,S15,8,working,7605.0,7610.0
9124,S15,8,working,7610.0,7615.0
9125,S15,8,working,7615.0,7620.0
9126,S15,8,working,7620.0,7625.0
9127,S15,8,working,7625.0,7630.0
9128,S15,8,working,7630.0,7635.0
9129,S15,8,working,7635.0,7640.0
9130,S15,8,working,7640.0,7645.0
9131,S15,8,working,7645.0,7650.0
9132,S15,8,working,7650.0,7655.0
9133,S15,8,working,7655.0,7660.0
9134,S15,8,working,7660.0,7665.0
9135,S15,8,working,7665.0,7670.0
9136,S15,8,working,7670.0,7675.0
9137,S15,8,working,7675.0,7680.0
9138,S15,8,working,7680.0,7685.0
9139,S15,8,working,7685.0,7690.0
9140,S15,8,working,7690.0,7695.0
9141,S15,8,working,7695.0,7700.0
9142,S15,8,working,7700.0,7705.0
9143,S15,8,working,7705.0,7710.0
9144,S15,8,working,7710.0,7715.0
9145,S15,8,working,7715.0,7720.0
9146,S15,8,working,7720.0,7725.0
9147,S15,8,working,7725.0,7730.0
9148,S15,8,working,7730.0,7735.0
9149,S15,8,working,7735.0,7740.0
9150,S2,1,sitting,205.0,210.0
9151,S2,1,sitting,210.0,215.0
9152,S2,1,sitting,215.0,220.0
9153,S2,1,sitting,220.0,225.0
9154,S2,1,sitting,225.0,230.0
9155,S2,1,sitting,230.0,235.0
9156,S2,1,sitting,235.0,240.0
9157,S2,1,sitting,240.0,245.0
9158,S2,1,sitting,245.0,250.0
9159,S2,1,sitting,250.0,255.0
9160,S2,1,sitting,255.0,260.0
9161,S2,1,sitting,260.0,265.0
9162,S2,1,sitting,265.0,270.0
9163,S2,1,sitting,270.0,275.0
9164,S2,1,sitting,275.0,280.0
9165,S2,1,sitting,280.0,285.0
9166,S2,1,sitting,285.0,290.0
9167,S2,1,sitting,290.0,295.0
9168,S2,1,sitting,295.0,300.0
9169,S2,1,sitting,300.0,305.0
9170,S2,1,sitting,305.0,310.0
9171,S2,1,sitting,310.0,315.0
9172,S2,1,sitting,315.0,320.0
9173,S2,1,sitting,320.0,325.0
9174,S2,1,sitting,325.0,330.0
9175,S2,1,sitting,330.0,335.0
9176,S2,1,sitting,335.0,340.0
9177,S2,1,sitting,340.0,345.0
9178,S2,1,sitting,345.0,350.0
9179,S2,1,sitting,350.0,355.0
9180,S2,1,sitting,355.0,360.0
9181,S2,1,sitting,360.0,365.0
9182,S2,1,sitting,365.0,370.0
9183,S2,1,sitting,370.0,375.0
9184,S2,1,sitting,375.0,380.0
9185,S2,1,sitting,380.0,385.0
9186,S2,1,sitting,385.0,390.0
9187,S2,1,sitting,390.0,395.0
9188,S2,1,sitting,395.0,400.0
9189,S2,1,sitting,400.0,405.0
9190,S2,1,sitting,405.0,410.0
9191,S2,1,sitting,410.0,415.0
9192,S2,1,sitting,415.0,420.0
9193,S2,1,sitting,420.0,425.0
9194,S2,1,sitting,425.0,430.0
9195,S2,1,sitting,430.0,435.0
9196,S2,1,sitting,435.0,440.0
9197,S2,1,sitting,440.0,445.0
9198,S2,1,sitting,445.0,450.0
9199,S2,1,sitting,450.0,455.0
9200,S2,1,sitting,455.0,460.0
9201,S2,1,sitting,460.0,465.0
9202,S2,1,sitting,465.0,470.0
9203,S2,1,sitting,470.0,475.0
9204,S2,1,sitting,475.0,480.0
9205,S2,1,sitting,480.0,485.0
9206,S2,1,sitting,485.0,490.0
9207,S2,1,sitting,490.0,495.0
9208,S2,1,sitting,495.0,500.0
9209,S2,1,sitting,500.0,505.0
9210,S2,1,sitting,505.0,510.0
9211,S2,1,sitting,510.0,515.0
9212,S2,1,sitting,515.0,520.0
9213,S2,1,sitting,520.0,525.0
9214,S2,1,sitting,525.0,530.0
9215,S2,1,sitting,530.0,535.0
9216,S2,1,sitting,535.0,540.0
9217,S2,1,sitting,540.0,545.0
9218,S2,1,sitting,545.0,550.0
9219,S2,1,sitting,550.0,555.0
9220,S2,1,sitting,555.0,560.0
9221,S2,1,sitting,560.0,565.0
9222,S2,1,sitting,565.0,570.0
9223,S2,1,sitting,570.0,575.0
9224,S2,1,sitting,575.0,580.0
9225,S2,1,sitting,580.0,585.0
9226,S2,1,sitting,585.0,590.0
9227,S2,1,sitting,590.0,595.0
9228,S2,1,sitting,595.0,600.0
9229,S2,1,sitting,600.0,605.0
9230,S2,1,sitting,605.0,610.0
9231,S2,1,sitting,610.0,615.0
9232,S2,1,sitting,615.0,620.0
9233,S2,1,sitting,620.0,625.0
9234,S2,1,sitting,625.0,630.0
9235,S2,1,sitting,630.0,635.0
9236,S2,1,sitting,635.0,640.0
9237,S2,1,sitting,640.0,645.0
9238,S2,1,sitting,645.0,650.0
9239,S2,1,sitting,650.0,655.0
9240,S2,1,sitting,655.0,660.0
9241,S2,1,sitting,660.0,665.0
9242,S2,1,sitting,665.0,670.0
9243,S2,1,sitting,670.0,675.0
9244,S2,1,sitting,675.0,680.0
9245,S2,1,sitting,680.0,685.0
9246,S2,1,sitting,685.0,690.0
9247,S2,1,sitting,690.0,695.0
9248,S2,1,sitting,695.0,700.0
9249,S2,1,sitting,700.0,705.0
9250,S2,1,sitting,705.0,710.0
9251,S2,1,sitting,710.0,715.0
9252,S2,1,sitting,715.0,720.0
9253,S2,1,sitting,720.0,725.0
9254,S2,1,sitting,725.0,730.0
9255,S2,1,sitting,730.0,735.0
9256,S2,1,sitting,735.0,740.0
9257,S2,1,sitting,740.0,745.0
9258,S2,1,sitting,745.0,750.0
9259,S2,1,sitting,750.0,755.0
9260,S2,1,sitting,755.0,760.0
9261,S2,1,sitting,760.0,765.0
9262,S2,1,sitting,765.0,770.0
9263,S2,1,sitting,770.0,775.0
9264,S2,1,sitting,775.0,780.0
9265,S2,1,sitting,780.0,785.0
9266,S2,1,sitting,785.0,790.0
9267,S2,1,sitting,790.0,795.0
9268,S2,1,sitting,795.0,800.0
9269,S2,2,stairs,980.0,985.0
9270,S2,2,stairs,985.0,990.0
9271,S2,2,stairs,990.0,995.0
9272,S2,2,stairs,995.0,1000.0
9273,S2,2,stairs,1000.0,1005.0
9274,S2,2,stairs,1005.0,1010.0
9275,S2,2,stairs,1010.0,1015.0
9276,S2,2,stairs,1015.0,1020.0
9277,S2,2,stairs,1020.0,1025.0
9278,S2,2,stairs,1025.0,1030.0
9279,S2,2,stairs,1030.0,1035.0
9280,S2,2,stairs,1035.0,1040.0
9281,S2,2,stairs,1040.0,1045.0
9282,S2,2,stairs,1045.0,1050.0
9283,S2,2,stairs,1050.0,1055.0
9284,S2,2,stairs,1055.0,1060.0
9285,S2,2,stairs,1060.0,1065.0
9286,S2,2,stairs,1065.0,1070.0
9287,S2,2,stairs,1070.0,1075.0
9288,S2,2,stairs,1075.0,1080.0
9289,S2,2,stairs,1080.0,1085.0
9290,S2,2,stairs,1085.0,1090.0
9291,S2,2,stairs,1090.0,1095.0
9292,S2,2,stairs,1095.0,1100.0
9293,S2,2,stairs,1100.0,1105.0
9294,S2,2,stairs,1105.0,1110.0
9295,S2,2,stairs,1110.0,1115.0
9296,S2,2,stairs,1115.0,1120.0
9297,S2,2,stairs,1120.0,1125.0
9298,S2,2,stairs,1125.0,1130.0
9299,S2,2,stairs,1130.0,1135.0
9300,S2,2,stairs,1135.0,1140.0
9301,S2,2,stairs,1140.0,1145.0
9302,S2,2,stairs,1145.0,1150.0
9303,S2,2,stairs,1150.0,1155.0
9304,S2,2,stairs,1155.0,1160.0
9305,S2,2,stairs,1160.0,1165.0
9306,S2,2,stairs,1165.0,1170.0
9307,S2,2,stairs,1170.0,1175.0
9308,S2,2,stairs,1175.0,1180.0
9309,S2,2,stairs,1180.0,1185.0
9310,S2,2,stairs,1185.0,1190.0
9311,S2,2,stairs,1190.0,1195.0
9312,S2,2,stairs,1195.0,1200.0
9313,S2,2,stairs,1200.0,1205.0
9314,S2,2,stairs,1205.0,1210.0
9315,S2,2,stairs,1210.0,1215.0
9316,S2,2,stairs,1215.0,1220.0
9317,S2,2,stairs,1220.0,1225.0
9318,S2,2,stairs,1225.0,1230.0
9319,S2,2,stairs,1230.0,1235.0
9320,S2,2,stairs,1235.0,1240.0
9321,S2,2,stairs,1240.0,1245.0
9322,S2,3,table_soccer,1305.0,1310.0
9323,S2,3,table_soccer,1310.0,1315.0
9324,S2,3,table_soccer,1315.0,1320.0
9325,S2,3,table_soccer,1320.0,1325.0
9326,S2,3,table_soccer,1325.0,1330.0
9327,S2,3,table_soccer,1330.0,1335.0
9328,S2,3,table_soccer,1335.0,1340.0
9329,S2,3,table_soccer,1340.0,1345.0
9330,S2,3,table_soccer,1345.0,1350.0
9331,S2,3,table_soccer,1350.0,1355.0
9332,S2,3,table_soccer,1355.0,1360.0
9333,S2,3,table_soccer,1360.0,1365.0
9334,S2,3,table_soccer,1365.0,1370.0
9335,S2,3,table_soccer,1370.0,1375.0
9336,S2,3,table_soccer,1375.0,1380.0
9337,S2,3,table_soccer,1380.0,1385.0
9338,S2,3,table_soccer,1385.0,1390.0
9339,S2,3,table_soccer,1390.0,1395.0
9340,S2,3,table_soccer,1395.0,1400.0
9341,S2,3,table_soccer,1400.0,1405.0
9342,S2,3,table_soccer,1405.0,1410.0
9343,S2,3,table_soccer,1410.0,1415.0
9344,S2,3,table_soccer,1415.0,1420.0
9345,S2,3,table_soccer,1420.0,1425.0
9346,S2,3,table_soccer,1425.0,1430.0
9347,S2,3,table_soccer,1430.0,1435.0
9348,S2,3,table_soccer,1435.0,1440.0
9349,S2,3,table_soccer,1440.0,1445.0
9350,S2,3,table_soccer,1445.0,1450.0
9351,S2,3,table_soccer,1450.0,1455.0
9352,S2,3,table_soccer,1455.0,1460.0
9353,S2,3,table_soccer,1460.0,1465.0
9354,S2,3,table_soccer,1465.0,1470.0
9355,S2,3,table_soccer,1470.0,1475.0
9356,S2,3,table_soccer,1475.0,1480.0
9357,S2,3,table_soccer,1480.0,1485.0
9358,S2,3,table_soccer,1485.0,1490.0
9359,S2,3,table_soccer,1490.0,1495.0
9360,S2,3,table_soccer,1495.0,1500.0
9361,S2,3,table_soccer,1500.0,1505.0
9362,S2,3,table_soccer,1505.0,1510.0
9363,S2,3,table_soccer,1510.0,1515.0
9364,S2,3,table_soccer,1515.0,1520.0
9365,S2,3,table_soccer,1520.0,1525.0
9366,S2,3,table_soccer,1525.0,1530.0
9367,S2,3,table_soccer,1530.0,1535.0
9368,S2,3,table_soccer,1535.0,1540.0
9369,S2,3,table_soccer,1540.0,1545.0
9370,S2,3,table_soccer,1545.0,1550.0
9371,S2,3,table_soccer,1550.0,1555.0
9372,S2,3,table_soccer,1555.0,1560.0
9373,S2,3,table_soccer,1560.0,1565.0
9374,S2,3,table_soccer,1565.0,1570.0
9375,S2,3,table_soccer,1570.0,1575.0
9376,S2,3,table_soccer,1575.0,1580.0
9377,S2,3,table_soccer,1580.0,1585.0
9378,S2,3,table_soccer,1585.0,1590.0
9379,S2,3,table_soccer,1590.0,1595.0
9380,S2,3,table_soccer,1595.0,1600.0
9381,S2,3,table_soccer,1600.0,1605.0
9382,S2,4,cycling,2015.0,2020.0
9383,S2,4,cycling,2020.0,2025.0
9384,S2,4,cycling,2025.0,2030.0
9385,S2,4,cycling,2030.0,2035.0
9386,S2,4,cycling,2035.0,2040.0
9387,S2,4,cycling,2040.0,2045.0
9388,S2,4,cycling,2045.0,2050.0
9389,S2,4,cycling,2050.0,2055.0
9390,S2,4,cycling,2055.0,2060.0
9391,S2,4,cycling,2060.0,2065.0
9392,S2,4,cycling,2065.0,2070.0
9393,S2,4,cycling,2070.0,2075.0
9394,S2,4,cycling,2075.0,2080.0
9395,S2,4,cycling,2080.0,2085.0
9396,S2,4,cycling,2085.0,2090.0
9397,S2,4,cycling,2090.0,2095.0
9398,S2,4,cycling,2095.0,2100.0
9399,S2,4,cycling,2100.0,2105.0
9400,S2,4,cycling,2105.0,2110.0
9401,S2,4,cycling,2110.0,2115.0
9402,S2,4,cycling,2115.0,2120.0
9403,S2,4,cycling,2120.0,2125.0
9404,S2,4,cycling,2125.0,2130.0
9405,S2,4,cycling,2130.0,2135.0
9406,S2,4,cycling,2135.0,2140.0
9407,S2,4,cycling,2140.0,2145.0
9408,S2,4,cycling,2145.0,2150.0
9409,S2,4,cycling,2150.0,2155.0
9410,S2,4,cycling,2155.0,2160.0
9411,S2,4,cycling,2160.0,2165.0
9412,S2,4,cycling,2165.0,2170.0
9413,S2,4,cycling,2170.0,2175.0
9414,S2,4,cycling,2175.0,2180.0
9415,S2,4,cycling,2180.0,2185.0
9416,S2,4,cycling,2185.0,2190.0
9417,S2,4,cycling,2190.0,2195.0
9418,S2,4,cycling,2195.0,2200.0
9419,S2,4,cycling,2200.0,2205.0
9420,S2,4,cycling,2205.0,2210.0
9421,S2,4,cycling,2210.0,2215.0
9422,S2,4,cycling,2215.0,2220.0
9423,S2,4,cycling,2220.0,2225.0
9424,S2,4,cycling,2225.0,2230.0
9425,S2,4,cycling,2230.0,2235.0
9426,S2,4,cycling,2235.0,2240.0
9427,S2,4,cycling,2240.0,2245.0
9428,S2,4,cycling,2245.0,2250.0
9429,S2,4,cycling,2250.0,2255.0
9430,S2,4,cycling,2255.0,2260.0
9431,S2,4,cycling,2260.0,2265.0
9432,S2,4,cycling,2265.0,2270.0
9433,S2,4,cycling,2270.0,2275.0
9434,S2,4,cycling,2275.0,2280.0
9435,S2,4,cycling,2280.0,2285.0
9436,S2,4,cycling,2285.0,2290.0
9437,S2,4,cycling,2290.0,2295.0
9438,S2,4,cycling,2295.0,2300.0
9439,S2,4,cycling,2300.0,2305.0
9440,S2,4,cycling,2305.0,2310.0
9441,S2,4,cycling,2310.0,2315.0
9442,S2,4,cycling,2315.0,2320.0
9443,S2,4,cycling,2320.0,2325.0
9444,S2,4,cycling,2325.0,2330.0
9445,S2,4,cycling,2330.0,2335.0
9446,S2,4,cycling,2335.0,2340.0
9447,S2,4,cycling,2340.0,2345.0
9448,S2,4,cycling,2345.0,2350.0
9449,S2,4,cycling,2350.0,2355.0
9450,S2,4,cycling,2355.0,2360.0
9451,S2,4,cycling,2360.0,2365.0
9452,S2,4,cycling,2365.0,2370.0
9453,S2,4,cycling,2370.0,2375.0
9454,S2,4,cycling,2375.0,2380.0
9455,S2,4,cycling,2380.0,2385.0
9456,S2,4,cycling,2385.0,2390.0
9457,S2,4,cycling,2390.0,2395.0
9458,S2,5,car_driving,2945.0,2950.0
9459,S2,5,car_driving,2950.0,2955.0
9460,S2,5,car_driving,2955.0,2960.0
9461,S2,5,car_driving,2960.0,2965.0
9462,S2,5,car_driving,2965.0,2970.0
9463,S2,5,car_driving,2970.0,2975.0
9464,S2,5,car_driving,2975.0,2980.0
9465,S2,5,car_driving,2980.0,2985.0
9466,S2,5,car_driving,2985.0,2990.0
9467,S2,5,car_driving,2990.0,2995.0
9468,S2,5,car_driving,2995.0,3000.0
9469,S2,5,car_driving,3000.0,3005.0
9470,S2,5,car_driving,3005.0,3010.0
9471,S2,5,car_driving,3010.0,3015.0
9472,S2,5,car_driving,3015.0,3020.0
9473,S2,5,car_driving,3020.0,3025.0
9474,S2,5,car_driving,3025.0,3030.0
9475,S2,5,car_driving,3030.0,3035.0
9476,S2,5,car_driving,3035.0,3040.0
9477,S2,5,car_driving,3040.0,3045.0
9478,S2,5,car_driving,3045.0,3050.0
9479,S2,5,car_driving,3050.0,3055.0
9480,S2,5,car_driving,3055.0,3060.0
9481,S2,5,car_driving,3060.0,3065.0
9482,S2,5,car_driving,3065.0,3070.0
9483,S2,5,car_driving,3070.0,3075.0
9484,S2,5,car_driving,3075.0,3080.0
9485,S2,5,car_driving,3080.0,3085.0
9486,S2,5,car_driving,3085.0,3090.0
9487,S2,5,car_driving,3090.0,3095.0
9488,S2,5,car_driving,3095.0,3100.0
9489,S2,5,car_driving,3100.0,3105.0
9490,S2,5,car_driving,3105.0,3110.0
9491,S2,5,car_driving,3110.0,3115.0
9492,S2,5,car_driving,3115.0,3120.0
9493,S2,5,car_driving,3120.0,3125.0
9494,S2,5,car_driving,3125.0,3130.0
9495,S2,5,car_driving,3130.0,3135.0
9496,S2,5,car_driving,3135.0,3140.0
9497,S2,5,car_driving,3140.0,3145.0
9498,S2,5,car_driving,3145.0,3150.0
9499,S2,5,car_driving,3150.0,3155.0
9500,S2,5,car_driving,3155.0,3160.0
9501,S2,5,car_driving,3160.0,3165.0
9502,S2,5,car_driving,3165.0,3170.0
9503,S2,5,car_driving,3170.0,3175.0
9504,S2,5,car_driving,3175.0,3180.0
9505,S2,5,car_driving,3180.0,3185.0
9506,S2,5,car_driving,3185.0,3190.0
9507,S2,5,car_driving,3190.0,3195.0
9508,S2,5,car_driving,3195.0,3200.0
9509,S2,5,car_driving,3200.0,3205.0
9510,S2,5,car_driving,3205.0,3210.0
9511,S2,5,car_driving,3210.0,3215.0
9512,S2,5,car_driving,3215.0,3220.0
9513,S2,5,car_driving,3220.0,3225.0
9514,S2,5,car_driving,3225.0,3230.0
9515,S2,5,car_driving,3230.0,3235.0
9516,S2,5,car_driving,3235.0,3240.0
9517,S2,5,car_driving,3240.0,3245.0
9518,S2,5,car_driving,3245.0,3250.0
9519,S2,5,car_driving,3250.0,3255.0
9520,S2,5,car_driving,3255.0,3260.0
9521,S2,5,car_driving,3260.0,3265.0
9522,S2,5,car_driving,3265.0,3270.0
9523,S2,5,car_driving,3270.0,3275.0
9524,S2,5,car_driving,3275.0,3280.0
9525,S2,5,car_driving,3280.0,3285.0
9526,S2,5,car_driving,3285.0,3290.0
9527,S2,5,car_driving,3290.0,3295.0
9528,S2,5,car_driving,3295.0,3300.0
9529,S2,5,car_driving,3300.0,3305.0
9530,S2,5,car_driving,3305.0,3310.0
9531,S2,5,car_driving,3310.0,3315.0
9532,S2,5,car_driving,3315.0,3320.0
9533,S2,5,car_driving,3320.0,3325.0
9534,S2,5,car_driving,3325.0,3330.0
9535,S2,5,car_driving,3330.0,3335.0
9536,S2,5,car_driving,3335.0,3340.0
9537,S2,5,car_driving,3340.0,3345.0
9538,S2,5,car_driving,3345.0,3350.0
9539,S2,5,car_driving,3350.0,3355.0
9540,S2,5,car_driving,3355.0,3360.0
9541,S2,5,car_driving,3360.0,3365.0
9542,S2,5,car_driving,3365.0,3370.0
9543,S2,5,car_driving,3370.0,3375.0
9544,S2,5,car_driving,3375.0,3380.0
9545,S2,5,car_driving,3380.0,3385.0
9546,S2,5,car_driving,3385.0,3390.0
9547,S2,5,car_driving,3390.0,3395.0
9548,S2,5,car_driving,3395.0,3400.0
9549,S2,5,car_driving,3400.0,3405.0
9550,S2,5,car_driving,3405.0,3410.0
9551,S2,5,car_driving,3410.0,3415.0
9552,S2,5,car_driving,3415.0,3420.0
9553,S2,5,car_driving,3420.0,3425.0
9554,S2,5,car_driving,3425.0,3430.0
9555,S2,5,car_driving,3430.0,3435.0
9556,S2,5,car_driving,3435.0,3440.0
9557,S2,5,car_driving,3440.0,3445.0
9558,S2,5,car_driving,3445.0,3450.0
9559,S2,5,car_driving,3450.0,3455.0
9560,S2,5,car_driving,3455.0,3460.0
9561,S2,5,car_driving,3460.0,3465.0
9562,S2,5,car_driving,3465.0,3470.0
9563,S2,5,car_driving,3470.0,3475.0
9564,S2,5,car_driving,3475.0,3480.0
9565,S2,5,car_driving,3480.0,3485.0
9566,S2,5,car_driving,3485.0,3490.0
9567,S2,5,car_driving,3490.0,3495.0
9568,S2,5,car_driving,3495.0,3500.0
9569,S2,5,car_driving,3500.0,3505.0
9570,S2,5,car_driving,3505.0,3510.0
9571,S2,5,car_driving,3510.0,3515.0
9572,S2,5,car_driving,3515.0,3520.0
9573,S2,5,car_driving,3520.0,3525.0
9574,S2,5,car_driving,3525.0,3530.0
9575,S2,5,car_driving,3530.0,3535.0
9576,S2,5,car_driving,3535.0,3540.0
9577,S2,5,car_driving,3540.0,3545.0
9578,S2,5,car_driving,3545.0,3550.0
9579,S2,5,car_driving,3550.0,3555.0
9580,S2,5,car_driving,3555.0,3560.0
9581,S2,5,car_driving,3560.0,3565.0
9582,S2,5,car_driving,3565.0,3570.0
9583,S2,5,car_driving,3570.0,3575.0
9584,S2,5,car_driving,3575.0,3580.0
9585,S2,5,car_driving,3580.0,3585.0
9586,S2,5,car_driving,3585.0,3590.0
9587,S2,5,car_driving,3590.0,3595.0
9588,S2,5,car_driving,3595.0,3600.0
9589,S2,5,car_driving,3600.0,3605.0
9590,S2,5,car_driving,3605.0,3610.0
9591,S2,5,car_driving,3610.0,3615.0
9592,S2,5,car_driving,3615.0,3620.0
9593,S2,5,car_driving,3620.0,3625.0
9594,S2,5,car_driving,3625.0,3630.0
9595,S2,5,car_driving,3630.0,3635.0
9596,S2,5,car_driving,3635.0,3640.0
9597,S2,5,car_driving,3640.0,3645.0
9598,S2,5,car_driving,3645.0,3650.0
9599,S2,5,car_driving,3650.0,3655.0
9600,S2,5,car_driving,3655.0,3660.0
9601,S2,5,car_driving,3660.0,3665.0
9602,S2,5,car_driving,3665.0,3670.0
9603,S2,5,car_driving,3670.0,3675.0
9604,S2,5,car_driving,3675.0,3680.0
9605,S2,5,car_driving,3680.0,3685.0
9606,S2,5,car_driving,3685.0,3690.0
9607,S2,5,car_driving,3690.0,3695.0
9608,S2,5,car_driving,3695.0,3700.0
9609,S2,5,car_driving,3700.0,3705.0
9610,S2,5,car_driving,3705.0,3710.0
9611,S2,5,car_driving,3710.0,3715.0
9612,S2,5,car_driving,3715.0,3720.0
9613,S2,5,car_driving,3720.0,3725.0
9614,S2,5,car_driving,3725.0,3730.0
9615,S2,5,car_driving,3730.0,3735.0
9616,S2,5,car_driving,3735.0,3740.0
9617,S2,5,car_driving,3740.0,3745.0
9618,S2,5,car_driving,3745.0,3750.0
9619,S2,5,car_driving,3750.0,3755.0
9620,S2,5,car_driving,3755.0,3760.0
9621,S2,5,car_driving,3760.0,3765.0
9622,S2,5,car_driving,3765.0,3770.0
9623,S2,5,car_driving,3770.0,3775.0
9624,S2,5,car_driving,3775.0,3780.0
9625,S2,5,car_driving,3780.0,3785.0
9626,S2,5,car_driving,3785.0,3790.0
9627,S2,5,car_driving,3790.0,3795.0
9628,S2,5,car_driving,3795.0,3800.0
9629,S2,5,car_driving,3800.0,3805.0
9630,S2,5,car_driving,3805.0,3810.0
9631,S2,5,car_driving,3810.0,3815.0
9632,S2,5,car_driving,3815.0,3820.0
9633,S2,5,car_driving,3820.0,3825.0
9634,S2,5,car_driving,3825.0,3830.0
9635,S2,5,car_driving,3830.0,3835.0
9636,S2,5,car_driving,3835.0,3840.0
9637,S2,5,car_driving,3840.0,3845.0
9638,S2,5,car_driving,3845.0,3850.0
9639,S2,5,car_driving,3850.0,3855.0
9640,S2,5,car_driving,3855.0,3860.0
9641,S2,6,lunch_break,4710.0,4715.0
9642,S2,6,lunch_break,4715.0,4720.0
9643,S2,6,lunch_break,4720.0,4725.0
9644,S2,6,lunch_break,4725.0,4730.0
9645,S2,6,lunch_break,4730.0,4735.0
9646,S2,6,lunch_break,4735.0,4740.0
9647,S2,6,lunch_break,4740.0,4745.0
9648,S2,6,lunch_break,4745.0,4750.0
9649,S2,6,lunch_break,4750.0,4755.0
9650,S2,6,lunch_break,4755.0,4760.0
9651,S2,6,lunch_break,4760.0,4765.0
9652,S2,6,lunch_break,4765.0,4770.0
9653,S2,6,lunch_break,4770.0,4775.0
9654,S2,6,lunch_break,4775.0,4780.0
9655,S2,6,lunch_break,4780.0,4785.0
9656,S2,6,lunch_break,4785.0,4790.0
9657,S2,6,lunch_break,4790.0,4795.0
9658,S2,6,lunch_break,4795.0,4800.0
9659,S2,6,lunch_break,4800.0,4805.0
9660,S2,6,lunch_break,4805.0,4810.0
9661,S2,6,lunch_break,4810.0,4815.0
9662,S2,6,lunch_break,4815.0,4820.0
9663,S2,6,lunch_break,4820.0,4825.0
9664,S2,6,lunch_break,4825.0,4830.0
9665,S2,6,lunch_break,4830.0,4835.0
9666,S2,6,lunch_break,4835.0,4840.0
9667,S2,6,lunch_break,4840.0,4845.0
9668,S2,6,lunch_break,4845.0,4850.0
9669,S2,6,lunch_break,4850.0,4855.0
9670,S2,6,lunch_break,4855.0,4860.0
9671,S2,6,lunch_break,4860.0,4865.0
9672,S2,6,lunch_break,4865.0,4870.0
9673,S2,6,lunch_break,4870.0,4875.0
9674,S2,6,lunch_break,4875.0,4880.0
9675,S2,6,lunch_break,4880.0,4885.0
9676,S2,6,lunch_break,4885.0,4890.0
9677,S2,6,lunch_break,4890.0,4895.0
9678,S2,6,lunch_break,4895.0,4900.0
9679,S2,6,lunch_break,4900.0,4905.0
9680,S2,6,lunch_break,4905.0,4910.0
9681,S2,6,lunch_break,4910.0,4915.0
9682,S2,6,lunch_break,4915.0,4920.0
9683,S2,6,lunch_break,4920.0,4925.0
9684,S2,6,lunch_break,4925.0,4930.0
9685,S2,6,lunch_break,4930.0,4935.0
9686,S2,6,lunch_break,4935.0,4940.0
9687,S2,6,lunch_break,4940.0,4945.0
9688,S2,6,lunch_break,4945.0,4950.0
9689,S2,6,lunch_break,4950.0,4955.0
9690,S2,6,lunch_break,4955.0,4960.0
9691,S2,6,lunch_break,4960.0,4965.0
9692,S2,6,lunch_break,4965.0,4970.0
9693,S2,6,lunch_break,4970.0,4975.0
9694,S2,6,lunch_break,4975.0,4980.0
9695,S2,6,lunch_break,4980.0,4985.0
9696,S2,6,lunch_break,4985.0,4990.0
9697,S2,6,lunch_break,4990.0,4995.0
9698,S2,6,lunch_break,4995.0,5000.0
9699,S2,6,lunch_break,5000.0,5005.0
9700,S2,6,lunch_break,5005.0,5010.0
9701,S2,6,lunch_break,5010.0,5015.0
9702,S2,6,lunch_break,5015.0,5020.0
9703,S2,6,lunch_break,5020.0,5025.0
9704,S2,6,lunch_break,5025.0,5030.0
9705,S2,6,lunch_break,5030.0,5035.0
9706,S2,6,lunch_break,5035.0,5040.0
9707,S2,6,lunch_break,5040.0,5045.0
9708,S2,6,lunch_break,5045.0,5050.0
9709,S2,6,lunch_break,5050.0,5055.0
9710,S2,6,lunch_break,5055.0,5060.0
9711,S2,6,lunch_break,5060.0,5065.0
9712,S2,6,lunch_break,5065.0,5070.0
9713,S2,6,lunch_break,5070.0,5075.0
9714,S2,6,lunch_break,5075.0,5080.0
9715,S2,6,lunch_break,5080.0,5085.0
9716,S2,6,lunch_break,5085.0,5090.0
9717,S2,6,lunch_break,5090.0,5095.0
9718,S2,6,lunch_break,5095.0,5100.0
9719,S2,6,lunch_break,5100.0,5105.0
9720,S2,6,lunch_break,5105.0,5110.0
9721,S2,6,lunch_break,5110.0,5115.0
9722,S2,6,lunch_break,5115.0,5120.0
9723,S2,6,lunch_break,5120.0,5125.0
9724,S2,6,lunch_break,5125.0,5130.0
9725,S2,6,lunch_break,5130.0,5135.0
9726,S2,6,lunch_break,5135.0,5140.0
9727,S2,6,lunch_break,5140.0,5145.0
9728,S2,6,lunch_break,5145.0,5150.0
9729,S2,6,lunch_break,5150.0,5155.0
9730,S2,6,lunch_break,5155.0,5160.0
9731,S2,6,lunch_break,5160.0,5165.0
9732,S2,6,lunch_break,5165.0,5170.0
9733,S2,6,lunch_break,5170.0,5175.0
9734,S2,6,lunch_break,5175.0,5180.0
9735,S2,6,lunch_break,5180.0,5185.0
9736,S2,6,lunch_break,5185.0,5190.0
9737,S2,6,lunch_break,5190.0,5195.0
9738,S2,6,lunch_break,5195.0,5200.0
9739,S2,6,lunch_break,5200.0,5205.0
9740,S2,6,lunch_break,5205.0,5210.0
9741,S2,6,lunch_break,5210.0,5215.0
9742,S2,6,lunch_break,5215.0,5220.0
9743,S2,6,lunch_break,5220.0,5225.0
9744,S2,6,lunch_break,5225.0,5230.0
9745,S2,6,lunch_break,5230.0,5235.0
9746,S2,6,lunch_break,5235.0,5240.0
9747,S2,6,lunch_break,5240.0,5245.0
9748,S2,6,lunch_break,5245.0,5250.0
9749,S2,6,lunch_break,5250.0,5255.0
9750,S2,6,lunch_break,5255.0,5260.0
9751,S2,6,lunch_break,5260.0,5265.0
9752,S2,6,lunch_break,5265.0,5270.0
9753,S2,6,lunch_break,5270.0,5275.0
9754,S2,6,lunch_break,5275.0,5280.0
9755,S2,6,lunch_break,5280.0,5285.0
9756,S2,6,lunch_break,5285.0,5290.0
9757,S2,6,lunch_break,5290.0,5295.0
9758,S2,6,lunch_break,5295.0,5300.0
9759,S2,6,lunch_break,5300.0,5305.0
9760,S2,6,lunch_break,5305.0,5310.0
9761,S2,6,lunch_break,5310.0,5315.0
9762,S2,6,lunch_break,5315.0,5320.0
9763,S2,6,lunch_break,5320.0,5325.0
9764,S2,6,lunch_break,5325.0,5330.0
9765,S2,6,lunch_break,5330.0,5335.0
9766,S2,6,lunch_break,5335.0,5340.0
9767,S2,6,lunch_break,5340.0,5345.0
9768,S2,6,lunch_break,5345.0,5350.0
9769,S2,6,lunch_break,5350.0,5355.0
9770,S2,6,lunch_break,5355.0,5360.0
9771,S2,6,lunch_break,5360.0,5365.0
9772,S2,6,lunch_break,5365.0,5370.0
9773,S2,6,lunch_break,5370.0,5375.0
9774,S2,6,lunch_break,5375.0,5380.0
9775,S2,6,lunch_break,5380.0,5385.0
9776,S2,6,lunch_break,5385.0,5390.0
9777,S2,6,lunch_break,5390.0,5395.0
9778,S2,6,lunch_break,5395.0,5400.0
9779,S2,6,lunch_break,5400.0,5405.0
9780,S2,6,lunch_break,5405.0,5410.0
9781,S2,6,lunch_break,5410.0,5415.0
9782,S2,6,lunch_break,5415.0,5420.0
9783,S2,6,lunch_break,5420.0,5425.0
9784,S2,6,lunch_break,5425.0,5430.0
9785,S2,6,lunch_break,5430.0,5435.0
9786,S2,6,lunch_break,5435.0,5440.0
9787,S2,6,lunch_break,5440.0,5445.0
9788,S2,6,lunch_break,5445.0,5450.0
9789,S2,6,lunch_break,5450.0,5455.0
9790,S2,6,lunch_break,5455.0,5460.0
9791,S2,6,lunch_break,5460.0,5465.0
9792,S2,6,lunch_break,5465.0,5470.0
9793,S2,6,lunch_break,5470.0,5475.0
9794,S2,6,lunch_break,5475.0,5480.0
9795,S2,6,lunch_break,5480.0,5485.0
9796,S2,6,lunch_break,5485.0,5490.0
9797,S2,6,lunch_break,5490.0,5495.0
9798,S2,6,lunch_break,5495.0,5500.0
9799,S2,6,lunch_break,5500.0,5505.0
9800,S2,6,lunch_break,5505.0,5510.0
9801,S2,6,lunch_break,5510.0,5515.0
9802,S2,6,lunch_break,5515.0,5520.0
9803,S2,6,lunch_break,5520.0,5525.0
9804,S2,6,lunch_break,5525.0,5530.0
9805,S2,6,lunch_break,5530.0,5535.0
9806,S2,6,lunch_break,5535.0,5540.0
9807,S2,6,lunch_break,5540.0,5545.0
9808,S2,6,lunch_break,5545.0,5550.0
9809,S2,6,lunch_break,5550.0,5555.0
9810,S2,6,lunch_break,5555.0,5560.0
9811,S2,6,lunch_break,5560.0,5565.0
9812,S2,6,lunch_break,5565.0,5570.0
9813,S2,6,lunch_break,5570.0,5575.0
9814,S2,6,lunch_break,5575.0,5580.0
9815,S2,6,lunch_break,5580.0,5585.0
9816,S2,6,lunch_break,5585.0,5590.0
9817,S2,6,lunch_break,5590.0,5595.0
9818,S2,6,lunch_break,5595.0,5600.0
9819,S2,6,lunch_break,5600.0,5605.0
9820,S2,6,lunch_break,5605.0,5610.0
9821,S2,6,lunch_break,5610.0,5615.0
9822,S2,6,lunch_break,5615.0,5620.0
9823,S2,6,lunch_break,5620.0,5625.0
9824,S2,6,lunch_break,5625.0,5630.0
9825,S2,6,lunch_break,5630.0,5635.0
9826,S2,6,lunch_break,5635.0,5640.0
9827,S2,6,lunch_break,5640.0,5645.0
9828,S2,6,lunch_break,5645.0,5650.0
9829,S2,6,lunch_break,5650.0,5655.0
9830,S2,6,lunch_break,5655.0,5660.0
9831,S2,6,lunch_break,5660.0,5665.0
9832,S2,6,lunch_break,5665.0,5670.0
9833,S2,6,lunch_break,5670.0,5675.0
9834,S2,6,lunch_break,5675.0,5680.0
9835,S2,6,lunch_break,5680.0,5685.0
9836,S2,6,lunch_break,5685.0,5690.0
9837,S2,6,lunch_break,5690.0,5695.0
9838,S2,6,lunch_break,5695.0,5700.0
9839,S2,6,lunch_break,5700.0,5705.0
9840,S2,6,lunch_break,5705.0,5710.0
9841,S2,6,lunch_break,5710.0,5715.0
9842,S2,6,lunch_break,5715.0,5720.0
9843,S2,6,lunch_break,5720.0,5725.0
9844,S2,6,lunch_break,5725.0,5730.0
9845,S2,6,lunch_break,5730.0,5735.0
9846,S2,6,lunch_break,5735.0,5740.0
9847,S2,6,lunch_break,5740.0,5745.0
9848,S2,6,lunch_break,5745.0,5750.0
9849,S2,6,lunch_break,5750.0,5755.0
9850,S2,6,lunch_break,5755.0,5760.0
9851,S2,6,lunch_break,5760.0,5765.0
9852,S2,6,lunch_break,5765.0,5770.0
9853,S2,6,lunch_break,5770.0,5775.0
9854,S2,6,lunch_break,5775.0,5780.0
9855,S2,6,lunch_break,5780.0,5785.0
9856,S2,6,lunch_break,5785.0,5790.0
9857,S2,6,lunch_break,5790.0,5795.0
9858,S2,6,lunch_break,5795.0,5800.0
9859,S2,6,lunch_break,5800.0,5805.0
9860,S2,6,lunch_break,5805.0,5810.0
9861,S2,6,lunch_break,5810.0,5815.0
9862,S2,6,lunch_break,5815.0,5820.0
9863,S2,6,lunch_break,5820.0,5825.0
9864,S2,6,lunch_break,5825.0,5830.0
9865,S2,6,lunch_break,5830.0,5835.0
9866,S2,6,lunch_break,5835.0,5840.0
9867,S2,6,lunch_break,5840.0,5845.0
9868,S2,6,lunch_break,5845.0,5850.0
9869,S2,6,lunch_break,5850.0,5855.0
9870,S2,6,lunch_break,5855.0,5860.0
9871,S2,6,lunch_break,5860.0,5865.0
9872,S2,6,lunch_break,5865.0,5870.0
9873,S2,6,lunch_break,5870.0,5875.0
9874,S2,6,lunch_break,5875.0,5880.0
9875,S2,6,lunch_break,5880.0,5885.0
9876,S2,6,lunch_break,5885.0,5890.0
9877,S2,6,lunch_break,5890.0,5895.0
9878,S2,6,lunch_break,5895.0,5900.0
9879,S2,6,lunch_break,5900.0,5905.0
9880,S2,6,lunch_break,5905.0,5910.0
9881,S2,6,lunch_break,5910.0,5915.0
9882,S2,6,lunch_break,5915.0,5920.0
9883,S2,6,lunch_break,5920.0,5925.0
9884,S2,7,walking,5930.0,5935.0
9885,S2,7,walking,5935.0,5940.0
9886,S2,7,walking,5940.0,5945.0
9887,S2,7,walking,5945.0,5950.0
9888,S2,7,walking,5950.0,5955.0
9889,S2,7,walking,5955.0,5960.0
9890,S2,7,walking,5960.0,5965.0
9891,S2,7,walking,5965.0,5970.0
9892,S2,7,walking,5970.0,5975.0
9893,S2,7,walking,5975.0,5980.0
9894,S2,7,walking,5980.0,5985.0
9895,S2,7,walking,5985.0,5990.0
9896,S2,7,walking,5990.0,5995.0
9897,S2,7,walking,5995.0,6000.0
9898,S2,7,walking,6000.0,6005.0
9899,S2,7,walking,6005.0,6010.0
9900,S2,7,walking,6010.0,6015.0
9901,S2,7,walking,6015.0,6020.0
9902,S2,7,walking,6020.0,6025.0
9903,S2,7,walking,6025.0,6030.0
9904,S2,7,walking,6030.0,6035.0
9905,S2,7,walking,6035.0,6040.0
9906,S2,7,walking,6040.0,6045.0
9907,S2,7,walking,6045.0,6050.0
9908,S2,7,walking,6050.0,6055.0
9909,S2,7,walking,6055.0,6060.0
9910,S2,7,walking,6060.0,6065.0
9911,S2,7,walking,6065.0,6070.0
9912,S2,7,walking,6070.0,6075.0
9913,S2,7,walking,6075.0,6080.0
9914,S2,7,walking,6080.0,6085.0
9915,S2,7,walking,6085.0,6090.0
9916,S2,7,walking,6090.0,6095.0
9917,S2,7,walking,6095.0,6100.0
9918,S2,7,walking,6100.0,6105.0
9919,S2,7,walking,6105.0,6110.0
9920,S2,7,walking,6110.0,6115.0
9921,S2,7,walking,6115.0,6120.0
9922,S2,7,walking,6120.0,6125.0
9923,S2,7,walking,6125.0,6130.0
9924,S2,7,walking,6130.0,6135.0
9925,S2,7,walking,6135.0,6140.0
9926,S2,7,walking,6140.0,6145.0
9927,S2,7,walking,6145.0,6150.0
9928,S2,7,walking,6150.0,6155.0
9929,S2,7,walking,6155.0,6160.0
9930,S2,7,walking,6160.0,6165.0
9931,S2,7,walking,6165.0,6170.0
9932,S2,7,walking,6170.0,6175.0
9933,S2,7,walking,6175.0,6180.0
9934,S2,7,walking,6180.0,6185.0
9935,S2,7,walking,6185.0,6190.0
9936,S2,7,walking,6190.0,6195.0
9937,S2,7,walking,6195.0,6200.0
9938,S2,7,walking,6200.0,6205.0
9939,S2,7,walking,6205.0,6210.0
9940,S2,7,walking,6210.0,6215.0
9941,S2,7,walking,6215.0,6220.0
9942,S2,7,walking,6220.0,6225.0
9943,S2,7,walking,6225.0,6230.0
9944,S2,7,walking,6230.0,6235.0
9945,S2,7,walking,6235.0,6240.0
9946,S2,7,walking,6240.0,6245.0
9947,S2,7,walking,6245.0,6250.0
9948,S2,7,walking,6250.0,6255.0
9949,S2,7,walking,6255.0,6260.0
9950,S2,7,walking,6260.0,6265.0
9951,S2,7,walking,6265.0,6270.0
9952,S2,7,walking,6270.0,6275.0
9953,S2,7,walking,6275.0,6280.0
9954,S2,7,walking,6280.0,6285.0
9955,S2,7,walking,6285.0,6290.0
9956,S2,7,walking,6290.0,6295.0
9957,S2,7,walking,6295.0,6300.0
9958,S2,7,walking,6300.0,6305.0
9959,S2,7,walking,6305.0,6310.0
9960,S2,7,walking,6310.0,6315.0
9961,S2,7,walking,6315.0,6320.0
9962,S2,7,walking,6320.0,6325.0
9963,S2,7,walking,6325.0,6330.0
9964,S2,7,walking,6330.0,6335.0
9965,S2,7,walking,6335.0,6340.0
9966,S2,7,walking,6340.0,6345.0
9967,S2,7,walking,6345.0,6350.0
9968,S2,7,walking,6350.0,6355.0
9969,S2,7,walking,6355.0,6360.0
9970,S2,7,walking,6360.0,6365.0
9971,S2,7,walking,6365.0,6370.0
9972,S2,7,walking,6370.0,6375.0
9973,S2,7,walking,6375.0,6380.0
9974,S2,7,walking,6380.0,6385.0
9975,S2,7,walking,6385.0,6390.0
9976,S2,7,walking,6390.0,6395.0
9977,S2,7,walking,6395.0,6400.0
9978,S2,7,walking,6400.0,6405.0
9979,S2,7,walking,6405.0,6410.0
9980,S2,7,walking,6410.0,6415.0
9981,S2,7,walking,6415.0,6420.0
9982,S2,7,walking,6420.0,6425.0
9983,S2,7,walking,6425.0,6430.0
9984,S2,7,walking,6430.0,6435.0
9985,S2,7,walking,6435.0,6440.0
9986,S2,7,walking,6440.0,6445.0
9987,S2,7,walking,6445.0,6450.0
9988,S2,7,walking,6450.0,6455.0
9989,S2,7,walking,6455.0,6460.0
9990,S2,7,walking,6460.0,6465.0
9991,S2,7,walking,6465.0,6470.0
9992,S2,7,walking,6470.0,6475.0
9993,S2,7,walking,6475.0,6480.0
9994,S2,7,walking,6480.0,6485.0
9995,S2,7,walking,6485.0,6490.0
9996,S2,7,walking,6490.0,6495.0
9997,S2,7,walking,6495.0,6500.0
9998,S2,7,walking,6500.0,6505.0
9999,S2,7,walking,6505.0,6510.0
10000,S2,7,walking,6510.0,6515.0
10001,S2,7,walking,6515.0,6520.0
10002,S2,7,walking,6520.0,6525.0
10003,S2,7,walking,6525.0,6530.0
10004,S2,7,walking,6530.0,6535.0
10005,S2,7,walking,6535.0,6540.0
10006,S2,7,walking,6540.0,6545.0
10007,S2,7,walking,6545.0,6550.0
10008,S2,7,walking,6550.0,6555.0
10009,S2,7,walking,6555.0,6560.0
10010,S2,7,walking,6560.0,6565.0
10011,S2,7,walking,6565.0,6570.0
10012,S2,7,walking,6570.0,6575.0
10013,S2,7,walking,6575.0,6580.0
10014,S2,7,walking,6580.0,6585.0
10015,S2,7,walking,6585.0,6590.0
10016,S2,7,walking,6590.0,6595.0
10017,S2,7,walking,6595.0,6600.0
10018,S2,7,walking,6600.0,6605.0
10019,S2,7,walking,6605.0,6610.0
10020,S2,7,walking,6610.0,6615.0
10021,S2,8,working,6725.0,6730.0
10022,S2,8,working,6730.0,6735.0
10023,S2,8,working,6735.0,6740.0
10024,S2,8,working,6740.0,6745.0
10025,S2,8,working,6745.0,6750.0
10026,S2,8,working,6750.0,6755.0
10027,S2,8,working,6755.0,6760.0
10028,S2,8,working,6760.0,6765.0
10029,S2,8,working,6765.0,6770.0
10030,S2,8,working,6770.0,6775.0
10031,S2,8,working,6775.0,6780.0
10032,S2,8,working,6780.0,6785.0
10033,S2,8,working,6785.0,6790.0
10034,S2,8,working,6790.0,6795.0
10035,S2,8,working,6795.0,6800.0
10036,S2,8,working,6800.0,6805.0
10037,S2,8,working,6805.0,6810.0
10038,S2,8,working,6810.0,6815.0
10039,S2,8,working,6815.0,6820.0
10040,S2,8,working,6820.0,6825.0
10041,S2,8,working,6825.0,6830.0
10042,S2,8,working,6830.0,6835.0
10043,S2,8,working,6835.0,6840.0
10044,S2,8,working,6840.0,6845.0
10045,S2,8,working,6845.0,6850.0
10046,S2,8,working,6850.0,6855.0
10047,S2,8,working,6855.0,6860.0
10048,S2,8,working,6860.0,6865.0
10049,S2,8,working,6865.0,6870.0
10050,S2,8,working,6870.0,6875.0
10051,S2,8,working,6875.0,6880.0
10052,S2,8,working,6880.0,6885.0
10053,S2,8,working,6885.0,6890.0
10054,S2,8,working,6890.0,6895.0
10055,S2,8,working,6895.0,6900.0
10056,S2,8,working,6900.0,6905.0
10057,S2,8,working,6905.0,6910.0
10058,S2,8,working,6910.0,6915.0
10059,S2,8,working,6915.0,6920.0
10060,S2,8,working,6920.0,6925.0
10061,S2,8,working,6925.0,6930.0
10062,S2,8,working,6930.0,6935.0
10063,S2,8,working,6935.0,6940.0
10064,S2,8,working,6940.0,6945.0
10065,S2,8,working,6945.0,6950.0
10066,S2,8,working,6950.0,6955.0
10067,S2,8,working,6955.0,6960.0
10068,S2,8,working,6960.0,6965.0
10069,S2,8,working,6965.0,6970.0
10070,S2,8,working,6970.0,6975.0
10071,S2,8,working,6975.0,6980.0
10072,S2,8,working,6980.0,6985.0
10073,S2,8,working,6985.0,6990.0
10074,S2,8,working,6990.0,6995.0
10075,S2,8,working,6995.0,7000.0
10076,S2,8,working,7000.0,7005.0
10077,S2,8,working,7005.0,7010.0
10078,S2,8,working,7010.0,7015.0
10079,S2,8,working,7015.0,7020.0
10080,S2,8,working,7020.0,7025.0
10081,S2,8,working,7025.0,7030.0
10082,S2,8,working,7030.0,7035.0
10083,S2,8,working,7035.0,7040.0
10084,S2,8,working,7040.0,7045.0
10085,S2,8,working,7045.0,7050.0
10086,S2,8,working,7050.0,7055.0
10087,S2,8,working,7055.0,7060.0
10088,S2,8,working,7060.0,7065.0
10089,S2,8,working,7065.0,7070.0
10090,S2,8,working,7070.0,7075.0
10091,S2,8,working,7075.0,7080.0
10092,S2,8,working,7080.0,7085.0
10093,S2,8,working,7085.0,7090.0
10094,S2,8,working,7090.0,7095.0
10095,S2,8,working,7095.0,7100.0
10096,S2,8,working,7100.0,7105.0
10097,S2,8,working,7105.0,7110.0
10098,S2,8,working,7110.0,7115.0
10099,S2,8,working,7115.0,7120.0
10100,S2,8,working,7120.0,7125.0
10101,S2,8,working,7125.0,7130.0
10102,S2,8,working,7130.0,7135.0
10103,S2,8,working,7135.0,7140.0
10104,S2,8,working,7140.0,7145.0
10105,S2,8,working,7145.0,7150.0
10106,S2,8,working,7150.0,7155.0
10107,S2,8,working,7155.0,7160.0
10108,S2,8,working,7160.0,7165.0
10109,S2,8,working,7165.0,7170.0
10110,S2,8,working,7170.0,7175.0
10111,S2,8,working,7175.0,7180.0
10112,S2,8,working,7180.0,7185.0
10113,S2,8,working,7185.0,7190.0
10114,S2,8,working,7190.0,7195.0
10115,S2,8,working,7195.0,7200.0
10116,S2,8,working,7200.0,7205.0
10117,S2,8,working,7205.0,7210.0
10118,S2,8,working,7210.0,7215.0
10119,S2,8,working,7215.0,7220.0
10120,S2,8,working,7220.0,7225.0
10121,S2,8,working,7225.0,7230.0
10122,S2,8,working,7230.0,7235.0
10123,S2,8,working,7235.0,7240.0
10124,S2,8,working,7240.0,7245.0
10125,S2,8,working,7245.0,7250.0
10126,S2,8,working,7250.0,7255.0
10127,S2,8,working,7255.0,7260.0
10128,S2,8,working,7260.0,7265.0
10129,S2,8,working,7265.0,7270.0
10130,S2,8,working,7270.0,7275.0
10131,S2,8,working,7275.0,7280.0
10132,S2,8,working,7280.0,7285.0
10133,S2,8,working,7285.0,7290.0
10134,S2,8,working,7290.0,7295.0
10135,S2,8,working,7295.0,7300.0
10136,S2,8,working,7300.0,7305.0
10137,S2,8,working,7305.0,7310.0
10138,S2,8,working,7310.0,7315.0
10139,S2,8,working,7315.0,7320.0
10140,S2,8,working,7320.0,7325.0
10141,S2,8,working,7325.0,7330.0
10142,S2,8,working,7330.0,7335.0
10143,S2,8,working,7335.0,7340.0
10144,S2,8,working,7340.0,7345.0
10145,S2,8,working,7345.0,7350.0
10146,S2,8,working,7350.0,7355.0
10147,S2,8,working,7355.0,7360.0
10148,S2,8,working,7360.0,7365.0
10149,S2,8,working,7365.0,7370.0
10150,S2,8,working,7370.0,7375.0
10151,S2,8,working,7375.0,7380.0
10152,S2,8,working,7380.0,7385.0
10153,S2,8,working,7385.0,7390.0
10154,S2,8,working,7390.0,7395.0
10155,S2,8,working,7395.0,7400.0
10156,S2,8,working,7400.0,7405.0
10157,S2,8,working,7405.0,7410.0
10158,S2,8,working,7410.0,7415.0
10159,S2,8,working,7415.0,7420.0
10160,S2,8,working,7420.0,7425.0
10161,S2,8,working,7425.0,7430.0
10162,S2,8,working,7430.0,7435.0
10163,S2,8,working,7435.0,7440.0
10164,S2,8,working,7440.0,7445.0
10165,S2,8,working,7445.0,7450.0
10166,S2,8,working,7450.0,7455.0
10167,S2,8,working,7455.0,7460.0
10168,S2,8,working,7460.0,7465.0
10169,S2,8,working,7465.0,7470.0
10170,S2,8,working,7470.0,7475.0
10171,S2,8,working,7475.0,7480.0
10172,S2,8,working,7480.0,7485.0
10173,S2,8,working,7485.0,7490.0
10174,S2,8,working,7490.0,7495.0
10175,S2,8,working,7495.0,7500.0
10176,S2,8,working,7500.0,7505.0
10177,S2,8,working,7505.0,7510.0
10178,S2,8,working,7510.0,7515.0
10179,S2,8,working,7515.0,7520.0
10180,S2,8,working,7520.0,7525.0
10181,S2,8,working,7525.0,7530.0
10182,S2,8,working,7530.0,7535.0
10183,S2,8,working,7535.0,7540.0
10184,S2,8,working,7540.0,7545.0
10185,S2,8,working,7545.0,7550.0
10186,S2,8,working,7550.0,7555.0
10187,S2,8,working,7555.0,7560.0
10188,S2,8,working,7560.0,7565.0
10189,S2,8,working,7565.0,7570.0
10190,S2,8,working,7570.0,7575.0
10191,S2,8,working,7575.0,7580.0
10192,S2,8,working,7580.0,7585.0
10193,S2,8,working,7585.0,7590.0
10194,S2,8,working,7590.0,7595.0
10195,S2,8,working,7595.0,7600.0
10196,S2,8,working,7600.0,7605.0
10197,S2,8,working,7605.0,7610.0
10198,S2,8,working,7610.0,7615.0
10199,S2,8,working,7615.0,7620.0
10200,S2,8,working,7620.0,7625.0
10201,S2,8,working,7625.0,7630.0
10202,S2,8,working,7630.0,7635.0
10203,S2,8,working,7635.0,7640.0
10204,S2,8,working,7640.0,7645.0
10205,S2,8,working,7645.0,7650.0
10206,S2,8,working,7650.0,7655.0
10207,S2,8,working,7655.0,7660.0
10208,S2,8,working,7660.0,7665.0
10209,S2,8,working,7665.0,7670.0
10210,S2,8,working,7670.0,7675.0
10211,S2,8,working,7675.0,7680.0
10212,S2,8,working,7680.0,7685.0
10213,S2,8,working,7685.0,7690.0
10214,S2,8,working,7690.0,7695.0
10215,S2,8,working,7695.0,7700.0
10216,S2,8,working,7700.0,7705.0
10217,S2,8,working,7705.0,7710.0
10218,S2,8,working,7710.0,7715.0
10219,S2,8,working,7715.0,7720.0
10220,S2,8,working,7720.0,7725.0
10221,S2,8,working,7725.0,7730.0
10222,S2,8,working,7730.0,7735.0
10223,S2,8,working,7735.0,7740.0
10224,S2,8,working,7740.0,7745.0
10225,S2,8,working,7745.0,7750.0
10226,S2,8,working,7750.0,7755.0
10227,S2,8,working,7755.0,7760.0
10228,S2,8,working,7760.0,7765.0
10229,S2,8,working,7765.0,7770.0
10230,S2,8,working,7770.0,7775.0
10231,S2,8,working,7775.0,7780.0
10232,S2,8,working,7780.0,7785.0
10233,S2,8,working,7785.0,7790.0
10234,S2,8,working,7790.0,7795.0
10235,S2,8,working,7795.0,7800.0
10236,S2,8,working,7800.0,7805.0
10237,S2,8,working,7805.0,7810.0
10238,S2,8,working,7810.0,7815.0
10239,S2,8,working,7815.0,7820.0
10240,S2,8,working,7820.0,7825.0
10241,S2,8,working,7825.0,7830.0
10242,S2,8,working,7830.0,7835.0
10243,S2,8,working,7835.0,7840.0
10244,S2,8,working,7840.0,7845.0
10245,S2,8,working,7845.0,7850.0
10246,S2,8,working,7850.0,7855.0
10247,S2,8,working,7855.0,7860.0
10248,S2,8,working,7860.0,7865.0
10249,S2,8,working,7865.0,7870.0
10250,S2,8,working,7870.0,7875.0
10251,S2,8,working,7875.0,7880.0
10252,S2,8,working,7880.0,7885.0
10253,S2,8,working,7885.0,7890.0
10254,S2,8,working,7890.0,7895.0
10255,S2,8,working,7895.0,7900.0
10256,S2,8,working,7900.0,7905.0
10257,S2,8,working,7905.0,7910.0
10258,S2,8,working,7910.0,7915.0
10259,S2,8,working,7915.0,7920.0
10260,S2,8,working,7920.0,7925.0
10261,S2,8,working,7925.0,7930.0
10262,S2,8,working,7930.0,7935.0
10263,S2,8,working,7935.0,7940.0
10264,S2,8,working,7940.0,7945.0
10265,S2,8,working,7945.0,7950.0
10266,S2,8,working,7950.0,7955.0
10267,S2,8,working,7955.0,7960.0
10268,S2,8,working,7960.0,7965.0
10269,S2,8,working,7965.0,7970.0
10270,S2,8,working,7970.0,7975.0
10271,S2,8,working,7975.0,7980.0
10272,S2,8,working,7980.0,7985.0
10273,S2,8,working,7985.0,7990.0
10274,S2,8,working,7990.0,7995.0
10275,S2,8,working,7995.0,8000.0
10276,S2,8,working,8000.0,8005.0
10277,S2,8,working,8005.0,8010.0
10278,S3,1,sitting,95.0,100.0
10279,S3,1,sitting,100.0,105.0
10280,S3,1,sitting,105.0,110.0
10281,S3,1,sitting,110.0,115.0
10282,S3,1,sitting,115.0,120.0
10283,S3,1,sitting,120.0,125.0
10284,S3,1,sitting,125.0,130.0
10285,S3,1,sitting,130.0,135.0
10286,S3,1,sitting,135.0,140.0
10287,S3,1,sitting,140.0,145.0
10288,S3,1,sitting,145.0,150.0
10289,S3,1,sitting,150.0,155.0
10290,S3,1,sitting,155.0,160.0
10291,S3,1,sitting,160.0,165.0
10292,S3,1,sitting,165.0,170.0
10293,S3,1,sitting,170.0,175.0
10294,S3,1,sitting,175.0,180.0
10295,S3,1,sitting,180.0,185.0
10296,S3,1,sitting,185.0,190.0
10297,S3,1,sitting,190.0,195.0
10298,S3,1,sitting,195.0,200.0
10299,S3,1,sitting,200.0,205.0
10300,S3,1,sitting,205.0,210.0
10301,S3,1,sitting,210.0,215.0
10302,S3,1,sitting,215.0,220.0
10303,S3,1,sitting,220.0,225.0
10304,S3,1,sitting,225.0,230.0
10305,S3,1,sitting,230.0,235.0
10306,S3,1,sitting,235.0,240.0
10307,S3,1,sitting,240.0,245.0
10308,S3,1,sitting,245.0,250.0
10309,S3,1,sitting,250.0,255.0
10310,S3,1,sitting,255.0,260.0
10311,S3,1,sitting,260.0,265.0
10312,S3,1,sitting,265.0,270.0
10313,S3,1,sitting,270.0,275.0
10314,S3,1,sitting,275.0,280.0
10315,S3,1,sitting,280.0,285.0
10316,S3,1,sitting,285.0,290.0
10317,S3,1,sitting,290.0,295.0
10318,S3,1,sitting,295.0,300.0
10319,S3,1,sitting,300.0,305.0
10320,S3,1,sitting,305.0,310.0
10321,S3,1,sitting,310.0,315.0
10322,S3,1,sitting,315.0,320.0
10323,S3,1,sitting,320.0,325.0
10324,S3,1,sitting,325.0,330.0
10325,S3,1,sitting,330.0,335.0
10326,S3,1,sitting,335.0,340.0
10327,S3,1,sitting,340.0,345.0
10328,S3,1,sitting,345.0,350.0
10329,S3,1,sitting,350.0,355.0
10330,S3,1,sitting,355.0,360.0
10331,S3,1,sitting,360.0,365.0
10332,S3,1,sitting,365.0,370.0
10333,S3,1,sitting,370.0,375.0
10334,S3,1,sitting,375.0,380.0
10335,S3,1,sitting,380.0,385.0
10336,S3,1,sitting,385.0,390.0
10337,S3,1,sitting,390.0,395.0
10338,S3,1,sitting,395.0,400.0
10339,S3,1,sitting,400.0,405.0
10340,S3,1,sitting,405.0,410.0
10341,S3,1,sitting,410.0,415.0
10342,S3,1,sitting,415.0,420.0
10343,S3,1,sitting,420.0,425.0
10344,S3,1,sitting,425.0,430.0
10345,S3,1,sitting,430.0,435.0
10346,S3,1,sitting,435.0,440.0
10347,S3,1,sitting,440.0,445.0
10348,S3,1,sitting,445.0,450.0
10349,S3,1,sitting,450.0,455.0
10350,S3,1,sitting,455.0,460.0
10351,S3,1,sitting,460.0,465.0
10352,S3,1,sitting,465.0,470.0
10353,S3,1,sitting,470.0,475.0
10354,S3,1,sitting,475.0,480.0
10355,S3,1,sitting,480.0,485.0
10356,S3,1,sitting,485.0,490.0
10357,S3,1,sitting,490.0,495.0
10358,S3,1,sitting,495.0,500.0
10359,S3,1,sitting,500.0,505.0
10360,S3,1,sitting,505.0,510.0
10361,S3,1,sitting,510.0,515.0
10362,S3,1,sitting,515.0,520.0
10363,S3,1,sitting,520.0,525.0
10364,S3,1,sitting,525.0,530.0
10365,S3,1,sitting,530.0,535.0
10366,S3,1,sitting,535.0,540.0
10367,S3,1,sitting,540.0,545.0
10368,S3,1,sitting,545.0,550.0
10369,S3,1,sitting,550.0,555.0
10370,S3,1,sitting,555.0,560.0
10371,S3,1,sitting,560.0,565.0
10372,S3,1,sitting,565.0,570.0
10373,S3,1,sitting,570.0,575.0
10374,S3,1,sitting,575.0,580.0
10375,S3,1,sitting,580.0,585.0
10376,S3,1,sitting,585.0,590.0
10377,S3,1,sitting,590.0,595.0
10378,S3,1,sitting,595.0,600.0
10379,S3,1,sitting,600.0,605.0
10380,S3,1,sitting,605.0,610.0
10381,S3,1,sitting,610.0,615.0
10382,S3,1,sitting,615.0,620.0
10383,S3,1,sitting,620.0,625.0
10384,S3,1,sitting,625.0,630.0
10385,S3,1,sitting,630.0,635.0
10386,S3,1,sitting,635.0,640.0
10387,S3,1,sitting,640.0,645.0
10388,S3,1,sitting,645.0,650.0
10389,S3,1,sitting,650.0,655.0
10390,S3,1,sitting,655.0,660.0
10391,S3,1,sitting,660.0,665.0
10392,S3,1,sitting,665.0,670.0
10393,S3,1,sitting,670.0,675.0
10394,S3,1,sitting,675.0,680.0
10395,S3,1,sitting,680.0,685.0
10396,S3,1,sitting,685.0,690.0
10397,S3,2,stairs,850.0,855.0
10398,S3,2,stairs,855.0,860.0
10399,S3,2,stairs,860.0,865.0
10400,S3,2,stairs,865.0,870.0
10401,S3,2,stairs,870.0,875.0
10402,S3,2,stairs,875.0,880.0
10403,S3,2,stairs,880.0,885.0
10404,S3,2,stairs,885.0,890.0
10405,S3,2,stairs,890.0,895.0
10406,S3,2,stairs,895.0,900.0
10407,S3,2,stairs,900.0,905.0
10408,S3,2,stairs,905.0,910.0
10409,S3,2,stairs,910.0,915.0
10410,S3,2,stairs,915.0,920.0
10411,S3,2,stairs,920.0,925.0
10412,S3,2,stairs,925.0,930.0
10413,S3,2,stairs,930.0,935.0
10414,S3,2,stairs,935.0,940.0
10415,S3,2,stairs,940.0,945.0
10416,S3,2,stairs,945.0,950.0
10417,S3,2,stairs,950.0,955.0
10418,S3,2,stairs,955.0,960.0
10419,S3,2,stairs,960.0,965.0
10420,S3,2,stairs,965.0,970.0
10421,S3,2,stairs,970.0,975.0
10422,S3,2,stairs,975.0,980.0
10423,S3,2,stairs,980.0,985.0
10424,S3,2,stairs,985.0,990.0
10425,S3,2,stairs,990.0,995.0
10426,S3,2,stairs,995.0,1000.0
10427,S3,2,stairs,1000.0,1005.0
10428,S3,2,stairs,1005.0,1010.0
10429,S3,2,stairs,1010.0,1015.0
10430,S3,2,stairs,1015.0,1020.0
10431,S3,2,stairs,1020.0,1025.0
10432,S3,2,stairs,1025.0,1030.0
10433,S3,2,stairs,1030.0,1035.0
10434,S3,2,stairs,1035.0,1040.0
10435,S3,2,stairs,1040.0,1045.0
10436,S3,2,stairs,1045.0,1050.0
10437,S3,2,stairs,1050.0,1055.0
10438,S3,2,stairs,1055.0,1060.0
10439,S3,2,stairs,1060.0,1065.0
10440,S3,2,stairs,1065.0,1070.0
10441,S3,2,stairs,1070.0,1075.0
10442,S3,2,stairs,1075.0,1080.0
10443,S3,2,stairs,1080.0,1085.0
10444,S3,2,stairs,1085.0,1090.0
10445,S3,2,stairs,1090.0,1095.0
10446,S3,2,stairs,1095.0,1100.0
10447,S3,2,stairs,1100.0,1105.0
10448,S3,2,stairs,1105.0,1110.0
10449,S3,2,stairs,1110.0,1115.0
10450,S3,2,stairs,1115.0,1120.0
10451,S3,2,stairs,1120.0,1125.0
10452,S3,2,stairs,1125.0,1130.0
10453,S3,2,stairs,1130.0,1135.0
10454,S3,2,stairs,1135.0,1140.0
10455,S3,2,stairs,1140.0,1145.0
10456,S3,2,stairs,1145.0,1150.0
10457,S3,2,stairs,1150.0,1155.0
10458,S3,2,stairs,1155.0,1160.0
10459,S3,2,stairs,1160.0,1165.0
10460,S3,2,stairs,1165.0,1170.0
10461,S3,2,stairs,1170.0,1175.0
10462,S3,2,stairs,1175.0,1180.0
10463,S3,2,stairs,1180.0,1185.0
10464,S3,2,stairs,1185.0,1190.0
10465,S3,2,stairs,1190.0,1195.0
10466,S3,2,stairs,1195.0,1200.0
10467,S3,2,stairs,1200.0,1205.0
10468,S3,2,stairs,1205.0,1210.0
10469,S3,2,stairs,1210.0,1215.0
10470,S3,2,stairs,1215.0,1220.0
10471,S3,2,stairs,1220.0,1225.0
10472,S3,2,stairs,1225.0,1230.0
10473,S3,2,stairs,1230.0,1235.0
10474,S3,2,stairs,1235.0,1240.0
10475,S3,2,stairs,1240.0,1245.0
10476,S3,2,stairs,1245.0,1250.0
10477,S3,2,stairs,1250.0,1255.0
10478,S3,2,stairs,1255.0,1260.0
10479,S3,2,stairs,1260.0,1265.0
10480,S3,2,stairs,1265.0,1270.0
10481,S3,2,stairs,1270.0,1275.0
10482,S3,2,stairs,1275.0,1280.0
10483,S3,3,table_soccer,1370.0,1375.0
10484,S3,3,table_soccer,1375.0,1380.0
10485,S3,3,table_soccer,1380.0,1385.0
10486,S3,3,table_soccer,1385.0,1390.0
10487,S3,3,table_soccer,1390.0,1395.0
10488,S3,3,table_soccer,1395.0,1400.0
10489,S3,3,table_soccer,1400.0,1405.0
10490,S3,3,table_soccer,1405.0,1410.0
10491,S3,3,table_soccer,1410.0,1415.0
10492,S3,3,table_soccer,1415.0,1420.0
10493,S3,3,table_soccer,1420.0,1425.0
10494,S3,3,table_soccer,1425.0,1430.0
10495,S3,3,table_soccer,1430.0,1435.0
10496,S3,3,table_soccer,1435.0,1440.0
10497,S3,3,table_soccer,1440.0,1445.0
10498,S3,3,table_soccer,1445.0,1450.0
10499,S3,3,table_soccer,1450.0,1455.0
10500,S3,3,table_soccer,1455.0,1460.0
10501,S3,3,table_soccer,1460.0,1465.0
10502,S3,3,table_soccer,1465.0,1470.0
10503,S3,3,table_soccer,1470.0,1475.0
10504,S3,3,table_soccer,1475.0,1480.0
10505,S3,3,table_soccer,1480.0,1485.0
10506,S3,3,table_soccer,1485.0,1490.0
10507,S3,3,table_soccer,1490.0,1495.0
10508,S3,3,table_soccer,1495.0,1500.0
10509,S3,3,table_soccer,1500.0,1505.0
10510,S3,3,table_soccer,1505.0,1510.0
10511,S3,3,table_soccer,1510.0,1515.0
10512,S3,3,table_soccer,1515.0,1520.0
10513,S3,3,table_soccer,1520.0,1525.0
10514,S3,3,table_soccer,1525.0,1530.0
10515,S3,3,table_soccer,1530.0,1535.0
10516,S3,3,table_soccer,1535.0,1540.0
10517,S3,3,table_soccer,1540.0,1545.0
10518,S3,3,table_soccer,1545.0,1550.0
10519,S3,3,table_soccer,1550.0,1555.0
10520,S3,3,table_soccer,1555.0,1560.0
10521,S3,3,table_soccer,1560.0,1565.0
10522,S3,3,table_soccer,1565.0,1570.0
10523,S3,3,table_soccer,1570.0,1575.0
10524,S3,3,table_soccer,1575.0,1580.0
10525,S3,3,table_soccer,1580.0,1585.0
10526,S3,3,table_soccer,1585.0,1590.0
10527,S3,3,table_soccer,1590.0,1595.0
10528,S3,3,table_soccer,1595.0,1600.0
10529,S3,3,table_soccer,1600.0,1605.0
10530,S3,3,table_soccer,1605.0,1610.0
10531,S3,3,table_soccer,1610.0,1615.0
10532,S3,3,table_soccer,1615.0,1620.0
10533,S3,3,table_soccer,1620.0,1625.0
10534,S3,3,table_soccer,1625.0,1630.0
10535,S3,3,table_soccer,1630.0,1635.0
10536,S3,3,table_soccer,1635.0,1640.0
10537,S3,3,table_soccer,1640.0,1645.0
10538,S3,3,table_soccer,1645.0,1650.0
10539,S3,3,table_soccer,1650.0,1655.0
10540,S3,3,table_soccer,1655.0,1660.0
10541,S3,4,cycling,2130.0,2135.0
10542,S3,4,cycling,2135.0,2140.0
10543,S3,4,cycling,2140.0,2145.0
10544,S3,4,cycling,2145.0,2150.0
10545,S3,4,cycling,2150.0,2155.0
10546,S3,4,cycling,2155.0,2160.0
10547,S3,4,cycling,2160.0,2165.0
10548,S3,4,cycling,2165.0,2170.0
10549,S3,4,cycling,2170.0,2175.0
10550,S3,4,cycling,2175.0,2180.0
10551,S3,4,cycling,2180.0,2185.0
10552,S3,4,cycling,2185.0,2190.0
10553,S3,4,cycling,2190.0,2195.0
10554,S3,4,cycling,2195.0,2200.0
10555,S3,4,cycling,2200.0,2205.0
10556,S3,4,cycling,2205.0,2210.0
10557,S3,4,cycling,2210.0,2215.0
10558,S3,4,cycling,2215.0,2220.0
10559,S3,4,cycling,2220.0,2225.0
10560,S3,4,cycling,2225.0,2230.0
10561,S3,4,cycling,2230.0,2235.0
10562,S3,4,cycling,2235.0,2240.0
10563,S3,4,cycling,2240.0,2245.0
10564,S3,4,cycling,2245.0,2250.0
10565,S3,4,cycling,2250.0,2255.0
10566,S3,4,cycling,2255.0,2260.0
10567,S3,4,cycling,2260.0,2265.0
10568,S3,4,cycling,2265.0,2270.0
10569,S3,4,cycling,2270.0,2275.0
10570,S3,4,cycling,2275.0,2280.0
10571,S3,4,cycling,2280.0,2285.0
10572,S3,4,cycling,2285.0,2290.0
10573,S3,4,cycling,2290.0,2295.0
10574,S3,4,cycling,2295.0,2300.0
10575,S3,4,cycling,2300.0,2305.0
10576,S3,4,cycling,2305.0,2310.0
10577,S3,4,cycling,2310.0,2315.0
10578,S3,4,cycling,2315.0,2320.0
10579,S3,4,cycling,2320.0,2325.0
10580,S3,4,cycling,2325.0,2330.0
10581,S3,4,cycling,2330.0,2335.0
10582,S3,4,cycling,2335.0,2340.0
10583,S3,4,cycling,2340.0,2345.0
10584,S3,4,cycling,2345.0,2350.0
10585,S3,4,cycling,2350.0,2355.0
10586,S3,4,cycling,2355.0,2360.0
10587,S3,4,cycling,2360.0,2365.0
10588,S3,4,cycling,2365.0,2370.0
10589,S3,4,cycling,2370.0,2375.0
10590,S3,4,cycling,2375.0,2380.0
10591,S3,4,cycling,2380.0,2385.0
10592,S3,4,cycling,2385.0,2390.0
10593,S3,4,cycling,2390.0,2395.0
10594,S3,4,cycling,2395.0,2400.0
10595,S3,4,cycling,2400.0,2405.0
10596,S3,4,cycling,2405.0,2410.0
10597,S3,4,cycling,2410.0,2415.0
10598,S3,4,cycling,2415.0,2420.0
10599,S3,4,cycling,2420.0,2425.0
10600,S3,4,cycling,2425.0,2430.0
10601,S3,4,cycling,2430.0,2435.0
10602,S3,4,cycling,2435.0,2440.0
10603,S3,4,cycling,2440.0,2445.0
10604,S3,4,cycling,2445.0,2450.0
10605,S3,4,cycling,2450.0,2455.0
10606,S3,4,cycling,2455.0,2460.0
10607,S3,4,cycling,2460.0,2465.0
10608,S3,4,cycling,2465.0,2470.0
10609,S3,4,cycling,2470.0,2475.0
10610,S3,4,cycling,2475.0,2480.0
10611,S3,4,cycling,2480.0,2485.0
10612,S3,4,cycling,2485.0,2490.0
10613,S3,4,cycling,2490.0,2495.0
10614,S3,4,cycling,2495.0,2500.0
10615,S3,4,cycling,2500.0,2505.0
10616,S3,5,car_driving,3025.0,3030.0
10617,S3,5,car_driving,3030.0,3035.0
10618,S3,5,car_driving,3035.0,3040.0
10619,S3,5,car_driving,3040.0,3045.0
10620,S3,5,car_driving,3045.0,3050.0
10621,S3,5,car_driving,3050.0,3055.0
10622,S3,5,car_driving,3055.0,3060.0
10623,S3,5,car_driving,3060.0,3065.0
10624,S3,5,car_driving,3065.0,3070.0
10625,S3,5,car_driving,3070.0,3075.0
10626,S3,5,car_driving,3075.0,3080.0
10627,S3,5,car_driving,3080.0,3085.0
10628,S3,5,car_driving,3085.0,3090.0
10629,S3,5,car_driving,3090.0,3095.0
10630,S3,5,car_driving,3095.0,3100.0
10631,S3,5,car_driving,3100.0,3105.0
10632,S3,5,car_driving,3105.0,3110.0
10633,S3,5,car_driving,3110.0,3115.0
10634,S3,5,car_driving,3115.0,3120.0
10635,S3,5,car_driving,3120.0,3125.0
10636,S3,5,car_driving,3125.0,3130.0
10637,S3,5,car_driving,3130.0,3135.0
10638,S3,5,car_driving,3135.0,3140.0
10639,S3,5,car_driving,3140.0,3145.0
10640,S3,5,car_driving,3145.0,3150.0
10641,S3,5,car_driving,3150.0,3155.0
10642,S3,5,car_driving,3155.0,3160.0
10643,S3,5,car_driving,3160.0,3165.0
10644,S3,5,car_driving,3165.0,3170.0
10645,S3,5,car_driving,3170.0,3175.0
10646,S3,5,car_driving,3175.0,3180.0
10647,S3,5,car_driving,3180.0,3185.0
10648,S3,5,car_driving,3185.0,3190.0
10649,S3,5,car_driving,3190.0,3195.0
10650,S3,5,car_driving,3195.0,3200.0
10651,S3,5,car_driving,3200.0,3205.0
10652,S3,5,car_driving,3205.0,3210.0
10653,S3,5,car_driving,3210.0,3215.0
10654,S3,5,car_driving,3215.0,3220.0
10655,S3,5,car_driving,3220.0,3225.0
10656,S3,5,car_driving,3225.0,3230.0
10657,S3,5,car_driving,3230.0,3235.0
10658,S3,5,car_driving,3235.0,3240.0
10659,S3,5,car_driving,3240.0,3245.0
10660,S3,5,car_driving,3245.0,3250.0
10661,S3,5,car_driving,3250.0,3255.0
10662,S3,5,car_driving,3255.0,3260.0
10663,S3,5,car_driving,3260.0,3265.0
10664,S3,5,car_driving,3265.0,3270.0
10665,S3,5,car_driving,3270.0,3275.0
10666,S3,5,car_driving,3275.0,3280.0
10667,S3,5,car_driving,3280.0,3285.0
10668,S3,5,car_driving,3285.0,3290.0
10669,S3,5,car_driving,3290.0,3295.0
10670,S3,5,car_driving,3295.0,3300.0
10671,S3,5,car_driving,3300.0,3305.0
10672,S3,5,car_driving,3305.0,3310.0
10673,S3,5,car_driving,3310.0,3315.0
10674,S3,5,car_driving,3315.0,3320.0
10675,S3,5,car_driving,3320.0,3325.0
10676,S3,5,car_driving,3325.0,3330.0
10677,S3,5,car_driving,3330.0,3335.0
10678,S3,5,car_driving,3335.0,3340.0
10679,S3,5,car_driving,3340.0,3345.0
10680,S3,5,car_driving,3345.0,3350.0
10681,S3,5,car_driving,3350.0,3355.0
10682,S3,5,car_driving,3355.0,3360.0
10683,S3,5,car_driving,3360.0,3365.0
10684,S3,5,car_driving,3365.0,3370.0
10685,S3,5,car_driving,3370.0,3375.0
10686,S3,5,car_driving,3375.0,3380.0
10687,S3,5,car_driving,3380.0,3385.0
10688,S3,5,car_driving,3385.0,3390.0
10689,S3,5,car_driving,3390.0,3395.0
10690,S3,5,car_driving,3395.0,3400.0
10691,S3,5,car_driving,3400.0,3405.0
10692,S3,5,car_driving,3405.0,3410.0
10693,S3,5,car_driving,3410.0,3415.0
10694,S3,5,car_driving,3415.0,3420.0
10695,S3,5,car_driving,3420.0,3425.0
10696,S3,5,car_driving,3425.0,3430.0
10697,S3,5,car_driving,3430.0,3435.0
10698,S3,5,car_driving,3435.0,3440.0
10699,S3,5,car_driving,3440.0,3445.0
10700,S3,5,car_driving,3445.0,3450.0
10701,S3,5,car_driving,3450.0,3455.0
10702,S3,5,car_driving,3455.0,3460.0
10703,S3,5,car_driving,3460.0,3465.0
10704,S3,5,car_driving,3465.0,3470.0
10705,S3,5,car_driving,3470.0,3475.0
10706,S3,5,car_driving,3475.0,3480.0
10707,S3,5,car_driving,3480.0,3485.0
10708,S3,5,car_driving,3485.0,3490.0
10709,S3,5,car_driving,3490.0,3495.0
10710,S3,5,car_driving,3495.0,3500.0
10711,S3,5,car_driving,3500.0,3505.0
10712,S3,5,car_driving,3505.0,3510.0
10713,S3,5,car_driving,3510.0,3515.0
10714,S3,5,car_driving,3515.0,3520.0
10715,S3,5,car_driving,3520.0,3525.0
10716,S3,5,car_driving,3525.0,3530.0
10717,S3,5,car_driving,3530.0,3535.0
10718,S3,5,car_driving,3535.0,3540.0
10719,S3,5,car_driving,3540.0,3545.0
10720,S3,5,car_driving,3545.0,3550.0
10721,S3,5,car_driving,3550.0,3555.0
10722,S3,5,car_driving,3555.0,3560.0
10723,S3,5,car_driving,3560.0,3565.0
10724,S3,5,car_driving,3565.0,3570.0
10725,S3,5,car_driving,3570.0,3575.0
10726,S3,5,car_driving,3575.0,3580.0
10727,S3,5,car_driving,3580.0,3585.0
10728,S3,5,car_driving,3585.0,3590.0
10729,S3,5,car_driving,3590.0,3595.0
10730,S3,5,car_driving,3595.0,3600.0
10731,S3,5,car_driving,3600.0,3605.0
10732,S3,5,car_driving,3605.0,3610.0
10733,S3,5,car_driving,3610.0,3615.0
10734,S3,5,car_driving,3615.0,3620.0
10735,S3,5,car_driving,3620.0,3625.0
10736,S3,5,car_driving,3625.0,3630.0
10737,S3,5,car_driving,3630.0,3635.0
10738,S3,5,car_driving,3635.0,3640.0
10739,S3,5,car_driving,3640.0,3645.0
10740,S3,5,car_driving,3645.0,3650.0
10741,S3,5,car_driving,3650.0,3655.0
10742,S3,5,car_driving,3655.0,3660.0
10743,S3,5,car_driving,3660.0,3665.0
10744,S3,5,car_driving,3665.0,3670.0
10745,S3,5,car_driving,3670.0,3675.0
10746,S3,5,car_driving,3675.0,3680.0
10747,S3,5,car_driving,3680.0,3685.0
10748,S3,5,car_driving,3685.0,3690.0
10749,S3,5,car_driving,3690.0,3695.0
10750,S3,5,car_driving,3695.0,3700.0
10751,S3,5,car_driving,3700.0,3705.0
10752,S3,5,car_driving,3705.0,3710.0
10753,S3,5,car_driving,3710.0,3715.0
10754,S3,5,car_driving,3715.0,3720.0
10755,S3,5,car_driving,3720.0,3725.0
10756,S3,5,car_driving,3725.0,3730.0
10757,S3,5,car_driving,3730.0,3735.0
10758,S3,5,car_driving,3735.0,3740.0
10759,S3,5,car_driving,3740.0,3745.0
10760,S3,5,car_driving,3745.0,3750.0
10761,S3,5,car_driving,3750.0,3755.0
10762,S3,5,car_driving,3755.0,3760.0
10763,S3,5,car_driving,3760.0,3765.0
10764,S3,5,car_driving,3765.0,3770.0
10765,S3,5,car_driving,3770.0,3775.0
10766,S3,5,car_driving,3775.0,3780.0
10767,S3,5,car_driving,3780.0,3785.0
10768,S3,5,car_driving,3785.0,3790.0
10769,S3,5,car_driving,3790.0,3795.0
10770,S3,5,car_driving,3795.0,3800.0
10771,S3,5,car_driving,3800.0,3805.0
10772,S3,5,car_driving,3805.0,3810.0
10773,S3,5,car_driving,3810.0,3815.0
10774,S3,5,car_driving,3815.0,3820.0
10775,S3,5,car_driving,3820.0,3825.0
10776,S3,5,car_driving,3825.0,3830.0
10777,S3,5,car_driving,3830.0,3835.0
10778,S3,5,car_driving,3835.0,3840.0
10779,S3,5,car_driving,3840.0,3845.0
10780,S3,5,car_driving,3845.0,3850.0
10781,S3,5,car_driving,3850.0,3855.0
10782,S3,5,car_driving,3855.0,3860.0
10783,S3,5,car_driving,3860.0,3865.0
10784,S3,5,car_driving,3865.0,3870.0
10785,S3,5,car_driving,3870.0,3875.0
10786,S3,5,car_driving,3875.0,3880.0
10787,S3,5,car_driving,3880.0,3885.0
10788,S3,5,car_driving,3885.0,3890.0
10789,S3,5,car_driving,3890.0,3895.0
10790,S3,5,car_driving,3895.0,3900.0
10791,S3,5,car_driving,3900.0,3905.0
10792,S3,5,car_driving,3905.0,3910.0
10793,S3,5,car_driving,3910.0,3915.0
10794,S3,5,car_driving,3915.0,3920.0
10795,S3,5,car_driving,3920.0,3925.0
10796,S3,5,car_driving,3925.0,3930.0
10797,S3,6,lunch_break,4340.0,4345.0
10798,S3,6,lunch_break,4345.0,4350.0
10799,S3,6,lunch_break,4350.0,4355.0
10800,S3,6,lunch_break,4355.0,4360.0
10801,S3,6,lunch_break,4360.0,4365.0
10802,S3,6,lunch_break,4365.0,4370.0
10803,S3,6,lunch_break,4370.0,4375.0
10804,S3,6,lunch_break,4375.0,4380.0
10805,S3,6,lunch_break,4380.0,4385.0
10806,S3,6,lunch_break,4385.0,4390.0
10807,S3,6,lunch_break,4390.0,4395.0
10808,S3,6,lunch_break,4395.0,4400.0
10809,S3,6,lunch_break,4400.0,4405.0
10810,S3,6,lunch_break,4405.0,4410.0
10811,S3,6,lunch_break,4410.0,4415.0
10812,S3,6,lunch_break,4415.0,4420.0
10813,S3,6,lunch_break,4420.0,4425.0
10814,S3,6,lunch_break,4425.0,4430.0
10815,S3,6,lunch_break,4430.0,4435.0
10816,S3,6,lunch_break,4435.0,4440.0
10817,S3,6,lunch_break,4440.0,4445.0
10818,S3,6,lunch_break,4445.0,4450.0
10819,S3,6,lunch_break,4450.0,4455.0
10820,S3,6,lunch_break,4455.0,4460.0
10821,S3,6,lunch_break,4460.0,4465.0
10822,S3,6,lunch_break,4465.0,4470.0
10823,S3,6,lunch_break,4470.0,4475.0
10824,S3,6,lunch_break,4475.0,4480.0
10825,S3,6,lunch_break,4480.0,4485.0
10826,S3,6,lunch_break,4485.0,4490.0
10827,S3,6,lunch_break,4490.0,4495.0
10828,S3,6,lunch_break,4495.0,4500.0
10829,S3,6,lunch_break,4500.0,4505.0
10830,S3,6,lunch_break,4505.0,4510.0
10831,S3,6,lunch_break,4510.0,4515.0
10832,S3,6,lunch_break,4515.0,4520.0
10833,S3,6,lunch_break,4520.0,4525.0
10834,S3,6,lunch_break,4525.0,4530.0
10835,S3,6,lunch_break,4530.0,4535.0
10836,S3,6,lunch_break,4535.0,4540.0
10837,S3,6,lunch_break,4540.0,4545.0
10838,S3,6,lunch_break,4545.0,4550.0
10839,S3,6,lunch_break,4550.0,4555.0
10840,S3,6,lunch_break,4555.0,4560.0
10841,S3,6,lunch_break,4560.0,4565.0
10842,S3,6,lunch_break,4565.0,4570.0
10843,S3,6,lunch_break,4570.0,4575.0
10844,S3,6,lunch_break,4575.0,4580.0
10845,S3,6,lunch_break,4580.0,4585.0
10846,S3,6,lunch_break,4585.0,4590.0
10847,S3,6,lunch_break,4590.0,4595.0
10848,S3,6,lunch_break,4595.0,4600.0
10849,S3,6,lunch_break,4600.0,4605.0
10850,S3,6,lunch_break,4605.0,4610.0
10851,S3,6,lunch_break,4610.0,4615.0
10852,S3,6,lunch_break,4615.0,4620.0
10853,S3,6,lunch_break,4620.0,4625.0
10854,S3,6,lunch_break,4625.0,4630.0
10855,S3,6,lunch_break,4630.0,4635.0
10856,S3,6,lunch_break,4635.0,4640.0
10857,S3,6,lunch_break,4640.0,4645.0
10858,S3,6,lunch_break,4645.0,4650.0
10859,S3,6,lunch_break,4650.0,4655.0
10860,S3,6,lunch_break,4655.0,4660.0
10861,S3,6,lunch_break,4660.0,4665.0
10862,S3,6,lunch_break,4665.0,4670.0
10863,S3,6,lunch_break,4670.0,4675.0
10864,S3,6,lunch_break,4675.0,4680.0
10865,S3,6,lunch_break,4680.0,4685.0
10866,S3,6,lunch_break,4685.0,4690.0
10867,S3,6,lunch_break,4690.0,4695.0
10868,S3,6,lunch_break,4695.0,4700.0
10869,S3,6,lunch_break,4700.0,4705.0
10870,S3,6,lunch_break,4705.0,4710.0
10871,S3,6,lunch_break,4710.0,4715.0
10872,S3,6,lunch_break,4715.0,4720.0
10873,S3,6,lunch_break,4720.0,4725.0
10874,S3,6,lunch_break,4725.0,4730.0
10875,S3,6,lunch_break,4730.0,4735.0
10876,S3,6,lunch_break,4735.0,4740.0
10877,S3,6,lunch_break,4740.0,4745.0
10878,S3,6,lunch_break,4745.0,4750.0
10879,S3,6,lunch_break,4750.0,4755.0
10880,S3,6,lunch_break,4755.0,4760.0
10881,S3,6,lunch_break,4760.0,4765.0
10882,S3,6,lunch_break,4765.0,4770.0
10883,S3,6,lunch_break,4770.0,4775.0
10884,S3,6,lunch_break,4775.0,4780.0
10885,S3,6,lunch_break,4780.0,4785.0
10886,S3,6,lunch_break,4785.0,4790.0
10887,S3,6,lunch_break,4790.0,4795.0
10888,S3,6,lunch_break,4795.0,4800.0
10889,S3,6,lunch_break,4800.0,4805.0
10890,S3,6,lunch_break,4805.0,4810.0
10891,S3,6,lunch_break,4810.0,4815.0
10892,S3,6,lunch_break,4815.0,4820.0
10893,S3,6,lunch_break,4820.0,4825.0
10894,S3,6,lunch_break,4825.0,4830.0
10895,S3,6,lunch_break,4830.0,4835.0
10896,S3,6,lunch_break,4835.0,4840.0
10897,S3,6,lunch_break,4840.0,4845.0
10898,S3,6,lunch_break,4845.0,4850.0
10899,S3,6,lunch_break,4850.0,4855.0
10900,S3,6,lunch_break,4855.0,4860.0
10901,S3,6,lunch_break,4860.0,4865.0
10902,S3,6,lunch_break,4865.0,4870.0
10903,S3,6,lunch_break,4870.0,4875.0
10904,S3,6,lunch_break,4875.0,4880.0
10905,S3,6,lunch_break,4880.0,4885.0
10906,S3,6,lunch_break,4885.0,4890.0
10907,S3,6,lunch_break,4890.0,4895.0
10908,S3,6,lunch_break,4895.0,4900.0
10909,S3,6,lunch_break,4900.0,4905.0
10910,S3,6,lunch_break,4905.0,4910.0
10911,S3,6,lunch_break,4910.0,4915.0
10912,S3,6,lunch_break,4915.0,4920.0
10913,S3,6,lunch_break,4920.0,4925.0
10914,S3,6,lunch_break,4925.0,4930.0
10915,S3,6,lunch_break,4930.0,4935.0
10916,S3,6,lunch_break,4935.0,4940.0
10917,S3,6,lunch_break,4940.0,4945.0
10918,S3,6,lunch_break,4945.0,4950.0
10919,S3,6,lunch_break,4950.0,4955.0
10920,S3,6,lunch_break,4955.0,4960.0
10921,S3,6,lunch_break,4960.0,4965.0
10922,S3,6,lunch_break,4965.0,4970.0
10923,S3,6,lunch_break,4970.0,4975.0
10924,S3,6,lunch_break,4975.0,4980.0
10925,S3,6,lunch_break,4980.0,4985.0
10926,S3,6,lunch_break,4985.0,4990.0
10927,S3,6,lunch_break,4990.0,4995.0
10928,S3,6,lunch_break,4995.0,5000.0
10929,S3,6,lunch_break,5000.0,5005.0
10930,S3,6,lunch_break,5005.0,5010.0
10931,S3,6,lunch_break,5010.0,5015.0
10932,S3,6,lunch_break,5015.0,5020.0
10933,S3,6,lunch_break,5020.0,5025.0
10934,S3,6,lunch_break,5025.0,5030.0
10935,S3,6,lunch_break,5030.0,5035.0
10936,S3,6,lunch_break,5035.0,5040.0
10937,S3,6,lunch_break,5040.0,5045.0
10938,S3,6,lunch_break,5045.0,5050.0
10939,S3,6,lunch_break,5050.0,5055.0
10940,S3,6,lunch_break,5055.0,5060.0
10941,S3,6,lunch_break,5060.0,5065.0
10942,S3,6,lunch_break,5065.0,5070.0
10943,S3,6,lunch_break,5070.0,5075.0
10944,S3,6,lunch_break,5075.0,5080.0
10945,S3,6,lunch_break,5080.0,5085.0
10946,S3,6,lunch_break,5085.0,5090.0
10947,S3,6,lunch_break,5090.0,5095.0
10948,S3,6,lunch_break,5095.0,5100.0
10949,S3,6,lunch_break,5100.0,5105.0
10950,S3,6,lunch_break,5105.0,5110.0
10951,S3,6,lunch_break,5110.0,5115.0
10952,S3,6,lunch_break,5115.0,5120.0
10953,S3,6,lunch_break,5120.0,5125.0
10954,S3,6,lunch_break,5125.0,5130.0
10955,S3,6,lunch_break,5130.0,5135.0
10956,S3,6,lunch_break,5135.0,5140.0
10957,S3,6,lunch_break,5140.0,5145.0
10958,S3,6,lunch_break,5145.0,5150.0
10959,S3,6,lunch_break,5150.0,5155.0
10960,S3,6,lunch_break,5155.0,5160.0
10961,S3,6,lunch_break,5160.0,5165.0
10962,S3,6,lunch_break,5165.0,5170.0
10963,S3,6,lunch_break,5170.0,5175.0
10964,S3,6,lunch_break,5175.0,5180.0
10965,S3,6,lunch_break,5180.0,5185.0
10966,S3,6,lunch_break,5185.0,5190.0
10967,S3,6,lunch_break,5190.0,5195.0
10968,S3,6,lunch_break,5195.0,5200.0
10969,S3,6,lunch_break,5200.0,5205.0
10970,S3,6,lunch_break,5205.0,5210.0
10971,S3,6,lunch_break,5210.0,5215.0
10972,S3,6,lunch_break,5215.0,5220.0
10973,S3,6,lunch_break,5220.0,5225.0
10974,S3,6,lunch_break,5225.0,5230.0
10975,S3,6,lunch_break,5230.0,5235.0
10976,S3,6,lunch_break,5235.0,5240.0
10977,S3,6,lunch_break,5240.0,5245.0
10978,S3,6,lunch_break,5245.0,5250.0
10979,S3,6,lunch_break,5250.0,5255.0
10980,S3,6,lunch_break,5255.0,5260.0
10981,S3,6,lunch_break,5260.0,5265.0
10982,S3,6,lunch_break,5265.0,5270.0
10983,S3,6,lunch_break,5270.0,5275.0
10984,S3,6,lunch_break,5275.0,5280.0
10985,S3,6,lunch_break,5280.0,5285.0
10986,S3,6,lunch_break,5285.0,5290.0
10987,S3,6,lunch_break,5290.0,5295.0
10988,S3,6,lunch_break,5295.0,5300.0
10989,S3,6,lunch_break,5300.0,5305.0
10990,S3,6,lunch_break,5305.0,5310.0
10991,S3,6,lunch_break,5310.0,5315.0
10992,S3,6,lunch_break,5315.0,5320.0
10993,S3,6,lunch_break,5320.0,5325.0
10994,S3,6,lunch_break,5325.0,5330.0
10995,S3,6,lunch_break,5330.0,5335.0
10996,S3,6,lunch_break,5335.0,5340.0
10997,S3,6,lunch_break,5340.0,5345.0
10998,S3,6,lunch_break,5345.0,5350.0
10999,S3,6,lunch_break,5350.0,5355.0
11000,S3,6,lunch_break,5355.0,5360.0
11001,S3,6,lunch_break,5360.0,5365.0
11002,S3,6,lunch_break,5365.0,5370.0
11003,S3,6,lunch_break,5370.0,5375.0
11004,S3,6,lunch_break,5375.0,5380.0
11005,S3,6,lunch_break,5380.0,5385.0
11006,S3,6,lunch_break,5385.0,5390.0
11007,S3,6,lunch_break,5390.0,5395.0
11008,S3,6,lunch_break,5395.0,5400.0
11009,S3,6,lunch_break,5400.0,5405.0
11010,S3,6,lunch_break,5405.0,5410.0
11011,S3,6,lunch_break,5410.0,5415.0
11012,S3,6,lunch_break,5415.0,5420.0
11013,S3,6,lunch_break,5420.0,5425.0
11014,S3,6,lunch_break,5425.0,5430.0
11015,S3,6,lunch_break,5430.0,5435.0
11016,S3,6,lunch_break,5435.0,5440.0
11017,S3,6,lunch_break,5440.0,5445.0
11018,S3,6,lunch_break,5445.0,5450.0
11019,S3,6,lunch_break,5450.0,5455.0
11020,S3,6,lunch_break,5455.0,5460.0
11021,S3,6,lunch_break,5460.0,5465.0
11022,S3,6,lunch_break,5465.0,5470.0
11023,S3,6,lunch_break,5470.0,5475.0
11024,S3,6,lunch_break,5475.0,5480.0
11025,S3,6,lunch_break,5480.0,5485.0
11026,S3,6,lunch_break,5485.0,5490.0
11027,S3,6,lunch_break,5490.0,5495.0
11028,S3,6,lunch_break,5495.0,5500.0
11029,S3,6,lunch_break,5500.0,5505.0
11030,S3,6,lunch_break,5505.0,5510.0
11031,S3,6,lunch_break,5510.0,5515.0
11032,S3,6,lunch_break,5515.0,5520.0
11033,S3,6,lunch_break,5520.0,5525.0
11034,S3,6,lunch_break,5525.0,5530.0
11035,S3,6,lunch_break,5530.0,5535.0
11036,S3,6,lunch_break,5535.0,5540.0
11037,S3,6,lunch_break,5540.0,5545.0
11038,S3,6,lunch_break,5545.0,5550.0
11039,S3,6,lunch_break,5550.0,5555.0
11040,S3,6,lunch_break,5555.0,5560.0
11041,S3,6,lunch_break,5560.0,5565.0
11042,S3,6,lunch_break,5565.0,5570.0
11043,S3,6,lunch_break,5570.0,5575.0
11044,S3,6,lunch_break,5575.0,5580.0
11045,S3,6,lunch_break,5580.0,5585.0
11046,S3,6,lunch_break,5585.0,5590.0
11047,S3,6,lunch_break,5590.0,5595.0
11048,S3,6,lunch_break,5595.0,5600.0
11049,S3,6,lunch_break,5600.0,5605.0
11050,S3,6,lunch_break,5605.0,5610.0
11051,S3,6,lunch_break,5610.0,5615.0
11052,S3,6,lunch_break,5615.0,5620.0
11053,S3,6,lunch_break,5620.0,5625.0
11054,S3,6,lunch_break,5625.0,5630.0
11055,S3,6,lunch_break,5630.0,5635.0
11056,S3,6,lunch_break,5635.0,5640.0
11057,S3,6,lunch_break,5640.0,5645.0
11058,S3,6,lunch_break,5645.0,5650.0
11059,S3,6,lunch_break,5650.0,5655.0
11060,S3,6,lunch_break,5655.0,5660.0
11061,S3,6,lunch_break,5660.0,5665.0
11062,S3,6,lunch_break,5665.0,5670.0
11063,S3,6,lunch_break,5670.0,5675.0
11064,S3,6,lunch_break,5675.0,5680.0
11065,S3,6,lunch_break,5680.0,5685.0
11066,S3,6,lunch_break,5685.0,5690.0
11067,S3,6,lunch_break,5690.0,5695.0
11068,S3,6,lunch_break,5695.0,5700.0
11069,S3,6,lunch_break,5700.0,5705.0
11070,S3,6,lunch_break,5705.0,5710.0
11071,S3,6,lunch_break,5710.0,5715.0
11072,S3,6,lunch_break,5715.0,5720.0
11073,S3,6,lunch_break,5720.0,5725.0
11074,S3,6,lunch_break,5725.0,5730.0
11075,S3,6,lunch_break,5730.0,5735.0
11076,S3,6,lunch_break,5735.0,5740.0
11077,S3,6,lunch_break,5740.0,5745.0
11078,S3,6,lunch_break,5745.0,5750.0
11079,S3,6,lunch_break,5750.0,5755.0
11080,S3,6,lunch_break,5755.0,5760.0
11081,S3,6,lunch_break,5760.0,5765.0
11082,S3,6,lunch_break,5765.0,5770.0
11083,S3,6,lunch_break,5770.0,5775.0
11084,S3,6,lunch_break,5775.0,5780.0
11085,S3,6,lunch_break,5780.0,5785.0
11086,S3,6,lunch_break,5785.0,5790.0
11087,S3,6,lunch_break,5790.0,5795.0
11088,S3,6,lunch_break,5795.0,5800.0
11089,S3,6,lunch_break,5800.0,5805.0
11090,S3,6,lunch_break,5805.0,5810.0
11091,S3,6,lunch_break,5810.0,5815.0
11092,S3,6,lunch_break,5815.0,5820.0
11093,S3,6,lunch_break,5820.0,5825.0
11094,S3,6,lunch_break,5825.0,5830.0
11095,S3,6,lunch_break,5830.0,5835.0
11096,S3,6,lunch_break,5835.0,5840.0
11097,S3,6,lunch_break,5840.0,5845.0
11098,S3,6,lunch_break,5845.0,5850.0
11099,S3,6,lunch_break,5850.0,5855.0
11100,S3,6,lunch_break,5855.0,5860.0
11101,S3,6,lunch_break,5860.0,5865.0
11102,S3,6,lunch_break,5865.0,5870.0
11103,S3,6,lunch_break,5870.0,5875.0
11104,S3,6,lunch_break,5875.0,5880.0
11105,S3,6,lunch_break,5880.0,5885.0
11106,S3,6,lunch_break,5885.0,5890.0
11107,S3,6,lunch_break,5890.0,5895.0
11108,S3,6,lunch_break,5895.0,5900.0
11109,S3,6,lunch_break,5900.0,5905.0
11110,S3,6,lunch_break,5905.0,5910.0
11111,S3,6,lunch_break,5910.0,5915.0
11112,S3,6,lunch_break,5915.0,5920.0
11113,S3,6,lunch_break,5920.0,5925.0
11114,S3,6,lunch_break,5925.0,5930.0
11115,S3,6,lunch_break,5930.0,5935.0
11116,S3,6,lunch_break,5935.0,5940.0
11117,S3,6,lunch_break,5940.0,5945.0
11118,S3,6,lunch_break,5945.0,5950.0
11119,S3,6,lunch_break,5950.0,5955.0
11120,S3,6,lunch_break,5955.0,5960.0
11121,S3,6,lunch_break,5960.0,5965.0
11122,S3,6,lunch_break,5965.0,5970.0
11123,S3,6,lunch_break,5970.0,5975.0
11124,S3,6,lunch_break,5975.0,5980.0
11125,S3,6,lunch_break,5980.0,5985.0
11126,S3,6,lunch_break,5985.0,5990.0
11127,S3,6,lunch_break,5990.0,5995.0
11128,S3,6,lunch_break,5995.0,6000.0
11129,S3,6,lunch_break,6000.0,6005.0
11130,S3,6,lunch_break,6005.0,6010.0
11131,S3,6,lunch_break,6010.0,6015.0
11132,S3,6,lunch_break,6015.0,6020.0
11133,S3,6,lunch_break,6020.0,6025.0
11134,S3,6,lunch_break,6025.0,6030.0
11135,S3,6,lunch_break,6030.0,6035.0
11136,S3,6,lunch_break,6035.0,6040.0
11137,S3,6,lunch_break,6040.0,6045.0
11138,S3,6,lunch_break,6045.0,6050.0
11139,S3,6,lunch_break,6050.0,6055.0
11140,S3,6,lunch_break,6055.0,6060.0
11141,S3,6,lunch_break,6060.0,6065.0
11142,S3,6,lunch_break,6065.0,6070.0
11143,S3,6,lunch_break,6070.0,6075.0
11144,S3,6,lunch_break,6075.0,6080.0
11145,S3,6,lunch_break,6080.0,6085.0
11146,S3,6,lunch_break,6085.0,6090.0
11147,S3,6,lunch_break,6090.0,6095.0
11148,S3,6,lunch_break,6095.0,6100.0
11149,S3,6,lunch_break,6100.0,6105.0
11150,S3,6,lunch_break,6105.0,6110.0
11151,S3,6,lunch_break,6110.0,6115.0
11152,S3,6,lunch_break,6115.0,6120.0
11153,S3,6,lunch_break,6120.0,6125.0
11154,S3,6,lunch_break,6125.0,6130.0
11155,S3,6,lunch_break,6130.0,6135.0
11156,S3,6,lunch_break,6135.0,6140.0
11157,S3,6,lunch_break,6140.0,6145.0
11158,S3,6,lunch_break,6145.0,6150.0
11159,S3,6,lunch_break,6150.0,6155.0
11160,S3,6,lunch_break,6155.0,6160.0
11161,S3,6,lunch_break,6160.0,6165.0
11162,S3,6,lunch_break,6165.0,6170.0
11163,S3,6,lunch_break,6170.0,6175.0
11164,S3,6,lunch_break,6175.0,6180.0
11165,S3,6,lunch_break,6180.0,6185.0
11166,S3,6,lunch_break,6185.0,6190.0
11167,S3,6,lunch_break,6190.0,6195.0
11168,S3,6,lunch_break,6195.0,6200.0
11169,S3,6,lunch_break,6200.0,6205.0
11170,S3,6,lunch_break,6205.0,6210.0
11171,S3,6,lunch_break,6210.0,6215.0
11172,S3,6,lunch_break,6215.0,6220.0
11173,S3,6,lunch_break,6220.0,6225.0
11174,S3,6,lunch_break,6225.0,6230.0
11175,S3,6,lunch_break,6230.0,6235.0
11176,S3,6,lunch_break,6235.0,6240.0
11177,S3,6,lunch_break,6240.0,6245.0
11178,S3,6,lunch_break,6245.0,6250.0
11179,S3,6,lunch_break,6250.0,6255.0
11180,S3,6,lunch_break,6255.0,6260.0
11181,S3,6,lunch_break,6260.0,6265.0
11182,S3,6,lunch_break,6265.0,6270.0
11183,S3,6,lunch_break,6270.0,6275.0
11184,S3,6,lunch_break,6275.0,6280.0
11185,S3,6,lunch_break,6280.0,6285.0
11186,S3,6,lunch_break,6285.0,6290.0
11187,S3,6,lunch_break,6290.0,6295.0
11188,S3,6,lunch_break,6295.0,6300.0
11189,S3,6,lunch_break,6300.0,6305.0
11190,S3,6,lunch_break,6305.0,6310.0
11191,S3,6,lunch_break,6310.0,6315.0
11192,S3,6,lunch_break,6315.0,6320.0
11193,S3,6,lunch_break,6320.0,6325.0
11194,S3,6,lunch_break,6325.0,6330.0
11195,S3,6,lunch_break,6330.0,6335.0
11196,S3,6,lunch_break,6335.0,6340.0
11197,S3,6,lunch_break,6340.0,6345.0
11198,S3,6,lunch_break,6345.0,6350.0
11199,S3,6,lunch_break,6350.0,6355.0
11200,S3,6,lunch_break,6355.0,6360.0
11201,S3,6,lunch_break,6360.0,6365.0
11202,S3,6,lunch_break,6365.0,6370.0
11203,S3,6,lunch_break,6370.0,6375.0
11204,S3,6,lunch_break,6375.0,6380.0
11205,S3,6,lunch_break,6380.0,6385.0
11206,S3,6,lunch_break,6385.0,6390.0
11207,S3,6,lunch_break,6390.0,6395.0
11208,S3,6,lunch_break,6395.0,6400.0
11209,S3,6,lunch_break,6400.0,6405.0
11210,S3,6,lunch_break,6405.0,6410.0
11211,S3,6,lunch_break,6410.0,6415.0
11212,S3,6,lunch_break,6415.0,6420.0
11213,S3,6,lunch_break,6420.0,6425.0
11214,S3,6,lunch_break,6425.0,6430.0
11215,S3,6,lunch_break,6430.0,6435.0
11216,S3,6,lunch_break,6435.0,6440.0
11217,S3,6,lunch_break,6440.0,6445.0
11218,S3,6,lunch_break,6445.0,6450.0
11219,S3,6,lunch_break,6450.0,6455.0
11220,S3,6,lunch_break,6455.0,6460.0
11221,S3,6,lunch_break,6460.0,6465.0
11222,S3,6,lunch_break,6465.0,6470.0
11223,S3,6,lunch_break,6470.0,6475.0
11224,S3,6,lunch_break,6475.0,6480.0
11225,S3,6,lunch_break,6480.0,6485.0
11226,S3,6,lunch_break,6485.0,6490.0
11227,S3,6,lunch_break,6490.0,6495.0
11228,S3,7,walking,6500.0,6505.0
11229,S3,7,walking,6505.0,6510.0
11230,S3,7,walking,6510.0,6515.0
11231,S3,7,walking,6515.0,6520.0
11232,S3,7,walking,6520.0,6525.0
11233,S3,7,walking,6525.0,6530.0
11234,S3,7,walking,6530.0,6535.0
11235,S3,7,walking,6535.0,6540.0
11236,S3,7,walking,6540.0,6545.0
11237,S3,7,walking,6545.0,6550.0
11238,S3,7,walking,6550.0,6555.0
11239,S3,7,walking,6555.0,6560.0
11240,S3,7,walking,6560.0,6565.0
11241,S3,7,walking,6565.0,6570.0
11242,S3,7,walking,6570.0,6575.0
11243,S3,7,walking,6575.0,6580.0
11244,S3,7,walking,6580.0,6585.0
11245,S3,7,walking,6585.0,6590.0
11246,S3,7,walking,6590.0,6595.0
11247,S3,7,walking,6595.0,6600.0
11248,S3,7,walking,6600.0,6605.0
11249,S3,7,walking,6605.0,6610.0
11250,S3,7,walking,6610.0,6615.0
11251,S3,7,walking,6615.0,6620.0
11252,S3,7,walking,6620.0,6625.0
11253,S3,7,walking,6625.0,6630.0
11254,S3,7,walking,6630.0,6635.0
11255,S3,7,walking,6635.0,6640.0
11256,S3,7,walking,6640.0,6645.0
11257,S3,7,walking,6645.0,6650.0
11258,S3,7,walking,6650.0,6655.0
11259,S3,7,walking,6655.0,6660.0
11260,S3,7,walking,6660.0,6665.0
11261,S3,7,walking,6665.0,6670.0
11262,S3,7,walking,6670.0,6675.0
11263,S3,7,walking,6675.0,6680.0
11264,S3,7,walking,6680.0,6685.0
11265,S3,7,walking,6685.0,6690.0
11266,S3,7,walking,6690.0,6695.0
11267,S3,7,walking,6695.0,6700.0
11268,S3,7,walking,6700.0,6705.0
11269,S3,7,walking,6705.0,6710.0
11270,S3,7,walking,6710.0,6715.0
11271,S3,7,walking,6715.0,6720.0
11272,S3,7,walking,6720.0,6725.0
11273,S3,7,walking,6725.0,6730.0
11274,S3,7,walking,6730.0,6735.0
11275,S3,7,walking,6735.0,6740.0
11276,S3,7,walking,6740.0,6745.0
11277,S3,7,walking,6745.0,6750.0
11278,S3,7,walking,6750.0,6755.0
11279,S3,7,walking,6755.0,6760.0
11280,S3,7,walking,6760.0,6765.0
11281,S3,7,walking,6765.0,6770.0
11282,S3,7,walking,6770.0,6775.0
11283,S3,7,walking,6775.0,6780.0
11284,S3,7,walking,6780.0,6785.0
11285,S3,7,walking,6785.0,6790.0
11286,S3,7,walking,6790.0,6795.0
11287,S3,7,walking,6795.0,6800.0
11288,S3,7,walking,6800.0,6805.0
11289,S3,7,walking,6805.0,6810.0
11290,S3,7,walking,6810.0,6815.0
11291,S3,7,walking,6815.0,6820.0
11292,S3,7,walking,6820.0,6825.0
11293,S3,7,walking,6825.0,6830.0
11294,S3,7,walking,6830.0,6835.0
11295,S3,7,walking,6835.0,6840.0
11296,S3,7,walking,6840.0,6845.0
11297,S3,7,walking,6845.0,6850.0
11298,S3,7,walking,6850.0,6855.0
11299,S3,7,walking,6855.0,6860.0
11300,S3,7,walking,6860.0,6865.0
11301,S3,7,walking,6865.0,6870.0
11302,S3,7,walking,6870.0,6875.0
11303,S3,7,walking,6875.0,6880.0
11304,S3,7,walking,6880.0,6885.0
11305,S3,7,walking,6885.0,6890.0
11306,S3,7,walking,6890.0,6895.0
11307,S3,7,walking,6895.0,6900.0
11308,S3,7,walking,6900.0,6905.0
11309,S3,7,walking,6905.0,6910.0
11310,S3,7,walking,6910.0,6915.0
11311,S3,7,walking,6915.0,6920.0
11312,S3,7,walking,6920.0,6925.0
11313,S3,7,walking,6925.0,6930.0
11314,S3,7,walking,6930.0,6935.0
11315,S3,7,walking,6935.0,6940.0
11316,S3,7,walking,6940.0,6945.0
11317,S3,7,walking,6945.0,6950.0
11318,S3,7,walking,6950.0,6955.0
11319,S3,7,walking,6955.0,6960.0
11320,S3,7,walking,6960.0,6965.0
11321,S3,7,walking,6965.0,6970.0
11322,S3,7,walking,6970.0,6975.0
11323,S3,7,walking,6975.0,6980.0
11324,S3,7,walking,6980.0,6985.0
11325,S3,7,walking,6985.0,6990.0
11326,S3,7,walking,6990.0,6995.0
11327,S3,7,walking,6995.0,7000.0
11328,S3,7,walking,7000.0,7005.0
11329,S3,7,walking,7005.0,7010.0
11330,S3,7,walking,7010.0,7015.0
11331,S3,7,walking,7015.0,7020.0
11332,S3,7,walking,7020.0,7025.0
11333,S3,7,walking,7025.0,7030.0
11334,S3,7,walking,7030.0,7035.0
11335,S3,7,walking,7035.0,7040.0
11336,S3,7,walking,7040.0,7045.0
11337,S3,7,walking,7045.0,7050.0
11338,S3,7,walking,7050.0,7055.0
11339,S3,7,walking,7055.0,7060.0
11340,S3,7,walking,7060.0,7065.0
11341,S3,7,walking,7065.0,7070.0
11342,S3,7,walking,7070.0,7075.0
11343,S3,7,walking,7075.0,7080.0
11344,S3,7,walking,7080.0,7085.0
11345,S3,7,walking,7085.0,7090.0
11346,S3,7,walking,7090.0,7095.0
11347,S3,7,walking,7095.0,7100.0
11348,S3,7,walking,7100.0,7105.0
11349,S3,7,walking,7105.0,7110.0
11350,S3,7,walking,7110.0,7115.0
11351,S3,7,walking,7115.0,7120.0
11352,S3,7,walking,7120.0,7125.0
11353,S3,7,walking,7125.0,7130.0
11354,S3,7,walking,7130.0,7135.0
11355,S3,7,walking,7135.0,7140.0
11356,S3,7,walking,7140.0,7145.0
11357,S3,7,walking,7145.0,7150.0
11358,S3,7,walking,7150.0,7155.0
11359,S3,7,walking,7155.0,7160.0
11360,S3,7,walking,7160.0,7165.0
11361,S3,7,walking,7165.0,7170.0
11362,S3,7,walking,7170.0,7175.0
11363,S3,7,walking,7175.0,7180.0
11364,S3,7,walking,7180.0,7185.0
11365,S3,7,walking,7185.0,7190.0
11366,S3,7,walking,7190.0,7195.0
11367,S3,7,walking,7195.0,7200.0
11368,S3,7,walking,7200.0,7205.0
11369,S3,7,walking,7205.0,7210.0
11370,S3,7,walking,7210.0,7215.0
11371,S3,7,walking,7215.0,7220.0
11372,S3,7,walking,7220.0,7225.0
11373,S3,7,walking,7225.0,7230.0
11374,S3,7,walking,7230.0,7235.0
11375,S3,8,working,7270.0,7275.0
11376,S3,8,working,7275.0,7280.0
11377,S3,8,working,7280.0,7285.0
11378,S3,8,working,7285.0,7290.0
11379,S3,8,working,7290.0,7295.0
11380,S3,8,working,7295.0,7300.0
11381,S3,8,working,7300.0,7305.0
11382,S3,8,working,7305.0,7310.0
11383,S3,8,working,7310.0,7315.0
11384,S3,8,working,7315.0,7320.0
11385,S3,8,working,7320.0,7325.0
11386,S3,8,working,7325.0,7330.0
11387,S3,8,working,7330.0,7335.0
11388,S3,8,working,7335.0,7340.0
11389,S3,8,working,7340.0,7345.0
11390,S3,8,working,7345.0,7350.0
11391,S3,8,working,7350.0,7355.0
11392,S3,8,working,7355.0,7360.0
11393,S3,8,working,7360.0,7365.0
11394,S3,8,working,7365.0,7370.0
11395,S3,8,working,7370.0,7375.0
11396,S3,8,working,7375.0,7380.0
11397,S3,8,working,7380.0,7385.0
11398,S3,8,working,7385.0,7390.0
11399,S3,8,working,7390.0,7395.0
11400,S3,8,working,7395.0,7400.0
11401,S3,8,working,7400.0,7405.0
11402,S3,8,working,7405.0,7410.0
11403,S3,8,working,7410.0,7415.0
11404,S3,8,working,7415.0,7420.0
11405,S3,8,working,7420.0,7425.0
11406,S3,8,working,7425.0,7430.0
11407,S3,8,working,7430.0,7435.0
11408,S3,8,working,7435.0,7440.0
11409,S3,8,working,7440.0,7445.0
11410,S3,8,working,7445.0,7450.0
11411,S3,8,working,7450.0,7455.0
11412,S3,8,working,7455.0,7460.0
11413,S3,8,working,7460.0,7465.0
11414,S3,8,working,7465.0,7470.0
11415,S3,8,working,7470.0,7475.0
11416,S3,8,working,7475.0,7480.0
11417,S3,8,working,7480.0,7485.0
11418,S3,8,working,7485.0,7490.0
11419,S3,8,working,7490.0,7495.0
11420,S3,8,working,7495.0,7500.0
11421,S3,8,working,7500.0,7505.0
11422,S3,8,working,7505.0,7510.0
11423,S3,8,working,7510.0,7515.0
11424,S3,8,working,7515.0,7520.0
11425,S3,8,working,7520.0,7525.0
11426,S3,8,working,7525.0,7530.0
11427,S3,8,working,7530.0,7535.0
11428,S3,8,working,7535.0,7540.0
11429,S3,8,working,7540.0,7545.0
11430,S3,8,working,7545.0,7550.0
11431,S3,8,working,7550.0,7555.0
11432,S3,8,working,7555.0,7560.0
11433,S3,8,working,7560.0,7565.0
11434,S3,8,working,7565.0,7570.0
11435,S3,8,working,7570.0,7575.0
11436,S3,8,working,7575.0,7580.0
11437,S3,8,working,7580.0,7585.0
11438,S3,8,working,7585.0,7590.0
11439,S3,8,working,7590.0,7595.0
11440,S3,8,working,7595.0,7600.0
11441,S3,8,working,7600.0,7605.0
11442,S3,8,working,7605.0,7610.0
11443,S3,8,working,7610.0,7615.0
11444,S3,8,working,7615.0,7620.0
11445,S3,8,working,7620.0,7625.0
11446,S3,8,working,7625.0,7630.0
11447,S3,8,working,7630.0,7635.0
11448,S3,8,working,7635.0,7640.0
11449,S3,8,working,7640.0,7645.0
11450,S3,8,working,7645.0,7650.0
11451,S3,8,working,7650.0,7655.0
11452,S3,8,working,7655.0,7660.0
11453,S3,8,working,7660.0,7665.0
11454,S3,8,working,7665.0,7670.0
11455,S3,8,working,7670.0,7675.0
11456,S3,8,working,7675.0,7680.0
11457,S3,8,working,7680.0,7685.0
11458,S3,8,working,7685.0,7690.0
11459,S3,8,working,7690.0,7695.0
11460,S3,8,working,7695.0,7700.0
11461,S3,8,working,7700.0,7705.0
11462,S3,8,working,7705.0,7710.0
11463,S3,8,working,7710.0,7715.0
11464,S3,8,working,7715.0,7720.0
11465,S3,8,working,7720.0,7725.0
11466,S3,8,working,7725.0,7730.0
11467,S3,8,working,7730.0,7735.0
11468,S3,8,working,7735.0,7740.0
11469,S3,8,working,7740.0,7745.0
11470,S3,8,working,7745.0,7750.0
11471,S3,8,working,7750.0,7755.0
11472,S3,8,working,7755.0,7760.0
11473,S3,8,working,7760.0,7765.0
11474,S3,8,working,7765.0,7770.0
11475,S3,8,working,7770.0,7775.0
11476,S3,8,working,7775.0,7780.0
11477,S3,8,working,7780.0,7785.0
11478,S3,8,working,7785.0,7790.0
11479,S3,8,working,7790.0,7795.0
11480,S3,8,working,7795.0,7800.0
11481,S3,8,working,7800.0,7805.0
11482,S3,8,working,7805.0,7810.0
11483,S3,8,working,7810.0,7815.0
11484,S3,8,working,7815.0,7820.0
11485,S3,8,working,7820.0,7825.0
11486,S3,8,working,7825.0,7830.0
11487,S3,8,working,7830.0,7835.0
11488,S3,8,working,7835.0,7840.0
11489,S3,8,working,7840.0,7845.0
11490,S3,8,working,7845.0,7850.0
11491,S3,8,working,7850.0,7855.0
11492,S3,8,working,7855.0,7860.0
11493,S3,8,working,7860.0,7865.0
11494,S3,8,working,7865.0,7870.0
11495,S3,8,working,7870.0,7875.0
11496,S3,8,working,7875.0,7880.0
11497,S3,8,working,7880.0,7885.0
11498,S3,8,working,7885.0,7890.0
11499,S3,8,working,7890.0,7895.0
11500,S3,8,working,7895.0,7900.0
11501,S3,8,working,7900.0,7905.0
11502,S3,8,working,7905.0,7910.0
11503,S3,8,working,7910.0,7915.0
11504,S3,8,working,7915.0,7920.0
11505,S3,8,working,7920.0,7925.0
11506,S3,8,working,7925.0,7930.0
11507,S3,8,working,7930.0,7935.0
11508,S3,8,working,7935.0,7940.0
11509,S3,8,working,7940.0,7945.0
11510,S3,8,working,7945.0,7950.0
11511,S3,8,working,7950.0,7955.0
11512,S3,8,working,7955.0,7960.0
11513,S3,8,working,7960.0,7965.0
11514,S3,8,working,7965.0,7970.0
11515,S3,8,working,7970.0,7975.0
11516,S3,8,working,7975.0,7980.0
11517,S3,8,working,7980.0,7985.0
11518,S3,8,working,7985.0,7990.0
11519,S3,8,working,7990.0,7995.0
11520,S3,8,working,7995.0,8000.0
11521,S3,8,working,8000.0,8005.0
11522,S3,8,working,8005.0,8010.0
11523,S3,8,working,8010.0,8015.0
11524,S3,8,working,8015.0,8020.0
11525,S3,8,working,8020.0,8025.0
11526,S3,8,working,8025.0,8030.0
11527,S3,8,working,8030.0,8035.0
11528,S3,8,working,8035.0,8040.0
11529,S3,8,working,8040.0,8045.0
11530,S3,8,working,8045.0,8050.0
11531,S3,8,working,8050.0,8055.0
11532,S3,8,working,8055.0,8060.0
11533,S3,8,working,8060.0,8065.0
11534,S3,8,working,8065.0,8070.0
11535,S3,8,working,8070.0,8075.0
11536,S3,8,working,8075.0,8080.0
11537,S3,8,working,8080.0,8085.0
11538,S3,8,working,8085.0,8090.0
11539,S3,8,working,8090.0,8095.0
11540,S3,8,working,8095.0,8100.0
11541,S3,8,working,8100.0,8105.0
11542,S3,8,working,8105.0,8110.0
11543,S3,8,working,8110.0,8115.0
11544,S3,8,working,8115.0,8120.0
11545,S3,8,working,8120.0,8125.0
11546,S3,8,working,8125.0,8130.0
11547,S3,8,working,8130.0,8135.0
11548,S3,8,working,8135.0,8140.0
11549,S3,8,working,8140.0,8145.0
11550,S3,8,working,8145.0,8150.0
11551,S3,8,working,8150.0,8155.0
11552,S3,8,working,8155.0,8160.0
11553,S3,8,working,8160.0,8165.0
11554,S3,8,working,8165.0,8170.0
11555,S3,8,working,8170.0,8175.0
11556,S3,8,working,8175.0,8180.0
11557,S3,8,working,8180.0,8185.0
11558,S3,8,working,8185.0,8190.0
11559,S3,8,working,8190.0,8195.0
11560,S3,8,working,8195.0,8200.0
11561,S3,8,working,8200.0,8205.0
11562,S3,8,working,8205.0,8210.0
11563,S3,8,working,8210.0,8215.0
11564,S3,8,working,8215.0,8220.0
11565,S3,8,working,8220.0,8225.0
11566,S3,8,working,8225.0,8230.0
11567,S3,8,working,8230.0,8235.0
11568,S3,8,working,8235.0,8240.0
11569,S3,8,working,8240.0,8245.0
11570,S3,8,working,8245.0,8250.0
11571,S3,8,working,8250.0,8255.0
11572,S3,8,working,8255.0,8260.0
11573,S3,8,working,8260.0,8265.0
11574,S3,8,working,8265.0,8270.0
11575,S3,8,working,8270.0,8275.0
11576,S3,8,working,8275.0,8280.0
11577,S3,8,working,8280.0,8285.0
11578,S3,8,working,8285.0,8290.0
11579,S3,8,working,8290.0,8295.0
11580,S3,8,working,8295.0,8300.0
11581,S3,8,working,8300.0,8305.0
11582,S3,8,working,8305.0,8310.0
11583,S3,8,working,8310.0,8315.0
11584,S3,8,working,8315.0,8320.0
11585,S3,8,working,8320.0,8325.0
11586,S3,8,working,8325.0,8330.0
11587,S3,8,working,8330.0,8335.0
11588,S3,8,working,8335.0,8340.0
11589,S3,8,working,8340.0,8345.0
11590,S3,8,working,8345.0,8350.0
11591,S3,8,working,8350.0,8355.0
11592,S3,8,working,8355.0,8360.0
11593,S3,8,working,8360.0,8365.0
11594,S3,8,working,8365.0,8370.0
11595,S3,8,working,8370.0,8375.0
11596,S3,8,working,8375.0,8380.0
11597,S3,8,working,8380.0,8385.0
11598,S3,8,working,8385.0,8390.0
11599,S3,8,working,8390.0,8395.0
11600,S3,8,working,8395.0,8400.0
11601,S3,8,working,8400.0,8405.0
11602,S3,8,working,8405.0,8410.0
11603,S3,8,working,8410.0,8415.0
11604,S3,8,working,8415.0,8420.0
11605,S3,8,working,8420.0,8425.0
11606,S3,8,working,8425.0,8430.0
11607,S3,8,working,8430.0,8435.0
11608,S3,8,working,8435.0,8440.0
11609,S3,8,working,8440.0,8445.0
11610,S3,8,working,8445.0,8450.0
11611,S3,8,working,8450.0,8455.0
11612,S3,8,working,8455.0,8460.0
11613,S3,8,working,8460.0,8465.0
11614,S3,8,working,8465.0,8470.0
11615,S3,8,working,8470.0,8475.0
11616,S4,1,sitting,100.0,105.0
11617,S4,1,sitting,105.0,110.0
11618,S4,1,sitting,110.0,115.0
11619,S4,1,sitting,115.0,120.0
11620,S4,1,sitting,120.0,125.0
11621,S4,1,sitting,125.0,130.0
11622,S4,1,sitting,130.0,135.0
11623,S4,1,sitting,135.0,140.0
11624,S4,1,sitting,140.0,145.0
11625,S4,1,sitting,145.0,150.0
11626,S4,1,sitting,150.0,155.0
11627,S4,1,sitting,155.0,160.0
11628,S4,1,sitting,160.0,165.0
11629,S4,1,sitting,165.0,170.0
11630,S4,1,sitting,170.0,175.0
11631,S4,1,sitting,175.0,180.0
11632,S4,1,sitting,180.0,185.0
11633,S4,1,sitting,185.0,190.0
11634,S4,1,sitting,190.0,195.0
11635,S4,1,sitting,195.0,200.0
11636,S4,1,sitting,200.0,205.0
11637,S4,1,sitting,205.0,210.0
11638,S4,1,sitting,210.0,215.0
11639,S4,1,sitting,215.0,220.0
11640,S4,1,sitting,220.0,225.0
11641,S4,1,sitting,225.0,230.0
11642,S4,1,sitting,230.0,235.0
11643,S4,1,sitting,235.0,240.0
11644,S4,1,sitting,240.0,245.0
11645,S4,1,sitting,245.0,250.0
11646,S4,1,sitting,250.0,255.0
11647,S4,1,sitting,255.0,260.0
11648,S4,1,sitting,260.0,265.0
11649,S4,1,sitting,265.0,270.0
11650,S4,1,sitting,270.0,275.0
11651,S4,1,sitting,275.0,280.0
11652,S4,1,sitting,280.0,285.0
11653,S4,1,sitting,285.0,290.0
11654,S4,1,sitting,290.0,295.0
11655,S4,1,sitting,295.0,300.0
11656,S4,1,sitting,300.0,305.0
11657,S4,1,sitting,305.0,310.0
11658,S4,1,sitting,310.0,315.0
11659,S4,1,sitting,315.0,320.0
11660,S4,1,sitting,320.0,325.0
11661,S4,1,sitting,325.0,330.0
11662,S4,1,sitting,330.0,335.0
11663,S4,1,sitting,335.0,340.0
11664,S4,1,sitting,340.0,345.0
11665,S4,1,sitting,345.0,350.0
11666,S4,1,sitting,350.0,355.0
11667,S4,1,sitting,355.0,360.0
11668,S4,1,sitting,360.0,365.0
11669,S4,1,sitting,365.0,370.0
11670,S4,1,sitting,370.0,375.0
11671,S4,1,sitting,375.0,380.0
11672,S4,1,sitting,380.0,385.0
11673,S4,1,sitting,385.0,390.0
11674,S4,1,sitting,390.0,395.0
11675,S4,1,sitting,395.0,400.0
11676,S4,1,sitting,400.0,405.0
11677,S4,1,sitting,405.0,410.0
11678,S4,1,sitting,410.0,415.0
11679,S4,1,sitting,415.0,420.0
11680,S4,1,sitting,420.0,425.0
11681,S4,1,sitting,425.0,430.0
11682,S4,1,sitting,430.0,435.0
11683,S4,1,sitting,435.0,440.0
11684,S4,1,sitting,440.0,445.0
11685,S4,1,sitting,445.0,450.0
11686,S4,1,sitting,450.0,455.0
11687,S4,1,sitting,455.0,460.0
11688,S4,1,sitting,460.0,465.0
11689,S4,1,sitting,465.0,470.0
11690,S4,1,sitting,470.0,475.0
11691,S4,1,sitting,475.0,480.0
11692,S4,1,sitting,480.0,485.0
11693,S4,1,sitting,485.0,490.0
11694,S4,1,sitting,490.0,495.0
11695,S4,1,sitting,495.0,500.0
11696,S4,1,sitting,500.0,505.0
11697,S4,1,sitting,505.0,510.0
11698,S4,1,sitting,510.0,515.0
11699,S4,1,sitting,515.0,520.0
11700,S4,1,sitting,520.0,525.0
11701,S4,1,sitting,525.0,530.0
11702,S4,1,sitting,530.0,535.0
11703,S4,1,sitting,535.0,540.0
11704,S4,1,sitting,540.0,545.0
11705,S4,1,sitting,545.0,550.0
11706,S4,1,sitting,550.0,555.0
11707,S4,1,sitting,555.0,560.0
11708,S4,1,sitting,560.0,565.0
11709,S4,1,sitting,565.0,570.0
11710,S4,1,sitting,570.0,575.0
11711,S4,1,sitting,575.0,580.0
11712,S4,1,sitting,580.0,585.0
11713,S4,1,sitting,585.0,590.0
11714,S4,1,sitting,590.0,595.0
11715,S4,1,sitting,595.0,600.0
11716,S4,1,sitting,600.0,605.0
11717,S4,1,sitting,605.0,610.0
11718,S4,1,sitting,610.0,615.0
11719,S4,1,sitting,615.0,620.0
11720,S4,1,sitting,620.0,625.0
11721,S4,1,sitting,625.0,630.0
11722,S4,1,sitting,630.0,635.0
11723,S4,1,sitting,635.0,640.0
11724,S4,1,sitting,640.0,645.0
11725,S4,1,sitting,645.0,650.0
11726,S4,1,sitting,650.0,655.0
11727,S4,1,sitting,655.0,660.0
11728,S4,1,sitting,660.0,665.0
11729,S4,1,sitting,665.0,670.0
11730,S4,2,stairs,830.0,835.0
11731,S4,2,stairs,835.0,840.0
11732,S4,2,stairs,840.0,845.0
11733,S4,2,stairs,845.0,850.0
11734,S4,2,stairs,850.0,855.0
11735,S4,2,stairs,855.0,860.0
11736,S4,2,stairs,860.0,865.0
11737,S4,2,stairs,865.0,870.0
11738,S4,2,stairs,870.0,875.0
11739,S4,2,stairs,875.0,880.0
11740,S4,2,stairs,880.0,885.0
11741,S4,2,stairs,885.0,890.0
11742,S4,2,stairs,890.0,895.0
11743,S4,2,stairs,895.0,900.0
11744,S4,2,stairs,900.0,905.0
11745,S4,2,stairs,905.0,910.0
11746,S4,2,stairs,910.0,915.0
11747,S4,2,stairs,915.0,920.0
11748,S4,2,stairs,920.0,925.0
11749,S4,2,stairs,925.0,930.0
11750,S4,2,stairs,930.0,935.0
11751,S4,2,stairs,935.0,940.0
11752,S4,2,stairs,940.0,945.0
11753,S4,2,stairs,945.0,950.0
11754,S4,2,stairs,950.0,955.0
11755,S4,2,stairs,955.0,960.0
11756,S4,2,stairs,960.0,965.0
11757,S4,2,stairs,965.0,970.0
11758,S4,2,stairs,970.0,975.0
11759,S4,2,stairs,975.0,980.0
11760,S4,2,stairs,980.0,985.0
11761,S4,2,stairs,985.0,990.0
11762,S4,2,stairs,990.0,995.0
11763,S4,2,stairs,995.0,1000.0
11764,S4,2,stairs,1000.0,1005.0
11765,S4,2,stairs,1005.0,1010.0
11766,S4,2,stairs,1010.0,1015.0
11767,S4,2,stairs,1015.0,1020.0
11768,S4,2,stairs,1020.0,1025.0
11769,S4,2,stairs,1025.0,1030.0
11770,S4,2,stairs,1030.0,1035.0
11771,S4,2,stairs,1035.0,1040.0
11772,S4,2,stairs,1040.0,1045.0
11773,S4,2,stairs,1045.0,1050.0
11774,S4,2,stairs,1050.0,1055.0
11775,S4,2,stairs,1055.0,1060.0
11776,S4,2,stairs,1060.0,1065.0
11777,S4,2,stairs,1065.0,1070.0
11778,S4,2,stairs,1070.0,1075.0
11779,S4,2,stairs,1075.0,1080.0
11780,S4,2,stairs,1080.0,1085.0
11781,S4,2,stairs,1085.0,1090.0
11782,S4,2,stairs,1090.0,1095.0
11783,S4,2,stairs,1095.0,1100.0
11784,S4,2,stairs,1100.0,1105.0
11785,S4,2,stairs,1105.0,1110.0
11786,S4,2,stairs,1110.0,1115.0
11787,S4,2,stairs,1115.0,1120.0
11788,S4,2,stairs,1120.0,1125.0
11789,S4,2,stairs,1125.0,1130.0
11790,S4,2,stairs,1130.0,1135.0
11791,S4,2,stairs,1135.0,1140.0
11792,S4,2,stairs,1140.0,1145.0
11793,S4,2,stairs,1145.0,1150.0
11794,S4,2,stairs,1150.0,1155.0
11795,S4,2,stairs,1155.0,1160.0
11796,S4,2,stairs,1160.0,1165.0
11797,S4,2,stairs,1165.0,1170.0
11798,S4,2,stairs,1170.0,1175.0
11799,S4,2,stairs,1175.0,1180.0
11800,S4,2,stairs,1180.0,1185.0
11801,S4,2,stairs,1185.0,1190.0
11802,S4,2,stairs,1190.0,1195.0
11803,S4,2,stairs,1195.0,1200.0
11804,S4,2,stairs,1200.0,1205.0
11805,S4,2,stairs,1205.0,1210.0
11806,S4,2,stairs,1210.0,1215.0
11807,S4,2,stairs,1215.0,1220.0
11808,S4,2,stairs,1220.0,1225.0
11809,S4,2,stairs,1225.0,1230.0
11810,S4,2,stairs,1230.0,1235.0
11811,S4,2,stairs,1235.0,1240.0
11812,S4,2,stairs,1240.0,1245.0
11813,S4,2,stairs,1245.0,1250.0
11814,S4,2,stairs,1250.0,1255.0
11815,S4,2,stairs,1255.0,1260.0
11816,S4,2,stairs,1260.0,1265.0
11817,S4,2,stairs,1265.0,1270.0
11818,S4,2,stairs,1270.0,1275.0
11819,S4,2,stairs,1275.0,1280.0
11820,S4,2,stairs,1280.0,1285.0
11821,S4,2,stairs,1285.0,1290.0
11822,S4,2,stairs,1290.0,1295.0
11823,S4,2,stairs,1295.0,1300.0
11824,S4,2,stairs,1300.0,1305.0
11825,S4,2,stairs,1305.0,1310.0
11826,S4,2,stairs,1310.0,1315.0
11827,S4,2,stairs,1315.0,1320.0
11828,S4,2,stairs,1320.0,1325.0
11829,S4,2,stairs,1325.0,1330.0
11830,S4,2,stairs,1330.0,1335.0
11831,S4,2,stairs,1335.0,1340.0
11832,S4,2,stairs,1340.0,1345.0
11833,S4,2,stairs,1345.0,1350.0
11834,S4,3,table_soccer,1470.0,1475.0
11835,S4,3,table_soccer,1475.0,1480.0
11836,S4,3,table_soccer,1480.0,1485.0
11837,S4,3,table_soccer,1485.0,1490.0
11838,S4,3,table_soccer,1490.0,1495.0
11839,S4,3,table_soccer,1495.0,1500.0
11840,S4,3,table_soccer,1500.0,1505.0
11841,S4,3,table_soccer,1505.0,1510.0
11842,S4,3,table_soccer,1510.0,1515.0
11843,S4,3,table_soccer,1515.0,1520.0
11844,S4,3,table_soccer,1520.0,1525.0
11845,S4,3,table_soccer,1525.0,1530.0
11846,S4,3,table_soccer,1530.0,1535.0
11847,S4,3,table_soccer,1535.0,1540.0
11848,S4,3,table_soccer,1540.0,1545.0
11849,S4,3,table_soccer,1545.0,1550.0
11850,S4,3,table_soccer,1550.0,1555.0
11851,S4,3,table_soccer,1555.0,1560.0
11852,S4,3,table_soccer,1560.0,1565.0
11853,S4,3,table_soccer,1565.0,1570.0
11854,S4,3,table_soccer,1570.0,1575.0
11855,S4,3,table_soccer,1575.0,1580.0
11856,S4,3,table_soccer,1580.0,1585.0
11857,S4,3,table_soccer,1585.0,1590.0
11858,S4,3,table_soccer,1590.0,1595.0
11859,S4,3,table_soccer,1595.0,1600.0
11860,S4,3,table_soccer,1600.0,1605.0
11861,S4,3,table_soccer,1605.0,1610.0
11862,S4,3,table_soccer,1610.0,1615.0
11863,S4,3,table_soccer,1615.0,1620.0
11864,S4,3,table_soccer,1620.0,1625.0
11865,S4,3,table_soccer,1625.0,1630.0
11866,S4,3,table_soccer,1630.0,1635.0
11867,S4,3,table_soccer,1635.0,1640.0
11868,S4,3,table_soccer,1640.0,1645.0
11869,S4,3,table_soccer,1645.0,1650.0
11870,S4,3,table_soccer,1650.0,1655.0
11871,S4,3,table_soccer,1655.0,1660.0
11872,S4,3,table_soccer,1660.0,1665.0
11873,S4,3,table_soccer,1665.0,1670.0
11874,S4,3,table_soccer,1670.0,1675.0
11875,S4,3,table_soccer,1675.0,1680.0
11876,S4,3,table_soccer,1680.0,1685.0
11877,S4,3,table_soccer,1685.0,1690.0
11878,S4,3,table_soccer,1690.0,1695.0
11879,S4,3,table_soccer,1695.0,1700.0
11880,S4,3,table_soccer,1700.0,1705.0
11881,S4,3,table_soccer,1705.0,1710.0
11882,S4,3,table_soccer,1710.0,1715.0
11883,S4,3,table_soccer,1715.0,1720.0
11884,S4,3,table_soccer,1720.0,1725.0
11885,S4,3,table_soccer,1725.0,1730.0
11886,S4,3,table_soccer,1730.0,1735.0
11887,S4,3,table_soccer,1735.0,1740.0
11888,S4,3,table_soccer,1740.0,1745.0
11889,S4,3,table_soccer,1745.0,1750.0
11890,S4,3,table_soccer,1750.0,1755.0
11891,S4,3,table_soccer,1755.0,1760.0
11892,S4,3,table_soccer,1760.0,1765.0
11893,S4,3,table_soccer,1765.0,1770.0
11894,S4,3,table_soccer,1770.0,1775.0
11895,S4,3,table_soccer,1775.0,1780.0
11896,S4,3,table_soccer,1780.0,1785.0
11897,S4,3,table_soccer,1785.0,1790.0
11898,S4,3,table_soccer,1790.0,1795.0
11899,S4,4,cycling,2295.0,2300.0
11900,S4,4,cycling,2300.0,2305.0
11901,S4,4,cycling,2305.0,2310.0
11902,S4,4,cycling,2310.0,2315.0
11903,S4,4,cycling,2315.0,2320.0
11904,S4,4,cycling,2320.0,2325.0
11905,S4,4,cycling,2325.0,2330.0
11906,S4,4,cycling,2330.0,2335.0
11907,S4,4,cycling,2335.0,2340.0
11908,S4,4,cycling,2340.0,2345.0
11909,S4,4,cycling,2345.0,2350.0
11910,S4,4,cycling,2350.0,2355.0
11911,S4,4,cycling,2355.0,2360.0
11912,S4,4,cycling,2360.0,2365.0
11913,S4,4,cycling,2365.0,2370.0
11914,S4,4,cycling,2370.0,2375.0
11915,S4,4,cycling,2375.0,2380.0
11916,S4,4,cycling,2380.0,2385.0
11917,S4,4,cycling,2385.0,2390.0
11918,S4,4,cycling,2390.0,2395.0
11919,S4,4,cycling,2395.0,2400.0
11920,S4,4,cycling,2400.0,2405.0
11921,S4,4,cycling,2405.0,2410.0
11922,S4,4,cycling,2410.0,2415.0
11923,S4,4,cycling,2415.0,2420.0
11924,S4,4,cycling,2420.0,2425.0
11925,S4,4,cycling,2425.0,2430.0
11926,S4,4,cycling,2430.0,2435.0
11927,S4,4,cycling,2435.0,2440.0
11928,S4,4,cycling,2440.0,2445.0
11929,S4,4,cycling,2445.0,2450.0
11930,S4,4,cycling,2450.0,2455.0
11931,S4,4,cycling,2455.0,2460.0
11932,S4,4,cycling,2460.0,2465.0
11933,S4,4,cycling,2465.0,2470.0
11934,S4,4,cycling,2470.0,2475.0
11935,S4,4,cycling,2475.0,2480.0
11936,S4,4,cycling,2480.0,2485.0
11937,S4,4,cycling,2485.0,2490.0
11938,S4,4,cycling,2490.0,2495.0
11939,S4,4,cycling,2495.0,2500.0
11940,S4,4,cycling,2500.0,2505.0
11941,S4,4,cycling,2505.0,2510.0
11942,S4,4,cycling,2510.0,2515.0
11943,S4,4,cycling,2515.0,2520.0
11944,S4,4,cycling,2520.0,2525.0
11945,S4,4,cycling,2525.0,2530.0
11946,S4,4,cycling,2530.0,2535.0
11947,S4,4,cycling,2535.0,2540.0
11948,S4,4,cycling,2540.0,2545.0
11949,S4,4,cycling,2545.0,2550.0
11950,S4,4,cycling,2550.0,2555.0
11951,S4,4,cycling,2555.0,2560.0
11952,S4,4,cycling,2560.0,2565.0
11953,S4,4,cycling,2565.0,2570.0
11954,S4,4,cycling,2570.0,2575.0
11955,S4,4,cycling,2575.0,2580.0
11956,S4,4,cycling,2580.0,2585.0
11957,S4,4,cycling,2585.0,2590.0
11958,S4,4,cycling,2590.0,2595.0
11959,S4,4,cycling,2595.0,2600.0
11960,S4,4,cycling,2600.0,2605.0
11961,S4,4,cycling,2605.0,2610.0
11962,S4,4,cycling,2610.0,2615.0
11963,S4,4,cycling,2615.0,2620.0
11964,S4,4,cycling,2620.0,2625.0
11965,S4,4,cycling,2625.0,2630.0
11966,S4,4,cycling,2630.0,2635.0
11967,S4,4,cycling,2635.0,2640.0
11968,S4,4,cycling,2640.0,2645.0
11969,S4,4,cycling,2645.0,2650.0
11970,S4,4,cycling,2650.0,2655.0
11971,S4,4,cycling,2655.0,2660.0
11972,S4,4,cycling,2660.0,2665.0
11973,S4,4,cycling,2665.0,2670.0
11974,S4,4,cycling,2670.0,2675.0
11975,S4,4,cycling,2675.0,2680.0
11976,S4,4,cycling,2680.0,2685.0
11977,S4,4,cycling,2685.0,2690.0
11978,S4,4,cycling,2690.0,2695.0
11979,S4,4,cycling,2695.0,2700.0
11980,S4,4,cycling,2700.0,2705.0
11981,S4,4,cycling,2705.0,2710.0
11982,S4,4,cycling,2710.0,2715.0
11983,S4,4,cycling,2715.0,2720.0
11984,S4,4,cycling,2720.0,2725.0
11985,S4,4,cycling,2725.0,2730.0
11986,S4,4,cycling,2730.0,2735.0
11987,S4,4,cycling,2735.0,2740.0
11988,S4,4,cycling,2740.0,2745.0
11989,S4,4,cycling,2745.0,2750.0
11990,S4,4,cycling,2750.0,2755.0
11991,S4,4,cycling,2755.0,2760.0
11992,S4,4,cycling,2760.0,2765.0
11993,S4,4,cycling,2765.0,2770.0
11994,S4,5,car_driving,3320.0,3325.0
11995,S4,5,car_driving,3325.0,3330.0
11996,S4,5,car_driving,3330.0,3335.0
11997,S4,5,car_driving,3335.0,3340.0
11998,S4,5,car_driving,3340.0,3345.0
11999,S4,5,car_driving,3345.0,3350.0
12000,S4,5,car_driving,3350.0,3355.0
12001,S4,5,car_driving,3355.0,3360.0
12002,S4,5,car_driving,3360.0,3365.0
12003,S4,5,car_driving,3365.0,3370.0
12004,S4,5,car_driving,3370.0,3375.0
12005,S4,5,car_driving,3375.0,3380.0
12006,S4,5,car_driving,3380.0,3385.0
12007,S4,5,car_driving,3385.0,3390.0
12008,S4,5,car_driving,3390.0,3395.0
12009,S4,5,car_driving,3395.0,3400.0
12010,S4,5,car_driving,3400.0,3405.0
12011,S4,5,car_driving,3405.0,3410.0
12012,S4,5,car_driving,3410.0,3415.0
12013,S4,5,car_driving,3415.0,3420.0
12014,S4,5,car_driving,3420.0,3425.0
12015,S4,5,car_driving,3425.0,3430.0
12016,S4,5,car_driving,3430.0,3435.0
12017,S4,5,car_driving,3435.0,3440.0
12018,S4,5,car_driving,3440.0,3445.0
12019,S4,5,car_driving,3445.0,3450.0
12020,S4,5,car_driving,3450.0,3455.0
12021,S4,5,car_driving,3455.0,3460.0
12022,S4,5,car_driving,3460.0,3465.0
12023,S4,5,car_driving,3465.0,3470.0
12024,S4,5,car_driving,3470.0,3475.0
12025,S4,5,car_driving,3475.0,3480.0
12026,S4,5,car_driving,3480.0,3485.0
12027,S4,5,car_driving,3485.0,3490.0
12028,S4,5,car_driving,3490.0,3495.0
12029,S4,5,car_driving,3495.0,3500.0
12030,S4,5,car_driving,3500.0,3505.0
12031,S4,5,car_driving,3505.0,3510.0
12032,S4,5,car_driving,3510.0,3515.0
12033,S4,5,car_driving,3515.0,3520.0
12034,S4,5,car_driving,3520.0,3525.0
12035,S4,5,car_driving,3525.0,3530.0
12036,S4,5,car_driving,3530.0,3535.0
12037,S4,5,car_driving,3535.0,3540.0
12038,S4,5,car_driving,3540.0,3545.0
12039,S4,5,car_driving,3545.0,3550.0
12040,S4,5,car_driving,3550.0,3555.0
12041,S4,5,car_driving,3555.0,3560.0
12042,S4,5,car_driving,3560.0,3565.0
12043,S4,5,car_driving,3565.0,3570.0
12044,S4,5,car_driving,3570.0,3575.0
12045,S4,5,car_driving,3575.0,3580.0
12046,S4,5,car_driving,3580.0,3585.0
12047,S4,5,car_driving,3585.0,3590.0
12048,S4,5,car_driving,3590.0,3595.0
12049,S4,5,car_driving,3595.0,3600.0
12050,S4,5,car_driving,3600.0,3605.0
12051,S4,5,car_driving,3605.0,3610.0
12052,S4,5,car_driving,3610.0,3615.0
12053,S4,5,car_driving,3615.0,3620.0
12054,S4,5,car_driving,3620.0,3625.0
12055,S4,5,car_driving,3625.0,3630.0
12056,S4,5,car_driving,3630.0,3635.0
12057,S4,5,car_driving,3635.0,3640.0
12058,S4,5,car_driving,3640.0,3645.0
12059,S4,5,car_driving,3645.0,3650.0
12060,S4,5,car_driving,3650.0,3655.0
12061,S4,5,car_driving,3655.0,3660.0
12062,S4,5,car_driving,3660.0,3665.0
12063,S4,5,car_driving,3665.0,3670.0
12064,S4,5,car_driving,3670.0,3675.0
12065,S4,5,car_driving,3675.0,3680.0
12066,S4,5,car_driving,3680.0,3685.0
12067,S4,5,car_driving,3685.0,3690.0
12068,S4,5,car_driving,3690.0,3695.0
12069,S4,5,car_driving,3695.0,3700.0
12070,S4,5,car_driving,3700.0,3705.0
12071,S4,5,car_driving,3705.0,3710.0
12072,S4,5,car_driving,3710.0,3715.0
12073,S4,5,car_driving,3715.0,3720.0
12074,S4,5,car_driving,3720.0,3725.0
12075,S4,5,car_driving,3725.0,3730.0
12076,S4,5,car_driving,3730.0,3735.0
12077,S4,5,car_driving,3735.0,3740.0
12078,S4,5,car_driving,3740.0,3745.0
12079,S4,5,car_driving,3745.0,3750.0
12080,S4,5,car_driving,3750.0,3755.0
12081,S4,5,car_driving,3755.0,3760.0
12082,S4,5,car_driving,3760.0,3765.0
12083,S4,5,car_driving,3765.0,3770.0
12084,S4,5,car_driving,3770.0,3775.0
12085,S4,5,car_driving,3775.0,3780.0
12086,S4,5,car_driving,3780.0,3785.0
12087,S4,5,car_driving,3785.0,3790.0
12088,S4,5,car_driving,3790.0,3795.0
12089,S4,5,car_driving,3795.0,3800.0
12090,S4,5,car_driving,3800.0,3805.0
12091,S4,5,car_driving,3805.0,3810.0
12092,S4,5,car_driving,3810.0,3815.0
12093,S4,5,car_driving,3815.0,3820.0
12094,S4,5,car_driving,3820.0,3825.0
12095,S4,5,car_driving,3825.0,3830.0
12096,S4,5,car_driving,3830.0,3835.0
12097,S4,5,car_driving,3835.0,3840.0
12098,S4,5,car_driving,3840.0,3845.0
12099,S4,5,car_driving,3845.0,3850.0
12100,S4,5,car_driving,3850.0,3855.0
12101,S4,5,car_driving,3855.0,3860.0
12102,S4,5,car_driving,3860.0,3865.0
12103,S4,5,car_driving,3865.0,3870.0
12104,S4,5,car_driving,3870.0,3875.0
12105,S4,5,car_driving,3875.0,3880.0
12106,S4,5,car_driving,3880.0,3885.0
12107,S4,5,car_driving,3885.0,3890.0
12108,S4,5,car_driving,3890.0,3895.0
12109,S4,5,car_driving,3895.0,3900.0
12110,S4,5,car_driving,3900.0,3905.0
12111,S4,5,car_driving,3905.0,3910.0
12112,S4,5,car_driving,3910.0,3915.0
12113,S4,5,car_driving,3915.0,3920.0
12114,S4,5,car_driving,3920.0,3925.0
12115,S4,5,car_driving,3925.0,3930.0
12116,S4,5,car_driving,3930.0,3935.0
12117,S4,5,car_driving,3935.0,3940.0
12118,S4,5,car_driving,3940.0,3945.0
12119,S4,5,car_driving,3945.0,3950.0
12120,S4,5,car_driving,3950.0,3955.0
12121,S4,5,car_driving,3955.0,3960.0
12122,S4,5,car_driving,3960.0,3965.0
12123,S4,5,car_driving,3965.0,3970.0
12124,S4,5,car_driving,3970.0,3975.0
12125,S4,5,car_driving,3975.0,3980.0
12126,S4,5,car_driving,3980.0,3985.0
12127,S4,5,car_driving,3985.0,3990.0
12128,S4,5,car_driving,3990.0,3995.0
12129,S4,5,car_driving,3995.0,4000.0
12130,S4,5,car_driving,4000.0,4005.0
12131,S4,5,car_driving,4005.0,4010.0
12132,S4,5,car_driving,4010.0,4015.0
12133,S4,5,car_driving,4015.0,4020.0
12134,S4,5,car_driving,4020.0,4025.0
12135,S4,5,car_driving,4025.0,4030.0
12136,S4,5,car_driving,4030.0,4035.0
12137,S4,5,car_driving,4035.0,4040.0
12138,S4,5,car_driving,4040.0,4045.0
12139,S4,5,car_driving,4045.0,4050.0
12140,S4,5,car_driving,4050.0,4055.0
12141,S4,5,car_driving,4055.0,4060.0
12142,S4,5,car_driving,4060.0,4065.0
12143,S4,5,car_driving,4065.0,4070.0
12144,S4,5,car_driving,4070.0,4075.0
12145,S4,5,car_driving,4075.0,4080.0
12146,S4,5,car_driving,4080.0,4085.0
12147,S4,5,car_driving,4085.0,4090.0
12148,S4,5,car_driving,4090.0,4095.0
12149,S4,5,car_driving,4095.0,4100.0
12150,S4,5,car_driving,4100.0,4105.0
12151,S4,5,car_driving,4105.0,4110.0
12152,S4,5,car_driving,4110.0,4115.0
12153,S4,5,car_driving,4115.0,4120.0
12154,S4,5,car_driving,4120.0,4125.0
12155,S4,5,car_driving,4125.0,4130.0
12156,S4,5,car_driving,4130.0,4135.0
12157,S4,5,car_driving,4135.0,4140.0
12158,S4,5,car_driving,4140.0,4145.0
12159,S4,5,car_driving,4145.0,4150.0
12160,S4,5,car_driving,4150.0,4155.0
12161,S4,5,car_driving,4155.0,4160.0
12162,S4,5,car_driving,4160.0,4165.0
12163,S4,5,car_driving,4165.0,4170.0
12164,S4,5,car_driving,4170.0,4175.0
12165,S4,5,car_driving,4175.0,4180.0
12166,S4,5,car_driving,4180.0,4185.0
12167,S4,5,car_driving,4185.0,4190.0
12168,S4,5,car_driving,4190.0,4195.0
12169,S4,5,car_driving,4195.0,4200.0
12170,S4,5,car_driving,4200.0,4205.0
12171,S4,5,car_driving,4205.0,4210.0
12172,S4,5,car_driving,4210.0,4215.0
12173,S4,5,car_driving,4215.0,4220.0
12174,S4,5,car_driving,4220.0,4225.0
12175,S4,5,car_driving,4225.0,4230.0
12176,S4,5,car_driving,4230.0,4235.0
12177,S4,5,car_driving,4235.0,4240.0
12178,S4,5,car_driving,4240.0,4245.0
12179,S4,5,car_driving,4245.0,4250.0
12180,S4,5,car_driving,4250.0,4255.0
12181,S4,5,car_driving,4255.0,4260.0
12182,S4,5,car_driving,4260.0,4265.0
12183,S4,5,car_driving,4265.0,4270.0
12184,S4,5,car_driving,4270.0,4275.0
12185,S4,5,car_driving,4275.0,4280.0
12186,S4,5,car_driving,4280.0,4285.0
12187,S4,5,car_driving,4285.0,4290.0
12188,S4,5,car_driving,4290.0,4295.0
12189,S4,5,car_driving,4295.0,4300.0
12190,S4,5,car_driving,4300.0,4305.0
12191,S4,5,car_driving,4305.0,4310.0
12192,S4,5,car_driving,4310.0,4315.0
12193,S4,5,car_driving,4315.0,4320.0
12194,S4,6,lunch_break,4975.0,4980.0
12195,S4,6,lunch_break,4980.0,4985.0
12196,S4,6,lunch_break,4985.0,4990.0
12197,S4,6,lunch_break,4990.0,4995.0
12198,S4,6,lunch_break,4995.0,5000.0
12199,S4,6,lunch_break,5000.0,5005.0
12200,S4,6,lunch_break,5005.0,5010.0
12201,S4,6,lunch_break,5010.0,5015.0
12202,S4,6,lunch_break,5015.0,5020.0
12203,S4,6,lunch_break,5020.0,5025.0
12204,S4,6,lunch_break,5025.0,5030.0
12205,S4,6,lunch_break,5030.0,5035.0
12206,S4,6,lunch_break,5035.0,5040.0
12207,S4,6,lunch_break,5040.0,5045.0
12208,S4,6,lunch_break,5045.0,5050.0
12209,S4,6,lunch_break,5050.0,5055.0
12210,S4,6,lunch_break,5055.0,5060.0
12211,S4,6,lunch_break,5060.0,5065.0
12212,S4,6,lunch_break,5065.0,5070.0
12213,S4,6,lunch_break,5070.0,5075.0
12214,S4,6,lunch_break,5075.0,5080.0
12215,S4,6,lunch_break,5080.0,5085.0
12216,S4,6,lunch_break,5085.0,5090.0
12217,S4,6,lunch_break,5090.0,5095.0
12218,S4,6,lunch_break,5095.0,5100.0
12219,S4,6,lunch_break,5100.0,5105.0
12220,S4,6,lunch_break,5105.0,5110.0
12221,S4,6,lunch_break,5110.0,5115.0
12222,S4,6,lunch_break,5115.0,5120.0
12223,S4,6,lunch_break,5120.0,5125.0
12224,S4,6,lunch_break,5125.0,5130.0
12225,S4,6,lunch_break,5130.0,5135.0
12226,S4,6,lunch_break,5135.0,5140.0
12227,S4,6,lunch_break,5140.0,5145.0
12228,S4,6,lunch_break,5145.0,5150.0
12229,S4,6,lunch_break,5150.0,5155.0
12230,S4,6,lunch_break,5155.0,5160.0
12231,S4,6,lunch_break,5160.0,5165.0
12232,S4,6,lunch_break,5165.0,5170.0
12233,S4,6,lunch_break,5170.0,5175.0
12234,S4,6,lunch_break,5175.0,5180.0
12235,S4,6,lunch_break,5180.0,5185.0
12236,S4,6,lunch_break,5185.0,5190.0
12237,S4,6,lunch_break,5190.0,5195.0
12238,S4,6,lunch_break,5195.0,5200.0
12239,S4,6,lunch_break,5200.0,5205.0
12240,S4,6,lunch_break,5205.0,5210.0
12241,S4,6,lunch_break,5210.0,5215.0
12242,S4,6,lunch_break,5215.0,5220.0
12243,S4,6,lunch_break,5220.0,5225.0
12244,S4,6,lunch_break,5225.0,5230.0
12245,S4,6,lunch_break,5230.0,5235.0
12246,S4,6,lunch_break,5235.0,5240.0
12247,S4,6,lunch_break,5240.0,5245.0
12248,S4,6,lunch_break,5245.0,5250.0
12249,S4,6,lunch_break,5250.0,5255.0
12250,S4,6,lunch_break,5255.0,5260.0
12251,S4,6,lunch_break,5260.0,5265.0
12252,S4,6,lunch_break,5265.0,5270.0
12253,S4,6,lunch_break,5270.0,5275.0
12254,S4,6,lunch_break,5275.0,5280.0
12255,S4,6,lunch_break,5280.0,5285.0
12256,S4,6,lunch_break,5285.0,5290.0
12257,S4,6,lunch_break,5290.0,5295.0
12258,S4,6,lunch_break,5295.0,5300.0
12259,S4,6,lunch_break,5300.0,5305.0
12260,S4,6,lunch_break,5305.0,5310.0
12261,S4,6,lunch_break,5310.0,5315.0
12262,S4,6,lunch_break,5315.0,5320.0
12263,S4,6,lunch_break,5320.0,5325.0
12264,S4,6,lunch_break,5325.0,5330.0
12265,S4,6,lunch_break,5330.0,5335.0
12266,S4,6,lunch_break,5335.0,5340.0
12267,S4,6,lunch_break,5340.0,5345.0
12268,S4,6,lunch_break,5345.0,5350.0
12269,S4,6,lunch_break,5350.0,5355.0
12270,S4,6,lunch_break,5355.0,5360.0
12271,S4,6,lunch_break,5360.0,5365.0
12272,S4,6,lunch_break,5365.0,5370.0
12273,S4,6,lunch_break,5370.0,5375.0
12274,S4,6,lunch_break,5375.0,5380.0
12275,S4,6,lunch_break,5380.0,5385.0
12276,S4,6,lunch_break,5385.0,5390.0
12277,S4,6,lunch_break,5390.0,5395.0
12278,S4,6,lunch_break,5395.0,5400.0
12279,S4,6,lunch_break,5400.0,5405.0
12280,S4,6,lunch_break,5405.0,5410.0
12281,S4,6,lunch_break,5410.0,5415.0
12282,S4,6,lunch_break,5415.0,5420.0
12283,S4,6,lunch_break,5420.0,5425.0
12284,S4,6,lunch_break,5425.0,5430.0
12285,S4,6,lunch_break,5430.0,5435.0
12286,S4,6,lunch_break,5435.0,5440.0
12287,S4,6,lunch_break,5440.0,5445.0
12288,S4,6,lunch_break,5445.0,5450.0
12289,S4,6,lunch_break,5450.0,5455.0
12290,S4,6,lunch_break,5455.0,5460.0
12291,S4,6,lunch_break,5460.0,5465.0
12292,S4,6,lunch_break,5465.0,5470.0
12293,S4,6,lunch_break,5470.0,5475.0
12294,S4,6,lunch_break,5475.0,5480.0
12295,S4,6,lunch_break,5480.0,5485.0
12296,S4,6,lunch_break,5485.0,5490.0
12297,S4,6,lunch_break,5490.0,5495.0
12298,S4,6,lunch_break,5495.0,5500.0
12299,S4,6,lunch_break,5500.0,5505.0
12300,S4,6,lunch_break,5505.0,5510.0
12301,S4,6,lunch_break,5510.0,5515.0
12302,S4,6,lunch_break,5515.0,5520.0
12303,S4,6,lunch_break,5520.0,5525.0
12304,S4,6,lunch_break,5525.0,5530.0
12305,S4,6,lunch_break,5530.0,5535.0
12306,S4,6,lunch_break,5535.0,5540.0
12307,S4,6,lunch_break,5540.0,5545.0
12308,S4,6,lunch_break,5545.0,5550.0
12309,S4,6,lunch_break,5550.0,5555.0
12310,S4,6,lunch_break,5555.0,5560.0
12311,S4,6,lunch_break,5560.0,5565.0
12312,S4,6,lunch_break,5565.0,5570.0
12313,S4,6,lunch_break,5570.0,5575.0
12314,S4,6,lunch_break,5575.0,5580.0
12315,S4,6,lunch_break,5580.0,5585.0
12316,S4,6,lunch_break,5585.0,5590.0
12317,S4,6,lunch_break,5590.0,5595.0
12318,S4,6,lunch_break,5595.0,5600.0
12319,S4,6,lunch_break,5600.0,5605.0
12320,S4,6,lunch_break,5605.0,5610.0
12321,S4,6,lunch_break,5610.0,5615.0
12322,S4,6,lunch_break,5615.0,5620.0
12323,S4,6,lunch_break,5620.0,5625.0
12324,S4,6,lunch_break,5625.0,5630.0
12325,S4,6,lunch_break,5630.0,5635.0
12326,S4,6,lunch_break,5635.0,5640.0
12327,S4,6,lunch_break,5640.0,5645.0
12328,S4,6,lunch_break,5645.0,5650.0
12329,S4,6,lunch_break,5650.0,5655.0
12330,S4,6,lunch_break,5655.0,5660.0
12331,S4,6,lunch_break,5660.0,5665.0
12332,S4,6,lunch_break,5665.0,5670.0
12333,S4,6,lunch_break,5670.0,5675.0
12334,S4,6,lunch_break,5675.0,5680.0
12335,S4,6,lunch_break,5680.0,5685.0
12336,S4,6,lunch_break,5685.0,5690.0
12337,S4,6,lunch_break,5690.0,5695.0
12338,S4,6,lunch_break,5695.0,5700.0
12339,S4,6,lunch_break,5700.0,5705.0
12340,S4,6,lunch_break,5705.0,5710.0
12341,S4,6,lunch_break,5710.0,5715.0
12342,S4,6,lunch_break,5715.0,5720.0
12343,S4,6,lunch_break,5720.0,5725.0
12344,S4,6,lunch_break,5725.0,5730.0
12345,S4,6,lunch_break,5730.0,5735.0
12346,S4,6,lunch_break,5735.0,5740.0
12347,S4,6,lunch_break,5740.0,5745.0
12348,S4,6,lunch_break,5745.0,5750.0
12349,S4,6,lunch_break,5750.0,5755.0
12350,S4,6,lunch_break,5755.0,5760.0
12351,S4,6,lunch_break,5760.0,5765.0
12352,S4,6,lunch_break,5765.0,5770.0
12353,S4,6,lunch_break,5770.0,5775.0
12354,S4,6,lunch_break,5775.0,5780.0
12355,S4,6,lunch_break,5780.0,5785.0
12356,S4,6,lunch_break,5785.0,5790.0
12357,S4,6,lunch_break,5790.0,5795.0
12358,S4,6,lunch_break,5795.0,5800.0
12359,S4,6,lunch_break,5800.0,5805.0
12360,S4,6,lunch_break,5805.0,5810.0
12361,S4,6,lunch_break,5810.0,5815.0
12362,S4,6,lunch_break,5815.0,5820.0
12363,S4,6,lunch_break,5820.0,5825.0
12364,S4,6,lunch_break,5825.0,5830.0
12365,S4,6,lunch_break,5830.0,5835.0
12366,S4,6,lunch_break,5835.0,5840.0
12367,S4,6,lunch_break,5840.0,5845.0
12368,S4,6,lunch_break,5845.0,5850.0
12369,S4,6,lunch_break,5850.0,5855.0
12370,S4,6,lunch_break,5855.0,5860.0
12371,S4,6,lunch_break,5860.0,5865.0
12372,S4,6,lunch_break,5865.0,5870.0
12373,S4,6,lunch_break,5870.0,5875.0
12374,S4,6,lunch_break,5875.0,5880.0
12375,S4,6,lunch_break,5880.0,5885.0
12376,S4,6,lunch_break,5885.0,5890.0
12377,S4,6,lunch_break,5890.0,5895.0
12378,S4,6,lunch_break,5895.0,5900.0
12379,S4,6,lunch_break,5900.0,5905.0
12380,S4,6,lunch_break,5905.0,5910.0
12381,S4,6,lunch_break,5910.0,5915.0
12382,S4,6,lunch_break,5915.0,5920.0
12383,S4,6,lunch_break,5920.0,5925.0
12384,S4,6,lunch_break,5925.0,5930.0
12385,S4,6,lunch_break,5930.0,5935.0
12386,S4,6,lunch_break,5935.0,5940.0
12387,S4,6,lunch_break,5940.0,5945.0
12388,S4,6,lunch_break,5945.0,5950.0
12389,S4,6,lunch_break,5950.0,5955.0
12390,S4,6,lunch_break,5955.0,5960.0
12391,S4,6,lunch_break,5960.0,5965.0
12392,S4,6,lunch_break,5965.0,5970.0
12393,S4,6,lunch_break,5970.0,5975.0
12394,S4,6,lunch_break,5975.0,5980.0
12395,S4,6,lunch_break,5980.0,5985.0
12396,S4,6,lunch_break,5985.0,5990.0
12397,S4,6,lunch_break,5990.0,5995.0
12398,S4,6,lunch_break,5995.0,6000.0
12399,S4,6,lunch_break,6000.0,6005.0
12400,S4,6,lunch_break,6005.0,6010.0
12401,S4,6,lunch_break,6010.0,6015.0
12402,S4,6,lunch_break,6015.0,6020.0
12403,S4,6,lunch_break,6020.0,6025.0
12404,S4,6,lunch_break,6025.0,6030.0
12405,S4,6,lunch_break,6030.0,6035.0
12406,S4,6,lunch_break,6035.0,6040.0
12407,S4,6,lunch_break,6040.0,6045.0
12408,S4,6,lunch_break,6045.0,6050.0
12409,S4,6,lunch_break,6050.0,6055.0
12410,S4,6,lunch_break,6055.0,6060.0
12411,S4,6,lunch_break,6060.0,6065.0
12412,S4,6,lunch_break,6065.0,6070.0
12413,S4,6,lunch_break,6070.0,6075.0
12414,S4,6,lunch_break,6075.0,6080.0
12415,S4,6,lunch_break,6080.0,6085.0
12416,S4,6,lunch_break,6085.0,6090.0
12417,S4,6,lunch_break,6090.0,6095.0
12418,S4,6,lunch_break,6095.0,6100.0
12419,S4,6,lunch_break,6100.0,6105.0
12420,S4,6,lunch_break,6105.0,6110.0
12421,S4,6,lunch_break,6110.0,6115.0
12422,S4,6,lunch_break,6115.0,6120.0
12423,S4,6,lunch_break,6120.0,6125.0
12424,S4,6,lunch_break,6125.0,6130.0
12425,S4,6,lunch_break,6130.0,6135.0
12426,S4,6,lunch_break,6135.0,6140.0
12427,S4,6,lunch_break,6140.0,6145.0
12428,S4,6,lunch_break,6145.0,6150.0
12429,S4,6,lunch_break,6150.0,6155.0
12430,S4,6,lunch_break,6155.0,6160.0
12431,S4,6,lunch_break,6160.0,6165.0
12432,S4,6,lunch_break,6165.0,6170.0
12433,S4,6,lunch_break,6170.0,6175.0
12434,S4,6,lunch_break,6175.0,6180.0
12435,S4,6,lunch_break,6180.0,6185.0
12436,S4,6,lunch_break,6185.0,6190.0
12437,S4,6,lunch_break,6190.0,6195.0
12438,S4,6,lunch_break,6195.0,6200.0
12439,S4,6,lunch_break,6200.0,6205.0
12440,S4,6,lunch_break,6205.0,6210.0
12441,S4,6,lunch_break,6210.0,6215.0
12442,S4,6,lunch_break,6215.0,6220.0
12443,S4,6,lunch_break,6220.0,6225.0
12444,S4,6,lunch_break,6225.0,6230.0
12445,S4,6,lunch_break,6230.0,6235.0
12446,S4,6,lunch_break,6235.0,6240.0
12447,S4,6,lunch_break,6240.0,6245.0
12448,S4,6,lunch_break,6245.0,6250.0
12449,S4,6,lunch_break,6250.0,6255.0
12450,S4,6,lunch_break,6255.0,6260.0
12451,S4,6,lunch_break,6260.0,6265.0
12452,S4,6,lunch_break,6265.0,6270.0
12453,S4,6,lunch_break,6270.0,6275.0
12454,S4,6,lunch_break,6275.0,6280.0
12455,S4,6,lunch_break,6280.0,6285.0
12456,S4,6,lunch_break,6285.0,6290.0
12457,S4,6,lunch_break,6290.0,6295.0
12458,S4,6,lunch_break,6295.0,6300.0
12459,S4,6,lunch_break,6300.0,6305.0
12460,S4,6,lunch_break,6305.0,6310.0
12461,S4,6,lunch_break,6310.0,6315.0
12462,S4,6,lunch_break,6315.0,6320.0
12463,S4,6,lunch_break,6320.0,6325.0
12464,S4,6,lunch_break,6325.0,6330.0
12465,S4,6,lunch_break,6330.0,6335.0
12466,S4,6,lunch_break,6335.0,6340.0
12467,S4,6,lunch_break,6340.0,6345.0
12468,S4,6,lunch_break,6345.0,6350.0
12469,S4,6,lunch_break,6350.0,6355.0
12470,S4,6,lunch_break,6355.0,6360.0
12471,S4,6,lunch_break,6360.0,6365.0
12472,S4,6,lunch_break,6365.0,6370.0
12473,S4,6,lunch_break,6370.0,6375.0
12474,S4,6,lunch_break,6375.0,6380.0
12475,S4,6,lunch_break,6380.0,6385.0
12476,S4,6,lunch_break,6385.0,6390.0
12477,S4,6,lunch_break,6390.0,6395.0
12478,S4,6,lunch_break,6395.0,6400.0
12479,S4,6,lunch_break,6400.0,6405.0
12480,S4,6,lunch_break,6405.0,6410.0
12481,S4,6,lunch_break,6410.0,6415.0
12482,S4,6,lunch_break,6415.0,6420.0
12483,S4,6,lunch_break,6420.0,6425.0
12484,S4,6,lunch_break,6425.0,6430.0
12485,S4,6,lunch_break,6430.0,6435.0
12486,S4,6,lunch_break,6435.0,6440.0
12487,S4,6,lunch_break,6440.0,6445.0
12488,S4,6,lunch_break,6445.0,6450.0
12489,S4,6,lunch_break,6450.0,6455.0
12490,S4,6,lunch_break,6455.0,6460.0
12491,S4,6,lunch_break,6460.0,6465.0
12492,S4,6,lunch_break,6465.0,6470.0
12493,S4,6,lunch_break,6470.0,6475.0
12494,S4,6,lunch_break,6475.0,6480.0
12495,S4,6,lunch_break,6480.0,6485.0
12496,S4,6,lunch_break,6485.0,6490.0
12497,S4,6,lunch_break,6490.0,6495.0
12498,S4,6,lunch_break,6495.0,6500.0
12499,S4,6,lunch_break,6500.0,6505.0
12500,S4,6,lunch_break,6505.0,6510.0
12501,S4,6,lunch_break,6510.0,6515.0
12502,S4,6,lunch_break,6515.0,6520.0
12503,S4,6,lunch_break,6520.0,6525.0
12504,S4,6,lunch_break,6525.0,6530.0
12505,S4,6,lunch_break,6530.0,6535.0
12506,S4,6,lunch_break,6535.0,6540.0
12507,S4,6,lunch_break,6540.0,6545.0
12508,S4,6,lunch_break,6545.0,6550.0
12509,S4,6,lunch_break,6550.0,6555.0
12510,S4,6,lunch_break,6555.0,6560.0
12511,S4,6,lunch_break,6560.0,6565.0
12512,S4,6,lunch_break,6565.0,6570.0
12513,S4,6,lunch_break,6570.0,6575.0
12514,S4,6,lunch_break,6575.0,6580.0
12515,S4,6,lunch_break,6580.0,6585.0
12516,S4,6,lunch_break,6585.0,6590.0
12517,S4,6,lunch_break,6590.0,6595.0
12518,S4,6,lunch_break,6595.0,6600.0
12519,S4,6,lunch_break,6600.0,6605.0
12520,S4,6,lunch_break,6605.0,6610.0
12521,S4,6,lunch_break,6610.0,6615.0
12522,S4,6,lunch_break,6615.0,6620.0
12523,S4,6,lunch_break,6620.0,6625.0
12524,S4,6,lunch_break,6625.0,6630.0
12525,S4,6,lunch_break,6630.0,6635.0
12526,S4,6,lunch_break,6635.0,6640.0
12527,S4,6,lunch_break,6640.0,6645.0
12528,S4,6,lunch_break,6645.0,6650.0
12529,S4,6,lunch_break,6650.0,6655.0
12530,S4,6,lunch_break,6655.0,6660.0
12531,S4,6,lunch_break,6660.0,6665.0
12532,S4,6,lunch_break,6665.0,6670.0
12533,S4,6,lunch_break,6670.0,6675.0
12534,S4,6,lunch_break,6675.0,6680.0
12535,S4,6,lunch_break,6680.0,6685.0
12536,S4,6,lunch_break,6685.0,6690.0
12537,S4,6,lunch_break,6690.0,6695.0
12538,S4,6,lunch_break,6695.0,6700.0
12539,S4,6,lunch_break,6700.0,6705.0
12540,S4,6,lunch_break,6705.0,6710.0
12541,S4,6,lunch_break,6710.0,6715.0
12542,S4,6,lunch_break,6715.0,6720.0
12543,S4,6,lunch_break,6720.0,6725.0
12544,S4,6,lunch_break,6725.0,6730.0
12545,S4,6,lunch_break,6730.0,6735.0
12546,S4,6,lunch_break,6735.0,6740.0
12547,S4,6,lunch_break,6740.0,6745.0
12548,S4,6,lunch_break,6745.0,6750.0
12549,S4,6,lunch_break,6750.0,6755.0
12550,S4,6,lunch_break,6755.0,6760.0
12551,S4,6,lunch_break,6760.0,6765.0
12552,S4,6,lunch_break,6765.0,6770.0
12553,S4,6,lunch_break,6770.0,6775.0
12554,S4,6,lunch_break,6775.0,6780.0
12555,S4,6,lunch_break,6780.0,6785.0
12556,S4,6,lunch_break,6785.0,6790.0
12557,S4,6,lunch_break,6790.0,6795.0
12558,S4,6,lunch_break,6795.0,6800.0
12559,S4,6,lunch_break,6800.0,6805.0
12560,S4,6,lunch_break,6805.0,6810.0
12561,S4,6,lunch_break,6810.0,6815.0
12562,S4,6,lunch_break,6815.0,6820.0
12563,S4,6,lunch_break,6820.0,6825.0
12564,S4,6,lunch_break,6825.0,6830.0
12565,S4,6,lunch_break,6830.0,6835.0
12566,S4,6,lunch_break,6835.0,6840.0
12567,S4,6,lunch_break,6840.0,6845.0
12568,S4,6,lunch_break,6845.0,6850.0
12569,S4,6,lunch_break,6850.0,6855.0
12570,S4,6,lunch_break,6855.0,6860.0
12571,S4,6,lunch_break,6860.0,6865.0
12572,S4,6,lunch_break,6865.0,6870.0
12573,S4,7,walking,6875.0,6880.0
12574,S4,7,walking,6880.0,6885.0
12575,S4,7,walking,6885.0,6890.0
12576,S4,7,walking,6890.0,6895.0
12577,S4,7,walking,6895.0,6900.0
12578,S4,7,walking,6900.0,6905.0
12579,S4,7,walking,6905.0,6910.0
12580,S4,7,walking,6910.0,6915.0
12581,S4,7,walking,6915.0,6920.0
12582,S4,7,walking,6920.0,6925.0
12583,S4,7,walking,6925.0,6930.0
12584,S4,7,walking,6930.0,6935.0
12585,S4,7,walking,6935.0,6940.0
12586,S4,7,walking,6940.0,6945.0
12587,S4,7,walking,6945.0,6950.0
12588,S4,7,walking,6950.0,6955.0
12589,S4,7,walking,6955.0,6960.0
12590,S4,7,walking,6960.0,6965.0
12591,S4,7,walking,6965.0,6970.0
12592,S4,7,walking,6970.0,6975.0
12593,S4,7,walking,6975.0,6980.0
12594,S4,7,walking,6980.0,6985.0
12595,S4,7,walking,6985.0,6990.0
12596,S4,7,walking,6990.0,6995.0
12597,S4,7,walking,6995.0,7000.0
12598,S4,7,walking,7000.0,7005.0
12599,S4,7,walking,7005.0,7010.0
12600,S4,7,walking,7010.0,7015.0
12601,S4,7,walking,7015.0,7020.0
12602,S4,7,walking,7020.0,7025.0
12603,S4,7,walking,7025.0,7030.0
12604,S4,7,walking,7030.0,7035.0
12605,S4,7,walking,7035.0,7040.0
12606,S4,7,walking,7040.0,7045.0
12607,S4,7,walking,7045.0,7050.0
12608,S4,7,walking,7050.0,7055.0
12609,S4,7,walking,7055.0,7060.0
12610,S4,7,walking,7060.0,7065.0
12611,S4,7,walking,7065.0,7070.0
12612,S4,7,walking,7070.0,7075.0
12613,S4,7,walking,7075.0,7080.0
12614,S4,7,walking,7080.0,7085.0
12615,S4,7,walking,7085.0,7090.0
12616,S4,7,walking,7090.0,7095.0
12617,S4,7,walking,7095.0,7100.0
12618,S4,7,walking,7100.0,7105.0
12619,S4,7,walking,7105.0,7110.0
12620,S4,7,walking,7110.0,7115.0
12621,S4,7,walking,7115.0,7120.0
12622,S4,7,walking,7120.0,7125.0
12623,S4,7,walking,7125.0,7130.0
12624,S4,7,walking,7130.0,7135.0
12625,S4,7,walking,7135.0,7140.0
12626,S4,7,walking,7140.0,7145.0
12627,S4,7,walking,7145.0,7150.0
12628,S4,7,walking,7150.0,7155.0
12629,S4,7,walking,7155.0,7160.0
12630,S4,7,walking,7160.0,7165.0
12631,S4,7,walking,7165.0,7170.0
12632,S4,7,walking,7170.0,7175.0
12633,S4,7,walking,7175.0,7180.0
12634,S4,7,walking,7180.0,7185.0
12635,S4,7,walking,7185.0,7190.0
12636,S4,7,walking,7190.0,7195.0
12637,S4,7,walking,7195.0,7200.0
12638,S4,7,walking,7200.0,7205.0
12639,S4,7,walking,7205.0,7210.0
12640,S4,7,walking,7210.0,7215.0
12641,S4,7,walking,7215.0,7220.0
12642,S4,7,walking,7220.0,7225.0
12643,S4,7,walking,7225.0,7230.0
12644,S4,7,walking,7230.0,7235.0
12645,S4,7,walking,7235.0,7240.0
12646,S4,7,walking,7240.0,7245.0
12647,S4,7,walking,7245.0,7250.0
12648,S4,7,walking,7250.0,7255.0
12649,S4,7,walking,7255.0,7260.0
12650,S4,7,walking,7260.0,7265.0
12651,S4,7,walking,7265.0,7270.0
12652,S4,7,walking,7270.0,7275.0
12653,S4,7,walking,7275.0,7280.0
12654,S4,7,walking,7280.0,7285.0
12655,S4,7,walking,7285.0,7290.0
12656,S4,7,walking,7290.0,7295.0
12657,S4,7,walking,7295.0,7300.0
12658,S4,7,walking,7300.0,7305.0
12659,S4,7,walking,7305.0,7310.0
12660,S4,7,walking,7310.0,7315.0
12661,S4,7,walking,7315.0,7320.0
12662,S4,7,walking,7320.0,7325.0
12663,S4,7,walking,7325.0,7330.0
12664,S4,7,walking,7330.0,7335.0
12665,S4,7,walking,7335.0,7340.0
12666,S4,7,walking,7340.0,7345.0
12667,S4,7,walking,7345.0,7350.0
12668,S4,7,walking,7350.0,7355.0
12669,S4,7,walking,7355.0,7360.0
12670,S4,7,walking,7360.0,7365.0
12671,S4,7,walking,7365.0,7370.0
12672,S4,7,walking,7370.0,7375.0
12673,S4,7,walking,7375.0,7380.0
12674,S4,7,walking,7380.0,7385.0
12675,S4,7,walking,7385.0,7390.0
12676,S4,7,walking,7390.0,7395.0
12677,S4,7,walking,7395.0,7400.0
12678,S4,7,walking,7400.0,7405.0
12679,S4,7,walking,7405.0,7410.0
12680,S4,7,walking,7410.0,7415.0
12681,S4,7,walking,7415.0,7420.0
12682,S4,7,walking,7420.0,7425.0
12683,S4,7,walking,7425.0,7430.0
12684,S4,7,walking,7430.0,7435.0
12685,S4,7,walking,7435.0,7440.0
12686,S4,7,walking,7440.0,7445.0
12687,S4,7,walking,7445.0,7450.0
12688,S4,7,walking,7450.0,7455.0
12689,S4,7,walking,7455.0,7460.0
12690,S4,7,walking,7460.0,7465.0
12691,S4,8,working,7650.0,7655.0
12692,S4,8,working,7655.0,7660.0
12693,S4,8,working,7660.0,7665.0
12694,S4,8,working,7665.0,7670.0
12695,S4,8,working,7670.0,7675.0
12696,S4,8,working,7675.0,7680.0
12697,S4,8,working,7680.0,7685.0
12698,S4,8,working,7685.0,7690.0
12699,S4,8,working,7690.0,7695.0
12700,S4,8,working,7695.0,7700.0
12701,S4,8,working,7700.0,7705.0
12702,S4,8,working,7705.0,7710.0
12703,S4,8,working,7710.0,7715.0
12704,S4,8,working,7715.0,7720.0
12705,S4,8,working,7720.0,7725.0
12706,S4,8,working,7725.0,7730.0
12707,S4,8,working,7730.0,7735.0
12708,S4,8,working,7735.0,7740.0
12709,S4,8,working,7740.0,7745.0
12710,S4,8,working,7745.0,7750.0
12711,S4,8,working,7750.0,7755.0
12712,S4,8,working,7755.0,7760.0
12713,S4,8,working,7760.0,7765.0
12714,S4,8,working,7765.0,7770.0
12715,S4,8,working,7770.0,7775.0
12716,S4,8,working,7775.0,7780.0
12717,S4,8,working,7780.0,7785.0
12718,S4,8,working,7785.0,7790.0
12719,S4,8,working,7790.0,7795.0
12720,S4,8,working,7795.0,7800.0
12721,S4,8,working,7800.0,7805.0
12722,S4,8,working,7805.0,7810.0
12723,S4,8,working,7810.0,7815.0
12724,S4,8,working,7815.0,7820.0
12725,S4,8,working,7820.0,7825.0
12726,S4,8,working,7825.0,7830.0
12727,S4,8,working,7830.0,7835.0
12728,S4,8,working,7835.0,7840.0
12729,S4,8,working,7840.0,7845.0
12730,S4,8,working,7845.0,7850.0
12731,S4,8,working,7850.0,7855.0
12732,S4,8,working,7855.0,7860.0
12733,S4,8,working,7860.0,7865.0
12734,S4,8,working,7865.0,7870.0
12735,S4,8,working,7870.0,7875.0
12736,S4,8,working,7875.0,7880.0
12737,S4,8,working,7880.0,7885.0
12738,S4,8,working,7885.0,7890.0
12739,S4,8,working,7890.0,7895.0
12740,S4,8,working,7895.0,7900.0
12741,S4,8,working,7900.0,7905.0
12742,S4,8,working,7905.0,7910.0
12743,S4,8,working,7910.0,7915.0
12744,S4,8,working,7915.0,7920.0
12745,S4,8,working,7920.0,7925.0
12746,S4,8,working,7925.0,7930.0
12747,S4,8,working,7930.0,7935.0
12748,S4,8,working,7935.0,7940.0
12749,S4,8,working,7940.0,7945.0
12750,S4,8,working,7945.0,7950.0
12751,S4,8,working,7950.0,7955.0
12752,S4,8,working,7955.0,7960.0
12753,S4,8,working,7960.0,7965.0
12754,S4,8,working,7965.0,7970.0
12755,S4,8,working,7970.0,7975.0
12756,S4,8,working,7975.0,7980.0
12757,S4,8,working,7980.0,7985.0
12758,S4,8,working,7985.0,7990.0
12759,S4,8,working,7990.0,7995.0
12760,S4,8,working,7995.0,8000.0
12761,S4,8,working,8000.0,8005.0
12762,S4,8,working,8005.0,8010.0
12763,S4,8,working,8010.0,8015.0
12764,S4,8,working,8015.0,8020.0
12765,S4,8,working,8020.0,8025.0
12766,S4,8,working,8025.0,8030.0
12767,S4,8,working,8030.0,8035.0
12768,S4,8,working,8035.0,8040.0
12769,S4,8,working,8040.0,8045.0
12770,S4,8,working,8045.0,8050.0
12771,S4,8,working,8050.0,8055.0
12772,S4,8,working,8055.0,8060.0
12773,S4,8,working,8060.0,8065.0
12774,S4,8,working,8065.0,8070.0
12775,S4,8,working,8070.0,8075.0
12776,S4,8,working,8075.0,8080.0
12777,S4,8,working,8080.0,8085.0
12778,S4,8,working,8085.0,8090.0
12779,S4,8,working,8090.0,8095.0
12780,S4,8,working,8095.0,8100.0
12781,S4,8,working,8100.0,8105.0
12782,S4,8,working,8105.0,8110.0
12783,S4,8,working,8110.0,8115.0
12784,S4,8,working,8115.0,8120.0
12785,S4,8,working,8120.0,8125.0
12786,S4,8,working,8125.0,8130.0
12787,S4,8,working,8130.0,8135.0
12788,S4,8,working,8135.0,8140.0
12789,S4,8,working,8140.0,8145.0
12790,S4,8,working,8145.0,8150.0
12791,S4,8,working,8150.0,8155.0
12792,S4,8,working,8155.0,8160.0
12793,S4,8,working,8160.0,8165.0
12794,S4,8,working,8165.0,8170.0
12795,S4,8,working,8170.0,8175.0
12796,S4,8,working,8175.0,8180.0
12797,S4,8,working,8180.0,8185.0
12798,S4,8,working,8185.0,8190.0
12799,S4,8,working,8190.0,8195.0
12800,S4,8,working,8195.0,8200.0
12801,S4,8,working,8200.0,8205.0
12802,S4,8,working,8205.0,8210.0
12803,S4,8,working,8210.0,8215.0
12804,S4,8,working,8215.0,8220.0
12805,S4,8,working,8220.0,8225.0
12806,S4,8,working,8225.0,8230.0
12807,S4,8,working,8230.0,8235.0
12808,S4,8,working,8235.0,8240.0
12809,S4,8,working,8240.0,8245.0
12810,S4,8,working,8245.0,8250.0
12811,S4,8,working,8250.0,8255.0
12812,S4,8,working,8255.0,8260.0
12813,S4,8,working,8260.0,8265.0
12814,S4,8,working,8265.0,8270.0
12815,S4,8,working,8270.0,8275.0
12816,S4,8,working,8275.0,8280.0
12817,S4,8,working,8280.0,8285.0
12818,S4,8,working,8285.0,8290.0
12819,S4,8,working,8290.0,8295.0
12820,S4,8,working,8295.0,8300.0
12821,S4,8,working,8300.0,8305.0
12822,S4,8,working,8305.0,8310.0
12823,S4,8,working,8310.0,8315.0
12824,S4,8,working,8315.0,8320.0
12825,S4,8,working,8320.0,8325.0
12826,S4,8,working,8325.0,8330.0
12827,S4,8,working,8330.0,8335.0
12828,S4,8,working,8335.0,8340.0
12829,S4,8,working,8340.0,8345.0
12830,S4,8,working,8345.0,8350.0
12831,S4,8,working,8350.0,8355.0
12832,S4,8,working,8355.0,8360.0
12833,S4,8,working,8360.0,8365.0
12834,S4,8,working,8365.0,8370.0
12835,S4,8,working,8370.0,8375.0
12836,S4,8,working,8375.0,8380.0
12837,S4,8,working,8380.0,8385.0
12838,S4,8,working,8385.0,8390.0
12839,S4,8,working,8390.0,8395.0
12840,S4,8,working,8395.0,8400.0
12841,S4,8,working,8400.0,8405.0
12842,S4,8,working,8405.0,8410.0
12843,S4,8,working,8410.0,8415.0
12844,S4,8,working,8415.0,8420.0
12845,S4,8,working,8420.0,8425.0
12846,S4,8,working,8425.0,8430.0
12847,S4,8,working,8430.0,8435.0
12848,S4,8,working,8435.0,8440.0
12849,S4,8,working,8440.0,8445.0
12850,S4,8,working,8445.0,8450.0
12851,S4,8,working,8450.0,8455.0
12852,S4,8,working,8455.0,8460.0
12853,S4,8,working,8460.0,8465.0
12854,S4,8,working,8465.0,8470.0
12855,S4,8,working,8470.0,8475.0
12856,S4,8,working,8475.0,8480.0
12857,S4,8,working,8480.0,8485.0
12858,S4,8,working,8485.0,8490.0
12859,S4,8,working,8490.0,8495.0
12860,S4,8,working,8495.0,8500.0
12861,S4,8,working,8500.0,8505.0
12862,S4,8,working,8505.0,8510.0
12863,S4,8,working,8510.0,8515.0
12864,S4,8,working,8515.0,8520.0
12865,S4,8,working,8520.0,8525.0
12866,S4,8,working,8525.0,8530.0
12867,S4,8,working,8530.0,8535.0
12868,S4,8,working,8535.0,8540.0
12869,S4,8,working,8540.0,8545.0
12870,S4,8,working,8545.0,8550.0
12871,S4,8,working,8550.0,8555.0
12872,S4,8,working,8555.0,8560.0
12873,S4,8,working,8560.0,8565.0
12874,S4,8,working,8565.0,8570.0
12875,S4,8,working,8570.0,8575.0
12876,S4,8,working,8575.0,8580.0
12877,S4,8,working,8580.0,8585.0
12878,S4,8,working,8585.0,8590.0
12879,S4,8,working,8590.0,8595.0
12880,S4,8,working,8595.0,8600.0
12881,S4,8,working,8600.0,8605.0
12882,S4,8,working,8605.0,8610.0
12883,S4,8,working,8610.0,8615.0
12884,S4,8,working,8615.0,8620.0
12885,S4,8,working,8620.0,8625.0
12886,S4,8,working,8625.0,8630.0
12887,S4,8,working,8630.0,8635.0
12888,S4,8,working,8635.0,8640.0
12889,S4,8,working,8640.0,8645.0
12890,S4,8,working,8645.0,8650.0
12891,S4,8,working,8650.0,8655.0
12892,S4,8,working,8655.0,8660.0
12893,S4,8,working,8660.0,8665.0
12894,S4,8,working,8665.0,8670.0
12895,S4,8,working,8670.0,8675.0
12896,S4,8,working,8675.0,8680.0
12897,S4,8,working,8680.0,8685.0
12898,S4,8,working,8685.0,8690.0
12899,S4,8,working,8690.0,8695.0
12900,S4,8,working,8695.0,8700.0
12901,S4,8,working,8700.0,8705.0
12902,S4,8,working,8705.0,8710.0
12903,S4,8,working,8710.0,8715.0
12904,S4,8,working,8715.0,8720.0
12905,S4,8,working,8720.0,8725.0
12906,S4,8,working,8725.0,8730.0
12907,S4,8,working,8730.0,8735.0
12908,S4,8,working,8735.0,8740.0
12909,S4,8,working,8740.0,8745.0
12910,S4,8,working,8745.0,8750.0
12911,S4,8,working,8750.0,8755.0
12912,S4,8,working,8755.0,8760.0
12913,S4,8,working,8760.0,8765.0
12914,S4,8,working,8765.0,8770.0
12915,S4,8,working,8770.0,8775.0
12916,S4,8,working,8775.0,8780.0
12917,S4,8,working,8780.0,8785.0
12918,S4,8,working,8785.0,8790.0
12919,S4,8,working,8790.0,8795.0
12920,S4,8,working,8795.0,8800.0
12921,S4,8,working,8800.0,8805.0
12922,S4,8,working,8805.0,8810.0
12923,S4,8,working,8810.0,8815.0
12924,S4,8,working,8815.0,8820.0
12925,S4,8,working,8820.0,8825.0
12926,S4,8,working,8825.0,8830.0
12927,S4,8,working,8830.0,8835.0
12928,S4,8,working,8835.0,8840.0
12929,S4,8,working,8840.0,8845.0
12930,S4,8,working,8845.0,8850.0
12931,S4,8,working,8850.0,8855.0
12932,S4,8,working,8855.0,8860.0
12933,S4,8,working,8860.0,8865.0
12934,S4,8,working,8865.0,8870.0
12935,S4,8,working,8870.0,8875.0
12936,S4,8,working,8875.0,8880.0
12937,S4,8,working,8880.0,8885.0
12938,S4,8,working,8885.0,8890.0
12939,S5,1,sitting,85.0,90.0
12940,S5,1,sitting,90.0,95.0
12941,S5,1,sitting,95.0,100.0
12942,S5,1,sitting,100.0,105.0
12943,S5,1,sitting,105.0,110.0
12944,S5,1,sitting,110.0,115.0
12945,S5,1,sitting,115.0,120.0
12946,S5,1,sitting,120.0,125.0
12947,S5,1,sitting,125.0,130.0
12948,S5,1,sitting,130.0,135.0
12949,S5,1,sitting,135.0,140.0
12950,S5,1,sitting,140.0,145.0
12951,S5,1,sitting,145.0,150.0
12952,S5,1,sitting,150.0,155.0
12953,S5,1,sitting,155.0,160.0
12954,S5,1,sitting,160.0,165.0
12955,S5,1,sitting,165.0,170.0
12956,S5,1,sitting,170.0,175.0
12957,S5,1,sitting,175.0,180.0
12958,S5,1,sitting,180.0,185.0
12959,S5,1,sitting,185.0,190.0
12960,S5,1,sitting,190.0,195.0
12961,S5,1,sitting,195.0,200.0
12962,S5,1,sitting,200.0,205.0
12963,S5,1,sitting,205.0,210.0
12964,S5,1,sitting,210.0,215.0
12965,S5,1,sitting,215.0,220.0
12966,S5,1,sitting,220.0,225.0
12967,S5,1,sitting,225.0,230.0
12968,S5,1,sitting,230.0,235.0
12969,S5,1,sitting,235.0,240.0
12970,S5,1,sitting,240.0,245.0
12971,S5,1,sitting,245.0,250.0
12972,S5,1,sitting,250.0,255.0
12973,S5,1,sitting,255.0,260.0
12974,S5,1,sitting,260.0,265.0
12975,S5,1,sitting,265.0,270.0
12976,S5,1,sitting,270.0,275.0
12977,S5,1,sitting,275.0,280.0
12978,S5,1,sitting,280.0,285.0
12979,S5,1,sitting,285.0,290.0
12980,S5,1,sitting,290.0,295.0
12981,S5,1,sitting,295.0,300.0
12982,S5,1,sitting,300.0,305.0
12983,S5,1,sitting,305.0,310.0
12984,S5,1,sitting,310.0,315.0
12985,S5,1,sitting,315.0,320.0
12986,S5,1,sitting,320.0,325.0
12987,S5,1,sitting,325.0,330.0
12988,S5,1,sitting,330.0,335.0
12989,S5,1,sitting,335.0,340.0
12990,S5,1,sitting,340.0,345.0
12991,S5,1,sitting,345.0,350.0
12992,S5,1,sitting,350.0,355.0
12993,S5,1,sitting,355.0,360.0
12994,S5,1,sitting,360.0,365.0
12995,S5,1,sitting,365.0,370.0
12996,S5,1,sitting,370.0,375.0
12997,S5,1,sitting,375.0,380.0
12998,S5,1,sitting,380.0,385.0
12999,S5,1,sitting,385.0,390.0
13000,S5,1,sitting,390.0,395.0
13001,S5,1,sitting,395.0,400.0
13002,S5,1,sitting,400.0,405.0
13003,S5,1,sitting,405.0,410.0
13004,S5,1,sitting,410.0,415.0
13005,S5,1,sitting,415.0,420.0
13006,S5,1,sitting,420.0,425.0
13007,S5,1,sitting,425.0,430.0
13008,S5,1,sitting,430.0,435.0
13009,S5,1,sitting,435.0,440.0
13010,S5,1,sitting,440.0,445.0
13011,S5,1,sitting,445.0,450.0
13012,S5,1,sitting,450.0,455.0
13013,S5,1,sitting,455.0,460.0
13014,S5,1,sitting,460.0,465.0
13015,S5,1,sitting,465.0,470.0
13016,S5,1,sitting,470.0,475.0
13017,S5,1,sitting,475.0,480.0
13018,S5,1,sitting,480.0,485.0
13019,S5,1,sitting,485.0,490.0
13020,S5,1,sitting,490.0,495.0
13021,S5,1,sitting,495.0,500.0
13022,S5,1,sitting,500.0,505.0
13023,S5,1,sitting,505.0,510.0
13024,S5,1,sitting,510.0,515.0
13025,S5,1,sitting,515.0,520.0
13026,S5,1,sitting,520.0,525.0
13027,S5,1,sitting,525.0,530.0
13028,S5,1,sitting,530.0,535.0
13029,S5,1,sitting,535.0,540.0
13030,S5,1,sitting,540.0,545.0
13031,S5,1,sitting,545.0,550.0
13032,S5,1,sitting,550.0,555.0
13033,S5,1,sitting,555.0,560.0
13034,S5,1,sitting,560.0,565.0
13035,S5,1,sitting,565.0,570.0
13036,S5,1,sitting,570.0,575.0
13037,S5,1,sitting,575.0,580.0
13038,S5,1,sitting,580.0,585.0
13039,S5,1,sitting,585.0,590.0
13040,S5,1,sitting,590.0,595.0
13041,S5,1,sitting,595.0,600.0
13042,S5,1,sitting,600.0,605.0
13043,S5,1,sitting,605.0,610.0
13044,S5,1,sitting,610.0,615.0
13045,S5,1,sitting,615.0,620.0
13046,S5,1,sitting,620.0,625.0
13047,S5,1,sitting,625.0,630.0
13048,S5,1,sitting,630.0,635.0
13049,S5,1,sitting,635.0,640.0
13050,S5,1,sitting,640.0,645.0
13051,S5,1,sitting,645.0,650.0
13052,S5,1,sitting,650.0,655.0
13053,S5,1,sitting,655.0,660.0
13054,S5,1,sitting,660.0,665.0
13055,S5,1,sitting,665.0,670.0
13056,S5,1,sitting,670.0,675.0
13057,S5,1,sitting,675.0,680.0
13058,S5,2,stairs,890.0,895.0
13059,S5,2,stairs,895.0,900.0
13060,S5,2,stairs,900.0,905.0
13061,S5,2,stairs,905.0,910.0
13062,S5,2,stairs,910.0,915.0
13063,S5,2,stairs,915.0,920.0
13064,S5,2,stairs,920.0,925.0
13065,S5,2,stairs,925.0,930.0
13066,S5,2,stairs,930.0,935.0
13067,S5,2,stairs,935.0,940.0
13068,S5,2,stairs,940.0,945.0
13069,S5,2,stairs,945.0,950.0
13070,S5,2,stairs,950.0,955.0
13071,S5,2,stairs,955.0,960.0
13072,S5,2,stairs,960.0,965.0
13073,S5,2,stairs,965.0,970.0
13074,S5,2,stairs,970.0,975.0
13075,S5,2,stairs,975.0,980.0
13076,S5,2,stairs,980.0,985.0
13077,S5,2,stairs,985.0,990.0
13078,S5,2,stairs,990.0,995.0
13079,S5,2,stairs,995.0,1000.0
13080,S5,2,stairs,1000.0,1005.0
13081,S5,2,stairs,1005.0,1010.0
13082,S5,2,stairs,1010.0,1015.0
13083,S5,2,stairs,1015.0,1020.0
13084,S5,2,stairs,1020.0,1025.0
13085,S5,2,stairs,1025.0,1030.0
13086,S5,2,stairs,1030.0,1035.0
13087,S5,2,stairs,1035.0,1040.0
13088,S5,2,stairs,1040.0,1045.0
13089,S5,2,stairs,1045.0,1050.0
13090,S5,2,stairs,1050.0,1055.0
13091,S5,2,stairs,1055.0,1060.0
13092,S5,2,stairs,1060.0,1065.0
13093,S5,2,stairs,1065.0,1070.0
13094,S5,2,stairs,1070.0,1075.0
13095,S5,2,stairs,1075.0,1080.0
13096,S5,2,stairs,1080.0,1085.0
13097,S5,2,stairs,1085.0,1090.0
13098,S5,2,stairs,1090.0,1095.0
13099,S5,2,stairs,1095.0,1100.0
13100,S5,2,stairs,1100.0,1105.0
13101,S5,2,stairs,1105.0,1110.0
13102,S5,2,stairs,1110.0,1115.0
13103,S5,2,stairs,1115.0,1120.0
13104,S5,2,stairs,1120.0,1125.0
13105,S5,2,stairs,1125.0,1130.0
13106,S5,2,stairs,1130.0,1135.0
13107,S5,2,stairs,1135.0,1140.0
13108,S5,2,stairs,1140.0,1145.0
13109,S5,2,stairs,1145.0,1150.0
13110,S5,2,stairs,1150.0,1155.0
13111,S5,2,stairs,1155.0,1160.0
13112,S5,2,stairs,1160.0,1165.0
13113,S5,2,stairs,1165.0,1170.0
13114,S5,2,stairs,1170.0,1175.0
13115,S5,2,stairs,1175.0,1180.0
13116,S5,2,stairs,1180.0,1185.0
13117,S5,2,stairs,1185.0,1190.0
13118,S5,2,stairs,1190.0,1195.0
13119,S5,2,stairs,1195.0,1200.0
13120,S5,2,stairs,1200.0,1205.0
13121,S5,2,stairs,1205.0,1210.0
13122,S5,2,stairs,1210.0,1215.0
13123,S5,2,stairs,1215.0,1220.0
13124,S5,2,stairs,1220.0,1225.0
13125,S5,2,stairs,1225.0,1230.0
13126,S5,2,stairs,1230.0,1235.0
13127,S5,2,stairs,1235.0,1240.0
13128,S5,2,stairs,1240.0,1245.0
13129,S5,2,stairs,1245.0,1250.0
13130,S5,2,stairs,1250.0,1255.0
13131,S5,2,stairs,1255.0,1260.0
13132,S5,2,stairs,1260.0,1265.0
13133,S5,2,stairs,1265.0,1270.0
13134,S5,2,stairs,1270.0,1275.0
13135,S5,2,stairs,1275.0,1280.0
13136,S5,2,stairs,1280.0,1285.0
13137,S5,2,stairs,1285.0,1290.0
13138,S5,2,stairs,1290.0,1295.0
13139,S5,2,stairs,1295.0,1300.0
13140,S5,2,stairs,1300.0,1305.0
13141,S5,2,stairs,1305.0,1310.0
13142,S5,2,stairs,1310.0,1315.0
13143,S5,2,stairs,1315.0,1320.0
13144,S5,2,stairs,1320.0,1325.0
13145,S5,2,stairs,1325.0,1330.0
13146,S5,2,stairs,1330.0,1335.0
13147,S5,2,stairs,1335.0,1340.0
13148,S5,2,stairs,1340.0,1345.0
13149,S5,2,stairs,1345.0,1350.0
13150,S5,3,table_soccer,1480.0,1485.0
13151,S5,3,table_soccer,1485.0,1490.0
13152,S5,3,table_soccer,1490.0,1495.0
13153,S5,3,table_soccer,1495.0,1500.0
13154,S5,3,table_soccer,1500.0,1505.0
13155,S5,3,table_soccer,1505.0,1510.0
13156,S5,3,table_soccer,1510.0,1515.0
13157,S5,3,table_soccer,1515.0,1520.0
13158,S5,3,table_soccer,1520.0,1525.0
13159,S5,3,table_soccer,1525.0,1530.0
13160,S5,3,table_soccer,1530.0,1535.0
13161,S5,3,table_soccer,1535.0,1540.0
13162,S5,3,table_soccer,1540.0,1545.0
13163,S5,3,table_soccer,1545.0,1550.0
13164,S5,3,table_soccer,1550.0,1555.0
13165,S5,3,table_soccer,1555.0,1560.0
13166,S5,3,table_soccer,1560.0,1565.0
13167,S5,3,table_soccer,1565.0,1570.0
13168,S5,3,table_soccer,1570.0,1575.0
13169,S5,3,table_soccer,1575.0,1580.0
13170,S5,3,table_soccer,1580.0,1585.0
13171,S5,3,table_soccer,1585.0,1590.0
13172,S5,3,table_soccer,1590.0,1595.0
13173,S5,3,table_soccer,1595.0,1600.0
13174,S5,3,table_soccer,1600.0,1605.0
13175,S5,3,table_soccer,1605.0,1610.0
13176,S5,3,table_soccer,1610.0,1615.0
13177,S5,3,table_soccer,1615.0,1620.0
13178,S5,3,table_soccer,1620.0,1625.0
13179,S5,3,table_soccer,1625.0,1630.0
13180,S5,3,table_soccer,1630.0,1635.0
13181,S5,3,table_soccer,1635.0,1640.0
13182,S5,3,table_soccer,1640.0,1645.0
13183,S5,3,table_soccer,1645.0,1650.0
13184,S5,3,table_soccer,1650.0,1655.0
13185,S5,3,table_soccer,1655.0,1660.0
13186,S5,3,table_soccer,1660.0,1665.0
13187,S5,3,table_soccer,1665.0,1670.0
13188,S5,3,table_soccer,1670.0,1675.0
13189,S5,3,table_soccer,1675.0,1680.0
13190,S5,3,table_soccer,1680.0,1685.0
13191,S5,3,table_soccer,1685.0,1690.0
13192,S5,3,table_soccer,1690.0,1695.0
13193,S5,3,table_soccer,1695.0,1700.0
13194,S5,3,table_soccer,1700.0,1705.0
13195,S5,3,table_soccer,1705.0,1710.0
13196,S5,3,table_soccer,1710.0,1715.0
13197,S5,3,table_soccer,1715.0,1720.0
13198,S5,3,table_soccer,1720.0,1725.0
13199,S5,3,table_soccer,1725.0,1730.0
13200,S5,3,table_soccer,1730.0,1735.0
13201,S5,3,table_soccer,1735.0,1740.0
13202,S5,3,table_soccer,1740.0,1745.0
13203,S5,3,table_soccer,1745.0,1750.0
13204,S5,3,table_soccer,1750.0,1755.0
13205,S5,3,table_soccer,1755.0,1760.0
13206,S5,3,table_soccer,1760.0,1765.0
13207,S5,4,cycling,2200.0,2205.0
13208,S5,4,cycling,2205.0,2210.0
13209,S5,4,cycling,2210.0,2215.0
13210,S5,4,cycling,2215.0,2220.0
13211,S5,4,cycling,2220.0,2225.0
13212,S5,4,cycling,2225.0,2230.0
13213,S5,4,cycling,2230.0,2235.0
13214,S5,4,cycling,2235.0,2240.0
13215,S5,4,cycling,2240.0,2245.0
13216,S5,4,cycling,2245.0,2250.0
13217,S5,4,cycling,2250.0,2255.0
13218,S5,4,cycling,2255.0,2260.0
13219,S5,4,cycling,2260.0,2265.0
13220,S5,4,cycling,2265.0,2270.0
13221,S5,4,cycling,2270.0,2275.0
13222,S5,4,cycling,2275.0,2280.0
13223,S5,4,cycling,2280.0,2285.0
13224,S5,4,cycling,2285.0,2290.0
13225,S5,4,cycling,2290.0,2295.0
13226,S5,4,cycling,2295.0,2300.0
13227,S5,4,cycling,2300.0,2305.0
13228,S5,4,cycling,2305.0,2310.0
13229,S5,4,cycling,2310.0,2315.0
13230,S5,4,cycling,2315.0,2320.0
13231,S5,4,cycling,2320.0,2325.0
13232,S5,4,cycling,2325.0,2330.0
13233,S5,4,cycling,2330.0,2335.0
13234,S5,4,cycling,2335.0,2340.0
13235,S5,4,cycling,2340.0,2345.0
13236,S5,4,cycling,2345.0,2350.0
13237,S5,4,cycling,2350.0,2355.0
13238,S5,4,cycling,2355.0,2360.0
13239,S5,4,cycling,2360.0,2365.0
13240,S5,4,cycling,2365.0,2370.0
13241,S5,4,cycling,2370.0,2375.0
13242,S5,4,cycling,2375.0,2380.0
13243,S5,4,cycling,2380.0,2385.0
13244,S5,4,cycling,2385.0,2390.0
13245,S5,4,cycling,2390.0,2395.0
13246,S5,4,cycling,2395.0,2400.0
13247,S5,4,cycling,2400.0,2405.0
13248,S5,4,cycling,2405.0,2410.0
13249,S5,4,cycling,2410.0,2415.0
13250,S5,4,cycling,2415.0,2420.0
13251,S5,4,cycling,2420.0,2425.0
13252,S5,4,cycling,2425.0,2430.0
13253,S5,4,cycling,2430.0,2435.0
13254,S5,4,cycling,2435.0,2440.0
13255,S5,4,cycling,2440.0,2445.0
13256,S5,4,cycling,2445.0,2450.0
13257,S5,4,cycling,2450.0,2455.0
13258,S5,4,cycling,2455.0,2460.0
13259,S5,4,cycling,2460.0,2465.0
13260,S5,4,cycling,2465.0,2470.0
13261,S5,4,cycling,2470.0,2475.0
13262,S5,4,cycling,2475.0,2480.0
13263,S5,4,cycling,2480.0,2485.0
13264,S5,4,cycling,2485.0,2490.0
13265,S5,4,cycling,2490.0,2495.0
13266,S5,4,cycling,2495.0,2500.0
13267,S5,4,cycling,2500.0,2505.0
13268,S5,4,cycling,2505.0,2510.0
13269,S5,4,cycling,2510.0,2515.0
13270,S5,4,cycling,2515.0,2520.0
13271,S5,4,cycling,2520.0,2525.0
13272,S5,4,cycling,2525.0,2530.0
13273,S5,4,cycling,2530.0,2535.0
13274,S5,4,cycling,2535.0,2540.0
13275,S5,4,cycling,2540.0,2545.0
13276,S5,4,cycling,2545.0,2550.0
13277,S5,4,cycling,2550.0,2555.0
13278,S5,4,cycling,2555.0,2560.0
13279,S5,4,cycling,2560.0,2565.0
13280,S5,4,cycling,2565.0,2570.0
13281,S5,4,cycling,2570.0,2575.0
13282,S5,4,cycling,2575.0,2580.0
13283,S5,4,cycling,2580.0,2585.0
13284,S5,4,cycling,2585.0,2590.0
13285,S5,4,cycling,2590.0,2595.0
13286,S5,4,cycling,2595.0,2600.0
13287,S5,4,cycling,2600.0,2605.0
13288,S5,4,cycling,2605.0,2610.0
13289,S5,4,cycling,2610.0,2615.0
13290,S5,4,cycling,2615.0,2620.0
13291,S5,4,cycling,2620.0,2625.0
13292,S5,5,car_driving,3095.0,3100.0
13293,S5,5,car_driving,3100.0,3105.0
13294,S5,5,car_driving,3105.0,3110.0
13295,S5,5,car_driving,3110.0,3115.0
13296,S5,5,car_driving,3115.0,3120.0
13297,S5,5,car_driving,3120.0,3125.0
13298,S5,5,car_driving,3125.0,3130.0
13299,S5,5,car_driving,3130.0,3135.0
13300,S5,5,car_driving,3135.0,3140.0
13301,S5,5,car_driving,3140.0,3145.0
13302,S5,5,car_driving,3145.0,3150.0
13303,S5,5,car_driving,3150.0,3155.0
13304,S5,5,car_driving,3155.0,3160.0
13305,S5,5,car_driving,3160.0,3165.0
13306,S5,5,car_driving,3165.0,3170.0
13307,S5,5,car_driving,3170.0,3175.0
13308,S5,5,car_driving,3175.0,3180.0
13309,S5,5,car_driving,3180.0,3185.0
13310,S5,5,car_driving,3185.0,3190.0
13311,S5,5,car_driving,3190.0,3195.0
13312,S5,5,car_driving,3195.0,3200.0
13313,S5,5,car_driving,3200.0,3205.0
13314,S5,5,car_driving,3205.0,3210.0
13315,S5,5,car_driving,3210.0,3215.0
13316,S5,5,car_driving,3215.0,3220.0
13317,S5,5,car_driving,3220.0,3225.0
13318,S5,5,car_driving,3225.0,3230.0
13319,S5,5,car_driving,3230.0,3235.0
13320,S5,5,car_driving,3235.0,3240.0
13321,S5,5,car_driving,3240.0,3245.0
13322,S5,5,car_driving,3245.0,3250.0
13323,S5,5,car_driving,3250.0,3255.0
13324,S5,5,car_driving,3255.0,3260.0
13325,S5,5,car_driving,3260.0,3265.0
13326,S5,5,car_driving,3265.0,3270.0
13327,S5,5,car_driving,3270.0,3275.0
13328,S5,5,car_driving,3275.0,3280.0
13329,S5,5,car_driving,3280.0,3285.0
13330,S5,5,car_driving,3285.0,3290.0
13331,S5,5,car_driving,3290.0,3295.0
13332,S5,5,car_driving,3295.0,3300.0
13333,S5,5,car_driving,3300.0,3305.0
13334,S5,5,car_driving,3305.0,3310.0
13335,S5,5,car_driving,3310.0,3315.0
13336,S5,5,car_driving,3315.0,3320.0
13337,S5,5,car_driving,3320.0,3325.0
13338,S5,5,car_driving,3325.0,3330.0
13339,S5,5,car_driving,3330.0,3335.0
13340,S5,5,car_driving,3335.0,3340.0
13341,S5,5,car_driving,3340.0,3345.0
13342,S5,5,car_driving,3345.0,3350.0
13343,S5,5,car_driving,3350.0,3355.0
13344,S5,5,car_driving,3355.0,3360.0
13345,S5,5,car_driving,3360.0,3365.0
13346,S5,5,car_driving,3365.0,3370.0
13347,S5,5,car_driving,3370.0,3375.0
13348,S5,5,car_driving,3375.0,3380.0
13349,S5,5,car_driving,3380.0,3385.0
13350,S5,5,car_driving,3385.0,3390.0
13351,S5,5,car_driving,3390.0,3395.0
13352,S5,5,car_driving,3395.0,3400.0
13353,S5,5,car_driving,3400.0,3405.0
13354,S5,5,car_driving,3405.0,3410.0
13355,S5,5,car_driving,3410.0,3415.0
13356,S5,5,car_driving,3415.0,3420.0
13357,S5,5,car_driving,3420.0,3425.0
13358,S5,5,car_driving,3425.0,3430.0
13359,S5,5,car_driving,3430.0,3435.0
13360,S5,5,car_driving,3435.0,3440.0
13361,S5,5,car_driving,3440.0,3445.0
13362,S5,5,car_driving,3445.0,3450.0
13363,S5,5,car_driving,3450.0,3455.0
13364,S5,5,car_driving,3455.0,3460.0
13365,S5,5,car_driving,3460.0,3465.0
13366,S5,5,car_driving,3465.0,3470.0
13367,S5,5,car_driving,3470.0,3475.0
13368,S5,5,car_driving,3475.0,3480.0
13369,S5,5,car_driving,3480.0,3485.0
13370,S5,5,car_driving,3485.0,3490.0
13371,S5,5,car_driving,3490.0,3495.0
13372,S5,5,car_driving,3495.0,3500.0
13373,S5,5,car_driving,3500.0,3505.0
13374,S5,5,car_driving,3505.0,3510.0
13375,S5,5,car_driving,3510.0,3515.0
13376,S5,5,car_driving,3515.0,3520.0
13377,S5,5,car_driving,3520.0,3525.0
13378,S5,5,car_driving,3525.0,3530.0
13379,S5,5,car_driving,3530.0,3535.0
13380,S5,5,car_driving,3535.0,3540.0
13381,S5,5,car_driving,3540.0,3545.0
13382,S5,5,car_driving,3545.0,3550.0
13383,S5,5,car_driving,3550.0,3555.0
13384,S5,5,car_driving,3555.0,3560.0
13385,S5,5,car_driving,3560.0,3565.0
13386,S5,5,car_driving,3565.0,3570.0
13387,S5,5,car_driving,3570.0,3575.0
13388,S5,5,car_driving,3575.0,3580.0
13389,S5,5,car_driving,3580.0,3585.0
13390,S5,5,car_driving,3585.0,3590.0
13391,S5,5,car_driving,3590.0,3595.0
13392,S5,5,car_driving,3595.0,3600.0
13393,S5,5,car_driving,3600.0,3605.0
13394,S5,5,car_driving,3605.0,3610.0
13395,S5,5,car_driving,3610.0,3615.0
13396,S5,5,car_driving,3615.0,3620.0
13397,S5,5,car_driving,3620.0,3625.0
13398,S5,5,car_driving,3625.0,3630.0
13399,S5,5,car_driving,3630.0,3635.0
13400,S5,5,car_driving,3635.0,3640.0
13401,S5,5,car_driving,3640.0,3645.0
13402,S5,5,car_driving,3645.0,3650.0
13403,S5,5,car_driving,3650.0,3655.0
13404,S5,5,car_driving,3655.0,3660.0
13405,S5,5,car_driving,3660.0,3665.0
13406,S5,5,car_driving,3665.0,3670.0
13407,S5,5,car_driving,3670.0,3675.0
13408,S5,5,car_driving,3675.0,3680.0
13409,S5,5,car_driving,3680.0,3685.0
13410,S5,5,car_driving,3685.0,3690.0
13411,S5,5,car_driving,3690.0,3695.0
13412,S5,5,car_driving,3695.0,3700.0
13413,S5,5,car_driving,3700.0,3705.0
13414,S5,5,car_driving,3705.0,3710.0
13415,S5,5,car_driving,3710.0,3715.0
13416,S5,5,car_driving,3715.0,3720.0
13417,S5,5,car_driving,3720.0,3725.0
13418,S5,5,car_driving,3725.0,3730.0
13419,S5,5,car_driving,3730.0,3735.0
13420,S5,5,car_driving,3735.0,3740.0
13421,S5,5,car_driving,3740.0,3745.0
13422,S5,5,car_driving,3745.0,3750.0
13423,S5,5,car_driving,3750.0,3755.0
13424,S5,5,car_driving,3755.0,3760.0
13425,S5,5,car_driving,3760.0,3765.0
13426,S5,5,car_driving,3765.0,3770.0
13427,S5,5,car_driving,3770.0,3775.0
13428,S5,5,car_driving,3775.0,3780.0
13429,S5,5,car_driving,3780.0,3785.0
13430,S5,5,car_driving,3785.0,3790.0
13431,S5,5,car_driving,3790.0,3795.0
13432,S5,5,car_driving,3795.0,3800.0
13433,S5,5,car_driving,3800.0,3805.0
13434,S5,5,car_driving,3805.0,3810.0
13435,S5,5,car_driving,3810.0,3815.0
13436,S5,5,car_driving,3815.0,3820.0
13437,S5,5,car_driving,3820.0,3825.0
13438,S5,5,car_driving,3825.0,3830.0
13439,S5,5,car_driving,3830.0,3835.0
13440,S5,5,car_driving,3835.0,3840.0
13441,S5,5,car_driving,3840.0,3845.0
13442,S5,5,car_driving,3845.0,3850.0
13443,S5,5,car_driving,3850.0,3855.0
13444,S5,5,car_driving,3855.0,3860.0
13445,S5,5,car_driving,3860.0,3865.0
13446,S5,5,car_driving,3865.0,3870.0
13447,S5,5,car_driving,3870.0,3875.0
13448,S5,5,car_driving,3875.0,3880.0
13449,S5,5,car_driving,3880.0,3885.0
13450,S5,5,car_driving,3885.0,3890.0
13451,S5,5,car_driving,3890.0,3895.0
13452,S5,5,car_driving,3895.0,3900.0
13453,S5,5,car_driving,3900.0,3905.0
13454,S5,5,car_driving,3905.0,3910.0
13455,S5,5,car_driving,3910.0,3915.0
13456,S5,5,car_driving,3915.0,3920.0
13457,S5,6,lunch_break,4460.0,4465.0
13458,S5,6,lunch_break,4465.0,4470.0
13459,S5,6,lunch_break,4470.0,4475.0
13460,S5,6,lunch_break,4475.0,4480.0
13461,S5,6,lunch_break,4480.0,4485.0
13462,S5,6,lunch_break,4485.0,4490.0
13463,S5,6,lunch_break,4490.0,4495.0
13464,S5,6,lunch_break,4495.0,4500.0
13465,S5,6,lunch_break,4500.0,4505.0
13466,S5,6,lunch_break,4505.0,4510.0
13467,S5,6,lunch_break,4510.0,4515.0
13468,S5,6,lunch_break,4515.0,4520.0
13469,S5,6,lunch_break,4520.0,4525.0
13470,S5,6,lunch_break,4525.0,4530.0
13471,S5,6,lunch_break,4530.0,4535.0
13472,S5,6,lunch_break,4535.0,4540.0
13473,S5,6,lunch_break,4540.0,4545.0
13474,S5,6,lunch_break,4545.0,4550.0
13475,S5,6,lunch_break,4550.0,4555.0
13476,S5,6,lunch_break,4555.0,4560.0
13477,S5,6,lunch_break,4560.0,4565.0
13478,S5,6,lunch_break,4565.0,4570.0
13479,S5,6,lunch_break,4570.0,4575.0
13480,S5,6,lunch_break,4575.0,4580.0
13481,S5,6,lunch_break,4580.0,4585.0
13482,S5,6,lunch_break,4585.0,4590.0
13483,S5,6,lunch_break,4590.0,4595.0
13484,S5,6,lunch_break,4595.0,4600.0
13485,S5,6,lunch_break,4600.0,4605.0
13486,S5,6,lunch_break,4605.0,4610.0
13487,S5,6,lunch_break,4610.0,4615.0
13488,S5,6,lunch_break,4615.0,4620.0
13489,S5,6,lunch_break,4620.0,4625.0
13490,S5,6,lunch_break,4625.0,4630.0
13491,S5,6,lunch_break,4630.0,4635.0
13492,S5,6,lunch_break,4635.0,4640.0
13493,S5,6,lunch_break,4640.0,4645.0
13494,S5,6,lunch_break,4645.0,4650.0
13495,S5,6,lunch_break,4650.0,4655.0
13496,S5,6,lunch_break,4655.0,4660.0
13497,S5,6,lunch_break,4660.0,4665.0
13498,S5,6,lunch_break,4665.0,4670.0
13499,S5,6,lunch_break,4670.0,4675.0
13500,S5,6,lunch_break,4675.0,4680.0
13501,S5,6,lunch_break,4680.0,4685.0
13502,S5,6,lunch_break,4685.0,4690.0
13503,S5,6,lunch_break,4690.0,4695.0
13504,S5,6,lunch_break,4695.0,4700.0
13505,S5,6,lunch_break,4700.0,4705.0
13506,S5,6,lunch_break,4705.0,4710.0
13507,S5,6,lunch_break,4710.0,4715.0
13508,S5,6,lunch_break,4715.0,4720.0
13509,S5,6,lunch_break,4720.0,4725.0
13510,S5,6,lunch_break,4725.0,4730.0
13511,S5,6,lunch_break,4730.0,4735.0
13512,S5,6,lunch_break,4735.0,4740.0
13513,S5,6,lunch_break,4740.0,4745.0
13514,S5,6,lunch_break,4745.0,4750.0
13515,S5,6,lunch_break,4750.0,4755.0
13516,S5,6,lunch_break,4755.0,4760.0
13517,S5,6,lunch_break,4760.0,4765.0
13518,S5,6,lunch_break,4765.0,4770.0
13519,S5,6,lunch_break,4770.0,4775.0
13520,S5,6,lunch_break,4775.0,4780.0
13521,S5,6,lunch_break,4780.0,4785.0
13522,S5,6,lunch_break,4785.0,4790.0
13523,S5,6,lunch_break,4790.0,4795.0
13524,S5,6,lunch_break,4795.0,4800.0
13525,S5,6,lunch_break,4800.0,4805.0
13526,S5,6,lunch_break,4805.0,4810.0
13527,S5,6,lunch_break,4810.0,4815.0
13528,S5,6,lunch_break,4815.0,4820.0
13529,S5,6,lunch_break,4820.0,4825.0
13530,S5,6,lunch_break,4825.0,4830.0
13531,S5,6,lunch_break,4830.0,4835.0
13532,S5,6,lunch_break,4835.0,4840.0
13533,S5,6,lunch_break,4840.0,4845.0
13534,S5,6,lunch_break,4845.0,4850.0
13535,S5,6,lunch_break,4850.0,4855.0
13536,S5,6,lunch_break,4855.0,4860.0
13537,S5,6,lunch_break,4860.0,4865.0
13538,S5,6,lunch_break,4865.0,4870.0
13539,S5,6,lunch_break,4870.0,4875.0
13540,S5,6,lunch_break,4875.0,4880.0
13541,S5,6,lunch_break,4880.0,4885.0
13542,S5,6,lunch_break,4885.0,4890.0
13543,S5,6,lunch_break,4890.0,4895.0
13544,S5,6,lunch_break,4895.0,4900.0
13545,S5,6,lunch_break,4900.0,4905.0
13546,S5,6,lunch_break,4905.0,4910.0
13547,S5,6,lunch_break,4910.0,4915.0
13548,S5,6,lunch_break,4915.0,4920.0
13549,S5,6,lunch_break,4920.0,4925.0
13550,S5,6,lunch_break,4925.0,4930.0
13551,S5,6,lunch_break,4930.0,4935.0
13552,S5,6,lunch_break,4935.0,4940.0
13553,S5,6,lunch_break,4940.0,4945.0
13554,S5,6,lunch_break,4945.0,4950.0
13555,S5,6,lunch_break,4950.0,4955.0
13556,S5,6,lunch_break,4955.0,4960.0
13557,S5,6,lunch_break,4960.0,4965.0
13558,S5,6,lunch_break,4965.0,4970.0
13559,S5,6,lunch_break,4970.0,4975.0
13560,S5,6,lunch_break,4975.0,4980.0
13561,S5,6,lunch_break,4980.0,4985.0
13562,S5,6,lunch_break,4985.0,4990.0
13563,S5,6,lunch_break,4990.0,4995.0
13564,S5,6,lunch_break,4995.0,5000.0
13565,S5,6,lunch_break,5000.0,5005.0
13566,S5,6,lunch_break,5005.0,5010.0
13567,S5,6,lunch_break,5010.0,5015.0
13568,S5,6,lunch_break,5015.0,5020.0
13569,S5,6,lunch_break,5020.0,5025.0
13570,S5,6,lunch_break,5025.0,5030.0
13571,S5,6,lunch_break,5030.0,5035.0
13572,S5,6,lunch_break,5035.0,5040.0
13573,S5,6,lunch_break,5040.0,5045.0
13574,S5,6,lunch_break,5045.0,5050.0
13575,S5,6,lunch_break,5050.0,5055.0
13576,S5,6,lunch_break,5055.0,5060.0
13577,S5,6,lunch_break,5060.0,5065.0
13578,S5,6,lunch_break,5065.0,5070.0
13579,S5,6,lunch_break,5070.0,5075.0
13580,S5,6,lunch_break,5075.0,5080.0
13581,S5,6,lunch_break,5080.0,5085.0
13582,S5,6,lunch_break,5085.0,5090.0
13583,S5,6,lunch_break,5090.0,5095.0
13584,S5,6,lunch_break,5095.0,5100.0
13585,S5,6,lunch_break,5100.0,5105.0
13586,S5,6,lunch_break,5105.0,5110.0
13587,S5,6,lunch_break,5110.0,5115.0
13588,S5,6,lunch_break,5115.0,5120.0
13589,S5,6,lunch_break,5120.0,5125.0
13590,S5,6,lunch_break,5125.0,5130.0
13591,S5,6,lunch_break,5130.0,5135.0
13592,S5,6,lunch_break,5135.0,5140.0
13593,S5,6,lunch_break,5140.0,5145.0
13594,S5,6,lunch_break,5145.0,5150.0
13595,S5,6,lunch_break,5150.0,5155.0
13596,S5,6,lunch_break,5155.0,5160.0
13597,S5,6,lunch_break,5160.0,5165.0
13598,S5,6,lunch_break,5165.0,5170.0
13599,S5,6,lunch_break,5170.0,5175.0
13600,S5,6,lunch_break,5175.0,5180.0
13601,S5,6,lunch_break,5180.0,5185.0
13602,S5,6,lunch_break,5185.0,5190.0
13603,S5,6,lunch_break,5190.0,5195.0
13604,S5,6,lunch_break,5195.0,5200.0
13605,S5,6,lunch_break,5200.0,5205.0
13606,S5,6,lunch_break,5205.0,5210.0
13607,S5,6,lunch_break,5210.0,5215.0
13608,S5,6,lunch_break,5215.0,5220.0
13609,S5,6,lunch_break,5220.0,5225.0
13610,S5,6,lunch_break,5225.0,5230.0
13611,S5,6,lunch_break,5230.0,5235.0
13612,S5,6,lunch_break,5235.0,5240.0
13613,S5,6,lunch_break,5240.0,5245.0
13614,S5,6,lunch_break,5245.0,5250.0
13615,S5,6,lunch_break,5250.0,5255.0
13616,S5,6,lunch_break,5255.0,5260.0
13617,S5,6,lunch_break,5260.0,5265.0
13618,S5,6,lunch_break,5265.0,5270.0
13619,S5,6,lunch_break,5270.0,5275.0
13620,S5,6,lunch_break,5275.0,5280.0
13621,S5,6,lunch_break,5280.0,5285.0
13622,S5,6,lunch_break,5285.0,5290.0
13623,S5,6,lunch_break,5290.0,5295.0
13624,S5,6,lunch_break,5295.0,5300.0
13625,S5,6,lunch_break,5300.0,5305.0
13626,S5,6,lunch_break,5305.0,5310.0
13627,S5,6,lunch_break,5310.0,5315.0
13628,S5,6,lunch_break,5315.0,5320.0
13629,S5,6,lunch_break,5320.0,5325.0
13630,S5,6,lunch_break,5325.0,5330.0
13631,S5,6,lunch_break,5330.0,5335.0
13632,S5,6,lunch_break,5335.0,5340.0
13633,S5,6,lunch_break,5340.0,5345.0
13634,S5,6,lunch_break,5345.0,5350.0
13635,S5,6,lunch_break,5350.0,5355.0
13636,S5,6,lunch_break,5355.0,5360.0
13637,S5,6,lunch_break,5360.0,5365.0
13638,S5,6,lunch_break,5365.0,5370.0
13639,S5,6,lunch_break,5370.0,5375.0
13640,S5,6,lunch_break,5375.0,5380.0
13641,S5,6,lunch_break,5380.0,5385.0
13642,S5,6,lunch_break,5385.0,5390.0
13643,S5,6,lunch_break,5390.0,5395.0
13644,S5,6,lunch_break,5395.0,5400.0
13645,S5,6,lunch_break,5400.0,5405.0
13646,S5,6,lunch_break,5405.0,5410.0
13647,S5,6,lunch_break,5410.0,5415.0
13648,S5,6,lunch_break,5415.0,5420.0
13649,S5,6,lunch_break,5420.0,5425.0
13650,S5,6,lunch_break,5425.0,5430.0
13651,S5,6,lunch_break,5430.0,5435.0
13652,S5,6,lunch_break,5435.0,5440.0
13653,S5,6,lunch_break,5440.0,5445.0
13654,S5,6,lunch_break,5445.0,5450.0
13655,S5,6,lunch_break,5450.0,5455.0
13656,S5,6,lunch_break,5455.0,5460.0
13657,S5,6,lunch_break,5460.0,5465.0
13658,S5,6,lunch_break,5465.0,5470.0
13659,S5,6,lunch_break,5470.0,5475.0
13660,S5,6,lunch_break,5475.0,5480.0
13661,S5,6,lunch_break,5480.0,5485.0
13662,S5,6,lunch_break,5485.0,5490.0
13663,S5,6,lunch_break,5490.0,5495.0
13664,S5,6,lunch_break,5495.0,5500.0
13665,S5,6,lunch_break,5500.0,5505.0
13666,S5,6,lunch_break,5505.0,5510.0
13667,S5,6,lunch_break,5510.0,5515.0
13668,S5,6,lunch_break,5515.0,5520.0
13669,S5,6,lunch_break,5520.0,5525.0
13670,S5,6,lunch_break,5525.0,5530.0
13671,S5,6,lunch_break,5530.0,5535.0
13672,S5,6,lunch_break,5535.0,5540.0
13673,S5,6,lunch_break,5540.0,5545.0
13674,S5,6,lunch_break,5545.0,5550.0
13675,S5,6,lunch_break,5550.0,5555.0
13676,S5,6,lunch_break,5555.0,5560.0
13677,S5,6,lunch_break,5560.0,5565.0
13678,S5,6,lunch_break,5565.0,5570.0
13679,S5,6,lunch_break,5570.0,5575.0
13680,S5,6,lunch_break,5575.0,5580.0
13681,S5,6,lunch_break,5580.0,5585.0
13682,S5,6,lunch_break,5585.0,5590.0
13683,S5,6,lunch_break,5590.0,5595.0
13684,S5,6,lunch_break,5595.0,5600.0
13685,S5,6,lunch_break,5600.0,5605.0
13686,S5,6,lunch_break,5605.0,5610.0
13687,S5,6,lunch_break,5610.0,5615.0
13688,S5,6,lunch_break,5615.0,5620.0
13689,S5,6,lunch_break,5620.0,5625.0
13690,S5,6,lunch_break,5625.0,5630.0
13691,S5,6,lunch_break,5630.0,5635.0
13692,S5,6,lunch_break,5635.0,5640.0
13693,S5,6,lunch_break,5640.0,5645.0
13694,S5,6,lunch_break,5645.0,5650.0
13695,S5,6,lunch_break,5650.0,5655.0
13696,S5,6,lunch_break,5655.0,5660.0
13697,S5,6,lunch_break,5660.0,5665.0
13698,S5,6,lunch_break,5665.0,5670.0
13699,S5,6,lunch_break,5670.0,5675.0
13700,S5,6,lunch_break,5675.0,5680.0
13701,S5,6,lunch_break,5680.0,5685.0
13702,S5,6,lunch_break,5685.0,5690.0
13703,S5,6,lunch_break,5690.0,5695.0
13704,S5,6,lunch_break,5695.0,5700.0
13705,S5,6,lunch_break,5700.0,5705.0
13706,S5,6,lunch_break,5705.0,5710.0
13707,S5,6,lunch_break,5710.0,5715.0
13708,S5,6,lunch_break,5715.0,5720.0
13709,S5,6,lunch_break,5720.0,5725.0
13710,S5,6,lunch_break,5725.0,5730.0
13711,S5,6,lunch_break,5730.0,5735.0
13712,S5,6,lunch_break,5735.0,5740.0
13713,S5,6,lunch_break,5740.0,5745.0
13714,S5,6,lunch_break,5745.0,5750.0
13715,S5,6,lunch_break,5750.0,5755.0
13716,S5,6,lunch_break,5755.0,5760.0
13717,S5,6,lunch_break,5760.0,5765.0
13718,S5,6,lunch_break,5765.0,5770.0
13719,S5,6,lunch_break,5770.0,5775.0
13720,S5,6,lunch_break,5775.0,5780.0
13721,S5,6,lunch_break,5780.0,5785.0
13722,S5,6,lunch_break,5785.0,5790.0
13723,S5,6,lunch_break,5790.0,5795.0
13724,S5,6,lunch_break,5795.0,5800.0
13725,S5,6,lunch_break,5800.0,5805.0
13726,S5,6,lunch_break,5805.0,5810.0
13727,S5,6,lunch_break,5810.0,5815.0
13728,S5,6,lunch_break,5815.0,5820.0
13729,S5,6,lunch_break,5820.0,5825.0
13730,S5,6,lunch_break,5825.0,5830.0
13731,S5,6,lunch_break,5830.0,5835.0
13732,S5,6,lunch_break,5835.0,5840.0
13733,S5,6,lunch_break,5840.0,5845.0
13734,S5,6,lunch_break,5845.0,5850.0
13735,S5,6,lunch_break,5850.0,5855.0
13736,S5,6,lunch_break,5855.0,5860.0
13737,S5,6,lunch_break,5860.0,5865.0
13738,S5,6,lunch_break,5865.0,5870.0
13739,S5,6,lunch_break,5870.0,5875.0
13740,S5,6,lunch_break,5875.0,5880.0
13741,S5,6,lunch_break,5880.0,5885.0
13742,S5,6,lunch_break,5885.0,5890.0
13743,S5,6,lunch_break,5890.0,5895.0
13744,S5,6,lunch_break,5895.0,5900.0
13745,S5,6,lunch_break,5900.0,5905.0
13746,S5,6,lunch_break,5905.0,5910.0
13747,S5,6,lunch_break,5910.0,5915.0
13748,S5,6,lunch_break,5915.0,5920.0
13749,S5,6,lunch_break,5920.0,5925.0
13750,S5,6,lunch_break,5925.0,5930.0
13751,S5,6,lunch_break,5930.0,5935.0
13752,S5,6,lunch_break,5935.0,5940.0
13753,S5,6,lunch_break,5940.0,5945.0
13754,S5,6,lunch_break,5945.0,5950.0
13755,S5,6,lunch_break,5950.0,5955.0
13756,S5,6,lunch_break,5955.0,5960.0
13757,S5,6,lunch_break,5960.0,5965.0
13758,S5,6,lunch_break,5965.0,5970.0
13759,S5,6,lunch_break,5970.0,5975.0
13760,S5,6,lunch_break,5975.0,5980.0
13761,S5,6,lunch_break,5980.0,5985.0
13762,S5,6,lunch_break,5985.0,5990.0
13763,S5,6,lunch_break,5990.0,5995.0
13764,S5,6,lunch_break,5995.0,6000.0
13765,S5,6,lunch_break,6000.0,6005.0
13766,S5,6,lunch_break,6005.0,6010.0
13767,S5,6,lunch_break,6010.0,6015.0
13768,S5,6,lunch_break,6015.0,6020.0
13769,S5,6,lunch_break,6020.0,6025.0
13770,S5,6,lunch_break,6025.0,6030.0
13771,S5,6,lunch_break,6030.0,6035.0
13772,S5,6,lunch_break,6035.0,6040.0
13773,S5,6,lunch_break,6040.0,6045.0
13774,S5,6,lunch_break,6045.0,6050.0
13775,S5,6,lunch_break,6050.0,6055.0
13776,S5,6,lunch_break,6055.0,6060.0
13777,S5,6,lunch_break,6060.0,6065.0
13778,S5,6,lunch_break,6065.0,6070.0
13779,S5,6,lunch_break,6070.0,6075.0
13780,S5,6,lunch_break,6075.0,6080.0
13781,S5,6,lunch_break,6080.0,6085.0
13782,S5,6,lunch_break,6085.0,6090.0
13783,S5,6,lunch_break,6090.0,6095.0
13784,S5,6,lunch_break,6095.0,6100.0
13785,S5,6,lunch_break,6100.0,6105.0
13786,S5,6,lunch_break,6105.0,6110.0
13787,S5,6,lunch_break,6110.0,6115.0
13788,S5,6,lunch_break,6115.0,6120.0
13789,S5,6,lunch_break,6120.0,6125.0
13790,S5,6,lunch_break,6125.0,6130.0
13791,S5,6,lunch_break,6130.0,6135.0
13792,S5,6,lunch_break,6135.0,6140.0
13793,S5,6,lunch_break,6140.0,6145.0
13794,S5,6,lunch_break,6145.0,6150.0
13795,S5,6,lunch_break,6150.0,6155.0
13796,S5,6,lunch_break,6155.0,6160.0
13797,S5,6,lunch_break,6160.0,6165.0
13798,S5,6,lunch_break,6165.0,6170.0
13799,S5,6,lunch_break,6170.0,6175.0
13800,S5,6,lunch_break,6175.0,6180.0
13801,S5,6,lunch_break,6180.0,6185.0
13802,S5,6,lunch_break,6185.0,6190.0
13803,S5,6,lunch_break,6190.0,6195.0
13804,S5,6,lunch_break,6195.0,6200.0
13805,S5,6,lunch_break,6200.0,6205.0
13806,S5,6,lunch_break,6205.0,6210.0
13807,S5,6,lunch_break,6210.0,6215.0
13808,S5,6,lunch_break,6215.0,6220.0
13809,S5,6,lunch_break,6220.0,6225.0
13810,S5,6,lunch_break,6225.0,6230.0
13811,S5,6,lunch_break,6230.0,6235.0
13812,S5,6,lunch_break,6235.0,6240.0
13813,S5,6,lunch_break,6240.0,6245.0
13814,S5,6,lunch_break,6245.0,6250.0
13815,S5,6,lunch_break,6250.0,6255.0
13816,S5,6,lunch_break,6255.0,6260.0
13817,S5,6,lunch_break,6260.0,6265.0
13818,S5,6,lunch_break,6265.0,6270.0
13819,S5,6,lunch_break,6270.0,6275.0
13820,S5,6,lunch_break,6275.0,6280.0
13821,S5,6,lunch_break,6280.0,6285.0
13822,S5,6,lunch_break,6285.0,6290.0
13823,S5,6,lunch_break,6290.0,6295.0
13824,S5,6,lunch_break,6295.0,6300.0
13825,S5,6,lunch_break,6300.0,6305.0
13826,S5,6,lunch_break,6305.0,6310.0
13827,S5,6,lunch_break,6310.0,6315.0
13828,S5,6,lunch_break,6315.0,6320.0
13829,S5,6,lunch_break,6320.0,6325.0
13830,S5,6,lunch_break,6325.0,6330.0
13831,S5,6,lunch_break,6330.0,6335.0
13832,S5,6,lunch_break,6335.0,6340.0
13833,S5,6,lunch_break,6340.0,6345.0
13834,S5,6,lunch_break,6345.0,6350.0
13835,S5,6,lunch_break,6350.0,6355.0
13836,S5,6,lunch_break,6355.0,6360.0
13837,S5,6,lunch_break,6360.0,6365.0
13838,S5,6,lunch_break,6365.0,6370.0
13839,S5,6,lunch_break,6370.0,6375.0
13840,S5,6,lunch_break,6375.0,6380.0
13841,S5,6,lunch_break,6380.0,6385.0
13842,S5,6,lunch_break,6385.0,6390.0
13843,S5,6,lunch_break,6390.0,6395.0
13844,S5,6,lunch_break,6395.0,6400.0
13845,S5,6,lunch_break,6400.0,6405.0
13846,S5,6,lunch_break,6405.0,6410.0
13847,S5,6,lunch_break,6410.0,6415.0
13848,S5,6,lunch_break,6415.0,6420.0
13849,S5,6,lunch_break,6420.0,6425.0
13850,S5,6,lunch_break,6425.0,6430.0
13851,S5,6,lunch_break,6430.0,6435.0
13852,S5,6,lunch_break,6435.0,6440.0
13853,S5,6,lunch_break,6440.0,6445.0
13854,S5,6,lunch_break,6445.0,6450.0
13855,S5,6,lunch_break,6450.0,6455.0
13856,S5,6,lunch_break,6455.0,6460.0
13857,S5,6,lunch_break,6460.0,6465.0
13858,S5,6,lunch_break,6465.0,6470.0
13859,S5,6,lunch_break,6470.0,6475.0
13860,S5,6,lunch_break,6475.0,6480.0
13861,S5,6,lunch_break,6480.0,6485.0
13862,S5,6,lunch_break,6485.0,6490.0
13863,S5,6,lunch_break,6490.0,6495.0
13864,S5,6,lunch_break,6495.0,6500.0
13865,S5,6,lunch_break,6500.0,6505.0
13866,S5,6,lunch_break,6505.0,6510.0
13867,S5,6,lunch_break,6510.0,6515.0
13868,S5,6,lunch_break,6515.0,6520.0
13869,S5,6,lunch_break,6520.0,6525.0
13870,S5,6,lunch_break,6525.0,6530.0
13871,S5,6,lunch_break,6530.0,6535.0
13872,S5,6,lunch_break,6535.0,6540.0
13873,S5,6,lunch_break,6540.0,6545.0
13874,S5,6,lunch_break,6545.0,6550.0
13875,S5,6,lunch_break,6550.0,6555.0
13876,S5,6,lunch_break,6555.0,6560.0
13877,S5,6,lunch_break,6560.0,6565.0
13878,S5,6,lunch_break,6565.0,6570.0
13879,S5,6,lunch_break,6570.0,6575.0
13880,S5,6,lunch_break,6575.0,6580.0
13881,S5,6,lunch_break,6580.0,6585.0
13882,S5,6,lunch_break,6585.0,6590.0
13883,S5,6,lunch_break,6590.0,6595.0
13884,S5,6,lunch_break,6595.0,6600.0
13885,S5,6,lunch_break,6600.0,6605.0
13886,S5,6,lunch_break,6605.0,6610.0
13887,S5,6,lunch_break,6610.0,6615.0
13888,S5,6,lunch_break,6615.0,6620.0
13889,S5,6,lunch_break,6620.0,6625.0
13890,S5,6,lunch_break,6625.0,6630.0
13891,S5,6,lunch_break,6630.0,6635.0
13892,S5,6,lunch_break,6635.0,6640.0
13893,S5,6,lunch_break,6640.0,6645.0
13894,S5,6,lunch_break,6645.0,6650.0
13895,S5,6,lunch_break,6650.0,6655.0
13896,S5,6,lunch_break,6655.0,6660.0
13897,S5,6,lunch_break,6660.0,6665.0
13898,S5,6,lunch_break,6665.0,6670.0
13899,S5,6,lunch_break,6670.0,6675.0
13900,S5,6,lunch_break,6675.0,6680.0
13901,S5,6,lunch_break,6680.0,6685.0
13902,S5,6,lunch_break,6685.0,6690.0
13903,S5,6,lunch_break,6690.0,6695.0
13904,S5,6,lunch_break,6695.0,6700.0
13905,S5,6,lunch_break,6700.0,6705.0
13906,S5,6,lunch_break,6705.0,6710.0
13907,S5,7,walking,6715.0,6720.0
13908,S5,7,walking,6720.0,6725.0
13909,S5,7,walking,6725.0,6730.0
13910,S5,7,walking,6730.0,6735.0
13911,S5,7,walking,6735.0,6740.0
13912,S5,7,walking,6740.0,6745.0
13913,S5,7,walking,6745.0,6750.0
13914,S5,7,walking,6750.0,6755.0
13915,S5,7,walking,6755.0,6760.0
13916,S5,7,walking,6760.0,6765.0
13917,S5,7,walking,6765.0,6770.0
13918,S5,7,walking,6770.0,6775.0
13919,S5,7,walking,6775.0,6780.0
13920,S5,7,walking,6780.0,6785.0
13921,S5,7,walking,6785.0,6790.0
13922,S5,7,walking,6790.0,6795.0
13923,S5,7,walking,6795.0,6800.0
13924,S5,7,walking,6800.0,6805.0
13925,S5,7,walking,6805.0,6810.0
13926,S5,7,walking,6810.0,6815.0
13927,S5,7,walking,6815.0,6820.0
13928,S5,7,walking,6820.0,6825.0
13929,S5,7,walking,6825.0,6830.0
13930,S5,7,walking,6830.0,6835.0
13931,S5,7,walking,6835.0,6840.0
13932,S5,7,walking,6840.0,6845.0
13933,S5,7,walking,6845.0,6850.0
13934,S5,7,walking,6850.0,6855.0
13935,S5,7,walking,6855.0,6860.0
13936,S5,7,walking,6860.0,6865.0
13937,S5,7,walking,6865.0,6870.0
13938,S5,7,walking,6870.0,6875.0
13939,S5,7,walking,6875.0,6880.0
13940,S5,7,walking,6880.0,6885.0
13941,S5,7,walking,6885.0,6890.0
13942,S5,7,walking,6890.0,6895.0
13943,S5,7,walking,6895.0,6900.0
13944,S5,7,walking,6900.0,6905.0
13945,S5,7,walking,6905.0,6910.0
13946,S5,7,walking,6910.0,6915.0
13947,S5,7,walking,6915.0,6920.0
13948,S5,7,walking,6920.0,6925.0
13949,S5,7,walking,6925.0,6930.0
13950,S5,7,walking,6930.0,6935.0
13951,S5,7,walking,6935.0,6940.0
13952,S5,7,walking,6940.0,6945.0
13953,S5,7,walking,6945.0,6950.0
13954,S5,7,walking,6950.0,6955.0
13955,S5,7,walking,6955.0,6960.0
13956,S5,7,walking,6960.0,6965.0
13957,S5,7,walking,6965.0,6970.0
13958,S5,7,walking,6970.0,6975.0
13959,S5,7,walking,6975.0,6980.0
13960,S5,7,walking,6980.0,6985.0
13961,S5,7,walking,6985.0,6990.0
13962,S5,7,walking,6990.0,6995.0
13963,S5,7,walking,6995.0,7000.0
13964,S5,7,walking,7000.0,7005.0
13965,S5,7,walking,7005.0,7010.0
13966,S5,7,walking,7010.0,7015.0
13967,S5,7,walking,7015.0,7020.0
13968,S5,7,walking,7020.0,7025.0
13969,S5,7,walking,7025.0,7030.0
13970,S5,7,walking,7030.0,7035.0
13971,S5,7,walking,7035.0,7040.0
13972,S5,7,walking,7040.0,7045.0
13973,S5,7,walking,7045.0,7050.0
13974,S5,7,walking,7050.0,7055.0
13975,S5,7,walking,7055.0,7060.0
13976,S5,7,walking,7060.0,7065.0
13977,S5,7,walking,7065.0,7070.0
13978,S5,7,walking,7070.0,7075.0
13979,S5,7,walking,7075.0,7080.0
13980,S5,7,walking,7080.0,7085.0
13981,S5,7,walking,7085.0,7090.0
13982,S5,7,walking,7090.0,7095.0
13983,S5,7,walking,7095.0,7100.0
13984,S5,7,walking,7100.0,7105.0
13985,S5,7,walking,7105.0,7110.0
13986,S5,7,walking,7110.0,7115.0
13987,S5,7,walking,7115.0,7120.0
13988,S5,7,walking,7120.0,7125.0
13989,S5,7,walking,7125.0,7130.0
13990,S5,7,walking,7130.0,7135.0
13991,S5,7,walking,7135.0,7140.0
13992,S5,7,walking,7140.0,7145.0
13993,S5,7,walking,7145.0,7150.0
13994,S5,7,walking,7150.0,7155.0
13995,S5,7,walking,7155.0,7160.0
13996,S5,7,walking,7160.0,7165.0
13997,S5,7,walking,7165.0,7170.0
13998,S5,7,walking,7170.0,7175.0
13999,S5,7,walking,7175.0,7180.0
14000,S5,7,walking,7180.0,7185.0
14001,S5,7,walking,7185.0,7190.0
14002,S5,7,walking,7190.0,7195.0
14003,S5,7,walking,7195.0,7200.0
14004,S5,7,walking,7200.0,7205.0
14005,S5,7,walking,7205.0,7210.0
14006,S5,7,walking,7210.0,7215.0
14007,S5,7,walking,7215.0,7220.0
14008,S5,7,walking,7220.0,7225.0
14009,S5,7,walking,7225.0,7230.0
14010,S5,7,walking,7230.0,7235.0
14011,S5,7,walking,7235.0,7240.0
14012,S5,7,walking,7240.0,7245.0
14013,S5,7,walking,7245.0,7250.0
14014,S5,7,walking,7250.0,7255.0
14015,S5,7,walking,7255.0,7260.0
14016,S5,7,walking,7260.0,7265.0
14017,S5,7,walking,7265.0,7270.0
14018,S5,7,walking,7270.0,7275.0
14019,S5,7,walking,7275.0,7280.0
14020,S5,7,walking,7280.0,7285.0
14021,S5,7,walking,7285.0,7290.0
14022,S5,7,walking,7290.0,7295.0
14023,S5,7,walking,7295.0,7300.0
14024,S5,8,working,7420.0,7425.0
14025,S5,8,working,7425.0,7430.0
14026,S5,8,working,7430.0,7435.0
14027,S5,8,working,7435.0,7440.0
14028,S5,8,working,7440.0,7445.0
14029,S5,8,working,7445.0,7450.0
14030,S5,8,working,7450.0,7455.0
14031,S5,8,working,7455.0,7460.0
14032,S5,8,working,7460.0,7465.0
14033,S5,8,working,7465.0,7470.0
14034,S5,8,working,7470.0,7475.0
14035,S5,8,working,7475.0,7480.0
14036,S5,8,working,7480.0,7485.0
14037,S5,8,working,7485.0,7490.0
14038,S5,8,working,7490.0,7495.0
14039,S5,8,working,7495.0,7500.0
14040,S5,8,working,7500.0,7505.0
14041,S5,8,working,7505.0,7510.0
14042,S5,8,working,7510.0,7515.0
14043,S5,8,working,7515.0,7520.0
14044,S5,8,working,7520.0,7525.0
14045,S5,8,working,7525.0,7530.0
14046,S5,8,working,7530.0,7535.0
14047,S5,8,working,7535.0,7540.0
14048,S5,8,working,7540.0,7545.0
14049,S5,8,working,7545.0,7550.0
14050,S5,8,working,7550.0,7555.0
14051,S5,8,working,7555.0,7560.0
14052,S5,8,working,7560.0,7565.0
14053,S5,8,working,7565.0,7570.0
14054,S5,8,working,7570.0,7575.0
14055,S5,8,working,7575.0,7580.0
14056,S5,8,working,7580.0,7585.0
14057,S5,8,working,7585.0,7590.0
14058,S5,8,working,7590.0,7595.0
14059,S5,8,working,7595.0,7600.0
14060,S5,8,working,7600.0,7605.0
14061,S5,8,working,7605.0,7610.0
14062,S5,8,working,7610.0,7615.0
14063,S5,8,working,7615.0,7620.0
14064,S5,8,working,7620.0,7625.0
14065,S5,8,working,7625.0,7630.0
14066,S5,8,working,7630.0,7635.0
14067,S5,8,working,7635.0,7640.0
14068,S5,8,working,7640.0,7645.0
14069,S5,8,working,7645.0,7650.0
14070,S5,8,working,7650.0,7655.0
14071,S5,8,working,7655.0,7660.0
14072,S5,8,working,7660.0,7665.0
14073,S5,8,working,7665.0,7670.0
14074,S5,8,working,7670.0,7675.0
14075,S5,8,working,7675.0,7680.0
14076,S5,8,working,7680.0,7685.0
14077,S5,8,working,7685.0,7690.0
14078,S5,8,working,7690.0,7695.0
14079,S5,8,working,7695.0,7700.0
14080,S5,8,working,7700.0,7705.0
14081,S5,8,working,7705.0,7710.0
14082,S5,8,working,7710.0,7715.0
14083,S5,8,working,7715.0,7720.0
14084,S5,8,working,7720.0,7725.0
14085,S5,8,working,7725.0,7730.0
14086,S5,8,working,7730.0,7735.0
14087,S5,8,working,7735.0,7740.0
14088,S5,8,working,7740.0,7745.0
14089,S5,8,working,7745.0,7750.0
14090,S5,8,working,7750.0,7755.0
14091,S5,8,working,7755.0,7760.0
14092,S5,8,working,7760.0,7765.0
14093,S5,8,working,7765.0,7770.0
14094,S5,8,working,7770.0,7775.0
14095,S5,8,working,7775.0,7780.0
14096,S5,8,working,7780.0,7785.0
14097,S5,8,working,7785.0,7790.0
14098,S5,8,working,7790.0,7795.0
14099,S5,8,working,7795.0,7800.0
14100,S5,8,working,7800.0,7805.0
14101,S5,8,working,7805.0,7810.0
14102,S5,8,working,7810.0,7815.0
14103,S5,8,working,7815.0,7820.0
14104,S5,8,working,7820.0,7825.0
14105,S5,8,working,7825.0,7830.0
14106,S5,8,working,7830.0,7835.0
14107,S5,8,working,7835.0,7840.0
14108,S5,8,working,7840.0,7845.0
14109,S5,8,working,7845.0,7850.0
14110,S5,8,working,7850.0,7855.0
14111,S5,8,working,7855.0,7860.0
14112,S5,8,working,7860.0,7865.0
14113,S5,8,working,7865.0,7870.0
14114,S5,8,working,7870.0,7875.0
14115,S5,8,working,7875.0,7880.0
14116,S5,8,working,7880.0,7885.0
14117,S5,8,working,7885.0,7890.0
14118,S5,8,working,7890.0,7895.0
14119,S5,8,working,7895.0,7900.0
14120,S5,8,working,7900.0,7905.0
14121,S5,8,working,7905.0,7910.0
14122,S5,8,working,7910.0,7915.0
14123,S5,8,working,7915.0,7920.0
14124,S5,8,working,7920.0,7925.0
14125,S5,8,working,7925.0,7930.0
14126,S5,8,working,7930.0,7935.0
14127,S5,8,working,7935.0,7940.0
14128,S5,8,working,7940.0,7945.0
14129,S5,8,working,7945.0,7950.0
14130,S5,8,working,7950.0,7955.0
14131,S5,8,working,7955.0,7960.0
14132,S5,8,working,7960.0,7965.0
14133,S5,8,working,7965.0,7970.0
14134,S5,8,working,7970.0,7975.0
14135,S5,8,working,7975.0,7980.0
14136,S5,8,working,7980.0,7985.0
14137,S5,8,working,7985.0,7990.0
14138,S5,8,working,7990.0,7995.0
14139,S5,8,working,7995.0,8000.0
14140,S5,8,working,8000.0,8005.0
14141,S5,8,working,8005.0,8010.0
14142,S5,8,working,8010.0,8015.0
14143,S5,8,working,8015.0,8020.0
14144,S5,8,working,8020.0,8025.0
14145,S5,8,working,8025.0,8030.0
14146,S5,8,working,8030.0,8035.0
14147,S5,8,working,8035.0,8040.0
14148,S5,8,working,8040.0,8045.0
14149,S5,8,working,8045.0,8050.0
14150,S5,8,working,8050.0,8055.0
14151,S5,8,working,8055.0,8060.0
14152,S5,8,working,8060.0,8065.0
14153,S5,8,working,8065.0,8070.0
14154,S5,8,working,8070.0,8075.0
14155,S5,8,working,8075.0,8080.0
14156,S5,8,working,8080.0,8085.0
14157,S5,8,working,8085.0,8090.0
14158,S5,8,working,8090.0,8095.0
14159,S5,8,working,8095.0,8100.0
14160,S5,8,working,8100.0,8105.0
14161,S5,8,working,8105.0,8110.0
14162,S5,8,working,8110.0,8115.0
14163,S5,8,working,8115.0,8120.0
14164,S5,8,working,8120.0,8125.0
14165,S5,8,working,8125.0,8130.0
14166,S5,8,working,8130.0,8135.0
14167,S5,8,working,8135.0,8140.0
14168,S5,8,working,8140.0,8145.0
14169,S5,8,working,8145.0,8150.0
14170,S5,8,working,8150.0,8155.0
14171,S5,8,working,8155.0,8160.0
14172,S5,8,working,8160.0,8165.0
14173,S5,8,working,8165.0,8170.0
14174,S5,8,working,8170.0,8175.0
14175,S5,8,working,8175.0,8180.0
14176,S5,8,working,8180.0,8185.0
14177,S5,8,working,8185.0,8190.0
14178,S5,8,working,8190.0,8195.0
14179,S5,8,working,8195.0,8200.0
14180,S5,8,working,8200.0,8205.0
14181,S5,8,working,8205.0,8210.0
14182,S5,8,working,8210.0,8215.0
14183,S5,8,working,8215.0,8220.0
14184,S5,8,working,8220.0,8225.0
14185,S5,8,working,8225.0,8230.0
14186,S5,8,working,8230.0,8235.0
14187,S5,8,working,8235.0,8240.0
14188,S5,8,working,8240.0,8245.0
14189,S5,8,working,8245.0,8250.0
14190,S5,8,working,8250.0,8255.0
14191,S5,8,working,8255.0,8260.0
14192,S5,8,working,8260.0,8265.0
14193,S5,8,working,8265.0,8270.0
14194,S5,8,working,8270.0,8275.0
14195,S5,8,working,8275.0,8280.0
14196,S5,8,working,8280.0,8285.0
14197,S5,8,working,8285.0,8290.0
14198,S5,8,working,8290.0,8295.0
14199,S5,8,working,8295.0,8300.0
14200,S5,8,working,8300.0,8305.0
14201,S5,8,working,8305.0,8310.0
14202,S5,8,working,8310.0,8315.0
14203,S5,8,working,8315.0,8320.0
14204,S5,8,working,8320.0,8325.0
14205,S5,8,working,8325.0,8330.0
14206,S5,8,working,8330.0,8335.0
14207,S5,8,working,8335.0,8340.0
14208,S5,8,working,8340.0,8345.0
14209,S5,8,working,8345.0,8350.0
14210,S5,8,working,8350.0,8355.0
14211,S5,8,working,8355.0,8360.0
14212,S5,8,working,8360.0,8365.0
14213,S5,8,working,8365.0,8370.0
14214,S5,8,working,8370.0,8375.0
14215,S5,8,working,8375.0,8380.0
14216,S5,8,working,8380.0,8385.0
14217,S5,8,working,8385.0,8390.0
14218,S5,8,working,8390.0,8395.0
14219,S5,8,working,8395.0,8400.0
14220,S5,8,working,8400.0,8405.0
14221,S5,8,working,8405.0,8410.0
14222,S5,8,working,8410.0,8415.0
14223,S5,8,working,8415.0,8420.0
14224,S5,8,working,8420.0,8425.0
14225,S5,8,working,8425.0,8430.0
14226,S5,8,working,8430.0,8435.0
14227,S5,8,working,8435.0,8440.0
14228,S5,8,working,8440.0,8445.0
14229,S5,8,working,8445.0,8450.0
14230,S5,8,working,8450.0,8455.0
14231,S5,8,working,8455.0,8460.0
14232,S5,8,working,8460.0,8465.0
14233,S5,8,working,8465.0,8470.0
14234,S5,8,working,8470.0,8475.0
14235,S5,8,working,8475.0,8480.0
14236,S5,8,working,8480.0,8485.0
14237,S5,8,working,8485.0,8490.0
14238,S5,8,working,8490.0,8495.0
14239,S5,8,working,8495.0,8500.0
14240,S5,8,working,8500.0,8505.0
14241,S5,8,working,8505.0,8510.0
14242,S5,8,working,8510.0,8515.0
14243,S5,8,working,8515.0,8520.0
14244,S5,8,working,8520.0,8525.0
14245,S5,8,working,8525.0,8530.0
14246,S5,8,working,8530.0,8535.0
14247,S5,8,working,8535.0,8540.0
14248,S5,8,working,8540.0,8545.0
14249,S5,8,working,8545.0,8550.0
14250,S5,8,working,8550.0,8555.0
14251,S5,8,working,8555.0,8560.0
14252,S5,8,working,8560.0,8565.0
14253,S5,8,working,8565.0,8570.0
14254,S5,8,working,8570.0,8575.0
14255,S5,8,working,8575.0,8580.0
14256,S5,8,working,8580.0,8585.0
14257,S5,8,working,8585.0,8590.0
14258,S5,8,working,8590.0,8595.0
14259,S5,8,working,8595.0,8600.0
14260,S5,8,working,8600.0,8605.0
14261,S5,8,working,8605.0,8610.0
14262,S5,8,working,8610.0,8615.0
14263,S5,8,working,8615.0,8620.0
14264,S5,8,working,8620.0,8625.0
14265,S5,8,working,8625.0,8630.0
14266,S5,8,working,8630.0,8635.0
14267,S5,8,working,8635.0,8640.0
14268,S5,8,working,8640.0,8645.0
14269,S5,8,working,8645.0,8650.0
14270,S5,8,working,8650.0,8655.0
14271,S5,8,working,8655.0,8660.0
14272,S5,8,working,8660.0,8665.0
14273,S5,8,working,8665.0,8670.0
14274,S5,8,working,8670.0,8675.0
14275,S5,8,working,8675.0,8680.0
14276,S5,8,working,8680.0,8685.0
14277,S6,1,sitting,80.0,85.0
14278,S6,1,sitting,85.0,90.0
14279,S6,1,sitting,90.0,95.0
14280,S6,1,sitting,95.0,100.0
14281,S6,1,sitting,100.0,105.0
14282,S6,1,sitting,105.0,110.0
14283,S6,1,sitting,110.0,115.0
14284,S6,1,sitting,115.0,120.0
14285,S6,1,sitting,120.0,125.0
14286,S6,1,sitting,125.0,130.0
14287,S6,1,sitting,130.0,135.0
14288,S6,1,sitting,135.0,140.0
14289,S6,1,sitting,140.0,145.0
14290,S6,1,sitting,145.0,150.0
14291,S6,1,sitting,150.0,155.0
14292,S6,1,sitting,155.0,160.0
14293,S6,1,sitting,160.0,165.0
14294,S6,1,sitting,165.0,170.0
14295,S6,1,sitting,170.0,175.0
14296,S6,1,sitting,175.0,180.0
14297,S6,1,sitting,180.0,185.0
14298,S6,1,sitting,185.0,190.0
14299,S6,1,sitting,190.0,195.0
14300,S6,1,sitting,195.0,200.0
14301,S6,1,sitting,200.0,205.0
14302,S6,1,sitting,205.0,210.0
14303,S6,1,sitting,210.0,215.0
14304,S6,1,sitting,215.0,220.0
14305,S6,1,sitting,220.0,225.0
14306,S6,1,sitting,225.0,230.0
14307,S6,1,sitting,230.0,235.0
14308,S6,1,sitting,235.0,240.0
14309,S6,1,sitting,240.0,245.0
14310,S6,1,sitting,245.0,250.0
14311,S6,1,sitting,250.0,255.0
14312,S6,1,sitting,255.0,260.0
14313,S6,1,sitting,260.0,265.0
14314,S6,1,sitting,265.0,270.0
14315,S6,1,sitting,270.0,275.0
14316,S6,1,sitting,275.0,280.0
14317,S6,1,sitting,280.0,285.0
14318,S6,1,sitting,285.0,290.0
14319,S6,1,sitting,290.0,295.0
14320,S6,1,sitting,295.0,300.0
14321,S6,1,sitting,300.0,305.0
14322,S6,1,sitting,305.0,310.0
14323,S6,1,sitting,310.0,315.0
14324,S6,1,sitting,315.0,320.0
14325,S6,1,sitting,320.0,325.0
14326,S6,1,sitting,325.0,330.0
14327,S6,1,sitting,330.0,335.0
14328,S6,1,sitting,335.0,340.0
14329,S6,1,sitting,340.0,345.0
14330,S6,1,sitting,345.0,350.0
14331,S6,1,sitting,350.0,355.0
14332,S6,1,sitting,355.0,360.0
14333,S6,1,sitting,360.0,365.0
14334,S6,1,sitting,365.0,370.0
14335,S6,1,sitting,370.0,375.0
14336,S6,1,sitting,375.0,380.0
14337,S6,1,sitting,380.0,385.0
14338,S6,1,sitting,385.0,390.0
14339,S6,1,sitting,390.0,395.0
14340,S6,1,sitting,395.0,400.0
14341,S6,1,sitting,400.0,405.0
14342,S6,1,sitting,405.0,410.0
14343,S6,1,sitting,410.0,415.0
14344,S6,1,sitting,415.0,420.0
14345,S6,1,sitting,420.0,425.0
14346,S6,1,sitting,425.0,430.0
14347,S6,1,sitting,430.0,435.0
14348,S6,1,sitting,435.0,440.0
14349,S6,1,sitting,440.0,445.0
14350,S6,1,sitting,445.0,450.0
14351,S6,1,sitting,450.0,455.0
14352,S6,1,sitting,455.0,460.0
14353,S6,1,sitting,460.0,465.0
14354,S6,1,sitting,465.0,470.0
14355,S6,1,sitting,470.0,475.0
14356,S6,1,sitting,475.0,480.0
14357,S6,1,sitting,480.0,485.0
14358,S6,1,sitting,485.0,490.0
14359,S6,1,sitting,490.0,495.0
14360,S6,1,sitting,495.0,500.0
14361,S6,1,sitting,500.0,505.0
14362,S6,1,sitting,505.0,510.0
14363,S6,1,sitting,510.0,515.0
14364,S6,1,sitting,515.0,520.0
14365,S6,1,sitting,520.0,525.0
14366,S6,1,sitting,525.0,530.0
14367,S6,1,sitting,530.0,535.0
14368,S6,1,sitting,535.0,540.0
14369,S6,1,sitting,540.0,545.0
14370,S6,1,sitting,545.0,550.0
14371,S6,1,sitting,550.0,555.0
14372,S6,1,sitting,555.0,560.0
14373,S6,1,sitting,560.0,565.0
14374,S6,1,sitting,565.0,570.0
14375,S6,1,sitting,570.0,575.0
14376,S6,1,sitting,575.0,580.0
14377,S6,1,sitting,580.0,585.0
14378,S6,1,sitting,585.0,590.0
14379,S6,1,sitting,590.0,595.0
14380,S6,1,sitting,595.0,600.0
14381,S6,1,sitting,600.0,605.0
14382,S6,1,sitting,605.0,610.0
14383,S6,1,sitting,610.0,615.0
14384,S6,1,sitting,615.0,620.0
14385,S6,1,sitting,620.0,625.0
14386,S6,1,sitting,625.0,630.0
14387,S6,1,sitting,630.0,635.0
14388,S6,1,sitting,635.0,640.0
14389,S6,1,sitting,640.0,645.0
14390,S6,1,sitting,645.0,650.0
14391,S6,1,sitting,650.0,655.0
14392,S6,1,sitting,655.0,660.0
14393,S6,1,sitting,660.0,665.0
14394,S6,1,sitting,665.0,670.0
14395,S6,1,sitting,670.0,675.0
14396,S6,1,sitting,675.0,680.0
14397,S6,1,sitting,680.0,685.0
14398,S6,1,sitting,685.0,690.0
14399,S6,1,sitting,690.0,695.0
14400,S6,1,sitting,695.0,700.0
14401,S6,1,sitting,700.0,705.0
14402,S6,1,sitting,705.0,710.0
14403,S6,2,stairs,925.0,930.0
14404,S6,2,stairs,930.0,935.0
14405,S6,2,stairs,935.0,940.0
14406,S6,2,stairs,940.0,945.0
14407,S6,2,stairs,945.0,950.0
14408,S6,2,stairs,950.0,955.0
14409,S6,2,stairs,955.0,960.0
14410,S6,2,stairs,960.0,965.0
14411,S6,2,stairs,965.0,970.0
14412,S6,2,stairs,970.0,975.0
14413,S6,2,stairs,975.0,980.0
14414,S6,2,stairs,980.0,985.0
14415,S6,2,stairs,985.0,990.0
14416,S6,2,stairs,990.0,995.0
14417,S6,2,stairs,995.0,1000.0
14418,S6,2,stairs,1000.0,1005.0
14419,S6,2,stairs,1005.0,1010.0
14420,S6,2,stairs,1010.0,1015.0
14421,S6,2,stairs,1015.0,1020.0
14422,S6,2,stairs,1020.0,1025.0
14423,S6,2,stairs,1025.0,1030.0
14424,S6,2,stairs,1030.0,1035.0
14425,S6,2,stairs,1035.0,1040.0
14426,S6,2,stairs,1040.0,1045.0
14427,S6,2,stairs,1045.0,1050.0
14428,S6,2,stairs,1050.0,1055.0
14429,S6,2,stairs,1055.0,1060.0
14430,S6,2,stairs,1060.0,1065.0
14431,S6,2,stairs,1065.0,1070.0
14432,S6,2,stairs,1070.0,1075.0
14433,S6,2,stairs,1075.0,1080.0
14434,S6,2,stairs,1080.0,1085.0
14435,S6,2,stairs,1085.0,1090.0
14436,S6,2,stairs,1090.0,1095.0
14437,S6,2,stairs,1095.0,1100.0
14438,S6,2,stairs,1100.0,1105.0
14439,S6,2,stairs,1105.0,1110.0
14440,S6,2,stairs,1110.0,1115.0
14441,S6,2,stairs,1115.0,1120.0
14442,S6,2,stairs,1120.0,1125.0
14443,S6,2,stairs,1125.0,1130.0
14444,S6,2,stairs,1130.0,1135.0
14445,S6,2,stairs,1135.0,1140.0
14446,S6,2,stairs,1140.0,1145.0
14447,S6,2,stairs,1145.0,1150.0
14448,S6,2,stairs,1150.0,1155.0
14449,S6,2,stairs,1155.0,1160.0
14450,S6,2,stairs,1160.0,1165.0
14451,S6,2,stairs,1165.0,1170.0
14452,S6,2,stairs,1170.0,1175.0
14453,S6,2,stairs,1175.0,1180.0
14454,S6,2,stairs,1180.0,1185.0
14455,S6,2,stairs,1185.0,1190.0
14456,S6,2,stairs,1190.0,1195.0
14457,S6,2,stairs,1195.0,1200.0
14458,S6,2,stairs,1200.0,1205.0
14459,S6,2,stairs,1205.0,1210.0
14460,S6,2,stairs,1210.0,1215.0
14461,S6,2,stairs,1215.0,1220.0
14462,S6,2,stairs,1220.0,1225.0
14463,S6,2,stairs,1225.0,1230.0
14464,S6,2,stairs,1230.0,1235.0
14465,S6,2,stairs,1235.0,1240.0
14466,S6,2,stairs,1240.0,1245.0
14467,S6,2,stairs,1245.0,1250.0
14468,S6,2,stairs,1250.0,1255.0
14469,S6,2,stairs,1255.0,1260.0
14470,S6,2,stairs,1260.0,1265.0
14471,S6,2,stairs,1265.0,1270.0
14472,S6,2,stairs,1270.0,1275.0
14473,S6,2,stairs,1275.0,1280.0
14474,S6,2,stairs,1280.0,1285.0
14475,S6,2,stairs,1285.0,1290.0
14476,S6,2,stairs,1290.0,1295.0
14477,S6,2,stairs,1295.0,1300.0
14478,S6,2,stairs,1300.0,1305.0
14479,S6,2,stairs,1305.0,1310.0
14480,S6,2,stairs,1310.0,1315.0
14481,S6,2,stairs,1315.0,1320.0
14482,S6,2,stairs,1320.0,1325.0
14483,S6,2,stairs,1325.0,1330.0
14484,S6,2,stairs,1330.0,1335.0
14485,S6,2,stairs,1335.0,1340.0
14486,S6,2,stairs,1340.0,1345.0
14487,S6,2,stairs,1345.0,1350.0
14488,S6,3,table_soccer,1460.0,1465.0
14489,S6,3,table_soccer,1465.0,1470.0
14490,S6,3,table_soccer,1470.0,1475.0
14491,S6,3,table_soccer,1475.0,1480.0
14492,S6,3,table_soccer,1480.0,1485.0
14493,S6,3,table_soccer,1485.0,1490.0
14494,S6,3,table_soccer,1490.0,1495.0
14495,S6,3,table_soccer,1495.0,1500.0
14496,S6,3,table_soccer,1500.0,1505.0
14497,S6,3,table_soccer,1505.0,1510.0
14498,S6,3,table_soccer,1510.0,1515.0
14499,S6,3,table_soccer,1515.0,1520.0
14500,S6,3,table_soccer,1520.0,1525.0
14501,S6,3,table_soccer,1525.0,1530.0
14502,S6,3,table_soccer,1530.0,1535.0
14503,S6,3,table_soccer,1535.0,1540.0
14504,S6,3,table_soccer,1540.0,1545.0
14505,S6,3,table_soccer,1545.0,1550.0
14506,S6,3,table_soccer,1550.0,1555.0
14507,S6,3,table_soccer,1555.0,1560.0
14508,S6,3,table_soccer,1560.0,1565.0
14509,S6,3,table_soccer,1565.0,1570.0
14510,S6,3,table_soccer,1570.0,1575.0
14511,S6,3,table_soccer,1575.0,1580.0
14512,S6,3,table_soccer,1580.0,1585.0
14513,S6,3,table_soccer,1585.0,1590.0
14514,S6,3,table_soccer,1590.0,1595.0
14515,S6,3,table_soccer,1595.0,1600.0
14516,S6,3,table_soccer,1600.0,1605.0
14517,S6,3,table_soccer,1605.0,1610.0
14518,S6,3,table_soccer,1610.0,1615.0
14519,S6,3,table_soccer,1615.0,1620.0
14520,S6,3,table_soccer,1620.0,1625.0
14521,S6,3,table_soccer,1625.0,1630.0
14522,S6,3,table_soccer,1630.0,1635.0
14523,S6,3,table_soccer,1635.0,1640.0
14524,S6,3,table_soccer,1640.0,1645.0
14525,S6,3,table_soccer,1645.0,1650.0
14526,S6,3,table_soccer,1650.0,1655.0
14527,S6,3,table_soccer,1655.0,1660.0
14528,S6,3,table_soccer,1660.0,1665.0
14529,S6,3,table_soccer,1665.0,1670.0
14530,S6,3,table_soccer,1670.0,1675.0
14531,S6,3,table_soccer,1675.0,1680.0
14532,S6,3,table_soccer,1680.0,1685.0
14533,S6,3,table_soccer,1685.0,1690.0
14534,S6,3,table_soccer,1690.0,1695.0
14535,S6,3,table_soccer,1695.0,1700.0
14536,S6,3,table_soccer,1700.0,1705.0
14537,S6,3,table_soccer,1705.0,1710.0
14538,S6,3,table_soccer,1710.0,1715.0
14539,S6,3,table_soccer,1715.0,1720.0
14540,S6,3,table_soccer,1720.0,1725.0
14541,S6,3,table_soccer,1725.0,1730.0
14542,S6,3,table_soccer,1730.0,1735.0
14543,S6,3,table_soccer,1735.0,1740.0
14544,S6,3,table_soccer,1740.0,1745.0
14545,S6,3,table_soccer,1745.0,1750.0
14546,S6,3,table_soccer,1750.0,1755.0
14547,S6,3,table_soccer,1755.0,1760.0
14548,S6,3,table_soccer,1760.0,1765.0
14549,S6,4,cycling,2485.0,2490.0
14550,S6,4,cycling,2490.0,2495.0
14551,S6,4,cycling,2495.0,2500.0
14552,S6,4,cycling,2500.0,2505.0
14553,S6,4,cycling,2505.0,2510.0
14554,S6,4,cycling,2510.0,2515.0
14555,S6,4,cycling,2515.0,2520.0
14556,S6,4,cycling,2520.0,2525.0
14557,S6,4,cycling,2525.0,2530.0
14558,S6,4,cycling,2530.0,2535.0
14559,S6,4,cycling,2535.0,2540.0
14560,S6,4,cycling,2540.0,2545.0
14561,S6,4,cycling,2545.0,2550.0
14562,S6,4,cycling,2550.0,2555.0
14563,S6,4,cycling,2555.0,2560.0
14564,S6,4,cycling,2560.0,2565.0
14565,S6,4,cycling,2565.0,2570.0
14566,S6,4,cycling,2570.0,2575.0
14567,S6,4,cycling,2575.0,2580.0
14568,S6,4,cycling,2580.0,2585.0
14569,S6,4,cycling,2585.0,2590.0
14570,S6,4,cycling,2590.0,2595.0
14571,S6,4,cycling,2595.0,2600.0
14572,S6,4,cycling,2600.0,2605.0
14573,S6,4,cycling,2605.0,2610.0
14574,S6,4,cycling,2610.0,2615.0
14575,S6,4,cycling,2615.0,2620.0
14576,S6,4,cycling,2620.0,2625.0
14577,S6,4,cycling,2625.0,2630.0
14578,S6,4,cycling,2630.0,2635.0
14579,S6,4,cycling,2635.0,2640.0
14580,S6,4,cycling,2640.0,2645.0
14581,S6,4,cycling,2645.0,2650.0
14582,S6,4,cycling,2650.0,2655.0
14583,S6,4,cycling,2655.0,2660.0
14584,S6,4,cycling,2660.0,2665.0
14585,S6,4,cycling,2665.0,2670.0
14586,S6,4,cycling,2670.0,2675.0
14587,S6,4,cycling,2675.0,2680.0
14588,S6,4,cycling,2680.0,2685.0
14589,S6,4,cycling,2685.0,2690.0
14590,S6,4,cycling,2690.0,2695.0
14591,S6,4,cycling,2695.0,2700.0
14592,S6,4,cycling,2700.0,2705.0
14593,S6,4,cycling,2705.0,2710.0
14594,S6,4,cycling,2710.0,2715.0
14595,S6,4,cycling,2715.0,2720.0
14596,S6,4,cycling,2720.0,2725.0
14597,S6,4,cycling,2725.0,2730.0
14598,S6,4,cycling,2730.0,2735.0
14599,S6,4,cycling,2735.0,2740.0
14600,S6,4,cycling,2740.0,2745.0
14601,S6,4,cycling,2745.0,2750.0
14602,S6,4,cycling,2750.0,2755.0
14603,S6,4,cycling,2755.0,2760.0
14604,S6,4,cycling,2760.0,2765.0
14605,S6,4,cycling,2765.0,2770.0
14606,S6,4,cycling,2770.0,2775.0
14607,S6,4,cycling,2775.0,2780.0
14608,S6,4,cycling,2780.0,2785.0
14609,S6,4,cycling,2785.0,2790.0
14610,S6,4,cycling,2790.0,2795.0
14611,S6,4,cycling,2795.0,2800.0
14612,S6,4,cycling,2800.0,2805.0
14613,S6,4,cycling,2805.0,2810.0
14614,S6,4,cycling,2810.0,2815.0
14615,S6,4,cycling,2815.0,2820.0
14616,S6,4,cycling,2820.0,2825.0
14617,S6,4,cycling,2825.0,2830.0
14618,S6,4,cycling,2830.0,2835.0
14619,S6,4,cycling,2835.0,2840.0
14620,S6,4,cycling,2840.0,2845.0
14621,S6,4,cycling,2845.0,2850.0
14622,S6,4,cycling,2850.0,2855.0
14623,S6,4,cycling,2855.0,2860.0
14624,S6,4,cycling,2860.0,2865.0
14625,S6,4,cycling,2865.0,2870.0
14626,S6,4,cycling,2870.0,2875.0
14627,S6,4,cycling,2875.0,2880.0
14628,S6,4,cycling,2880.0,2885.0
14629,S6,4,cycling,2885.0,2890.0
14630,S6,4,cycling,2890.0,2895.0
14631,S6,4,cycling,2895.0,2900.0
14632,S6,4,cycling,2900.0,2905.0
14633,S6,4,cycling,2905.0,2910.0
14634,S6,4,cycling,2910.0,2915.0
14635,S6,4,cycling,2915.0,2920.0
14636,S6,4,cycling,2920.0,2925.0
14637,S6,4,cycling,2925.0,2930.0
14638,S6,4,cycling,2930.0,2935.0
14639,S6,4,cycling,2935.0,2940.0
14640,S6,4,cycling,2940.0,2945.0
14641,S6,4,cycling,2945.0,2950.0
14642,S6,4,cycling,2950.0,2955.0
14643,S6,4,cycling,2955.0,2960.0
14644,S6,4,cycling,2960.0,2965.0
14645,S6,4,cycling,2965.0,2970.0
14646,S6,4,cycling,2970.0,2975.0
14647,S6,4,cycling,2975.0,2980.0
14648,S6,4,cycling,2980.0,2985.0
14649,S6,4,cycling,2985.0,2990.0
14650,S6,4,cycling,2990.0,2995.0
14651,S6,4,cycling,2995.0,3000.0
14652,S6,4,cycling,3000.0,3005.0
14653,S6,4,cycling,3005.0,3010.0
14654,S6,4,cycling,3010.0,3015.0
14655,S6,5,car_driving,4175.0,4180.0
14656,S6,5,car_driving,4180.0,4185.0
14657,S6,5,car_driving,4185.0,4190.0
14658,S6,5,car_driving,4190.0,4195.0
14659,S6,5,car_driving,4195.0,4200.0
14660,S6,5,car_driving,4200.0,4205.0
14661,S6,5,car_driving,4205.0,4210.0
14662,S6,5,car_driving,4210.0,4215.0
14663,S6,5,car_driving,4215.0,4220.0
14664,S6,5,car_driving,4220.0,4225.0
14665,S6,5,car_driving,4225.0,4230.0
14666,S6,5,car_driving,4230.0,4235.0
14667,S6,5,car_driving,4235.0,4240.0
14668,S6,5,car_driving,4240.0,4245.0
14669,S6,5,car_driving,4245.0,4250.0
14670,S6,5,car_driving,4250.0,4255.0
14671,S6,5,car_driving,4255.0,4260.0
14672,S6,5,car_driving,4260.0,4265.0
14673,S6,5,car_driving,4265.0,4270.0
14674,S6,5,car_driving,4270.0,4275.0
14675,S6,5,car_driving,4275.0,4280.0
14676,S6,5,car_driving,4280.0,4285.0
14677,S6,5,car_driving,4285.0,4290.0
14678,S6,5,car_driving,4290.0,4295.0
14679,S6,5,car_driving,4295.0,4300.0
14680,S6,5,car_driving,4300.0,4305.0
14681,S6,5,car_driving,4305.0,4310.0
14682,S6,5,car_driving,4310.0,4315.0
14683,S6,5,car_driving,4315.0,4320.0
14684,S6,5,car_driving,4320.0,4325.0
14685,S6,5,car_driving,4325.0,4330.0
14686,S6,5,car_driving,4330.0,4335.0
14687,S6,5,car_driving,4335.0,4340.0
14688,S6,5,car_driving,4340.0,4345.0
14689,S6,5,car_driving,4345.0,4350.0
14690,S6,5,car_driving,4350.0,4355.0
14691,S6,5,car_driving,4355.0,4360.0
14692,S6,5,car_driving,4360.0,4365.0
14693,S6,5,car_driving,4365.0,4370.0
14694,S6,5,car_driving,4370.0,4375.0
14695,S6,5,car_driving,4375.0,4380.0
14696,S6,5,car_driving,4380.0,4385.0
14697,S6,5,car_driving,4385.0,4390.0
14698,S6,5,car_driving,4390.0,4395.0
14699,S6,5,car_driving,4395.0,4400.0
14700,S6,5,car_driving,4400.0,4405.0
14701,S6,5,car_driving,4405.0,4410.0
14702,S6,5,car_driving,4410.0,4415.0
14703,S6,5,car_driving,4415.0,4420.0
14704,S6,5,car_driving,4420.0,4425.0
14705,S6,5,car_driving,4425.0,4430.0
14706,S6,5,car_driving,4430.0,4435.0
14707,S6,5,car_driving,4435.0,4440.0
14708,S6,5,car_driving,4440.0,4445.0
14709,S6,5,car_driving,4445.0,4450.0
14710,S6,5,car_driving,4450.0,4455.0
14711,S6,5,car_driving,4455.0,4460.0
14712,S6,5,car_driving,4460.0,4465.0
14713,S6,5,car_driving,4465.0,4470.0
14714,S6,5,car_driving,4470.0,4475.0
14715,S6,5,car_driving,4475.0,4480.0
14716,S6,5,car_driving,4480.0,4485.0
14717,S6,5,car_driving,4485.0,4490.0
14718,S6,5,car_driving,4490.0,4495.0
14719,S6,5,car_driving,4495.0,4500.0
14720,S6,5,car_driving,4500.0,4505.0
14721,S6,5,car_driving,4505.0,4510.0
14722,S6,5,car_driving,4510.0,4515.0
14723,S6,5,car_driving,4515.0,4520.0
14724,S6,5,car_driving,4520.0,4525.0
14725,S6,5,car_driving,4525.0,4530.0
14726,S6,5,car_driving,4530.0,4535.0
14727,S6,5,car_driving,4535.0,4540.0
14728,S6,5,car_driving,4540.0,4545.0
14729,S6,5,car_driving,4545.0,4550.0
14730,S6,5,car_driving,4550.0,4555.0
14731,S6,5,car_driving,4555.0,4560.0
14732,S6,5,car_driving,4560.0,4565.0
14733,S6,5,car_driving,4565.0,4570.0
14734,S6,5,car_driving,4570.0,4575.0
14735,S6,5,car_driving,4575.0,4580.0
14736,S6,5,car_driving,4580.0,4585.0
14737,S6,5,car_driving,4585.0,4590.0
14738,S6,5,car_driving,4590.0,4595.0
14739,S6,5,car_driving,4595.0,4600.0
14740,S6,5,car_driving,4600.0,4605.0
14741,S6,5,car_driving,4605.0,4610.0
14742,S6,5,car_driving,4610.0,4615.0
14743,S6,5,car_driving,4615.0,4620.0
14744,S6,5,car_driving,4620.0,4625.0
14745,S6,5,car_driving,4625.0,4630.0
14746,S6,5,car_driving,4630.0,4635.0
14747,S6,5,car_driving,4635.0,4640.0
14748,S6,5,car_driving,4640.0,4645.0
14749,S6,5,car_driving,4645.0,4650.0
14750,S6,5,car_driving,4650.0,4655.0
14751,S6,5,car_driving,4655.0,4660.0
14752,S6,5,car_driving,4660.0,4665.0
14753,S6,5,car_driving,4665.0,4670.0
14754,S6,5,car_driving,4670.0,4675.0
14755,S6,5,car_driving,4675.0,4680.0
14756,S6,5,car_driving,4680.0,4685.0
14757,S6,5,car_driving,4685.0,4690.0
14758,S6,5,car_driving,4690.0,4695.0
14759,S6,5,car_driving,4695.0,4700.0
14760,S6,5,car_driving,4700.0,4705.0
14761,S6,5,car_driving,4705.0,4710.0
14762,S6,5,car_driving,4710.0,4715.0
14763,S6,5,car_driving,4715.0,4720.0
14764,S6,5,car_driving,4720.0,4725.0
14765,S6,5,car_driving,4725.0,4730.0
14766,S6,5,car_driving,4730.0,4735.0
14767,S6,5,car_driving,4735.0,4740.0
14768,S6,5,car_driving,4740.0,4745.0
14769,S6,5,car_driving,4745.0,4750.0
14770,S6,5,car_driving,4750.0,4755.0
14771,S6,5,car_driving,4755.0,4760.0
14772,S6,5,car_driving,4760.0,4765.0
14773,S6,5,car_driving,4765.0,4770.0
14774,S6,5,car_driving,4770.0,4775.0
14775,S6,5,car_driving,4775.0,4780.0
14776,S6,5,car_driving,4780.0,4785.0
14777,S6,5,car_driving,4785.0,4790.0
14778,S6,5,car_driving,4790.0,4795.0
14779,S6,5,car_driving,4795.0,4800.0
14780,S6,5,car_driving,4800.0,4805.0
14781,S6,5,car_driving,4805.0,4810.0
14782,S6,5,car_driving,4810.0,4815.0
14783,S6,5,car_driving,4815.0,4820.0
14784,S6,5,car_driving,4820.0,4825.0
14785,S6,5,car_driving,4825.0,4830.0
14786,S6,5,car_driving,4830.0,4835.0
14787,S6,5,car_driving,4835.0,4840.0
14788,S6,5,car_driving,4840.0,4845.0
14789,S6,5,car_driving,4845.0,4850.0
14790,S6,5,car_driving,4850.0,4855.0
14791,S6,5,car_driving,4855.0,4860.0
14792,S6,5,car_driving,4860.0,4865.0
14793,S6,5,car_driving,4865.0,4870.0
14794,S6,5,car_driving,4870.0,4875.0
14795,S6,5,car_driving,4875.0,4880.0
14796,S6,5,car_driving,4880.0,4885.0
14797,S6,5,car_driving,4885.0,4890.0
14798,S6,5,car_driving,4890.0,4895.0
14799,S6,5,car_driving,4895.0,4900.0
14800,S6,5,car_driving,4900.0,4905.0
14801,S6,5,car_driving,4905.0,4910.0
14802,S6,5,car_driving,4910.0,4915.0
14803,S6,5,car_driving,4915.0,4920.0
14804,S6,5,car_driving,4920.0,4925.0
14805,S6,5,car_driving,4925.0,4930.0
14806,S6,5,car_driving,4930.0,4935.0
14807,S6,5,car_driving,4935.0,4940.0
14808,S6,5,car_driving,4940.0,4945.0
14809,S6,5,car_driving,4945.0,4950.0
14810,S6,5,car_driving,4950.0,4955.0
14811,S6,5,car_driving,4955.0,4960.0
14812,S6,5,car_driving,4960.0,4965.0
14813,S6,5,car_driving,4965.0,4970.0
14814,S6,5,car_driving,4970.0,4975.0
14815,S6,5,car_driving,4975.0,4980.0
14816,S6,5,car_driving,4980.0,4985.0
14817,S6,5,car_driving,4985.0,4990.0
14818,S6,5,car_driving,4990.0,4995.0
14819,S6,5,car_driving,4995.0,5000.0
14820,S6,5,car_driving,5000.0,5005.0
14821,S6,5,car_driving,5005.0,5010.0
14822,S6,5,car_driving,5010.0,5015.0
14823,S6,5,car_driving,5015.0,5020.0
14824,S6,5,car_driving,5020.0,5025.0
14825,S6,5,car_driving,5025.0,5030.0
14826,S6,5,car_driving,5030.0,5035.0
14827,S6,5,car_driving,5035.0,5040.0
14828,S6,5,car_driving,5040.0,5045.0
14829,S6,5,car_driving,5045.0,5050.0
14830,S6,5,car_driving,5050.0,5055.0
14831,S6,5,car_driving,5055.0,5060.0
14832,S6,5,car_driving,5060.0,5065.0
14833,S6,5,car_driving,5065.0,5070.0
14834,S6,5,car_driving,5070.0,5075.0
14835,S6,5,car_driving,5075.0,5080.0
14836,S6,5,car_driving,5080.0,5085.0
14837,S6,5,car_driving,5085.0,5090.0
14838,S6,5,car_driving,5090.0,5095.0
14839,S6,5,car_driving,5095.0,5100.0
14840,S6,5,car_driving,5100.0,5105.0
14841,S6,5,car_driving,5105.0,5110.0
14842,S6,5,car_driving,5110.0,5115.0
14843,S6,5,car_driving,5115.0,5120.0
14844,S6,5,car_driving,5120.0,5125.0
14845,S6,5,car_driving,5125.0,5130.0
14846,S6,5,car_driving,5130.0,5135.0
14847,S6,5,car_driving,5135.0,5140.0
14848,S6,5,car_driving,5140.0,5145.0
14849,S6,5,car_driving,5145.0,5150.0
14850,S6,5,car_driving,5150.0,5155.0
14851,S6,5,car_driving,5155.0,5160.0
14852,S6,5,car_driving,5160.0,5165.0
14853,S6,5,car_driving,5165.0,5170.0
14854,S6,5,car_driving,5170.0,5175.0
14855,S6,5,car_driving,5175.0,5180.0
14856,S6,5,car_driving,5180.0,5185.0
14857,S6,5,car_driving,5185.0,5190.0
14858,S6,5,car_driving,5190.0,5195.0
14859,S6,5,car_driving,5195.0,5200.0
14860,S6,5,car_driving,5200.0,5205.0
14861,S6,5,car_driving,5205.0,5210.0
14862,S6,5,car_driving,5210.0,5215.0
14863,S7,1,sitting,85.0,90.0
14864,S7,1,sitting,90.0,95.0
14865,S7,1,sitting,95.0,100.0
14866,S7,1,sitting,100.0,105.0
14867,S7,1,sitting,105.0,110.0
14868,S7,1,sitting,110.0,115.0
14869,S7,1,sitting,115.0,120.0
14870,S7,1,sitting,120.0,125.0
14871,S7,1,sitting,125.0,130.0
14872,S7,1,sitting,130.0,135.0
14873,S7,1,sitting,135.0,140.0
14874,S7,1,sitting,140.0,145.0
14875,S7,1,sitting,145.0,150.0
14876,S7,1,sitting,150.0,155.0
14877,S7,1,sitting,155.0,160.0
14878,S7,1,sitting,160.0,165.0
14879,S7,1,sitting,165.0,170.0
14880,S7,1,sitting,170.0,175.0
14881,S7,1,sitting,175.0,180.0
14882,S7,1,sitting,180.0,185.0
14883,S7,1,sitting,185.0,190.0
14884,S7,1,sitting,190.0,195.0
14885,S7,1,sitting,195.0,200.0
14886,S7,1,sitting,200.0,205.0
14887,S7,1,sitting,205.0,210.0
14888,S7,1,sitting,210.0,215.0
14889,S7,1,sitting,215.0,220.0
14890,S7,1,sitting,220.0,225.0
14891,S7,1,sitting,225.0,230.0
14892,S7,1,sitting,230.0,235.0
14893,S7,1,sitting,235.0,240.0
14894,S7,1,sitting,240.0,245.0
14895,S7,1,sitting,245.0,250.0
14896,S7,1,sitting,250.0,255.0
14897,S7,1,sitting,255.0,260.0
14898,S7,1,sitting,260.0,265.0
14899,S7,1,sitting,265.0,270.0
14900,S7,1,sitting,270.0,275.0
14901,S7,1,sitting,275.0,280.0
14902,S7,1,sitting,280.0,285.0
14903,S7,1,sitting,285.0,290.0
14904,S7,1,sitting,290.0,295.0
14905,S7,1,sitting,295.0,300.0
14906,S7,1,sitting,300.0,305.0
14907,S7,1,sitting,305.0,310.0
14908,S7,1,sitting,310.0,315.0
14909,S7,1,sitting,315.0,320.0
14910,S7,1,sitting,320.0,325.0
14911,S7,1,sitting,325.0,330.0
14912,S7,1,sitting,330.0,335.0
14913,S7,1,sitting,335.0,340.0
14914,S7,1,sitting,340.0,345.0
14915,S7,1,sitting,345.0,350.0
14916,S7,1,sitting,350.0,355.0
14917,S7,1,sitting,355.0,360.0
14918,S7,1,sitting,360.0,365.0
14919,S7,1,sitting,365.0,370.0
14920,S7,1,sitting,370.0,375.0
14921,S7,1,sitting,375.0,380.0
14922,S7,1,sitting,380.0,385.0
14923,S7,1,sitting,385.0,390.0
14924,S7,1,sitting,390.0,395.0
14925,S7,1,sitting,395.0,400.0
14926,S7,1,sitting,400.0,405.0
14927,S7,1,sitting,405.0,410.0
14928,S7,1,sitting,410.0,415.0
14929,S7,1,sitting,415.0,420.0
14930,S7,1,sitting,420.0,425.0
14931,S7,1,sitting,425.0,430.0
14932,S7,1,sitting,430.0,435.0
14933,S7,1,sitting,435.0,440.0
14934,S7,1,sitting,440.0,445.0
14935,S7,1,sitting,445.0,450.0
14936,S7,1,sitting,450.0,455.0
14937,S7,1,sitting,455.0,460.0
14938,S7,1,sitting,460.0,465.0
14939,S7,1,sitting,465.0,470.0
14940,S7,1,sitting,470.0,475.0
14941,S7,1,sitting,475.0,480.0
14942,S7,1,sitting,480.0,485.0
14943,S7,1,sitting,485.0,490.0
14944,S7,1,sitting,490.0,495.0
14945,S7,1,sitting,495.0,500.0
14946,S7,1,sitting,500.0,505.0
14947,S7,1,sitting,505.0,510.0
14948,S7,1,sitting,510.0,515.0
14949,S7,1,sitting,515.0,520.0
14950,S7,1,sitting,520.0,525.0
14951,S7,1,sitting,525.0,530.0
14952,S7,1,sitting,530.0,535.0
14953,S7,1,sitting,535.0,540.0
14954,S7,1,sitting,540.0,545.0
14955,S7,1,sitting,545.0,550.0
14956,S7,1,sitting,550.0,555.0
14957,S7,1,sitting,555.0,560.0
14958,S7,1,sitting,560.0,565.0
14959,S7,1,sitting,565.0,570.0
14960,S7,1,sitting,570.0,575.0
14961,S7,1,sitting,575.0,580.0
14962,S7,1,sitting,580.0,585.0
14963,S7,1,sitting,585.0,590.0
14964,S7,1,sitting,590.0,595.0
14965,S7,1,sitting,595.0,600.0
14966,S7,1,sitting,600.0,605.0
14967,S7,1,sitting,605.0,610.0
14968,S7,1,sitting,610.0,615.0
14969,S7,1,sitting,615.0,620.0
14970,S7,1,sitting,620.0,625.0
14971,S7,1,sitting,625.0,630.0
14972,S7,1,sitting,630.0,635.0
14973,S7,1,sitting,635.0,640.0
14974,S7,1,sitting,640.0,645.0
14975,S7,1,sitting,645.0,650.0
14976,S7,1,sitting,650.0,655.0
14977,S7,1,sitting,655.0,660.0
14978,S7,1,sitting,660.0,665.0
14979,S7,1,sitting,665.0,670.0
14980,S7,1,sitting,670.0,675.0
14981,S7,1,sitting,675.0,680.0
14982,S7,1,sitting,680.0,685.0
14983,S7,1,sitting,685.0,690.0
14984,S7,1,sitting,690.0,695.0
14985,S7,2,stairs,870.0,875.0
14986,S7,2,stairs,875.0,880.0
14987,S7,2,stairs,880.0,885.0
14988,S7,2,stairs,885.0,890.0
14989,S7,2,stairs,890.0,895.0
14990,S7,2,stairs,895.0,900.0
14991,S7,2,stairs,900.0,905.0
14992,S7,2,stairs,905.0,910.0
14993,S7,2,stairs,910.0,915.0
14994,S7,2,stairs,915.0,920.0
14995,S7,2,stairs,920.0,925.0
14996,S7,2,stairs,925.0,930.0
14997,S7,2,stairs,930.0,935.0
14998,S7,2,stairs,935.0,940.0
14999,S7,2,stairs,940.0,945.0
15000,S7,2,stairs,945.0,950.0
15001,S7,2,stairs,950.0,955.0
15002,S7,2,stairs,955.0,960.0
15003,S7,2,stairs,960.0,965.0
15004,S7,2,stairs,965.0,970.0
15005,S7,2,stairs,970.0,975.0
15006,S7,2,stairs,975.0,980.0
15007,S7,2,stairs,980.0,985.0
15008,S7,2,stairs,985.0,990.0
15009,S7,2,stairs,990.0,995.0
15010,S7,2,stairs,995.0,1000.0
15011,S7,2,stairs,1000.0,1005.0
15012,S7,2,stairs,1005.0,1010.0
15013,S7,2,stairs,1010.0,1015.0
15014,S7,2,stairs,1015.0,1020.0
15015,S7,2,stairs,1020.0,1025.0
15016,S7,2,stairs,1025.0,1030.0
15017,S7,2,stairs,1030.0,1035.0
15018,S7,2,stairs,1035.0,1040.0
15019,S7,2,stairs,1040.0,1045.0
15020,S7,2,stairs,1045.0,1050.0
15021,S7,2,stairs,1050.0,1055.0
15022,S7,2,stairs,1055.0,1060.0
15023,S7,2,stairs,1060.0,1065.0
15024,S7,2,stairs,1065.0,1070.0
15025,S7,2,stairs,1070.0,1075.0
15026,S7,2,stairs,1075.0,1080.0
15027,S7,2,stairs,1080.0,1085.0
15028,S7,2,stairs,1085.0,1090.0
15029,S7,2,stairs,1090.0,1095.0
15030,S7,2,stairs,1095.0,1100.0
15031,S7,2,stairs,1100.0,1105.0
15032,S7,2,stairs,1105.0,1110.0
15033,S7,2,stairs,1110.0,1115.0
15034,S7,2,stairs,1115.0,1120.0
15035,S7,2,stairs,1120.0,1125.0
15036,S7,2,stairs,1125.0,1130.0
15037,S7,2,stairs,1130.0,1135.0
15038,S7,2,stairs,1135.0,1140.0
15039,S7,2,stairs,1140.0,1145.0
15040,S7,2,stairs,1145.0,1150.0
15041,S7,2,stairs,1150.0,1155.0
15042,S7,2,stairs,1155.0,1160.0
15043,S7,2,stairs,1160.0,1165.0
15044,S7,2,stairs,1165.0,1170.0
15045,S7,2,stairs,1170.0,1175.0
15046,S7,2,stairs,1175.0,1180.0
15047,S7,2,stairs,1180.0,1185.0
15048,S7,2,stairs,1185.0,1190.0
15049,S7,2,stairs,1190.0,1195.0
15050,S7,2,stairs,1195.0,1200.0
15051,S7,2,stairs,1200.0,1205.0
15052,S7,2,stairs,1205.0,1210.0
15053,S7,2,stairs,1210.0,1215.0
15054,S7,2,stairs,1215.0,1220.0
15055,S7,2,stairs,1220.0,1225.0
15056,S7,2,stairs,1225.0,1230.0
15057,S7,2,stairs,1230.0,1235.0
15058,S7,2,stairs,1235.0,1240.0
15059,S7,2,stairs,1240.0,1245.0
15060,S7,2,stairs,1245.0,1250.0
15061,S7,2,stairs,1250.0,1255.0
15062,S7,2,stairs,1255.0,1260.0
15063,S7,2,stairs,1260.0,1265.0
15064,S7,2,stairs,1265.0,1270.0
15065,S7,3,table_soccer,1370.0,1375.0
15066,S7,3,table_soccer,1375.0,1380.0
15067,S7,3,table_soccer,1380.0,1385.0
15068,S7,3,table_soccer,1385.0,1390.0
15069,S7,3,table_soccer,1390.0,1395.0
15070,S7,3,table_soccer,1395.0,1400.0
15071,S7,3,table_soccer,1400.0,1405.0
15072,S7,3,table_soccer,1405.0,1410.0
15073,S7,3,table_soccer,1410.0,1415.0
15074,S7,3,table_soccer,1415.0,1420.0
15075,S7,3,table_soccer,1420.0,1425.0
15076,S7,3,table_soccer,1425.0,1430.0
15077,S7,3,table_soccer,1430.0,1435.0
15078,S7,3,table_soccer,1435.0,1440.0
15079,S7,3,table_soccer,1440.0,1445.0
15080,S7,3,table_soccer,1445.0,1450.0
15081,S7,3,table_soccer,1450.0,1455.0
15082,S7,3,table_soccer,1455.0,1460.0
15083,S7,3,table_soccer,1460.0,1465.0
15084,S7,3,table_soccer,1465.0,1470.0
15085,S7,3,table_soccer,1470.0,1475.0
15086,S7,3,table_soccer,1475.0,1480.0
15087,S7,3,table_soccer,1480.0,1485.0
15088,S7,3,table_soccer,1485.0,1490.0
15089,S7,3,table_soccer,1490.0,1495.0
15090,S7,3,table_soccer,1495.0,1500.0
15091,S7,3,table_soccer,1500.0,1505.0
15092,S7,3,table_soccer,1505.0,1510.0
15093,S7,3,table_soccer,1510.0,1515.0
15094,S7,3,table_soccer,1515.0,1520.0
15095,S7,3,table_soccer,1520.0,1525.0
15096,S7,3,table_soccer,1525.0,1530.0
15097,S7,3,table_soccer,1530.0,1535.0
15098,S7,3,table_soccer,1535.0,1540.0
15099,S7,3,table_soccer,1540.0,1545.0
15100,S7,3,table_soccer,1545.0,1550.0
15101,S7,3,table_soccer,1550.0,1555.0
15102,S7,3,table_soccer,1555.0,1560.0
15103,S7,3,table_soccer,1560.0,1565.0
15104,S7,3,table_soccer,1565.0,1570.0
15105,S7,3,table_soccer,1570.0,1575.0
15106,S7,3,table_soccer,1575.0,1580.0
15107,S7,3,table_soccer,1580.0,1585.0
15108,S7,3,table_soccer,1585.0,1590.0
15109,S7,3,table_soccer,1590.0,1595.0
15110,S7,3,table_soccer,1595.0,1600.0
15111,S7,3,table_soccer,1600.0,1605.0
15112,S7,3,table_soccer,1605.0,1610.0
15113,S7,3,table_soccer,1610.0,1615.0
15114,S7,3,table_soccer,1615.0,1620.0
15115,S7,3,table_soccer,1620.0,1625.0
15116,S7,3,table_soccer,1625.0,1630.0
15117,S7,3,table_soccer,1630.0,1635.0
15118,S7,3,table_soccer,1635.0,1640.0
15119,S7,4,cycling,2145.0,2150.0
15120,S7,4,cycling,2150.0,2155.0
15121,S7,4,cycling,2155.0,2160.0
15122,S7,4,cycling,2160.0,2165.0
15123,S7,4,cycling,2165.0,2170.0
15124,S7,4,cycling,2170.0,2175.0
15125,S7,4,cycling,2175.0,2180.0
15126,S7,4,cycling,2180.0,2185.0
15127,S7,4,cycling,2185.0,2190.0
15128,S7,4,cycling,2190.0,2195.0
15129,S7,4,cycling,2195.0,2200.0
15130,S7,4,cycling,2200.0,2205.0
15131,S7,4,cycling,2205.0,2210.0
15132,S7,4,cycling,2210.0,2215.0
15133,S7,4,cycling,2215.0,2220.0
15134,S7,4,cycling,2220.0,2225.0
15135,S7,4,cycling,2225.0,2230.0
15136,S7,4,cycling,2230.0,2235.0
15137,S7,4,cycling,2235.0,2240.0
15138,S7,4,cycling,2240.0,2245.0
15139,S7,4,cycling,2245.0,2250.0
15140,S7,4,cycling,2250.0,2255.0
15141,S7,4,cycling,2255.0,2260.0
15142,S7,4,cycling,2260.0,2265.0
15143,S7,4,cycling,2265.0,2270.0
15144,S7,4,cycling,2270.0,2275.0
15145,S7,4,cycling,2275.0,2280.0
15146,S7,4,cycling,2280.0,2285.0
15147,S7,4,cycling,2285.0,2290.0
15148,S7,4,cycling,2290.0,2295.0
15149,S7,4,cycling,2295.0,2300.0
15150,S7,4,cycling,2300.0,2305.0
15151,S7,4,cycling,2305.0,2310.0
15152,S7,4,cycling,2310.0,2315.0
15153,S7,4,cycling,2315.0,2320.0
15154,S7,4,cycling,2320.0,2325.0
15155,S7,4,cycling,2325.0,2330.0
15156,S7,4,cycling,2330.0,2335.0
15157,S7,4,cycling,2335.0,2340.0
15158,S7,4,cycling,2340.0,2345.0
15159,S7,4,cycling,2345.0,2350.0
15160,S7,4,cycling,2350.0,2355.0
15161,S7,4,cycling,2355.0,2360.0
15162,S7,4,cycling,2360.0,2365.0
15163,S7,4,cycling,2365.0,2370.0
15164,S7,4,cycling,2370.0,2375.0
15165,S7,4,cycling,2375.0,2380.0
15166,S7,4,cycling,2380.0,2385.0
15167,S7,4,cycling,2385.0,2390.0
15168,S7,4,cycling,2390.0,2395.0
15169,S7,4,cycling,2395.0,2400.0
15170,S7,4,cycling,2400.0,2405.0
15171,S7,4,cycling,2405.0,2410.0
15172,S7,4,cycling,2410.0,2415.0
15173,S7,4,cycling,2415.0,2420.0
15174,S7,4,cycling,2420.0,2425.0
15175,S7,4,cycling,2425.0,2430.0
15176,S7,4,cycling,2430.0,2435.0
15177,S7,4,cycling,2435.0,2440.0
15178,S7,4,cycling,2440.0,2445.0
15179,S7,4,cycling,2445.0,2450.0
15180,S7,4,cycling,2450.0,2455.0
15181,S7,4,cycling,2455.0,2460.0
15182,S7,4,cycling,2460.0,2465.0
15183,S7,4,cycling,2465.0,2470.0
15184,S7,4,cycling,2470.0,2475.0
15185,S7,4,cycling,2475.0,2480.0
15186,S7,4,cycling,2480.0,2485.0
15187,S7,4,cycling,2485.0,2490.0
15188,S7,4,cycling,2490.0,2495.0
15189,S7,4,cycling,2495.0,2500.0
15190,S7,4,cycling,2500.0,2505.0
15191,S7,4,cycling,2505.0,2510.0
15192,S7,4,cycling,2510.0,2515.0
15193,S7,4,cycling,2515.0,2520.0
15194,S7,4,cycling,2520.0,2525.0
15195,S7,4,cycling,2525.0,2530.0
15196,S7,4,cycling,2530.0,2535.0
15197,S7,4,cycling,2535.0,2540.0
15198,S7,4,cycling,2540.0,2545.0
15199,S7,4,cycling,2545.0,2550.0
15200,S7,4,cycling,2550.0,2555.0
15201,S7,4,cycling,2555.0,2560.0
15202,S7,4,cycling,2560.0,2565.0
15203,S7,4,cycling,2565.0,2570.0
15204,S7,4,cycling,2570.0,2575.0
15205,S7,4,cycling,2575.0,2580.0
15206,S7,4,cycling,2580.0,2585.0
15207,S7,4,cycling,2585.0,2590.0
15208,S7,4,cycling,2590.0,2595.0
15209,S7,4,cycling,2595.0,2600.0
15210,S7,4,cycling,2600.0,2605.0
15211,S7,4,cycling,2605.0,2610.0
15212,S7,4,cycling,2610.0,2615.0
15213,S7,4,cycling,2615.0,2620.0
15214,S7,4,cycling,2620.0,2625.0
15215,S7,4,cycling,2625.0,2630.0
15216,S7,4,cycling,2630.0,2635.0
15217,S7,4,cycling,2635.0,2640.0
15218,S7,4,cycling,2640.0,2645.0
15219,S7,5,car_driving,3270.0,3275.0
15220,S7,5,car_driving,3275.0,3280.0
15221,S7,5,car_driving,3280.0,3285.0
15222,S7,5,car_driving,3285.0,3290.0
15223,S7,5,car_driving,3290.0,3295.0
15224,S7,5,car_driving,3295.0,3300.0
15225,S7,5,car_driving,3300.0,3305.0
15226,S7,5,car_driving,3305.0,3310.0
15227,S7,5,car_driving,3310.0,3315.0
15228,S7,5,car_driving,3315.0,3320.0
15229,S7,5,car_driving,3320.0,3325.0
15230,S7,5,car_driving,3325.0,3330.0
15231,S7,5,car_driving,3330.0,3335.0
15232,S7,5,car_driving,3335.0,3340.0
15233,S7,5,car_driving,3340.0,3345.0
15234,S7,5,car_driving,3345.0,3350.0
15235,S7,5,car_driving,3350.0,3355.0
15236,S7,5,car_driving,3355.0,3360.0
15237,S7,5,car_driving,3360.0,3365.0
15238,S7,5,car_driving,3365.0,3370.0
15239,S7,5,car_driving,3370.0,3375.0
15240,S7,5,car_driving,3375.0,3380.0
15241,S7,5,car_driving,3380.0,3385.0
15242,S7,5,car_driving,3385.0,3390.0
15243,S7,5,car_driving,3390.0,3395.0
15244,S7,5,car_driving,3395.0,3400.0
15245,S7,5,car_driving,3400.0,3405.0
15246,S7,5,car_driving,3405.0,3410.0
15247,S7,5,car_driving,3410.0,3415.0
15248,S7,5,car_driving,3415.0,3420.0
15249,S7,5,car_driving,3420.0,3425.0
15250,S7,5,car_driving,3425.0,3430.0
15251,S7,5,car_driving,3430.0,3435.0
15252,S7,5,car_driving,3435.0,3440.0
15253,S7,5,car_driving,3440.0,3445.0
15254,S7,5,car_driving,3445.0,3450.0
15255,S7,5,car_driving,3450.0,3455.0
15256,S7,5,car_driving,3455.0,3460.0
15257,S7,5,car_driving,3460.0,3465.0
15258,S7,5,car_driving,3465.0,3470.0
15259,S7,5,car_driving,3470.0,3475.0
15260,S7,5,car_driving,3475.0,3480.0
15261,S7,5,car_driving,3480.0,3485.0
15262,S7,5,car_driving,3485.0,3490.0
15263,S7,5,car_driving,3490.0,3495.0
15264,S7,5,car_driving,3495.0,3500.0
15265,S7,5,car_driving,3500.0,3505.0
15266,S7,5,car_driving,3505.0,3510.0
15267,S7,5,car_driving,3510.0,3515.0
15268,S7,5,car_driving,3515.0,3520.0
15269,S7,5,car_driving,3520.0,3525.0
15270,S7,5,car_driving,3525.0,3530.0
15271,S7,5,car_driving,3530.0,3535.0
15272,S7,5,car_driving,3535.0,3540.0
15273,S7,5,car_driving,3540.0,3545.0
15274,S7,5,car_driving,3545.0,3550.0
15275,S7,5,car_driving,3550.0,3555.0
15276,S7,5,car_driving,3555.0,3560.0
15277,S7,5,car_driving,3560.0,3565.0
15278,S7,5,car_driving,3565.0,3570.0
15279,S7,5,car_driving,3570.0,3575.0
15280,S7,5,car_driving,3575.0,3580.0
15281,S7,5,car_driving,3580.0,3585.0
15282,S7,5,car_driving,3585.0,3590.0
15283,S7,5,car_driving,3590.0,3595.0
15284,S7,5,car_driving,3595.0,3600.0
15285,S7,5,car_driving,3600.0,3605.0
15286,S7,5,car_driving,3605.0,3610.0
15287,S7,5,car_driving,3610.0,3615.0
15288,S7,5,car_driving,3615.0,3620.0
15289,S7,5,car_driving,3620.0,3625.0
15290,S7,5,car_driving,3625.0,3630.0
15291,S7,5,car_driving,3630.0,3635.0
15292,S7,5,car_driving,3635.0,3640.0
15293,S7,5,car_driving,3640.0,3645.0
15294,S7,5,car_driving,3645.0,3650.0
15295,S7,5,car_driving,3650.0,3655.0
15296,S7,5,car_driving,3655.0,3660.0
15297,S7,5,car_driving,3660.0,3665.0
15298,S7,5,car_driving,3665.0,3670.0
15299,S7,5,car_driving,3670.0,3675.0
15300,S7,5,car_driving,3675.0,3680.0
15301,S7,5,car_driving,3680.0,3685.0
15302,S7,5,car_driving,3685.0,3690.0
15303,S7,5,car_driving,3690.0,3695.0
15304,S7,5,car_driving,3695.0,3700.0
15305,S7,5,car_driving,3700.0,3705.0
15306,S7,5,car_driving,3705.0,3710.0
15307,S7,5,car_driving,3710.0,3715.0
15308,S7,5,car_driving,3715.0,3720.0
15309,S7,5,car_driving,3720.0,3725.0
15310,S7,5,car_driving,3725.0,3730.0
15311,S7,5,car_driving,3730.0,3735.0
15312,S7,5,car_driving,3735.0,3740.0
15313,S7,5,car_driving,3740.0,3745.0
15314,S7,5,car_driving,3745.0,3750.0
15315,S7,5,car_driving,3750.0,3755.0
15316,S7,5,car_driving,3755.0,3760.0
15317,S7,5,car_driving,3760.0,3765.0
15318,S7,5,car_driving,3765.0,3770.0
15319,S7,5,car_driving,3770.0,3775.0
15320,S7,5,car_driving,3775.0,3780.0
15321,S7,5,car_driving,3780.0,3785.0
15322,S7,5,car_driving,3785.0,3790.0
15323,S7,5,car_driving,3790.0,3795.0
15324,S7,5,car_driving,3795.0,3800.0
15325,S7,5,car_driving,3800.0,3805.0
15326,S7,5,car_driving,3805.0,3810.0
15327,S7,5,car_driving,3810.0,3815.0
15328,S7,5,car_driving,3815.0,3820.0
15329,S7,5,car_driving,3820.0,3825.0
15330,S7,5,car_driving,3825.0,3830.0
15331,S7,5,car_driving,3830.0,3835.0
15332,S7,5,car_driving,3835.0,3840.0
15333,S7,5,car_driving,3840.0,3845.0
15334,S7,5,car_driving,3845.0,3850.0
15335,S7,5,car_driving,3850.0,3855.0
15336,S7,5,car_driving,3855.0,3860.0
15337,S7,5,car_driving,3860.0,3865.0
15338,S7,5,car_driving,3865.0,3870.0
15339,S7,5,car_driving,3870.0,3875.0
15340,S7,5,car_driving,3875.0,3880.0
15341,S7,5,car_driving,3880.0,3885.0
15342,S7,5,car_driving,3885.0,3890.0
15343,S7,5,car_driving,3890.0,3895.0
15344,S7,5,car_driving,3895.0,3900.0
15345,S7,5,car_driving,3900.0,3905.0
15346,S7,5,car_driving,3905.0,3910.0
15347,S7,5,car_driving,3910.0,3915.0
15348,S7,5,car_driving,3915.0,3920.0
15349,S7,5,car_driving,3920.0,3925.0
15350,S7,5,car_driving,3925.0,3930.0
15351,S7,5,car_driving,3930.0,3935.0
15352,S7,5,car_driving,3935.0,3940.0
15353,S7,5,car_driving,3940.0,3945.0
15354,S7,5,car_driving,3945.0,3950.0
15355,S7,5,car_driving,3950.0,3955.0
15356,S7,5,car_driving,3955.0,3960.0
15357,S7,5,car_driving,3960.0,3965.0
15358,S7,5,car_driving,3965.0,3970.0
15359,S7,5,car_driving,3970.0,3975.0
15360,S7,5,car_driving,3975.0,3980.0
15361,S7,5,car_driving,3980.0,3985.0
15362,S7,5,car_driving,3985.0,3990.0
15363,S7,5,car_driving,3990.0,3995.0
15364,S7,5,car_driving,3995.0,4000.0
15365,S7,5,car_driving,4000.0,4005.0
15366,S7,5,car_driving,4005.0,4010.0
15367,S7,5,car_driving,4010.0,4015.0
15368,S7,5,car_driving,4015.0,4020.0
15369,S7,5,car_driving,4020.0,4025.0
15370,S7,5,car_driving,4025.0,4030.0
15371,S7,5,car_driving,4030.0,4035.0
15372,S7,5,car_driving,4035.0,4040.0
15373,S7,5,car_driving,4040.0,4045.0
15374,S7,5,car_driving,4045.0,4050.0
15375,S7,5,car_driving,4050.0,4055.0
15376,S7,5,car_driving,4055.0,4060.0
15377,S7,5,car_driving,4060.0,4065.0
15378,S7,5,car_driving,4065.0,4070.0
15379,S7,5,car_driving,4070.0,4075.0
15380,S7,5,car_driving,4075.0,4080.0
15381,S7,5,car_driving,4080.0,4085.0
15382,S7,5,car_driving,4085.0,4090.0
15383,S7,5,car_driving,4090.0,4095.0
15384,S7,5,car_driving,4095.0,4100.0
15385,S7,5,car_driving,4100.0,4105.0
15386,S7,5,car_driving,4105.0,4110.0
15387,S7,5,car_driving,4110.0,4115.0
15388,S7,5,car_driving,4115.0,4120.0
15389,S7,5,car_driving,4120.0,4125.0
15390,S7,5,car_driving,4125.0,4130.0
15391,S7,5,car_driving,4130.0,4135.0
15392,S7,5,car_driving,4135.0,4140.0
15393,S7,5,car_driving,4140.0,4145.0
15394,S7,5,car_driving,4145.0,4150.0
15395,S7,5,car_driving,4150.0,4155.0
15396,S7,5,car_driving,4155.0,4160.0
15397,S7,5,car_driving,4160.0,4165.0
15398,S7,5,car_driving,4165.0,4170.0
15399,S7,5,car_driving,4170.0,4175.0
15400,S7,5,car_driving,4175.0,4180.0
15401,S7,5,car_driving,4180.0,4185.0
15402,S7,5,car_driving,4185.0,4190.0
15403,S7,5,car_driving,4190.0,4195.0
15404,S7,5,car_driving,4195.0,4200.0
15405,S7,5,car_driving,4200.0,4205.0
15406,S7,5,car_driving,4205.0,4210.0
15407,S7,5,car_driving,4210.0,4215.0
15408,S7,5,car_driving,4215.0,4220.0
15409,S7,5,car_driving,4220.0,4225.0
15410,S7,5,car_driving,4225.0,4230.0
15411,S7,5,car_driving,4230.0,4235.0
15412,S7,5,car_driving,4235.0,4240.0
15413,S7,5,car_driving,4240.0,4245.0
15414,S7,5,car_driving,4245.0,4250.0
15415,S7,5,car_driving,4250.0,4255.0
15416,S7,5,car_driving,4255.0,4260.0
15417,S7,5,car_driving,4260.0,4265.0
15418,S7,5,car_driving,4265.0,4270.0
15419,S7,5,car_driving,4270.0,4275.0
15420,S7,5,car_driving,4275.0,4280.0
15421,S7,5,car_driving,4280.0,4285.0
15422,S7,5,car_driving,4285.0,4290.0
15423,S7,5,car_driving,4290.0,4295.0
15424,S7,5,car_driving,4295.0,4300.0
15425,S7,6,lunch_break,4725.0,4730.0
15426,S7,6,lunch_break,4730.0,4735.0
15427,S7,6,lunch_break,4735.0,4740.0
15428,S7,6,lunch_break,4740.0,4745.0
15429,S7,6,lunch_break,4745.0,4750.0
15430,S7,6,lunch_break,4750.0,4755.0
15431,S7,6,lunch_break,4755.0,4760.0
15432,S7,6,lunch_break,4760.0,4765.0
15433,S7,6,lunch_break,4765.0,4770.0
15434,S7,6,lunch_break,4770.0,4775.0
15435,S7,6,lunch_break,4775.0,4780.0
15436,S7,6,lunch_break,4780.0,4785.0
15437,S7,6,lunch_break,4785.0,4790.0
15438,S7,6,lunch_break,4790.0,4795.0
15439,S7,6,lunch_break,4795.0,4800.0
15440,S7,6,lunch_break,4800.0,4805.0
15441,S7,6,lunch_break,4805.0,4810.0
15442,S7,6,lunch_break,4810.0,4815.0
15443,S7,6,lunch_break,4815.0,4820.0
15444,S7,6,lunch_break,4820.0,4825.0
15445,S7,6,lunch_break,4825.0,4830.0
15446,S7,6,lunch_break,4830.0,4835.0
15447,S7,6,lunch_break,4835.0,4840.0
15448,S7,6,lunch_break,4840.0,4845.0
15449,S7,6,lunch_break,4845.0,4850.0
15450,S7,6,lunch_break,4850.0,4855.0
15451,S7,6,lunch_break,4855.0,4860.0
15452,S7,6,lunch_break,4860.0,4865.0
15453,S7,6,lunch_break,4865.0,4870.0
15454,S7,6,lunch_break,4870.0,4875.0
15455,S7,6,lunch_break,4875.0,4880.0
15456,S7,6,lunch_break,4880.0,4885.0
15457,S7,6,lunch_break,4885.0,4890.0
15458,S7,6,lunch_break,4890.0,4895.0
15459,S7,6,lunch_break,4895.0,4900.0
15460,S7,6,lunch_break,4900.0,4905.0
15461,S7,6,lunch_break,4905.0,4910.0
15462,S7,6,lunch_break,4910.0,4915.0
15463,S7,6,lunch_break,4915.0,4920.0
15464,S7,6,lunch_break,4920.0,4925.0
15465,S7,6,lunch_break,4925.0,4930.0
15466,S7,6,lunch_break,4930.0,4935.0
15467,S7,6,lunch_break,4935.0,4940.0
15468,S7,6,lunch_break,4940.0,4945.0
15469,S7,6,lunch_break,4945.0,4950.0
15470,S7,6,lunch_break,4950.0,4955.0
15471,S7,6,lunch_break,4955.0,4960.0
15472,S7,6,lunch_break,4960.0,4965.0
15473,S7,6,lunch_break,4965.0,4970.0
15474,S7,6,lunch_break,4970.0,4975.0
15475,S7,6,lunch_break,4975.0,4980.0
15476,S7,6,lunch_break,4980.0,4985.0
15477,S7,6,lunch_break,4985.0,4990.0
15478,S7,6,lunch_break,4990.0,4995.0
15479,S7,6,lunch_break,4995.0,5000.0
15480,S7,6,lunch_break,5000.0,5005.0
15481,S7,6,lunch_break,5005.0,5010.0
15482,S7,6,lunch_break,5010.0,5015.0
15483,S7,6,lunch_break,5015.0,5020.0
15484,S7,6,lunch_break,5020.0,5025.0
15485,S7,6,lunch_break,5025.0,5030.0
15486,S7,6,lunch_break,5030.0,5035.0
15487,S7,6,lunch_break,5035.0,5040.0
15488,S7,6,lunch_break,5040.0,5045.0
15489,S7,6,lunch_break,5045.0,5050.0
15490,S7,6,lunch_break,5050.0,5055.0
15491,S7,6,lunch_break,5055.0,5060.0
15492,S7,6,lunch_break,5060.0,5065.0
15493,S7,6,lunch_break,5065.0,5070.0
15494,S7,6,lunch_break,5070.0,5075.0
15495,S7,6,lunch_break,5075.0,5080.0
15496,S7,6,lunch_break,5080.0,5085.0
15497,S7,6,lunch_break,5085.0,5090.0
15498,S7,6,lunch_break,5090.0,5095.0
15499,S7,6,lunch_break,5095.0,5100.0
15500,S7,6,lunch_break,5100.0,5105.0
15501,S7,6,lunch_break,5105.0,5110.0
15502,S7,6,lunch_break,5110.0,5115.0
15503,S7,6,lunch_break,5115.0,5120.0
15504,S7,6,lunch_break,5120.0,5125.0
15505,S7,6,lunch_break,5125.0,5130.0
15506,S7,6,lunch_break,5130.0,5135.0
15507,S7,6,lunch_break,5135.0,5140.0
15508,S7,6,lunch_break,5140.0,5145.0
15509,S7,6,lunch_break,5145.0,5150.0
15510,S7,6,lunch_break,5150.0,5155.0
15511,S7,6,lunch_break,5155.0,5160.0
15512,S7,6,lunch_break,5160.0,5165.0
15513,S7,6,lunch_break,5165.0,5170.0
15514,S7,6,lunch_break,5170.0,5175.0
15515,S7,6,lunch_break,5175.0,5180.0
15516,S7,6,lunch_break,5180.0,5185.0
15517,S7,6,lunch_break,5185.0,5190.0
15518,S7,6,lunch_break,5190.0,5195.0
15519,S7,6,lunch_break,5195.0,5200.0
15520,S7,6,lunch_break,5200.0,5205.0
15521,S7,6,lunch_break,5205.0,5210.0
15522,S7,6,lunch_break,5210.0,5215.0
15523,S7,6,lunch_break,5215.0,5220.0
15524,S7,6,lunch_break,5220.0,5225.0
15525,S7,6,lunch_break,5225.0,5230.0
15526,S7,6,lunch_break,5230.0,5235.0
15527,S7,6,lunch_break,5235.0,5240.0
15528,S7,6,lunch_break,5240.0,5245.0
15529,S7,6,lunch_break,5245.0,5250.0
15530,S7,6,lunch_break,5250.0,5255.0
15531,S7,6,lunch_break,5255.0,5260.0
15532,S7,6,lunch_break,5260.0,5265.0
15533,S7,6,lunch_break,5265.0,5270.0
15534,S7,6,lunch_break,5270.0,5275.0
15535,S7,6,lunch_break,5275.0,5280.0
15536,S7,6,lunch_break,5280.0,5285.0
15537,S7,6,lunch_break,5285.0,5290.0
15538,S7,6,lunch_break,5290.0,5295.0
15539,S7,6,lunch_break,5295.0,5300.0
15540,S7,6,lunch_break,5300.0,5305.0
15541,S7,6,lunch_break,5305.0,5310.0
15542,S7,6,lunch_break,5310.0,5315.0
15543,S7,6,lunch_break,5315.0,5320.0
15544,S7,6,lunch_break,5320.0,5325.0
15545,S7,6,lunch_break,5325.0,5330.0
15546,S7,6,lunch_break,5330.0,5335.0
15547,S7,6,lunch_break,5335.0,5340.0
15548,S7,6,lunch_break,5340.0,5345.0
15549,S7,6,lunch_break,5345.0,5350.0
15550,S7,6,lunch_break,5350.0,5355.0
15551,S7,6,lunch_break,5355.0,5360.0
15552,S7,6,lunch_break,5360.0,5365.0
15553,S7,6,lunch_break,5365.0,5370.0
15554,S7,6,lunch_break,5370.0,5375.0
15555,S7,6,lunch_break,5375.0,5380.0
15556,S7,6,lunch_break,5380.0,5385.0
15557,S7,6,lunch_break,5385.0,5390.0
15558,S7,6,lunch_break,5390.0,5395.0
15559,S7,6,lunch_break,5395.0,5400.0
15560,S7,6,lunch_break,5400.0,5405.0
15561,S7,6,lunch_break,5405.0,5410.0
15562,S7,6,lunch_break,5410.0,5415.0
15563,S7,6,lunch_break,5415.0,5420.0
15564,S7,6,lunch_break,5420.0,5425.0
15565,S7,6,lunch_break,5425.0,5430.0
15566,S7,6,lunch_break,5430.0,5435.0
15567,S7,6,lunch_break,5435.0,5440.0
15568,S7,6,lunch_break,5440.0,5445.0
15569,S7,6,lunch_break,5445.0,5450.0
15570,S7,6,lunch_break,5450.0,5455.0
15571,S7,6,lunch_break,5455.0,5460.0
15572,S7,6,lunch_break,5460.0,5465.0
15573,S7,6,lunch_break,5465.0,5470.0
15574,S7,6,lunch_break,5470.0,5475.0
15575,S7,6,lunch_break,5475.0,5480.0
15576,S7,6,lunch_break,5480.0,5485.0
15577,S7,6,lunch_break,5485.0,5490.0
15578,S7,6,lunch_break,5490.0,5495.0
15579,S7,6,lunch_break,5495.0,5500.0
15580,S7,6,lunch_break,5500.0,5505.0
15581,S7,6,lunch_break,5505.0,5510.0
15582,S7,6,lunch_break,5510.0,5515.0
15583,S7,6,lunch_break,5515.0,5520.0
15584,S7,6,lunch_break,5520.0,5525.0
15585,S7,6,lunch_break,5525.0,5530.0
15586,S7,6,lunch_break,5530.0,5535.0
15587,S7,6,lunch_break,5535.0,5540.0
15588,S7,6,lunch_break,5540.0,5545.0
15589,S7,6,lunch_break,5545.0,5550.0
15590,S7,6,lunch_break,5550.0,5555.0
15591,S7,6,lunch_break,5555.0,5560.0
15592,S7,6,lunch_break,5560.0,5565.0
15593,S7,6,lunch_break,5565.0,5570.0
15594,S7,6,lunch_break,5570.0,5575.0
15595,S7,6,lunch_break,5575.0,5580.0
15596,S7,6,lunch_break,5580.0,5585.0
15597,S7,6,lunch_break,5585.0,5590.0
15598,S7,6,lunch_break,5590.0,5595.0
15599,S7,6,lunch_break,5595.0,5600.0
15600,S7,6,lunch_break,5600.0,5605.0
15601,S7,6,lunch_break,5605.0,5610.0
15602,S7,6,lunch_break,5610.0,5615.0
15603,S7,6,lunch_break,5615.0,5620.0
15604,S7,6,lunch_break,5620.0,5625.0
15605,S7,6,lunch_break,5625.0,5630.0
15606,S7,6,lunch_break,5630.0,5635.0
15607,S7,6,lunch_break,5635.0,5640.0
15608,S7,6,lunch_break,5640.0,5645.0
15609,S7,6,lunch_break,5645.0,5650.0
15610,S7,6,lunch_break,5650.0,5655.0
15611,S7,6,lunch_break,5655.0,5660.0
15612,S7,6,lunch_break,5660.0,5665.0
15613,S7,6,lunch_break,5665.0,5670.0
15614,S7,6,lunch_break,5670.0,5675.0
15615,S7,6,lunch_break,5675.0,5680.0
15616,S7,6,lunch_break,5680.0,5685.0
15617,S7,6,lunch_break,5685.0,5690.0
15618,S7,6,lunch_break,5690.0,5695.0
15619,S7,6,lunch_break,5695.0,5700.0
15620,S7,6,lunch_break,5700.0,5705.0
15621,S7,6,lunch_break,5705.0,5710.0
15622,S7,6,lunch_break,5710.0,5715.0
15623,S7,6,lunch_break,5715.0,5720.0
15624,S7,6,lunch_break,5720.0,5725.0
15625,S7,6,lunch_break,5725.0,5730.0
15626,S7,6,lunch_break,5730.0,5735.0
15627,S7,6,lunch_break,5735.0,5740.0
15628,S7,6,lunch_break,5740.0,5745.0
15629,S7,6,lunch_break,5745.0,5750.0
15630,S7,6,lunch_break,5750.0,5755.0
15631,S7,6,lunch_break,5755.0,5760.0
15632,S7,6,lunch_break,5760.0,5765.0
15633,S7,6,lunch_break,5765.0,5770.0
15634,S7,6,lunch_break,5770.0,5775.0
15635,S7,6,lunch_break,5775.0,5780.0
15636,S7,6,lunch_break,5780.0,5785.0
15637,S7,6,lunch_break,5785.0,5790.0
15638,S7,6,lunch_break,5790.0,5795.0
15639,S7,6,lunch_break,5795.0,5800.0
15640,S7,6,lunch_break,5800.0,5805.0
15641,S7,6,lunch_break,5805.0,5810.0
15642,S7,6,lunch_break,5810.0,5815.0
15643,S7,6,lunch_break,5815.0,5820.0
15644,S7,6,lunch_break,5820.0,5825.0
15645,S7,6,lunch_break,5825.0,5830.0
15646,S7,6,lunch_break,5830.0,5835.0
15647,S7,6,lunch_break,5835.0,5840.0
15648,S7,6,lunch_break,5840.0,5845.0
15649,S7,6,lunch_break,5845.0,5850.0
15650,S7,6,lunch_break,5850.0,5855.0
15651,S7,6,lunch_break,5855.0,5860.0
15652,S7,6,lunch_break,5860.0,5865.0
15653,S7,6,lunch_break,5865.0,5870.0
15654,S7,6,lunch_break,5870.0,5875.0
15655,S7,6,lunch_break,5875.0,5880.0
15656,S7,6,lunch_break,5880.0,5885.0
15657,S7,6,lunch_break,5885.0,5890.0
15658,S7,6,lunch_break,5890.0,5895.0
15659,S7,6,lunch_break,5895.0,5900.0
15660,S7,6,lunch_break,5900.0,5905.0
15661,S7,6,lunch_break,5905.0,5910.0
15662,S7,6,lunch_break,5910.0,5915.0
15663,S7,6,lunch_break,5915.0,5920.0
15664,S7,6,lunch_break,5920.0,5925.0
15665,S7,6,lunch_break,5925.0,5930.0
15666,S7,6,lunch_break,5930.0,5935.0
15667,S7,6,lunch_break,5935.0,5940.0
15668,S7,6,lunch_break,5940.0,5945.0
15669,S7,6,lunch_break,5945.0,5950.0
15670,S7,6,lunch_break,5950.0,5955.0
15671,S7,6,lunch_break,5955.0,5960.0
15672,S7,6,lunch_break,5960.0,5965.0
15673,S7,6,lunch_break,5965.0,5970.0
15674,S7,6,lunch_break,5970.0,5975.0
15675,S7,6,lunch_break,5975.0,5980.0
15676,S7,6,lunch_break,5980.0,5985.0
15677,S7,6,lunch_break,5985.0,5990.0
15678,S7,6,lunch_break,5990.0,5995.0
15679,S7,6,lunch_break,5995.0,6000.0
15680,S7,6,lunch_break,6000.0,6005.0
15681,S7,6,lunch_break,6005.0,6010.0
15682,S7,6,lunch_break,6010.0,6015.0
15683,S7,6,lunch_break,6015.0,6020.0
15684,S7,6,lunch_break,6020.0,6025.0
15685,S7,6,lunch_break,6025.0,6030.0
15686,S7,6,lunch_break,6030.0,6035.0
15687,S7,6,lunch_break,6035.0,6040.0
15688,S7,6,lunch_break,6040.0,6045.0
15689,S7,6,lunch_break,6045.0,6050.0
15690,S7,6,lunch_break,6050.0,6055.0
15691,S7,6,lunch_break,6055.0,6060.0
15692,S7,6,lunch_break,6060.0,6065.0
15693,S7,6,lunch_break,6065.0,6070.0
15694,S7,6,lunch_break,6070.0,6075.0
15695,S7,6,lunch_break,6075.0,6080.0
15696,S7,6,lunch_break,6080.0,6085.0
15697,S7,6,lunch_break,6085.0,6090.0
15698,S7,6,lunch_break,6090.0,6095.0
15699,S7,6,lunch_break,6095.0,6100.0
15700,S7,6,lunch_break,6100.0,6105.0
15701,S7,6,lunch_break,6105.0,6110.0
15702,S7,6,lunch_break,6110.0,6115.0
15703,S7,6,lunch_break,6115.0,6120.0
15704,S7,6,lunch_break,6120.0,6125.0
15705,S7,6,lunch_break,6125.0,6130.0
15706,S7,6,lunch_break,6130.0,6135.0
15707,S7,6,lunch_break,6135.0,6140.0
15708,S7,6,lunch_break,6140.0,6145.0
15709,S7,6,lunch_break,6145.0,6150.0
15710,S7,6,lunch_break,6150.0,6155.0
15711,S7,6,lunch_break,6155.0,6160.0
15712,S7,6,lunch_break,6160.0,6165.0
15713,S7,6,lunch_break,6165.0,6170.0
15714,S7,6,lunch_break,6170.0,6175.0
15715,S7,6,lunch_break,6175.0,6180.0
15716,S7,6,lunch_break,6180.0,6185.0
15717,S7,6,lunch_break,6185.0,6190.0
15718,S7,6,lunch_break,6190.0,6195.0
15719,S7,6,lunch_break,6195.0,6200.0
15720,S7,6,lunch_break,6200.0,6205.0
15721,S7,6,lunch_break,6205.0,6210.0
15722,S7,6,lunch_break,6210.0,6215.0
15723,S7,6,lunch_break,6215.0,6220.0
15724,S7,6,lunch_break,6220.0,6225.0
15725,S7,6,lunch_break,6225.0,6230.0
15726,S7,6,lunch_break,6230.0,6235.0
15727,S7,6,lunch_break,6235.0,6240.0
15728,S7,6,lunch_break,6240.0,6245.0
15729,S7,6,lunch_break,6245.0,6250.0
15730,S7,6,lunch_break,6250.0,6255.0
15731,S7,6,lunch_break,6255.0,6260.0
15732,S7,6,lunch_break,6260.0,6265.0
15733,S7,6,lunch_break,6265.0,6270.0
15734,S7,6,lunch_break,6270.0,6275.0
15735,S7,6,lunch_break,6275.0,6280.0
15736,S7,6,lunch_break,6280.0,6285.0
15737,S7,6,lunch_break,6285.0,6290.0
15738,S7,6,lunch_break,6290.0,6295.0
15739,S7,6,lunch_break,6295.0,6300.0
15740,S7,6,lunch_break,6300.0,6305.0
15741,S7,6,lunch_break,6305.0,6310.0
15742,S7,6,lunch_break,6310.0,6315.0
15743,S7,6,lunch_break,6315.0,6320.0
15744,S7,6,lunch_break,6320.0,6325.0
15745,S7,6,lunch_break,6325.0,6330.0
15746,S7,6,lunch_break,6330.0,6335.0
15747,S7,6,lunch_break,6335.0,6340.0
15748,S7,6,lunch_break,6340.0,6345.0
15749,S7,6,lunch_break,6345.0,6350.0
15750,S7,6,lunch_break,6350.0,6355.0
15751,S7,6,lunch_break,6355.0,6360.0
15752,S7,6,lunch_break,6360.0,6365.0
15753,S7,6,lunch_break,6365.0,6370.0
15754,S7,6,lunch_break,6370.0,6375.0
15755,S7,6,lunch_break,6375.0,6380.0
15756,S7,6,lunch_break,6380.0,6385.0
15757,S7,6,lunch_break,6385.0,6390.0
15758,S7,6,lunch_break,6390.0,6395.0
15759,S7,6,lunch_break,6395.0,6400.0
15760,S7,6,lunch_break,6400.0,6405.0
15761,S7,6,lunch_break,6405.0,6410.0
15762,S7,6,lunch_break,6410.0,6415.0
15763,S7,6,lunch_break,6415.0,6420.0
15764,S7,6,lunch_break,6420.0,6425.0
15765,S7,6,lunch_break,6425.0,6430.0
15766,S7,6,lunch_break,6430.0,6435.0
15767,S7,6,lunch_break,6435.0,6440.0
15768,S7,6,lunch_break,6440.0,6445.0
15769,S7,6,lunch_break,6445.0,6450.0
15770,S7,6,lunch_break,6450.0,6455.0
15771,S7,6,lunch_break,6455.0,6460.0
15772,S7,6,lunch_break,6460.0,6465.0
15773,S7,6,lunch_break,6465.0,6470.0
15774,S7,6,lunch_break,6470.0,6475.0
15775,S7,6,lunch_break,6475.0,6480.0
15776,S7,6,lunch_break,6480.0,6485.0
15777,S7,6,lunch_break,6485.0,6490.0
15778,S7,6,lunch_break,6490.0,6495.0
15779,S7,6,lunch_break,6495.0,6500.0
15780,S7,6,lunch_break,6500.0,6505.0
15781,S7,6,lunch_break,6505.0,6510.0
15782,S7,6,lunch_break,6510.0,6515.0
15783,S7,6,lunch_break,6515.0,6520.0
15784,S7,6,lunch_break,6520.0,6525.0
15785,S7,6,lunch_break,6525.0,6530.0
15786,S7,6,lunch_break,6530.0,6535.0
15787,S7,6,lunch_break,6535.0,6540.0
15788,S7,6,lunch_break,6540.0,6545.0
15789,S7,6,lunch_break,6545.0,6550.0
15790,S7,6,lunch_break,6550.0,6555.0
15791,S7,6,lunch_break,6555.0,6560.0
15792,S7,6,lunch_break,6560.0,6565.0
15793,S7,6,lunch_break,6565.0,6570.0
15794,S7,6,lunch_break,6570.0,6575.0
15795,S7,6,lunch_break,6575.0,6580.0
15796,S7,6,lunch_break,6580.0,6585.0
15797,S7,6,lunch_break,6585.0,6590.0
15798,S7,6,lunch_break,6590.0,6595.0
15799,S7,6,lunch_break,6595.0,6600.0
15800,S7,6,lunch_break,6600.0,6605.0
15801,S7,6,lunch_break,6605.0,6610.0
15802,S7,6,lunch_break,6610.0,6615.0
15803,S7,6,lunch_break,6615.0,6620.0
15804,S7,6,lunch_break,6620.0,6625.0
15805,S7,6,lunch_break,6625.0,6630.0
15806,S7,6,lunch_break,6630.0,6635.0
15807,S7,6,lunch_break,6635.0,6640.0
15808,S7,6,lunch_break,6640.0,6645.0
15809,S7,6,lunch_break,6645.0,6650.0
15810,S7,6,lunch_break,6650.0,6655.0
15811,S7,6,lunch_break,6655.0,6660.0
15812,S7,6,lunch_break,6660.0,6665.0
15813,S7,6,lunch_break,6665.0,6670.0
15814,S7,6,lunch_break,6670.0,6675.0
15815,S7,6,lunch_break,6675.0,6680.0
15816,S7,6,lunch_break,6680.0,6685.0
15817,S7,6,lunch_break,6685.0,6690.0
15818,S7,6,lunch_break,6690.0,6695.0
15819,S7,6,lunch_break,6695.0,6700.0
15820,S7,6,lunch_break,6700.0,6705.0
15821,S7,6,lunch_break,6705.0,6710.0
15822,S7,6,lunch_break,6710.0,6715.0
15823,S7,6,lunch_break,6715.0,6720.0
15824,S7,6,lunch_break,6720.0,6725.0
15825,S7,6,lunch_break,6725.0,6730.0
15826,S7,6,lunch_break,6730.0,6735.0
15827,S7,6,lunch_break,6735.0,6740.0
15828,S7,6,lunch_break,6740.0,6745.0
15829,S7,6,lunch_break,6745.0,6750.0
15830,S7,6,lunch_break,6750.0,6755.0
15831,S7,6,lunch_break,6755.0,6760.0
15832,S7,6,lunch_break,6760.0,6765.0
15833,S7,6,lunch_break,6765.0,6770.0
15834,S7,6,lunch_break,6770.0,6775.0
15835,S7,6,lunch_break,6775.0,6780.0
15836,S7,6,lunch_break,6780.0,6785.0
15837,S7,6,lunch_break,6785.0,6790.0
15838,S7,6,lunch_break,6790.0,6795.0
15839,S7,6,lunch_break,6795.0,6800.0
15840,S7,6,lunch_break,6800.0,6805.0
15841,S7,6,lunch_break,6805.0,6810.0
15842,S7,6,lunch_break,6810.0,6815.0
15843,S7,6,lunch_break,6815.0,6820.0
15844,S7,6,lunch_break,6820.0,6825.0
15845,S7,6,lunch_break,6825.0,6830.0
15846,S7,6,lunch_break,6830.0,6835.0
15847,S7,6,lunch_break,6835.0,6840.0
15848,S7,6,lunch_break,6840.0,6845.0
15849,S7,6,lunch_break,6845.0,6850.0
15850,S7,6,lunch_break,6850.0,6855.0
15851,S7,6,lunch_break,6855.0,6860.0
15852,S7,6,lunch_break,6860.0,6865.0
15853,S7,6,lunch_break,6865.0,6870.0
15854,S7,6,lunch_break,6870.0,6875.0
15855,S7,6,lunch_break,6875.0,6880.0
15856,S7,6,lunch_break,6880.0,6885.0
15857,S7,6,lunch_break,6885.0,6890.0
15858,S7,6,lunch_break,6890.0,6895.0
15859,S7,6,lunch_break,6895.0,6900.0
15860,S7,6,lunch_break,6900.0,6905.0
15861,S7,6,lunch_break,6905.0,6910.0
15862,S7,6,lunch_break,6910.0,6915.0
15863,S7,6,lunch_break,6915.0,6920.0
15864,S7,6,lunch_break,6920.0,6925.0
15865,S7,6,lunch_break,6925.0,6930.0
15866,S7,6,lunch_break,6930.0,6935.0
15867,S7,6,lunch_break,6935.0,6940.0
15868,S7,6,lunch_break,6940.0,6945.0
15869,S7,6,lunch_break,6945.0,6950.0
15870,S7,6,lunch_break,6950.0,6955.0
15871,S7,6,lunch_break,6955.0,6960.0
15872,S7,6,lunch_break,6960.0,6965.0
15873,S7,6,lunch_break,6965.0,6970.0
15874,S7,6,lunch_break,6970.0,6975.0
15875,S7,6,lunch_break,6975.0,6980.0
15876,S7,6,lunch_break,6980.0,6985.0
15877,S7,6,lunch_break,6985.0,6990.0
15878,S7,6,lunch_break,6990.0,6995.0
15879,S7,6,lunch_break,6995.0,7000.0
15880,S7,6,lunch_break,7000.0,7005.0
15881,S7,6,lunch_break,7005.0,7010.0
15882,S7,6,lunch_break,7010.0,7015.0
15883,S7,6,lunch_break,7015.0,7020.0
15884,S7,6,lunch_break,7020.0,7025.0
15885,S7,6,lunch_break,7025.0,7030.0
15886,S7,6,lunch_break,7030.0,7035.0
15887,S7,6,lunch_break,7035.0,7040.0
15888,S7,6,lunch_break,7040.0,7045.0
15889,S7,6,lunch_break,7045.0,7050.0
15890,S7,6,lunch_break,7050.0,7055.0
15891,S7,6,lunch_break,7055.0,7060.0
15892,S7,6,lunch_break,7060.0,7065.0
15893,S7,6,lunch_break,7065.0,7070.0
15894,S7,6,lunch_break,7070.0,7075.0
15895,S7,6,lunch_break,7075.0,7080.0
15896,S7,6,lunch_break,7080.0,7085.0
15897,S7,6,lunch_break,7085.0,7090.0
15898,S7,6,lunch_break,7090.0,7095.0
15899,S7,6,lunch_break,7095.0,7100.0
15900,S7,6,lunch_break,7100.0,7105.0
15901,S7,6,lunch_break,7105.0,7110.0
15902,S7,6,lunch_break,7110.0,7115.0
15903,S7,6,lunch_break,7115.0,7120.0
15904,S7,6,lunch_break,7120.0,7125.0
15905,S7,6,lunch_break,7125.0,7130.0
15906,S7,6,lunch_break,7130.0,7135.0
15907,S7,6,lunch_break,7135.0,7140.0
15908,S7,6,lunch_break,7140.0,7145.0
15909,S7,7,walking,7155.0,7160.0
15910,S7,7,walking,7160.0,7165.0
15911,S7,7,walking,7165.0,7170.0
15912,S7,7,walking,7170.0,7175.0
15913,S7,7,walking,7175.0,7180.0
15914,S7,7,walking,7180.0,7185.0
15915,S7,7,walking,7185.0,7190.0
15916,S7,7,walking,7190.0,7195.0
15917,S7,7,walking,7195.0,7200.0
15918,S7,7,walking,7200.0,7205.0
15919,S7,7,walking,7205.0,7210.0
15920,S7,7,walking,7210.0,7215.0
15921,S7,7,walking,7215.0,7220.0
15922,S7,7,walking,7220.0,7225.0
15923,S7,7,walking,7225.0,7230.0
15924,S7,7,walking,7230.0,7235.0
15925,S7,7,walking,7235.0,7240.0
15926,S7,7,walking,7240.0,7245.0
15927,S7,7,walking,7245.0,7250.0
15928,S7,7,walking,7250.0,7255.0
15929,S7,7,walking,7255.0,7260.0
15930,S7,7,walking,7260.0,7265.0
15931,S7,7,walking,7265.0,7270.0
15932,S7,7,walking,7270.0,7275.0
15933,S7,7,walking,7275.0,7280.0
15934,S7,7,walking,7280.0,7285.0
15935,S7,7,walking,7285.0,7290.0
15936,S7,7,walking,7290.0,7295.0
15937,S7,7,walking,7295.0,7300.0
15938,S7,7,walking,7300.0,7305.0
15939,S7,7,walking,7305.0,7310.0
15940,S7,7,walking,7310.0,7315.0
15941,S7,7,walking,7315.0,7320.0
15942,S7,7,walking,7320.0,7325.0
15943,S7,7,walking,7325.0,7330.0
15944,S7,7,walking,7330.0,7335.0
15945,S7,7,walking,7335.0,7340.0
15946,S7,7,walking,7340.0,7345.0
15947,S7,7,walking,7345.0,7350.0
15948,S7,7,walking,7350.0,7355.0
15949,S7,7,walking,7355.0,7360.0
15950,S7,7,walking,7360.0,7365.0
15951,S7,7,walking,7365.0,7370.0
15952,S7,7,walking,7370.0,7375.0
15953,S7,7,walking,7375.0,7380.0
15954,S7,7,walking,7380.0,7385.0
15955,S7,7,walking,7385.0,7390.0
15956,S7,7,walking,7390.0,7395.0
15957,S7,7,walking,7395.0,7400.0
15958,S7,7,walking,7400.0,7405.0
15959,S7,7,walking,7405.0,7410.0
15960,S7,7,walking,7410.0,7415.0
15961,S7,7,walking,7415.0,7420.0
15962,S7,7,walking,7420.0,7425.0
15963,S7,7,walking,7425.0,7430.0
15964,S7,7,walking,7430.0,7435.0
15965,S7,7,walking,7435.0,7440.0
15966,S7,7,walking,7440.0,7445.0
15967,S7,7,walking,7445.0,7450.0
15968,S7,7,walking,7450.0,7455.0
15969,S7,7,walking,7455.0,7460.0
15970,S7,7,walking,7460.0,7465.0
15971,S7,7,walking,7465.0,7470.0
15972,S7,7,walking,7470.0,7475.0
15973,S7,7,walking,7475.0,7480.0
15974,S7,7,walking,7480.0,7485.0
15975,S7,7,walking,7485.0,7490.0
15976,S7,7,walking,7490.0,7495.0
15977,S7,7,walking,7495.0,7500.0
15978,S7,7,walking,7500.0,7505.0
15979,S7,7,walking,7505.0,7510.0
15980,S7,7,walking,7510.0,7515.0
15981,S7,7,walking,7515.0,7520.0
15982,S7,7,walking,7520.0,7525.0
15983,S7,7,walking,7525.0,7530.0
15984,S7,7,walking,7530.0,7535.0
15985,S7,7,walking,7535.0,7540.0
15986,S7,7,walking,7540.0,7545.0
15987,S7,7,walking,7545.0,7550.0
15988,S7,7,walking,7550.0,7555.0
15989,S7,7,walking,7555.0,7560.0
15990,S7,7,walking,7560.0,7565.0
15991,S7,7,walking,7565.0,7570.0
15992,S7,7,walking,7570.0,7575.0
15993,S7,7,walking,7575.0,7580.0
15994,S7,7,walking,7580.0,7585.0
15995,S7,7,walking,7585.0,7590.0
15996,S7,7,walking,7590.0,7595.0
15997,S7,7,walking,7595.0,7600.0
15998,S7,7,walking,7600.0,7605.0
15999,S7,7,walking,7605.0,7610.0
16000,S7,7,walking,7610.0,7615.0
16001,S7,7,walking,7615.0,7620.0
16002,S7,7,walking,7620.0,7625.0
16003,S7,7,walking,7625.0,7630.0
16004,S7,7,walking,7630.0,7635.0
16005,S7,7,walking,7635.0,7640.0
16006,S7,7,walking,7640.0,7645.0
16007,S7,7,walking,7645.0,7650.0
16008,S7,7,walking,7650.0,7655.0
16009,S7,7,walking,7655.0,7660.0
16010,S7,7,walking,7660.0,7665.0
16011,S7,7,walking,7665.0,7670.0
16012,S7,7,walking,7670.0,7675.0
16013,S7,7,walking,7675.0,7680.0
16014,S7,7,walking,7680.0,7685.0
16015,S7,7,walking,7685.0,7690.0
16016,S7,7,walking,7690.0,7695.0
16017,S7,7,walking,7695.0,7700.0
16018,S7,7,walking,7700.0,7705.0
16019,S7,7,walking,7705.0,7710.0
16020,S7,7,walking,7710.0,7715.0
16021,S7,7,walking,7715.0,7720.0
16022,S7,7,walking,7720.0,7725.0
16023,S7,7,walking,7725.0,7730.0
16024,S7,7,walking,7730.0,7735.0
16025,S7,7,walking,7735.0,7740.0
16026,S7,7,walking,7740.0,7745.0
16027,S7,7,walking,7745.0,7750.0
16028,S7,7,walking,7750.0,7755.0
16029,S7,7,walking,7755.0,7760.0
16030,S7,7,walking,7760.0,7765.0
16031,S7,7,walking,7765.0,7770.0
16032,S7,7,walking,7770.0,7775.0
16033,S7,7,walking,7775.0,7780.0
16034,S7,7,walking,7780.0,7785.0
16035,S7,7,walking,7785.0,7790.0
16036,S7,7,walking,7790.0,7795.0
16037,S7,7,walking,7795.0,7800.0
16038,S7,7,walking,7800.0,7805.0
16039,S7,7,walking,7805.0,7810.0
16040,S7,7,walking,7810.0,7815.0
16041,S7,7,walking,7815.0,7820.0
16042,S7,7,walking,7820.0,7825.0
16043,S7,7,walking,7825.0,7830.0
16044,S7,7,walking,7830.0,7835.0
16045,S7,7,walking,7835.0,7840.0
16046,S7,7,walking,7840.0,7845.0
16047,S7,7,walking,7845.0,7850.0
16048,S7,7,walking,7850.0,7855.0
16049,S7,8,working,7950.0,7955.0
16050,S7,8,working,7955.0,7960.0
16051,S7,8,working,7960.0,7965.0
16052,S7,8,working,7965.0,7970.0
16053,S7,8,working,7970.0,7975.0
16054,S7,8,working,7975.0,7980.0
16055,S7,8,working,7980.0,7985.0
16056,S7,8,working,7985.0,7990.0
16057,S7,8,working,7990.0,7995.0
16058,S7,8,working,7995.0,8000.0
16059,S7,8,working,8000.0,8005.0
16060,S7,8,working,8005.0,8010.0
16061,S7,8,working,8010.0,8015.0
16062,S7,8,working,8015.0,8020.0
16063,S7,8,working,8020.0,8025.0
16064,S7,8,working,8025.0,8030.0
16065,S7,8,working,8030.0,8035.0
16066,S7,8,working,8035.0,8040.0
16067,S7,8,working,8040.0,8045.0
16068,S7,8,working,8045.0,8050.0
16069,S7,8,working,8050.0,8055.0
16070,S7,8,working,8055.0,8060.0
16071,S7,8,working,8060.0,8065.0
16072,S7,8,working,8065.0,8070.0
16073,S7,8,working,8070.0,8075.0
16074,S7,8,working,8075.0,8080.0
16075,S7,8,working,8080.0,8085.0
16076,S7,8,working,8085.0,8090.0
16077,S7,8,working,8090.0,8095.0
16078,S7,8,working,8095.0,8100.0
16079,S7,8,working,8100.0,8105.0
16080,S7,8,working,8105.0,8110.0
16081,S7,8,working,8110.0,8115.0
16082,S7,8,working,8115.0,8120.0
16083,S7,8,working,8120.0,8125.0
16084,S7,8,working,8125.0,8130.0
16085,S7,8,working,8130.0,8135.0
16086,S7,8,working,8135.0,8140.0
16087,S7,8,working,8140.0,8145.0
16088,S7,8,working,8145.0,8150.0
16089,S7,8,working,8150.0,8155.0
16090,S7,8,working,8155.0,8160.0
16091,S7,8,working,8160.0,8165.0
16092,S7,8,working,8165.0,8170.0
16093,S7,8,working,8170.0,8175.0
16094,S7,8,working,8175.0,8180.0
16095,S7,8,working,8180.0,8185.0
16096,S7,8,working,8185.0,8190.0
16097,S7,8,working,8190.0,8195.0
16098,S7,8,working,8195.0,8200.0
16099,S7,8,working,8200.0,8205.0
16100,S7,8,working,8205.0,8210.0
16101,S7,8,working,8210.0,8215.0
16102,S7,8,working,8215.0,8220.0
16103,S7,8,working,8220.0,8225.0
16104,S7,8,working,8225.0,8230.0
16105,S7,8,working,8230.0,8235.0
16106,S7,8,working,8235.0,8240.0
16107,S7,8,working,8240.0,8245.0
16108,S7,8,working,8245.0,8250.0
16109,S7,8,working,8250.0,8255.0
16110,S7,8,working,8255.0,8260.0
16111,S7,8,working,8260.0,8265.0
16112,S7,8,working,8265.0,8270.0
16113,S7,8,working,8270.0,8275.0
16114,S7,8,working,8275.0,8280.0
16115,S7,8,working,8280.0,8285.0
16116,S7,8,working,8285.0,8290.0
16117,S7,8,working,8290.0,8295.0
16118,S7,8,working,8295.0,8300.0
16119,S7,8,working,8300.0,8305.0
16120,S7,8,working,8305.0,8310.0
16121,S7,8,working,8310.0,8315.0
16122,S7,8,working,8315.0,8320.0
16123,S7,8,working,8320.0,8325.0
16124,S7,8,working,8325.0,8330.0
16125,S7,8,working,8330.0,8335.0
16126,S7,8,working,8335.0,8340.0
16127,S7,8,working,8340.0,8345.0
16128,S7,8,working,8345.0,8350.0
16129,S7,8,working,8350.0,8355.0
16130,S7,8,working,8355.0,8360.0
16131,S7,8,working,8360.0,8365.0
16132,S7,8,working,8365.0,8370.0
16133,S7,8,working,8370.0,8375.0
16134,S7,8,working,8375.0,8380.0
16135,S7,8,working,8380.0,8385.0
16136,S7,8,working,8385.0,8390.0
16137,S7,8,working,8390.0,8395.0
16138,S7,8,working,8395.0,8400.0
16139,S7,8,working,8400.0,8405.0
16140,S7,8,working,8405.0,8410.0
16141,S7,8,working,8410.0,8415.0
16142,S7,8,working,8415.0,8420.0
16143,S7,8,working,8420.0,8425.0
16144,S7,8,working,8425.0,8430.0
16145,S7,8,working,8430.0,8435.0
16146,S7,8,working,8435.0,8440.0
16147,S7,8,working,8440.0,8445.0
16148,S7,8,working,8445.0,8450.0
16149,S7,8,working,8450.0,8455.0
16150,S7,8,working,8455.0,8460.0
16151,S7,8,working,8460.0,8465.0
16152,S7,8,working,8465.0,8470.0
16153,S7,8,working,8470.0,8475.0
16154,S7,8,working,8475.0,8480.0
16155,S7,8,working,8480.0,8485.0
16156,S7,8,working,8485.0,8490.0
16157,S7,8,working,8490.0,8495.0
16158,S7,8,working,8495.0,8500.0
16159,S7,8,working,8500.0,8505.0
16160,S7,8,working,8505.0,8510.0
16161,S7,8,working,8510.0,8515.0
16162,S7,8,working,8515.0,8520.0
16163,S7,8,working,8520.0,8525.0
16164,S7,8,working,8525.0,8530.0
16165,S7,8,working,8530.0,8535.0
16166,S7,8,working,8535.0,8540.0
16167,S7,8,working,8540.0,8545.0
16168,S7,8,working,8545.0,8550.0
16169,S7,8,working,8550.0,8555.0
16170,S7,8,working,8555.0,8560.0
16171,S7,8,working,8560.0,8565.0
16172,S7,8,working,8565.0,8570.0
16173,S7,8,working,8570.0,8575.0
16174,S7,8,working,8575.0,8580.0
16175,S7,8,working,8580.0,8585.0
16176,S7,8,working,8585.0,8590.0
16177,S7,8,working,8590.0,8595.0
16178,S7,8,working,8595.0,8600.0
16179,S7,8,working,8600.0,8605.0
16180,S7,8,working,8605.0,8610.0
16181,S7,8,working,8610.0,8615.0
16182,S7,8,working,8615.0,8620.0
16183,S7,8,working,8620.0,8625.0
16184,S7,8,working,8625.0,8630.0
16185,S7,8,working,8630.0,8635.0
16186,S7,8,working,8635.0,8640.0
16187,S7,8,working,8640.0,8645.0
16188,S7,8,working,8645.0,8650.0
16189,S7,8,working,8650.0,8655.0
16190,S7,8,working,8655.0,8660.0
16191,S7,8,working,8660.0,8665.0
16192,S7,8,working,8665.0,8670.0
16193,S7,8,working,8670.0,8675.0
16194,S7,8,working,8675.0,8680.0
16195,S7,8,working,8680.0,8685.0
16196,S7,8,working,8685.0,8690.0
16197,S7,8,working,8690.0,8695.0
16198,S7,8,working,8695.0,8700.0
16199,S7,8,working,8700.0,8705.0
16200,S7,8,working,8705.0,8710.0
16201,S7,8,working,8710.0,8715.0
16202,S7,8,working,8715.0,8720.0
16203,S7,8,working,8720.0,8725.0
16204,S7,8,working,8725.0,8730.0
16205,S7,8,working,8730.0,8735.0
16206,S7,8,working,8735.0,8740.0
16207,S7,8,working,8740.0,8745.0
16208,S7,8,working,8745.0,8750.0
16209,S7,8,working,8750.0,8755.0
16210,S7,8,working,8755.0,8760.0
16211,S7,8,working,8760.0,8765.0
16212,S7,8,working,8765.0,8770.0
16213,S7,8,working,8770.0,8775.0
16214,S7,8,working,8775.0,8780.0
16215,S7,8,working,8780.0,8785.0
16216,S7,8,working,8785.0,8790.0
16217,S7,8,working,8790.0,8795.0
16218,S7,8,working,8795.0,8800.0
16219,S7,8,working,8800.0,8805.0
16220,S7,8,working,8805.0,8810.0
16221,S7,8,working,8810.0,8815.0
16222,S7,8,working,8815.0,8820.0
16223,S7,8,working,8820.0,8825.0
16224,S7,8,working,8825.0,8830.0
16225,S7,8,working,8830.0,8835.0
16226,S7,8,working,8835.0,8840.0
16227,S7,8,working,8840.0,8845.0
16228,S7,8,working,8845.0,8850.0
16229,S7,8,working,8850.0,8855.0
16230,S7,8,working,8855.0,8860.0
16231,S7,8,working,8860.0,8865.0
16232,S7,8,working,8865.0,8870.0
16233,S7,8,working,8870.0,8875.0
16234,S7,8,working,8875.0,8880.0
16235,S7,8,working,8880.0,8885.0
16236,S7,8,working,8885.0,8890.0
16237,S7,8,working,8890.0,8895.0
16238,S7,8,working,8895.0,8900.0
16239,S7,8,working,8900.0,8905.0
16240,S7,8,working,8905.0,8910.0
16241,S7,8,working,8910.0,8915.0
16242,S7,8,working,8915.0,8920.0
16243,S7,8,working,8920.0,8925.0
16244,S7,8,working,8925.0,8930.0
16245,S7,8,working,8930.0,8935.0
16246,S7,8,working,8935.0,8940.0
16247,S7,8,working,8940.0,8945.0
16248,S7,8,working,8945.0,8950.0
16249,S7,8,working,8950.0,8955.0
16250,S7,8,working,8955.0,8960.0
16251,S7,8,working,8960.0,8965.0
16252,S7,8,working,8965.0,8970.0
16253,S7,8,working,8970.0,8975.0
16254,S7,8,working,8975.0,8980.0
16255,S7,8,working,8980.0,8985.0
16256,S7,8,working,8985.0,8990.0
16257,S7,8,working,8990.0,8995.0
16258,S7,8,working,8995.0,9000.0
16259,S7,8,working,9000.0,9005.0
16260,S7,8,working,9005.0,9010.0
16261,S7,8,working,9010.0,9015.0
16262,S7,8,working,9015.0,9020.0
16263,S7,8,working,9020.0,9025.0
16264,S7,8,working,9025.0,9030.0
16265,S7,8,working,9030.0,9035.0
16266,S7,8,working,9035.0,9040.0
16267,S7,8,working,9040.0,9045.0
16268,S7,8,working,9045.0,9050.0
16269,S7,8,working,9050.0,9055.0
16270,S7,8,working,9055.0,9060.0
16271,S7,8,working,9060.0,9065.0
16272,S7,8,working,9065.0,9070.0
16273,S7,8,working,9070.0,9075.0
16274,S7,8,working,9075.0,9080.0
16275,S7,8,working,9080.0,9085.0
16276,S7,8,working,9085.0,9090.0
16277,S7,8,working,9090.0,9095.0
16278,S7,8,working,9095.0,9100.0
16279,S7,8,working,9100.0,9105.0
16280,S7,8,working,9105.0,9110.0
16281,S7,8,working,9110.0,9115.0
16282,S7,8,working,9115.0,9120.0
16283,S8,1,sitting,55.0,60.0
16284,S8,1,sitting,60.0,65.0
16285,S8,1,sitting,65.0,70.0
16286,S8,1,sitting,70.0,75.0
16287,S8,1,sitting,75.0,80.0
16288,S8,1,sitting,80.0,85.0
16289,S8,1,sitting,85.0,90.0
16290,S8,1,sitting,90.0,95.0
16291,S8,1,sitting,95.0,100.0
16292,S8,1,sitting,100.0,105.0
16293,S8,1,sitting,105.0,110.0
16294,S8,1,sitting,110.0,115.0
16295,S8,1,sitting,115.0,120.0
16296,S8,1,sitting,120.0,125.0
16297,S8,1,sitting,125.0,130.0
16298,S8,1,sitting,130.0,135.0
16299,S8,1,sitting,135.0,140.0
16300,S8,1,sitting,140.0,145.0
16301,S8,1,sitting,145.0,150.0
16302,S8,1,sitting,150.0,155.0
16303,S8,1,sitting,155.0,160.0
16304,S8,1,sitting,160.0,165.0
16305,S8,1,sitting,165.0,170.0
16306,S8,1,sitting,170.0,175.0
16307,S8,1,sitting,175.0,180.0
16308,S8,1,sitting,180.0,185.0
16309,S8,1,sitting,185.0,190.0
16310,S8,1,sitting,190.0,195.0
16311,S8,1,sitting,195.0,200.0
16312,S8,1,sitting,200.0,205.0
16313,S8,1,sitting,205.0,210.0
16314,S8,1,sitting,210.0,215.0
16315,S8,1,sitting,215.0,220.0
16316,S8,1,sitting,220.0,225.0
16317,S8,1,sitting,225.0,230.0
16318,S8,1,sitting,230.0,235.0
16319,S8,1,sitting,235.0,240.0
16320,S8,1,sitting,240.0,245.0
16321,S8,1,sitting,245.0,250.0
16322,S8,1,sitting,250.0,255.0
16323,S8,1,sitting,255.0,260.0
16324,S8,1,sitting,260.0,265.0
16325,S8,1,sitting,265.0,270.0
16326,S8,1,sitting,270.0,275.0
16327,S8,1,sitting,275.0,280.0
16328,S8,1,sitting,280.0,285.0
16329,S8,1,sitting,285.0,290.0
16330,S8,1,sitting,290.0,295.0
16331,S8,1,sitting,295.0,300.0
16332,S8,1,sitting,300.0,305.0
16333,S8,1,sitting,305.0,310.0
16334,S8,1,sitting,310.0,315.0
16335,S8,1,sitting,315.0,320.0
16336,S8,1,sitting,320.0,325.0
16337,S8,1,sitting,325.0,330.0
16338,S8,1,sitting,330.0,335.0
16339,S8,1,sitting,335.0,340.0
16340,S8,1,sitting,340.0,345.0
16341,S8,1,sitting,345.0,350.0
16342,S8,1,sitting,350.0,355.0
16343,S8,1,sitting,355.0,360.0
16344,S8,1,sitting,360.0,365.0
16345,S8,1,sitting,365.0,370.0
16346,S8,1,sitting,370.0,375.0
16347,S8,1,sitting,375.0,380.0
16348,S8,1,sitting,380.0,385.0
16349,S8,1,sitting,385.0,390.0
16350,S8,1,sitting,390.0,395.0
16351,S8,1,sitting,395.0,400.0
16352,S8,1,sitting,400.0,405.0
16353,S8,1,sitting,405.0,410.0
16354,S8,1,sitting,410.0,415.0
16355,S8,1,sitting,415.0,420.0
16356,S8,1,sitting,420.0,425.0
16357,S8,1,sitting,425.0,430.0
16358,S8,1,sitting,430.0,435.0
16359,S8,1,sitting,435.0,440.0
16360,S8,1,sitting,440.0,445.0
16361,S8,1,sitting,445.0,450.0
16362,S8,1,sitting,450.0,455.0
16363,S8,1,sitting,455.0,460.0
16364,S8,1,sitting,460.0,465.0
16365,S8,1,sitting,465.0,470.0
16366,S8,1,sitting,470.0,475.0
16367,S8,1,sitting,475.0,480.0
16368,S8,1,sitting,480.0,485.0
16369,S8,1,sitting,485.0,490.0
16370,S8,1,sitting,490.0,495.0
16371,S8,1,sitting,495.0,500.0
16372,S8,1,sitting,500.0,505.0
16373,S8,1,sitting,505.0,510.0
16374,S8,1,sitting,510.0,515.0
16375,S8,1,sitting,515.0,520.0
16376,S8,1,sitting,520.0,525.0
16377,S8,1,sitting,525.0,530.0
16378,S8,1,sitting,530.0,535.0
16379,S8,1,sitting,535.0,540.0
16380,S8,1,sitting,540.0,545.0
16381,S8,1,sitting,545.0,550.0
16382,S8,1,sitting,550.0,555.0
16383,S8,1,sitting,555.0,560.0
16384,S8,1,sitting,560.0,565.0
16385,S8,1,sitting,565.0,570.0
16386,S8,1,sitting,570.0,575.0
16387,S8,1,sitting,575.0,580.0
16388,S8,1,sitting,580.0,585.0
16389,S8,1,sitting,585.0,590.0
16390,S8,1,sitting,590.0,595.0
16391,S8,1,sitting,595.0,600.0
16392,S8,1,sitting,600.0,605.0
16393,S8,1,sitting,605.0,610.0
16394,S8,1,sitting,610.0,615.0
16395,S8,1,sitting,615.0,620.0
16396,S8,1,sitting,620.0,625.0
16397,S8,1,sitting,625.0,630.0
16398,S8,1,sitting,630.0,635.0
16399,S8,1,sitting,635.0,640.0
16400,S8,1,sitting,640.0,645.0
16401,S8,1,sitting,645.0,650.0
16402,S8,1,sitting,650.0,655.0
16403,S8,2,stairs,805.0,810.0
16404,S8,2,stairs,810.0,815.0
16405,S8,2,stairs,815.0,820.0
16406,S8,2,stairs,820.0,825.0
16407,S8,2,stairs,825.0,830.0
16408,S8,2,stairs,830.0,835.0
16409,S8,2,stairs,835.0,840.0
16410,S8,2,stairs,840.0,845.0
16411,S8,2,stairs,845.0,850.0
16412,S8,2,stairs,850.0,855.0
16413,S8,2,stairs,855.0,860.0
16414,S8,2,stairs,860.0,865.0
16415,S8,2,stairs,865.0,870.0
16416,S8,2,stairs,870.0,875.0
16417,S8,2,stairs,875.0,880.0
16418,S8,2,stairs,880.0,885.0
16419,S8,2,stairs,885.0,890.0
16420,S8,2,stairs,890.0,895.0
16421,S8,2,stairs,895.0,900.0
16422,S8,2,stairs,900.0,905.0
16423,S8,2,stairs,905.0,910.0
16424,S8,2,stairs,910.0,915.0
16425,S8,2,stairs,915.0,920.0
16426,S8,2,stairs,920.0,925.0
16427,S8,2,stairs,925.0,930.0
16428,S8,2,stairs,930.0,935.0
16429,S8,2,stairs,935.0,940.0
16430,S8,2,stairs,940.0,945.0
16431,S8,2,stairs,945.0,950.0
16432,S8,2,stairs,950.0,955.0
16433,S8,2,stairs,955.0,960.0
16434,S8,2,stairs,960.0,965.0
16435,S8,2,stairs,965.0,970.0
16436,S8,2,stairs,970.0,975.0
16437,S8,2,stairs,975.0,980.0
16438,S8,2,stairs,980.0,985.0
16439,S8,2,stairs,985.0,990.0
16440,S8,2,stairs,990.0,995.0
16441,S8,2,stairs,995.0,1000.0
16442,S8,2,stairs,1000.0,1005.0
16443,S8,2,stairs,1005.0,1010.0
16444,S8,2,stairs,1010.0,1015.0
16445,S8,2,stairs,1015.0,1020.0
16446,S8,2,stairs,1020.0,1025.0
16447,S8,2,stairs,1025.0,1030.0
16448,S8,2,stairs,1030.0,1035.0
16449,S8,2,stairs,1035.0,1040.0
16450,S8,2,stairs,1040.0,1045.0
16451,S8,2,stairs,1045.0,1050.0
16452,S8,2,stairs,1050.0,1055.0
16453,S8,2,stairs,1055.0,1060.0
16454,S8,2,stairs,1060.0,1065.0
16455,S8,2,stairs,1065.0,1070.0
16456,S8,2,stairs,1070.0,1075.0
16457,S8,2,stairs,1075.0,1080.0
16458,S8,2,stairs,1080.0,1085.0
16459,S8,2,stairs,1085.0,1090.0
16460,S8,2,stairs,1090.0,1095.0
16461,S8,2,stairs,1095.0,1100.0
16462,S8,2,stairs,1100.0,1105.0
16463,S8,2,stairs,1105.0,1110.0
16464,S8,2,stairs,1110.0,1115.0
16465,S8,2,stairs,1115.0,1120.0
16466,S8,2,stairs,1120.0,1125.0
16467,S8,2,stairs,1125.0,1130.0
16468,S8,2,stairs,1130.0,1135.0
16469,S8,2,stairs,1135.0,1140.0
16470,S8,2,stairs,1140.0,1145.0
16471,S8,2,stairs,1145.0,1150.0
16472,S8,2,stairs,1150.0,1155.0
16473,S8,2,stairs,1155.0,1160.0
16474,S8,2,stairs,1160.0,1165.0
16475,S8,2,stairs,1165.0,1170.0
16476,S8,2,stairs,1170.0,1175.0
16477,S8,2,stairs,1175.0,1180.0
16478,S8,2,stairs,1180.0,1185.0
16479,S8,2,stairs,1185.0,1190.0
16480,S8,2,stairs,1190.0,1195.0
16481,S8,2,stairs,1195.0,1200.0
16482,S8,2,stairs,1200.0,1205.0
16483,S8,2,stairs,1205.0,1210.0
16484,S8,3,table_soccer,1350.0,1355.0
16485,S8,3,table_soccer,1355.0,1360.0
16486,S8,3,table_soccer,1360.0,1365.0
16487,S8,3,table_soccer,1365.0,1370.0
16488,S8,3,table_soccer,1370.0,1375.0
16489,S8,3,table_soccer,1375.0,1380.0
16490,S8,3,table_soccer,1380.0,1385.0
16491,S8,3,table_soccer,1385.0,1390.0
16492,S8,3,table_soccer,1390.0,1395.0
16493,S8,3,table_soccer,1395.0,1400.0
16494,S8,3,table_soccer,1400.0,1405.0
16495,S8,3,table_soccer,1405.0,1410.0
16496,S8,3,table_soccer,1410.0,1415.0
16497,S8,3,table_soccer,1415.0,1420.0
16498,S8,3,table_soccer,1420.0,1425.0
16499,S8,3,table_soccer,1425.0,1430.0
16500,S8,3,table_soccer,1430.0,1435.0
16501,S8,3,table_soccer,1435.0,1440.0
16502,S8,3,table_soccer,1440.0,1445.0
16503,S8,3,table_soccer,1445.0,1450.0
16504,S8,3,table_soccer,1450.0,1455.0
16505,S8,3,table_soccer,1455.0,1460.0
16506,S8,3,table_soccer,1460.0,1465.0
16507,S8,3,table_soccer,1465.0,1470.0
16508,S8,3,table_soccer,1470.0,1475.0
16509,S8,3,table_soccer,1475.0,1480.0
16510,S8,3,table_soccer,1480.0,1485.0
16511,S8,3,table_soccer,1485.0,1490.0
16512,S8,3,table_soccer,1490.0,1495.0
16513,S8,3,table_soccer,1495.0,1500.0
16514,S8,3,table_soccer,1500.0,1505.0
16515,S8,3,table_soccer,1505.0,1510.0
16516,S8,3,table_soccer,1510.0,1515.0
16517,S8,3,table_soccer,1515.0,1520.0
16518,S8,3,table_soccer,1520.0,1525.0
16519,S8,3,table_soccer,1525.0,1530.0
16520,S8,3,table_soccer,1530.0,1535.0
16521,S8,3,table_soccer,1535.0,1540.0
16522,S8,3,table_soccer,1540.0,1545.0
16523,S8,3,table_soccer,1545.0,1550.0
16524,S8,3,table_soccer,1550.0,1555.0
16525,S8,3,table_soccer,1555.0,1560.0
16526,S8,3,table_soccer,1560.0,1565.0
16527,S8,3,table_soccer,1565.0,1570.0
16528,S8,3,table_soccer,1570.0,1575.0
16529,S8,3,table_soccer,1575.0,1580.0
16530,S8,3,table_soccer,1580.0,1585.0
16531,S8,3,table_soccer,1585.0,1590.0
16532,S8,3,table_soccer,1590.0,1595.0
16533,S8,3,table_soccer,1595.0,1600.0
16534,S8,3,table_soccer,1600.0,1605.0
16535,S8,3,table_soccer,1605.0,1610.0
16536,S8,3,table_soccer,1610.0,1615.0
16537,S8,3,table_soccer,1615.0,1620.0
16538,S8,3,table_soccer,1620.0,1625.0
16539,S8,3,table_soccer,1625.0,1630.0
16540,S8,3,table_soccer,1630.0,1635.0
16541,S8,3,table_soccer,1635.0,1640.0
16542,S8,3,table_soccer,1640.0,1645.0
16543,S8,3,table_soccer,1645.0,1650.0
16544,S8,3,table_soccer,1650.0,1655.0
16545,S8,3,table_soccer,1655.0,1660.0
16546,S8,3,table_soccer,1660.0,1665.0
16547,S8,3,table_soccer,1665.0,1670.0
16548,S8,4,cycling,2020.0,2025.0
16549,S8,4,cycling,2025.0,2030.0
16550,S8,4,cycling,2030.0,2035.0
16551,S8,4,cycling,2035.0,2040.0
16552,S8,4,cycling,2040.0,2045.0
16553,S8,4,cycling,2045.0,2050.0
16554,S8,4,cycling,2050.0,2055.0
16555,S8,4,cycling,2055.0,2060.0
16556,S8,4,cycling,2060.0,2065.0
16557,S8,4,cycling,2065.0,2070.0
16558,S8,4,cycling,2070.0,2075.0
16559,S8,4,cycling,2075.0,2080.0
16560,S8,4,cycling,2080.0,2085.0
16561,S8,4,cycling,2085.0,2090.0
16562,S8,4,cycling,2090.0,2095.0
16563,S8,4,cycling,2095.0,2100.0
16564,S8,4,cycling,2100.0,2105.0
16565,S8,4,cycling,2105.0,2110.0
16566,S8,4,cycling,2110.0,2115.0
16567,S8,4,cycling,2115.0,2120.0
16568,S8,4,cycling,2120.0,2125.0
16569,S8,4,cycling,2125.0,2130.0
16570,S8,4,cycling,2130.0,2135.0
16571,S8,4,cycling,2135.0,2140.0
16572,S8,4,cycling,2140.0,2145.0
16573,S8,4,cycling,2145.0,2150.0
16574,S8,4,cycling,2150.0,2155.0
16575,S8,4,cycling,2155.0,2160.0
16576,S8,4,cycling,2160.0,2165.0
16577,S8,4,cycling,2165.0,2170.0
16578,S8,4,cycling,2170.0,2175.0
16579,S8,4,cycling,2175.0,2180.0
16580,S8,4,cycling,2180.0,2185.0
16581,S8,4,cycling,2185.0,2190.0
16582,S8,4,cycling,2190.0,2195.0
16583,S8,4,cycling,2195.0,2200.0
16584,S8,4,cycling,2200.0,2205.0
16585,S8,4,cycling,2205.0,2210.0
16586,S8,4,cycling,2210.0,2215.0
16587,S8,4,cycling,2215.0,2220.0
16588,S8,4,cycling,2220.0,2225.0
16589,S8,4,cycling,2225.0,2230.0
16590,S8,4,cycling,2230.0,2235.0
16591,S8,4,cycling,2235.0,2240.0
16592,S8,4,cycling,2240.0,2245.0
16593,S8,4,cycling,2245.0,2250.0
16594,S8,4,cycling,2250.0,2255.0
16595,S8,4,cycling,2255.0,2260.0
16596,S8,4,cycling,2260.0,2265.0
16597,S8,4,cycling,2265.0,2270.0
16598,S8,4,cycling,2270.0,2275.0
16599,S8,4,cycling,2275.0,2280.0
16600,S8,4,cycling,2280.0,2285.0
16601,S8,4,cycling,2285.0,2290.0
16602,S8,4,cycling,2290.0,2295.0
16603,S8,4,cycling,2295.0,2300.0
16604,S8,4,cycling,2300.0,2305.0
16605,S8,4,cycling,2305.0,2310.0
16606,S8,4,cycling,2310.0,2315.0
16607,S8,4,cycling,2315.0,2320.0
16608,S8,4,cycling,2320.0,2325.0
16609,S8,4,cycling,2325.0,2330.0
16610,S8,4,cycling,2330.0,2335.0
16611,S8,4,cycling,2335.0,2340.0
16612,S8,4,cycling,2340.0,2345.0
16613,S8,4,cycling,2345.0,2350.0
16614,S8,4,cycling,2350.0,2355.0
16615,S8,4,cycling,2355.0,2360.0
16616,S8,4,cycling,2360.0,2365.0
16617,S8,4,cycling,2365.0,2370.0
16618,S8,4,cycling,2370.0,2375.0
16619,S8,4,cycling,2375.0,2380.0
16620,S8,4,cycling,2380.0,2385.0
16621,S8,4,cycling,2385.0,2390.0
16622,S8,4,cycling,2390.0,2395.0
16623,S8,4,cycling,2395.0,2400.0
16624,S8,4,cycling,2400.0,2405.0
16625,S8,4,cycling,2405.0,2410.0
16626,S8,4,cycling,2410.0,2415.0
16627,S8,4,cycling,2415.0,2420.0
16628,S8,4,cycling,2420.0,2425.0
16629,S8,4,cycling,2425.0,2430.0
16630,S8,4,cycling,2430.0,2435.0
16631,S8,4,cycling,2435.0,2440.0
16632,S8,5,car_driving,2890.0,2895.0
16633,S8,5,car_driving,2895.0,2900.0
16634,S8,5,car_driving,2900.0,2905.0
16635,S8,5,car_driving,2905.0,2910.0
16636,S8,5,car_driving,2910.0,2915.0
16637,S8,5,car_driving,2915.0,2920.0
16638,S8,5,car_driving,2920.0,2925.0
16639,S8,5,car_driving,2925.0,2930.0
16640,S8,5,car_driving,2930.0,2935.0
16641,S8,5,car_driving,2935.0,2940.0
16642,S8,5,car_driving,2940.0,2945.0
16643,S8,5,car_driving,2945.0,2950.0
16644,S8,5,car_driving,2950.0,2955.0
16645,S8,5,car_driving,2955.0,2960.0
16646,S8,5,car_driving,2960.0,2965.0
16647,S8,5,car_driving,2965.0,2970.0
16648,S8,5,car_driving,2970.0,2975.0
16649,S8,5,car_driving,2975.0,2980.0
16650,S8,5,car_driving,2980.0,2985.0
16651,S8,5,car_driving,2985.0,2990.0
16652,S8,5,car_driving,2990.0,2995.0
16653,S8,5,car_driving,2995.0,3000.0
16654,S8,5,car_driving,3000.0,3005.0
16655,S8,5,car_driving,3005.0,3010.0
16656,S8,5,car_driving,3010.0,3015.0
16657,S8,5,car_driving,3015.0,3020.0
16658,S8,5,car_driving,3020.0,3025.0
16659,S8,5,car_driving,3025.0,3030.0
16660,S8,5,car_driving,3030.0,3035.0
16661,S8,5,car_driving,3035.0,3040.0
16662,S8,5,car_driving,3040.0,3045.0
16663,S8,5,car_driving,3045.0,3050.0
16664,S8,5,car_driving,3050.0,3055.0
16665,S8,5,car_driving,3055.0,3060.0
16666,S8,5,car_driving,3060.0,3065.0
16667,S8,5,car_driving,3065.0,3070.0
16668,S8,5,car_driving,3070.0,3075.0
16669,S8,5,car_driving,3075.0,3080.0
16670,S8,5,car_driving,3080.0,3085.0
16671,S8,5,car_driving,3085.0,3090.0
16672,S8,5,car_driving,3090.0,3095.0
16673,S8,5,car_driving,3095.0,3100.0
16674,S8,5,car_driving,3100.0,3105.0
16675,S8,5,car_driving,3105.0,3110.0
16676,S8,5,car_driving,3110.0,3115.0
16677,S8,5,car_driving,3115.0,3120.0
16678,S8,5,car_driving,3120.0,3125.0
16679,S8,5,car_driving,3125.0,3130.0
16680,S8,5,car_driving,3130.0,3135.0
16681,S8,5,car_driving,3135.0,3140.0
16682,S8,5,car_driving,3140.0,3145.0
16683,S8,5,car_driving,3145.0,3150.0
16684,S8,5,car_driving,3150.0,3155.0
16685,S8,5,car_driving,3155.0,3160.0
16686,S8,5,car_driving,3160.0,3165.0
16687,S8,5,car_driving,3165.0,3170.0
16688,S8,5,car_driving,3170.0,3175.0
16689,S8,5,car_driving,3175.0,3180.0
16690,S8,5,car_driving,3180.0,3185.0
16691,S8,5,car_driving,3185.0,3190.0
16692,S8,5,car_driving,3190.0,3195.0
16693,S8,5,car_driving,3195.0,3200.0
16694,S8,5,car_driving,3200.0,3205.0
16695,S8,5,car_driving,3205.0,3210.0
16696,S8,5,car_driving,3210.0,3215.0
16697,S8,5,car_driving,3215.0,3220.0
16698,S8,5,car_driving,3220.0,3225.0
16699,S8,5,car_driving,3225.0,3230.0
16700,S8,5,car_driving,3230.0,3235.0
16701,S8,5,car_driving,3235.0,3240.0
16702,S8,5,car_driving,3240.0,3245.0
16703,S8,5,car_driving,3245.0,3250.0
16704,S8,5,car_driving,3250.0,3255.0
16705,S8,5,car_driving,3255.0,3260.0
16706,S8,5,car_driving,3260.0,3265.0
16707,S8,5,car_driving,3265.0,3270.0
16708,S8,5,car_driving,3270.0,3275.0
16709,S8,5,car_driving,3275.0,3280.0
16710,S8,5,car_driving,3280.0,3285.0
16711,S8,5,car_driving,3285.0,3290.0
16712,S8,5,car_driving,3290.0,3295.0
16713,S8,5,car_driving,3295.0,3300.0
16714,S8,5,car_driving,3300.0,3305.0
16715,S8,5,car_driving,3305.0,3310.0
16716,S8,5,car_driving,3310.0,3315.0
16717,S8,5,car_driving,3315.0,3320.0
16718,S8,5,car_driving,3320.0,3325.0
16719,S8,5,car_driving,3325.0,3330.0
16720,S8,5,car_driving,3330.0,3335.0
16721,S8,5,car_driving,3335.0,3340.0
16722,S8,5,car_driving,3340.0,3345.0
16723,S8,5,car_driving,3345.0,3350.0
16724,S8,5,car_driving,3350.0,3355.0
16725,S8,5,car_driving,3355.0,3360.0
16726,S8,5,car_driving,3360.0,3365.0
16727,S8,5,car_driving,3365.0,3370.0
16728,S8,5,car_driving,3370.0,3375.0
16729,S8,5,car_driving,3375.0,3380.0
16730,S8,5,car_driving,3380.0,3385.0
16731,S8,5,car_driving,3385.0,3390.0
16732,S8,5,car_driving,3390.0,3395.0
16733,S8,5,car_driving,3395.0,3400.0
16734,S8,5,car_driving,3400.0,3405.0
16735,S8,5,car_driving,3405.0,3410.0
16736,S8,5,car_driving,3410.0,3415.0
16737,S8,5,car_driving,3415.0,3420.0
16738,S8,5,car_driving,3420.0,3425.0
16739,S8,5,car_driving,3425.0,3430.0
16740,S8,5,car_driving,3430.0,3435.0
16741,S8,5,car_driving,3435.0,3440.0
16742,S8,5,car_driving,3440.0,3445.0
16743,S8,5,car_driving,3445.0,3450.0
16744,S8,5,car_driving,3450.0,3455.0
16745,S8,5,car_driving,3455.0,3460.0
16746,S8,5,car_driving,3460.0,3465.0
16747,S8,5,car_driving,3465.0,3470.0
16748,S8,5,car_driving,3470.0,3475.0
16749,S8,5,car_driving,3475.0,3480.0
16750,S8,5,car_driving,3480.0,3485.0
16751,S8,5,car_driving,3485.0,3490.0
16752,S8,5,car_driving,3490.0,3495.0
16753,S8,5,car_driving,3495.0,3500.0
16754,S8,5,car_driving,3500.0,3505.0
16755,S8,5,car_driving,3505.0,3510.0
16756,S8,5,car_driving,3510.0,3515.0
16757,S8,5,car_driving,3515.0,3520.0
16758,S8,5,car_driving,3520.0,3525.0
16759,S8,5,car_driving,3525.0,3530.0
16760,S8,5,car_driving,3530.0,3535.0
16761,S8,5,car_driving,3535.0,3540.0
16762,S8,5,car_driving,3540.0,3545.0
16763,S8,5,car_driving,3545.0,3550.0
16764,S8,5,car_driving,3550.0,3555.0
16765,S8,5,car_driving,3555.0,3560.0
16766,S8,5,car_driving,3560.0,3565.0
16767,S8,5,car_driving,3565.0,3570.0
16768,S8,5,car_driving,3570.0,3575.0
16769,S8,5,car_driving,3575.0,3580.0
16770,S8,5,car_driving,3580.0,3585.0
16771,S8,5,car_driving,3585.0,3590.0
16772,S8,5,car_driving,3590.0,3595.0
16773,S8,5,car_driving,3595.0,3600.0
16774,S8,5,car_driving,3600.0,3605.0
16775,S8,5,car_driving,3605.0,3610.0
16776,S8,5,car_driving,3610.0,3615.0
16777,S8,5,car_driving,3615.0,3620.0
16778,S8,5,car_driving,3620.0,3625.0
16779,S8,5,car_driving,3625.0,3630.0
16780,S8,5,car_driving,3630.0,3635.0
16781,S8,5,car_driving,3635.0,3640.0
16782,S8,5,car_driving,3640.0,3645.0
16783,S8,5,car_driving,3645.0,3650.0
16784,S8,5,car_driving,3650.0,3655.0
16785,S8,5,car_driving,3655.0,3660.0
16786,S8,6,lunch_break,4270.0,4275.0
16787,S8,6,lunch_break,4275.0,4280.0
16788,S8,6,lunch_break,4280.0,4285.0
16789,S8,6,lunch_break,4285.0,4290.0
16790,S8,6,lunch_break,4290.0,4295.0
16791,S8,6,lunch_break,4295.0,4300.0
16792,S8,6,lunch_break,4300.0,4305.0
16793,S8,6,lunch_break,4305.0,4310.0
16794,S8,6,lunch_break,4310.0,4315.0
16795,S8,6,lunch_break,4315.0,4320.0
16796,S8,6,lunch_break,4320.0,4325.0
16797,S8,6,lunch_break,4325.0,4330.0
16798,S8,6,lunch_break,4330.0,4335.0
16799,S8,6,lunch_break,4335.0,4340.0
16800,S8,6,lunch_break,4340.0,4345.0
16801,S8,6,lunch_break,4345.0,4350.0
16802,S8,6,lunch_break,4350.0,4355.0
16803,S8,6,lunch_break,4355.0,4360.0
16804,S8,6,lunch_break,4360.0,4365.0
16805,S8,6,lunch_break,4365.0,4370.0
16806,S8,6,lunch_break,4370.0,4375.0
16807,S8,6,lunch_break,4375.0,4380.0
16808,S8,6,lunch_break,4380.0,4385.0
16809,S8,6,lunch_break,4385.0,4390.0
16810,S8,6,lunch_break,4390.0,4395.0
16811,S8,6,lunch_break,4395.0,4400.0
16812,S8,6,lunch_break,4400.0,4405.0
16813,S8,6,lunch_break,4405.0,4410.0
16814,S8,6,lunch_break,4410.0,4415.0
16815,S8,6,lunch_break,4415.0,4420.0
16816,S8,6,lunch_break,4420.0,4425.0
16817,S8,6,lunch_break,4425.0,4430.0
16818,S8,6,lunch_break,4430.0,4435.0
16819,S8,6,lunch_break,4435.0,4440.0
16820,S8,6,lunch_break,4440.0,4445.0
16821,S8,6,lunch_break,4445.0,4450.0
16822,S8,6,lunch_break,4450.0,4455.0
16823,S8,6,lunch_break,4455.0,4460.0
16824,S8,6,lunch_break,4460.0,4465.0
16825,S8,6,lunch_break,4465.0,4470.0
16826,S8,6,lunch_break,4470.0,4475.0
16827,S8,6,lunch_break,4475.0,4480.0
16828,S8,6,lunch_break,4480.0,4485.0
16829,S8,6,lunch_break,4485.0,4490.0
16830,S8,6,lunch_break,4490.0,4495.0
16831,S8,6,lunch_break,4495.0,4500.0
16832,S8,6,lunch_break,4500.0,4505.0
16833,S8,6,lunch_break,4505.0,4510.0
16834,S8,6,lunch_break,4510.0,4515.0
16835,S8,6,lunch_break,4515.0,4520.0
16836,S8,6,lunch_break,4520.0,4525.0
16837,S8,6,lunch_break,4525.0,4530.0
16838,S8,6,lunch_break,4530.0,4535.0
16839,S8,6,lunch_break,4535.0,4540.0
16840,S8,6,lunch_break,4540.0,4545.0
16841,S8,6,lunch_break,4545.0,4550.0
16842,S8,6,lunch_break,4550.0,4555.0
16843,S8,6,lunch_break,4555.0,4560.0
16844,S8,6,lunch_break,4560.0,4565.0
16845,S8,6,lunch_break,4565.0,4570.0
16846,S8,6,lunch_break,4570.0,4575.0
16847,S8,6,lunch_break,4575.0,4580.0
16848,S8,6,lunch_break,4580.0,4585.0
16849,S8,6,lunch_break,4585.0,4590.0
16850,S8,6,lunch_break,4590.0,4595.0
16851,S8,6,lunch_break,4595.0,4600.0
16852,S8,6,lunch_break,4600.0,4605.0
16853,S8,6,lunch_break,4605.0,4610.0
16854,S8,6,lunch_break,4610.0,4615.0
16855,S8,6,lunch_break,4615.0,4620.0
16856,S8,6,lunch_break,4620.0,4625.0
16857,S8,6,lunch_break,4625.0,4630.0
16858,S8,6,lunch_break,4630.0,4635.0
16859,S8,6,lunch_break,4635.0,4640.0
16860,S8,6,lunch_break,4640.0,4645.0
16861,S8,6,lunch_break,4645.0,4650.0
16862,S8,6,lunch_break,4650.0,4655.0
16863,S8,6,lunch_break,4655.0,4660.0
16864,S8,6,lunch_break,4660.0,4665.0
16865,S8,6,lunch_break,4665.0,4670.0
16866,S8,6,lunch_break,4670.0,4675.0
16867,S8,6,lunch_break,4675.0,4680.0
16868,S8,6,lunch_break,4680.0,4685.0
16869,S8,6,lunch_break,4685.0,4690.0
16870,S8,6,lunch_break,4690.0,4695.0
16871,S8,6,lunch_break,4695.0,4700.0
16872,S8,6,lunch_break,4700.0,4705.0
16873,S8,6,lunch_break,4705.0,4710.0
16874,S8,6,lunch_break,4710.0,4715.0
16875,S8,6,lunch_break,4715.0,4720.0
16876,S8,6,lunch_break,4720.0,4725.0
16877,S8,6,lunch_break,4725.0,4730.0
16878,S8,6,lunch_break,4730.0,4735.0
16879,S8,6,lunch_break,4735.0,4740.0
16880,S8,6,lunch_break,4740.0,4745.0
16881,S8,6,lunch_break,4745.0,4750.0
16882,S8,6,lunch_break,4750.0,4755.0
16883,S8,6,lunch_break,4755.0,4760.0
16884,S8,6,lunch_break,4760.0,4765.0
16885,S8,6,lunch_break,4765.0,4770.0
16886,S8,6,lunch_break,4770.0,4775.0
16887,S8,6,lunch_break,4775.0,4780.0
16888,S8,6,lunch_break,4780.0,4785.0
16889,S8,6,lunch_break,4785.0,4790.0
16890,S8,6,lunch_break,4790.0,4795.0
16891,S8,6,lunch_break,4795.0,4800.0
16892,S8,6,lunch_break,4800.0,4805.0
16893,S8,6,lunch_break,4805.0,4810.0
16894,S8,6,lunch_break,4810.0,4815.0
16895,S8,6,lunch_break,4815.0,4820.0
16896,S8,6,lunch_break,4820.0,4825.0
16897,S8,6,lunch_break,4825.0,4830.0
16898,S8,6,lunch_break,4830.0,4835.0
16899,S8,6,lunch_break,4835.0,4840.0
16900,S8,6,lunch_break,4840.0,4845.0
16901,S8,6,lunch_break,4845.0,4850.0
16902,S8,6,lunch_break,4850.0,4855.0
16903,S8,6,lunch_break,4855.0,4860.0
16904,S8,6,lunch_break,4860.0,4865.0
16905,S8,6,lunch_break,4865.0,4870.0
16906,S8,6,lunch_break,4870.0,4875.0
16907,S8,6,lunch_break,4875.0,4880.0
16908,S8,6,lunch_break,4880.0,4885.0
16909,S8,6,lunch_break,4885.0,4890.0
16910,S8,6,lunch_break,4890.0,4895.0
16911,S8,6,lunch_break,4895.0,4900.0
16912,S8,6,lunch_break,4900.0,4905.0
16913,S8,6,lunch_break,4905.0,4910.0
16914,S8,6,lunch_break,4910.0,4915.0
16915,S8,6,lunch_break,4915.0,4920.0
16916,S8,6,lunch_break,4920.0,4925.0
16917,S8,6,lunch_break,4925.0,4930.0
16918,S8,6,lunch_break,4930.0,4935.0
16919,S8,6,lunch_break,4935.0,4940.0
16920,S8,6,lunch_break,4940.0,4945.0
16921,S8,6,lunch_break,4945.0,4950.0
16922,S8,6,lunch_break,4950.0,4955.0
16923,S8,6,lunch_break,4955.0,4960.0
16924,S8,6,lunch_break,4960.0,4965.0
16925,S8,6,lunch_break,4965.0,4970.0
16926,S8,6,lunch_break,4970.0,4975.0
16927,S8,6,lunch_break,4975.0,4980.0
16928,S8,6,lunch_break,4980.0,4985.0
16929,S8,6,lunch_break,4985.0,4990.0
16930,S8,6,lunch_break,4990.0,4995.0
16931,S8,6,lunch_break,4995.0,5000.0
16932,S8,6,lunch_break,5000.0,5005.0
16933,S8,6,lunch_break,5005.0,5010.0
16934,S8,6,lunch_break,5010.0,5015.0
16935,S8,6,lunch_break,5015.0,5020.0
16936,S8,6,lunch_break,5020.0,5025.0
16937,S8,6,lunch_break,5025.0,5030.0
16938,S8,6,lunch_break,5030.0,5035.0
16939,S8,6,lunch_break,5035.0,5040.0
16940,S8,6,lunch_break,5040.0,5045.0
16941,S8,6,lunch_break,5045.0,5050.0
16942,S8,6,lunch_break,5050.0,5055.0
16943,S8,6,lunch_break,5055.0,5060.0
16944,S8,6,lunch_break,5060.0,5065.0
16945,S8,6,lunch_break,5065.0,5070.0
16946,S8,6,lunch_break,5070.0,5075.0
16947,S8,6,lunch_break,5075.0,5080.0
16948,S8,6,lunch_break,5080.0,5085.0
16949,S8,6,lunch_break,5085.0,5090.0
16950,S8,6,lunch_break,5090.0,5095.0
16951,S8,6,lunch_break,5095.0,5100.0
16952,S8,6,lunch_break,5100.0,5105.0
16953,S8,6,lunch_break,5105.0,5110.0
16954,S8,6,lunch_break,5110.0,5115.0
16955,S8,6,lunch_break,5115.0,5120.0
16956,S8,6,lunch_break,5120.0,5125.0
16957,S8,6,lunch_break,5125.0,5130.0
16958,S8,6,lunch_break,5130.0,5135.0
16959,S8,6,lunch_break,5135.0,5140.0
16960,S8,6,lunch_break,5140.0,5145.0
16961,S8,6,lunch_break,5145.0,5150.0
16962,S8,6,lunch_break,5150.0,5155.0
16963,S8,6,lunch_break,5155.0,5160.0
16964,S8,6,lunch_break,5160.0,5165.0
16965,S8,6,lunch_break,5165.0,5170.0
16966,S8,6,lunch_break,5170.0,5175.0
16967,S8,6,lunch_break,5175.0,5180.0
16968,S8,6,lunch_break,5180.0,5185.0
16969,S8,6,lunch_break,5185.0,5190.0
16970,S8,6,lunch_break,5190.0,5195.0
16971,S8,6,lunch_break,5195.0,5200.0
16972,S8,6,lunch_break,5200.0,5205.0
16973,S8,6,lunch_break,5205.0,5210.0
16974,S8,6,lunch_break,5210.0,5215.0
16975,S8,6,lunch_break,5215.0,5220.0
16976,S8,6,lunch_break,5220.0,5225.0
16977,S8,6,lunch_break,5225.0,5230.0
16978,S8,6,lunch_break,5230.0,5235.0
16979,S8,6,lunch_break,5235.0,5240.0
16980,S8,6,lunch_break,5240.0,5245.0
16981,S8,6,lunch_break,5245.0,5250.0
16982,S8,6,lunch_break,5250.0,5255.0
16983,S8,6,lunch_break,5255.0,5260.0
16984,S8,6,lunch_break,5260.0,5265.0
16985,S8,6,lunch_break,5265.0,5270.0
16986,S8,6,lunch_break,5270.0,5275.0
16987,S8,6,lunch_break,5275.0,5280.0
16988,S8,6,lunch_break,5280.0,5285.0
16989,S8,6,lunch_break,5285.0,5290.0
16990,S8,6,lunch_break,5290.0,5295.0
16991,S8,6,lunch_break,5295.0,5300.0
16992,S8,6,lunch_break,5300.0,5305.0
16993,S8,6,lunch_break,5305.0,5310.0
16994,S8,6,lunch_break,5310.0,5315.0
16995,S8,6,lunch_break,5315.0,5320.0
16996,S8,6,lunch_break,5320.0,5325.0
16997,S8,6,lunch_break,5325.0,5330.0
16998,S8,6,lunch_break,5330.0,5335.0
16999,S8,6,lunch_break,5335.0,5340.0
17000,S8,6,lunch_break,5340.0,5345.0
17001,S8,6,lunch_break,5345.0,5350.0
17002,S8,6,lunch_break,5350.0,5355.0
17003,S8,6,lunch_break,5355.0,5360.0
17004,S8,6,lunch_break,5360.0,5365.0
17005,S8,6,lunch_break,5365.0,5370.0
17006,S8,6,lunch_break,5370.0,5375.0
17007,S8,6,lunch_break,5375.0,5380.0
17008,S8,6,lunch_break,5380.0,5385.0
17009,S8,6,lunch_break,5385.0,5390.0
17010,S8,6,lunch_break,5390.0,5395.0
17011,S8,6,lunch_break,5395.0,5400.0
17012,S8,6,lunch_break,5400.0,5405.0
17013,S8,6,lunch_break,5405.0,5410.0
17014,S8,6,lunch_break,5410.0,5415.0
17015,S8,6,lunch_break,5415.0,5420.0
17016,S8,6,lunch_break,5420.0,5425.0
17017,S8,6,lunch_break,5425.0,5430.0
17018,S8,6,lunch_break,5430.0,5435.0
17019,S8,6,lunch_break,5435.0,5440.0
17020,S8,6,lunch_break,5440.0,5445.0
17021,S8,6,lunch_break,5445.0,5450.0
17022,S8,6,lunch_break,5450.0,5455.0
17023,S8,6,lunch_break,5455.0,5460.0
17024,S8,6,lunch_break,5460.0,5465.0
17025,S8,6,lunch_break,5465.0,5470.0
17026,S8,6,lunch_break,5470.0,5475.0
17027,S8,6,lunch_break,5475.0,5480.0
17028,S8,6,lunch_break,5480.0,5485.0
17029,S8,6,lunch_break,5485.0,5490.0
17030,S8,6,lunch_break,5490.0,5495.0
17031,S8,6,lunch_break,5495.0,5500.0
17032,S8,6,lunch_break,5500.0,5505.0
17033,S8,6,lunch_break,5505.0,5510.0
17034,S8,6,lunch_break,5510.0,5515.0
17035,S8,6,lunch_break,5515.0,5520.0
17036,S8,6,lunch_break,5520.0,5525.0
17037,S8,6,lunch_break,5525.0,5530.0
17038,S8,6,lunch_break,5530.0,5535.0
17039,S8,6,lunch_break,5535.0,5540.0
17040,S8,6,lunch_break,5540.0,5545.0
17041,S8,6,lunch_break,5545.0,5550.0
17042,S8,6,lunch_break,5550.0,5555.0
17043,S8,6,lunch_break,5555.0,5560.0
17044,S8,6,lunch_break,5560.0,5565.0
17045,S8,6,lunch_break,5565.0,5570.0
17046,S8,6,lunch_break,5570.0,5575.0
17047,S8,6,lunch_break,5575.0,5580.0
17048,S8,6,lunch_break,5580.0,5585.0
17049,S8,6,lunch_break,5585.0,5590.0
17050,S8,6,lunch_break,5590.0,5595.0
17051,S8,6,lunch_break,5595.0,5600.0
17052,S8,6,lunch_break,5600.0,5605.0
17053,S8,6,lunch_break,5605.0,5610.0
17054,S8,6,lunch_break,5610.0,5615.0
17055,S8,6,lunch_break,5615.0,5620.0
17056,S8,6,lunch_break,5620.0,5625.0
17057,S8,6,lunch_break,5625.0,5630.0
17058,S8,6,lunch_break,5630.0,5635.0
17059,S8,6,lunch_break,5635.0,5640.0
17060,S8,6,lunch_break,5640.0,5645.0
17061,S8,6,lunch_break,5645.0,5650.0
17062,S8,6,lunch_break,5650.0,5655.0
17063,S8,6,lunch_break,5655.0,5660.0
17064,S8,6,lunch_break,5660.0,5665.0
17065,S8,6,lunch_break,5665.0,5670.0
17066,S8,6,lunch_break,5670.0,5675.0
17067,S8,6,lunch_break,5675.0,5680.0
17068,S8,6,lunch_break,5680.0,5685.0
17069,S8,6,lunch_break,5685.0,5690.0
17070,S8,6,lunch_break,5690.0,5695.0
17071,S8,6,lunch_break,5695.0,5700.0
17072,S8,6,lunch_break,5700.0,5705.0
17073,S8,6,lunch_break,5705.0,5710.0
17074,S8,6,lunch_break,5710.0,5715.0
17075,S8,6,lunch_break,5715.0,5720.0
17076,S8,6,lunch_break,5720.0,5725.0
17077,S8,6,lunch_break,5725.0,5730.0
17078,S8,6,lunch_break,5730.0,5735.0
17079,S8,6,lunch_break,5735.0,5740.0
17080,S8,6,lunch_break,5740.0,5745.0
17081,S8,6,lunch_break,5745.0,5750.0
17082,S8,6,lunch_break,5750.0,5755.0
17083,S8,6,lunch_break,5755.0,5760.0
17084,S8,6,lunch_break,5760.0,5765.0
17085,S8,6,lunch_break,5765.0,5770.0
17086,S8,6,lunch_break,5770.0,5775.0
17087,S8,6,lunch_break,5775.0,5780.0
17088,S8,6,lunch_break,5780.0,5785.0
17089,S8,6,lunch_break,5785.0,5790.0
17090,S8,6,lunch_break,5790.0,5795.0
17091,S8,6,lunch_break,5795.0,5800.0
17092,S8,6,lunch_break,5800.0,5805.0
17093,S8,6,lunch_break,5805.0,5810.0
17094,S8,6,lunch_break,5810.0,5815.0
17095,S8,6,lunch_break,5815.0,5820.0
17096,S8,6,lunch_break,5820.0,5825.0
17097,S8,6,lunch_break,5825.0,5830.0
17098,S8,6,lunch_break,5830.0,5835.0
17099,S8,6,lunch_break,5835.0,5840.0
17100,S8,6,lunch_break,5840.0,5845.0
17101,S8,6,lunch_break,5845.0,5850.0
17102,S8,6,lunch_break,5850.0,5855.0
17103,S8,6,lunch_break,5855.0,5860.0
17104,S8,6,lunch_break,5860.0,5865.0
17105,S8,6,lunch_break,5865.0,5870.0
17106,S8,6,lunch_break,5870.0,5875.0
17107,S8,6,lunch_break,5875.0,5880.0
17108,S8,6,lunch_break,5880.0,5885.0
17109,S8,6,lunch_break,5885.0,5890.0
17110,S8,6,lunch_break,5890.0,5895.0
17111,S8,6,lunch_break,5895.0,5900.0
17112,S8,6,lunch_break,5900.0,5905.0
17113,S8,6,lunch_break,5905.0,5910.0
17114,S8,6,lunch_break,5910.0,5915.0
17115,S8,6,lunch_break,5915.0,5920.0
17116,S8,6,lunch_break,5920.0,5925.0
17117,S8,6,lunch_break,5925.0,5930.0
17118,S8,6,lunch_break,5930.0,5935.0
17119,S8,6,lunch_break,5935.0,5940.0
17120,S8,6,lunch_break,5940.0,5945.0
17121,S8,6,lunch_break,5945.0,5950.0
17122,S8,6,lunch_break,5950.0,5955.0
17123,S8,6,lunch_break,5955.0,5960.0
17124,S8,6,lunch_break,5960.0,5965.0
17125,S8,6,lunch_break,5965.0,5970.0
17126,S8,6,lunch_break,5970.0,5975.0
17127,S8,6,lunch_break,5975.0,5980.0
17128,S8,6,lunch_break,5980.0,5985.0
17129,S8,6,lunch_break,5985.0,5990.0
17130,S8,6,lunch_break,5990.0,5995.0
17131,S8,6,lunch_break,5995.0,6000.0
17132,S8,6,lunch_break,6000.0,6005.0
17133,S8,6,lunch_break,6005.0,6010.0
17134,S8,6,lunch_break,6010.0,6015.0
17135,S8,6,lunch_break,6015.0,6020.0
17136,S8,6,lunch_break,6020.0,6025.0
17137,S8,6,lunch_break,6025.0,6030.0
17138,S8,6,lunch_break,6030.0,6035.0
17139,S8,6,lunch_break,6035.0,6040.0
17140,S8,6,lunch_break,6040.0,6045.0
17141,S8,6,lunch_break,6045.0,6050.0
17142,S8,6,lunch_break,6050.0,6055.0
17143,S8,6,lunch_break,6055.0,6060.0
17144,S8,6,lunch_break,6060.0,6065.0
17145,S8,6,lunch_break,6065.0,6070.0
17146,S8,7,walking,6075.0,6080.0
17147,S8,7,walking,6080.0,6085.0
17148,S8,7,walking,6085.0,6090.0
17149,S8,7,walking,6090.0,6095.0
17150,S8,7,walking,6095.0,6100.0
17151,S8,7,walking,6100.0,6105.0
17152,S8,7,walking,6105.0,6110.0
17153,S8,7,walking,6110.0,6115.0
17154,S8,7,walking,6115.0,6120.0
17155,S8,7,walking,6120.0,6125.0
17156,S8,7,walking,6125.0,6130.0
17157,S8,7,walking,6130.0,6135.0
17158,S8,7,walking,6135.0,6140.0
17159,S8,7,walking,6140.0,6145.0
17160,S8,7,walking,6145.0,6150.0
17161,S8,7,walking,6150.0,6155.0
17162,S8,7,walking,6155.0,6160.0
17163,S8,7,walking,6160.0,6165.0
17164,S8,7,walking,6165.0,6170.0
17165,S8,7,walking,6170.0,6175.0
17166,S8,7,walking,6175.0,6180.0
17167,S8,7,walking,6180.0,6185.0
17168,S8,7,walking,6185.0,6190.0
17169,S8,7,walking,6190.0,6195.0
17170,S8,7,walking,6195.0,6200.0
17171,S8,7,walking,6200.0,6205.0
17172,S8,7,walking,6205.0,6210.0
17173,S8,7,walking,6210.0,6215.0
17174,S8,7,walking,6215.0,6220.0
17175,S8,7,walking,6220.0,6225.0
17176,S8,7,walking,6225.0,6230.0
17177,S8,7,walking,6230.0,6235.0
17178,S8,7,walking,6235.0,6240.0
17179,S8,7,walking,6240.0,6245.0
17180,S8,7,walking,6245.0,6250.0
17181,S8,7,walking,6250.0,6255.0
17182,S8,7,walking,6255.0,6260.0
17183,S8,7,walking,6260.0,6265.0
17184,S8,7,walking,6265.0,6270.0
17185,S8,7,walking,6270.0,6275.0
17186,S8,7,walking,6275.0,6280.0
17187,S8,7,walking,6280.0,6285.0
17188,S8,7,walking,6285.0,6290.0
17189,S8,7,walking,6290.0,6295.0
17190,S8,7,walking,6295.0,6300.0
17191,S8,7,walking,6300.0,6305.0
17192,S8,7,walking,6305.0,6310.0
17193,S8,7,walking,6310.0,6315.0
17194,S8,7,walking,6315.0,6320.0
17195,S8,7,walking,6320.0,6325.0
17196,S8,7,walking,6325.0,6330.0
17197,S8,7,walking,6330.0,6335.0
17198,S8,7,walking,6335.0,6340.0
17199,S8,7,walking,6340.0,6345.0
17200,S8,7,walking,6345.0,6350.0
17201,S8,7,walking,6350.0,6355.0
17202,S8,7,walking,6355.0,6360.0
17203,S8,7,walking,6360.0,6365.0
17204,S8,7,walking,6365.0,6370.0
17205,S8,7,walking,6370.0,6375.0
17206,S8,7,walking,6375.0,6380.0
17207,S8,7,walking,6380.0,6385.0
17208,S8,7,walking,6385.0,6390.0
17209,S8,7,walking,6390.0,6395.0
17210,S8,7,walking,6395.0,6400.0
17211,S8,7,walking,6400.0,6405.0
17212,S8,7,walking,6405.0,6410.0
17213,S8,7,walking,6410.0,6415.0
17214,S8,7,walking,6415.0,6420.0
17215,S8,7,walking,6420.0,6425.0
17216,S8,7,walking,6425.0,6430.0
17217,S8,7,walking,6430.0,6435.0
17218,S8,7,walking,6435.0,6440.0
17219,S8,7,walking,6440.0,6445.0
17220,S8,7,walking,6445.0,6450.0
17221,S8,7,walking,6450.0,6455.0
17222,S8,7,walking,6455.0,6460.0
17223,S8,7,walking,6460.0,6465.0
17224,S8,7,walking,6465.0,6470.0
17225,S8,7,walking,6470.0,6475.0
17226,S8,7,walking,6475.0,6480.0
17227,S8,7,walking,6480.0,6485.0
17228,S8,7,walking,6485.0,6490.0
17229,S8,7,walking,6490.0,6495.0
17230,S8,7,walking,6495.0,6500.0
17231,S8,7,walking,6500.0,6505.0
17232,S8,7,walking,6505.0,6510.0
17233,S8,7,walking,6510.0,6515.0
17234,S8,7,walking,6515.0,6520.0
17235,S8,7,walking,6520.0,6525.0
17236,S8,7,walking,6525.0,6530.0
17237,S8,7,walking,6530.0,6535.0
17238,S8,7,walking,6535.0,6540.0
17239,S8,7,walking,6540.0,6545.0
17240,S8,7,walking,6545.0,6550.0
17241,S8,8,working,6670.0,6675.0
17242,S8,8,working,6675.0,6680.0
17243,S8,8,working,6680.0,6685.0
17244,S8,8,working,6685.0,6690.0
17245,S8,8,working,6690.0,6695.0
17246,S8,8,working,6695.0,6700.0
17247,S8,8,working,6700.0,6705.0
17248,S8,8,working,6705.0,6710.0
17249,S8,8,working,6710.0,6715.0
17250,S8,8,working,6715.0,6720.0
17251,S8,8,working,6720.0,6725.0
17252,S8,8,working,6725.0,6730.0
17253,S8,8,working,6730.0,6735.0
17254,S8,8,working,6735.0,6740.0
17255,S8,8,working,6740.0,6745.0
17256,S8,8,working,6745.0,6750.0
17257,S8,8,working,6750.0,6755.0
17258,S8,8,working,6755.0,6760.0
17259,S8,8,working,6760.0,6765.0
17260,S8,8,working,6765.0,6770.0
17261,S8,8,working,6770.0,6775.0
17262,S8,8,working,6775.0,6780.0
17263,S8,8,working,6780.0,6785.0
17264,S8,8,working,6785.0,6790.0
17265,S8,8,working,6790.0,6795.0
17266,S8,8,working,6795.0,6800.0
17267,S8,8,working,6800.0,6805.0
17268,S8,8,working,6805.0,6810.0
17269,S8,8,working,6810.0,6815.0
17270,S8,8,working,6815.0,6820.0
17271,S8,8,working,6820.0,6825.0
17272,S8,8,working,6825.0,6830.0
17273,S8,8,working,6830.0,6835.0
17274,S8,8,working,6835.0,6840.0
17275,S8,8,working,6840.0,6845.0
17276,S8,8,working,6845.0,6850.0
17277,S8,8,working,6850.0,6855.0
17278,S8,8,working,6855.0,6860.0
17279,S8,8,working,6860.0,6865.0
17280,S8,8,working,6865.0,6870.0
17281,S8,8,working,6870.0,6875.0
17282,S8,8,working,6875.0,6880.0
17283,S8,8,working,6880.0,6885.0
17284,S8,8,working,6885.0,6890.0
17285,S8,8,working,6890.0,6895.0
17286,S8,8,working,6895.0,6900.0
17287,S8,8,working,6900.0,6905.0
17288,S8,8,working,6905.0,6910.0
17289,S8,8,working,6910.0,6915.0
17290,S8,8,working,6915.0,6920.0
17291,S8,8,working,6920.0,6925.0
17292,S8,8,working,6925.0,6930.0
17293,S8,8,working,6930.0,6935.0
17294,S8,8,working,6935.0,6940.0
17295,S8,8,working,6940.0,6945.0
17296,S8,8,working,6945.0,6950.0
17297,S8,8,working,6950.0,6955.0
17298,S8,8,working,6955.0,6960.0
17299,S8,8,working,6960.0,6965.0
17300,S8,8,working,6965.0,6970.0
17301,S8,8,working,6970.0,6975.0
17302,S8,8,working,6975.0,6980.0
17303,S8,8,working,6980.0,6985.0
17304,S8,8,working,6985.0,6990.0
17305,S8,8,working,6990.0,6995.0
17306,S8,8,working,6995.0,7000.0
17307,S8,8,working,7000.0,7005.0
17308,S8,8,working,7005.0,7010.0
17309,S8,8,working,7010.0,7015.0
17310,S8,8,working,7015.0,7020.0
17311,S8,8,working,7020.0,7025.0
17312,S8,8,working,7025.0,7030.0
17313,S8,8,working,7030.0,7035.0
17314,S8,8,working,7035.0,7040.0
17315,S8,8,working,7040.0,7045.0
17316,S8,8,working,7045.0,7050.0
17317,S8,8,working,7050.0,7055.0
17318,S8,8,working,7055.0,7060.0
17319,S8,8,working,7060.0,7065.0
17320,S8,8,working,7065.0,7070.0
17321,S8,8,working,7070.0,7075.0
17322,S8,8,working,7075.0,7080.0
17323,S8,8,working,7080.0,7085.0
17324,S8,8,working,7085.0,7090.0
17325,S8,8,working,7090.0,7095.0
17326,S8,8,working,7095.0,7100.0
17327,S8,8,working,7100.0,7105.0
17328,S8,8,working,7105.0,7110.0
17329,S8,8,working,7110.0,7115.0
17330,S8,8,working,7115.0,7120.0
17331,S8,8,working,7120.0,7125.0
17332,S8,8,working,7125.0,7130.0
17333,S8,8,working,7130.0,7135.0
17334,S8,8,working,7135.0,7140.0
17335,S8,8,working,7140.0,7145.0
17336,S8,8,working,7145.0,7150.0
17337,S8,8,working,7150.0,7155.0
17338,S8,8,working,7155.0,7160.0
17339,S8,8,working,7160.0,7165.0
17340,S8,8,working,7165.0,7170.0
17341,S8,8,working,7170.0,7175.0
17342,S8,8,working,7175.0,7180.0
17343,S8,8,working,7180.0,7185.0
17344,S8,8,working,7185.0,7190.0
17345,S8,8,working,7190.0,7195.0
17346,S8,8,working,7195.0,7200.0
17347,S8,8,working,7200.0,7205.0
17348,S8,8,working,7205.0,7210.0
17349,S8,8,working,7210.0,7215.0
17350,S8,8,working,7215.0,7220.0
17351,S8,8,working,7220.0,7225.0
17352,S8,8,working,7225.0,7230.0
17353,S8,8,working,7230.0,7235.0
17354,S8,8,working,7235.0,7240.0
17355,S8,8,working,7240.0,7245.0
17356,S8,8,working,7245.0,7250.0
17357,S8,8,working,7250.0,7255.0
17358,S8,8,working,7255.0,7260.0
17359,S8,8,working,7260.0,7265.0
17360,S8,8,working,7265.0,7270.0
17361,S8,8,working,7270.0,7275.0
17362,S8,8,working,7275.0,7280.0
17363,S8,8,working,7280.0,7285.0
17364,S8,8,working,7285.0,7290.0
17365,S8,8,working,7290.0,7295.0
17366,S8,8,working,7295.0,7300.0
17367,S8,8,working,7300.0,7305.0
17368,S8,8,working,7305.0,7310.0
17369,S8,8,working,7310.0,7315.0
17370,S8,8,working,7315.0,7320.0
17371,S8,8,working,7320.0,7325.0
17372,S8,8,working,7325.0,7330.0
17373,S8,8,working,7330.0,7335.0
17374,S8,8,working,7335.0,7340.0
17375,S8,8,working,7340.0,7345.0
17376,S8,8,working,7345.0,7350.0
17377,S8,8,working,7350.0,7355.0
17378,S8,8,working,7355.0,7360.0
17379,S8,8,working,7360.0,7365.0
17380,S8,8,working,7365.0,7370.0
17381,S8,8,working,7370.0,7375.0
17382,S8,8,working,7375.0,7380.0
17383,S8,8,working,7380.0,7385.0
17384,S8,8,working,7385.0,7390.0
17385,S8,8,working,7390.0,7395.0
17386,S8,8,working,7395.0,7400.0
17387,S8,8,working,7400.0,7405.0
17388,S8,8,working,7405.0,7410.0
17389,S8,8,working,7410.0,7415.0
17390,S8,8,working,7415.0,7420.0
17391,S8,8,working,7420.0,7425.0
17392,S8,8,working,7425.0,7430.0
17393,S8,8,working,7430.0,7435.0
17394,S8,8,working,7435.0,7440.0
17395,S8,8,working,7440.0,7445.0
17396,S8,8,working,7445.0,7450.0
17397,S8,8,working,7450.0,7455.0
17398,S8,8,working,7455.0,7460.0
17399,S8,8,working,7460.0,7465.0
17400,S8,8,working,7465.0,7470.0
17401,S8,8,working,7470.0,7475.0
17402,S8,8,working,7475.0,7480.0
17403,S8,8,working,7480.0,7485.0
17404,S8,8,working,7485.0,7490.0
17405,S8,8,working,7490.0,7495.0
17406,S8,8,working,7495.0,7500.0
17407,S8,8,working,7500.0,7505.0
17408,S8,8,working,7505.0,7510.0
17409,S8,8,working,7510.0,7515.0
17410,S8,8,working,7515.0,7520.0
17411,S8,8,working,7520.0,7525.0
17412,S8,8,working,7525.0,7530.0
17413,S8,8,working,7530.0,7535.0
17414,S8,8,working,7535.0,7540.0
17415,S8,8,working,7540.0,7545.0
17416,S8,8,working,7545.0,7550.0
17417,S8,8,working,7550.0,7555.0
17418,S8,8,working,7555.0,7560.0
17419,S8,8,working,7560.0,7565.0
17420,S8,8,working,7565.0,7570.0
17421,S8,8,working,7570.0,7575.0
17422,S8,8,working,7575.0,7580.0
17423,S8,8,working,7580.0,7585.0
17424,S8,8,working,7585.0,7590.0
17425,S8,8,working,7590.0,7595.0
17426,S8,8,working,7595.0,7600.0
17427,S8,8,working,7600.0,7605.0
17428,S8,8,working,7605.0,7610.0
17429,S8,8,working,7610.0,7615.0
17430,S8,8,working,7615.0,7620.0
17431,S8,8,working,7620.0,7625.0
17432,S8,8,working,7625.0,7630.0
17433,S8,8,working,7630.0,7635.0
17434,S8,8,working,7635.0,7640.0
17435,S8,8,working,7640.0,7645.0
17436,S8,8,working,7645.0,7650.0
17437,S8,8,working,7650.0,7655.0
17438,S8,8,working,7655.0,7660.0
17439,S8,8,working,7660.0,7665.0
17440,S8,8,working,7665.0,7670.0
17441,S8,8,working,7670.0,7675.0
17442,S8,8,working,7675.0,7680.0
17443,S8,8,working,7680.0,7685.0
17444,S8,8,working,7685.0,7690.0
17445,S8,8,working,7690.0,7695.0
17446,S8,8,working,7695.0,7700.0
17447,S8,8,working,7700.0,7705.0
17448,S8,8,working,7705.0,7710.0
17449,S8,8,working,7710.0,7715.0
17450,S8,8,working,7715.0,7720.0
17451,S8,8,working,7720.0,7725.0
17452,S8,8,working,7725.0,7730.0
17453,S8,8,working,7730.0,7735.0
17454,S8,8,working,7735.0,7740.0
17455,S8,8,working,7740.0,7745.0
17456,S8,8,working,7745.0,7750.0
17457,S8,8,working,7750.0,7755.0
17458,S8,8,working,7755.0,7760.0
17459,S8,8,working,7760.0,7765.0
17460,S8,8,working,7765.0,7770.0
17461,S8,8,working,7770.0,7775.0
17462,S8,8,working,7775.0,7780.0
17463,S8,8,working,7780.0,7785.0
17464,S8,8,working,7785.0,7790.0
17465,S8,8,working,7790.0,7795.0
17466,S8,8,working,7795.0,7800.0
17467,S8,8,working,7800.0,7805.0
17468,S8,8,working,7805.0,7810.0
17469,S8,8,working,7810.0,7815.0
17470,S8,8,working,7815.0,7820.0
17471,S8,8,working,7820.0,7825.0
17472,S8,8,working,7825.0,7830.0
17473,S8,8,working,7830.0,7835.0
17474,S8,8,working,7835.0,7840.0
17475,S8,8,working,7840.0,7845.0
17476,S8,8,working,7845.0,7850.0
17477,S8,8,working,7850.0,7855.0
17478,S8,8,working,7855.0,7860.0
17479,S9,1,sitting,65.0,70.0
17480,S9,1,sitting,70.0,75.0
17481,S9,1,sitting,75.0,80.0
17482,S9,1,sitting,80.0,85.0
17483,S9,1,sitting,85.0,90.0
17484,S9,1,sitting,90.0,95.0
17485,S9,1,sitting,95.0,100.0
17486,S9,1,sitting,100.0,105.0
17487,S9,1,sitting,105.0,110.0
17488,S9,1,sitting,110.0,115.0
17489,S9,1,sitting,115.0,120.0
17490,S9,1,sitting,120.0,125.0
17491,S9,1,sitting,125.0,130.0
17492,S9,1,sitting,130.0,135.0
17493,S9,1,sitting,135.0,140.0
17494,S9,1,sitting,140.0,145.0
17495,S9,1,sitting,145.0,150.0
17496,S9,1,sitting,150.0,155.0
17497,S9,1,sitting,155.0,160.0
17498,S9,1,sitting,160.0,165.0
17499,S9,1,sitting,165.0,170.0
17500,S9,1,sitting,170.0,175.0
17501,S9,1,sitting,175.0,180.0
17502,S9,1,sitting,180.0,185.0
17503,S9,1,sitting,185.0,190.0
17504,S9,1,sitting,190.0,195.0
17505,S9,1,sitting,195.0,200.0
17506,S9,1,sitting,200.0,205.0
17507,S9,1,sitting,205.0,210.0
17508,S9,1,sitting,210.0,215.0
17509,S9,1,sitting,215.0,220.0
17510,S9,1,sitting,220.0,225.0
17511,S9,1,sitting,225.0,230.0
17512,S9,1,sitting,230.0,235.0
17513,S9,1,sitting,235.0,240.0
17514,S9,1,sitting,240.0,245.0
17515,S9,1,sitting,245.0,250.0
17516,S9,1,sitting,250.0,255.0
17517,S9,1,sitting,255.0,260.0
17518,S9,1,sitting,260.0,265.0
17519,S9,1,sitting,265.0,270.0
17520,S9,1,sitting,270.0,275.0
17521,S9,1,sitting,275.0,280.0
17522,S9,1,sitting,280.0,285.0
17523,S9,1,sitting,285.0,290.0
17524,S9,1,sitting,290.0,295.0
17525,S9,1,sitting,295.0,300.0
17526,S9,1,sitting,300.0,305.0
17527,S9,1,sitting,305.0,310.0
17528,S9,1,sitting,310.0,315.0
17529,S9,1,sitting,315.0,320.0
17530,S9,1,sitting,320.0,325.0
17531,S9,1,sitting,325.0,330.0
17532,S9,1,sitting,330.0,335.0
17533,S9,1,sitting,335.0,340.0
17534,S9,1,sitting,340.0,345.0
17535,S9,1,sitting,345.0,350.0
17536,S9,1,sitting,350.0,355.0
17537,S9,1,sitting,355.0,360.0
17538,S9,1,sitting,360.0,365.0
17539,S9,1,sitting,365.0,370.0
17540,S9,1,sitting,370.0,375.0
17541,S9,1,sitting,375.0,380.0
17542,S9,1,sitting,380.0,385.0
17543,S9,1,sitting,385.0,390.0
17544,S9,1,sitting,390.0,395.0
17545,S9,1,sitting,395.0,400.0
17546,S9,1,sitting,400.0,405.0
17547,S9,1,sitting,405.0,410.0
17548,S9,1,sitting,410.0,415.0
17549,S9,1,sitting,415.0,420.0
17550,S9,1,sitting,420.0,425.0
17551,S9,1,sitting,425.0,430.0
17552,S9,1,sitting,430.0,435.0
17553,S9,1,sitting,435.0,440.0
17554,S9,1,sitting,440.0,445.0
17555,S9,1,sitting,445.0,450.0
17556,S9,1,sitting,450.0,455.0
17557,S9,1,sitting,455.0,460.0
17558,S9,1,sitting,460.0,465.0
17559,S9,1,sitting,465.0,470.0
17560,S9,1,sitting,470.0,475.0
17561,S9,1,sitting,475.0,480.0
17562,S9,1,sitting,480.0,485.0
17563,S9,1,sitting,485.0,490.0
17564,S9,1,sitting,490.0,495.0
17565,S9,1,sitting,495.0,500.0
17566,S9,1,sitting,500.0,505.0
17567,S9,1,sitting,505.0,510.0
17568,S9,1,sitting,510.0,515.0
17569,S9,1,sitting,515.0,520.0
17570,S9,1,sitting,520.0,525.0
17571,S9,1,sitting,525.0,530.0
17572,S9,1,sitting,530.0,535.0
17573,S9,1,sitting,535.0,540.0
17574,S9,1,sitting,540.0,545.0
17575,S9,1,sitting,545.0,550.0
17576,S9,1,sitting,550.0,555.0
17577,S9,1,sitting,555.0,560.0
17578,S9,1,sitting,560.0,565.0
17579,S9,1,sitting,565.0,570.0
17580,S9,1,sitting,570.0,575.0
17581,S9,1,sitting,575.0,580.0
17582,S9,1,sitting,580.0,585.0
17583,S9,1,sitting,585.0,590.0
17584,S9,1,sitting,590.0,595.0
17585,S9,1,sitting,595.0,600.0
17586,S9,1,sitting,600.0,605.0
17587,S9,1,sitting,605.0,610.0
17588,S9,1,sitting,610.0,615.0
17589,S9,1,sitting,615.0,620.0
17590,S9,1,sitting,620.0,625.0
17591,S9,1,sitting,625.0,630.0
17592,S9,1,sitting,630.0,635.0
17593,S9,1,sitting,635.0,640.0
17594,S9,1,sitting,640.0,645.0
17595,S9,1,sitting,645.0,650.0
17596,S9,1,sitting,650.0,655.0
17597,S9,1,sitting,655.0,660.0
17598,S9,2,stairs,845.0,850.0
17599,S9,2,stairs,850.0,855.0
17600,S9,2,stairs,855.0,860.0
17601,S9,2,stairs,860.0,865.0
17602,S9,2,stairs,865.0,870.0
17603,S9,2,stairs,870.0,875.0
17604,S9,2,stairs,875.0,880.0
17605,S9,2,stairs,880.0,885.0
17606,S9,2,stairs,885.0,890.0
17607,S9,2,stairs,890.0,895.0
17608,S9,2,stairs,895.0,900.0
17609,S9,2,stairs,900.0,905.0
17610,S9,2,stairs,905.0,910.0
17611,S9,2,stairs,910.0,915.0
17612,S9,2,stairs,915.0,920.0
17613,S9,2,stairs,920.0,925.0
17614,S9,2,stairs,925.0,930.0
17615,S9,2,stairs,930.0,935.0
17616,S9,2,stairs,935.0,940.0
17617,S9,2,stairs,940.0,945.0
17618,S9,2,stairs,945.0,950.0
17619,S9,2,stairs,950.0,955.0
17620,S9,2,stairs,955.0,960.0
17621,S9,2,stairs,960.0,965.0
17622,S9,2,stairs,965.0,970.0
17623,S9,2,stairs,970.0,975.0
17624,S9,2,stairs,975.0,980.0
17625,S9,2,stairs,980.0,985.0
17626,S9,2,stairs,985.0,990.0
17627,S9,2,stairs,990.0,995.0
17628,S9,2,stairs,995.0,1000.0
17629,S9,2,stairs,1000.0,1005.0
17630,S9,2,stairs,1005.0,1010.0
17631,S9,2,stairs,1010.0,1015.0
17632,S9,2,stairs,1015.0,1020.0
17633,S9,2,stairs,1020.0,1025.0
17634,S9,2,stairs,1025.0,1030.0
17635,S9,2,stairs,1030.0,1035.0
17636,S9,2,stairs,1035.0,1040.0
17637,S9,2,stairs,1040.0,1045.0
17638,S9,2,stairs,1045.0,1050.0
17639,S9,2,stairs,1050.0,1055.0
17640,S9,2,stairs,1055.0,1060.0
17641,S9,2,stairs,1060.0,1065.0
17642,S9,2,stairs,1065.0,1070.0
17643,S9,2,stairs,1070.0,1075.0
17644,S9,2,stairs,1075.0,1080.0
17645,S9,2,stairs,1080.0,1085.0
17646,S9,2,stairs,1085.0,1090.0
17647,S9,2,stairs,1090.0,1095.0
17648,S9,2,stairs,1095.0,1100.0
17649,S9,2,stairs,1100.0,1105.0
17650,S9,2,stairs,1105.0,1110.0
17651,S9,2,stairs,1110.0,1115.0
17652,S9,2,stairs,1115.0,1120.0
17653,S9,2,stairs,1120.0,1125.0
17654,S9,2,stairs,1125.0,1130.0
17655,S9,2,stairs,1130.0,1135.0
17656,S9,2,stairs,1135.0,1140.0
17657,S9,2,stairs,1140.0,1145.0
17658,S9,2,stairs,1145.0,1150.0
17659,S9,2,stairs,1150.0,1155.0
17660,S9,2,stairs,1155.0,1160.0
17661,S9,2,stairs,1160.0,1165.0
17662,S9,2,stairs,1165.0,1170.0
17663,S9,2,stairs,1170.0,1175.0
17664,S9,2,stairs,1175.0,1180.0
17665,S9,2,stairs,1180.0,1185.0
17666,S9,2,stairs,1185.0,1190.0
17667,S9,2,stairs,1190.0,1195.0
17668,S9,2,stairs,1195.0,1200.0
17669,S9,2,stairs,1200.0,1205.0
17670,S9,2,stairs,1205.0,1210.0
17671,S9,2,stairs,1210.0,1215.0
17672,S9,2,stairs,1215.0,1220.0
17673,S9,2,stairs,1220.0,1225.0
17674,S9,2,stairs,1225.0,1230.0
17675,S9,2,stairs,1230.0,1235.0
17676,S9,2,stairs,1235.0,1240.0
17677,S9,2,stairs,1240.0,1245.0
17678,S9,2,stairs,1245.0,1250.0
17679,S9,2,stairs,1250.0,1255.0
17680,S9,2,stairs,1255.0,1260.0
17681,S9,2,stairs,1260.0,1265.0
17682,S9,2,stairs,1265.0,1270.0
17683,S9,2,stairs,1270.0,1275.0
17684,S9,2,stairs,1275.0,1280.0
17685,S9,2,stairs,1280.0,1285.0
17686,S9,2,stairs,1285.0,1290.0
17687,S9,2,stairs,1290.0,1295.0
17688,S9,2,stairs,1295.0,1300.0
17689,S9,2,stairs,1300.0,1305.0
17690,S9,2,stairs,1305.0,1310.0
17691,S9,2,stairs,1310.0,1315.0
17692,S9,2,stairs,1315.0,1320.0
17693,S9,3,table_soccer,1425.0,1430.0
17694,S9,3,table_soccer,1430.0,1435.0
17695,S9,3,table_soccer,1435.0,1440.0
17696,S9,3,table_soccer,1440.0,1445.0
17697,S9,3,table_soccer,1445.0,1450.0
17698,S9,3,table_soccer,1450.0,1455.0
17699,S9,3,table_soccer,1455.0,1460.0
17700,S9,3,table_soccer,1460.0,1465.0
17701,S9,3,table_soccer,1465.0,1470.0
17702,S9,3,table_soccer,1470.0,1475.0
17703,S9,3,table_soccer,1475.0,1480.0
17704,S9,3,table_soccer,1480.0,1485.0
17705,S9,3,table_soccer,1485.0,1490.0
17706,S9,3,table_soccer,1490.0,1495.0
17707,S9,3,table_soccer,1495.0,1500.0
17708,S9,3,table_soccer,1500.0,1505.0
17709,S9,3,table_soccer,1505.0,1510.0
17710,S9,3,table_soccer,1510.0,1515.0
17711,S9,3,table_soccer,1515.0,1520.0
17712,S9,3,table_soccer,1520.0,1525.0
17713,S9,3,table_soccer,1525.0,1530.0
17714,S9,3,table_soccer,1530.0,1535.0
17715,S9,3,table_soccer,1535.0,1540.0
17716,S9,3,table_soccer,1540.0,1545.0
17717,S9,3,table_soccer,1545.0,1550.0
17718,S9,3,table_soccer,1550.0,1555.0
17719,S9,3,table_soccer,1555.0,1560.0
17720,S9,3,table_soccer,1560.0,1565.0
17721,S9,3,table_soccer,1565.0,1570.0
17722,S9,3,table_soccer,1570.0,1575.0
17723,S9,3,table_soccer,1575.0,1580.0
17724,S9,3,table_soccer,1580.0,1585.0
17725,S9,3,table_soccer,1585.0,1590.0
17726,S9,3,table_soccer,1590.0,1595.0
17727,S9,3,table_soccer,1595.0,1600.0
17728,S9,3,table_soccer,1600.0,1605.0
17729,S9,3,table_soccer,1605.0,1610.0
17730,S9,3,table_soccer,1610.0,1615.0
17731,S9,3,table_soccer,1615.0,1620.0
17732,S9,3,table_soccer,1620.0,1625.0
17733,S9,3,table_soccer,1625.0,1630.0
17734,S9,3,table_soccer,1630.0,1635.0
17735,S9,3,table_soccer,1635.0,1640.0
17736,S9,3,table_soccer,1640.0,1645.0
17737,S9,3,table_soccer,1645.0,1650.0
17738,S9,3,table_soccer,1650.0,1655.0
17739,S9,3,table_soccer,1655.0,1660.0
17740,S9,3,table_soccer,1660.0,1665.0
17741,S9,3,table_soccer,1665.0,1670.0
17742,S9,3,table_soccer,1670.0,1675.0
17743,S9,3,table_soccer,1675.0,1680.0
17744,S9,3,table_soccer,1680.0,1685.0
17745,S9,3,table_soccer,1685.0,1690.0
17746,S9,3,table_soccer,1690.0,1695.0
17747,S9,3,table_soccer,1695.0,1700.0
17748,S9,3,table_soccer,1700.0,1705.0
17749,S9,4,cycling,2145.0,2150.0
17750,S9,4,cycling,2150.0,2155.0
17751,S9,4,cycling,2155.0,2160.0
17752,S9,4,cycling,2160.0,2165.0
17753,S9,4,cycling,2165.0,2170.0
17754,S9,4,cycling,2170.0,2175.0
17755,S9,4,cycling,2175.0,2180.0
17756,S9,4,cycling,2180.0,2185.0
17757,S9,4,cycling,2185.0,2190.0
17758,S9,4,cycling,2190.0,2195.0
17759,S9,4,cycling,2195.0,2200.0
17760,S9,4,cycling,2200.0,2205.0
17761,S9,4,cycling,2205.0,2210.0
17762,S9,4,cycling,2210.0,2215.0
17763,S9,4,cycling,2215.0,2220.0
17764,S9,4,cycling,2220.0,2225.0
17765,S9,4,cycling,2225.0,2230.0
17766,S9,4,cycling,2230.0,2235.0
17767,S9,4,cycling,2235.0,2240.0
17768,S9,4,cycling,2240.0,2245.0
17769,S9,4,cycling,2245.0,2250.0
17770,S9,4,cycling,2250.0,2255.0
17771,S9,4,cycling,2255.0,2260.0
17772,S9,4,cycling,2260.0,2265.0
17773,S9,4,cycling,2265.0,2270.0
17774,S9,4,cycling,2270.0,2275.0
17775,S9,4,cycling,2275.0,2280.0
17776,S9,4,cycling,2280.0,2285.0
17777,S9,4,cycling,2285.0,2290.0
17778,S9,4,cycling,2290.0,2295.0
17779,S9,4,cycling,2295.0,2300.0
17780,S9,4,cycling,2300.0,2305.0
17781,S9,4,cycling,2305.0,2310.0
17782,S9,4,cycling,2310.0,2315.0
17783,S9,4,cycling,2315.0,2320.0
17784,S9,4,cycling,2320.0,2325.0
17785,S9,4,cycling,2325.0,2330.0
17786,S9,4,cycling,2330.0,2335.0
17787,S9,4,cycling,2335.0,2340.0
17788,S9,4,cycling,2340.0,2345.0
17789,S9,4,cycling,2345.0,2350.0
17790,S9,4,cycling,2350.0,2355.0
17791,S9,4,cycling,2355.0,2360.0
17792,S9,4,cycling,2360.0,2365.0
17793,S9,4,cycling,2365.0,2370.0
17794,S9,4,cycling,2370.0,2375.0
17795,S9,4,cycling,2375.0,2380.0
17796,S9,4,cycling,2380.0,2385.0
17797,S9,4,cycling,2385.0,2390.0
17798,S9,4,cycling,2390.0,2395.0
17799,S9,4,cycling,2395.0,2400.0
17800,S9,4,cycling,2400.0,2405.0
17801,S9,4,cycling,2405.0,2410.0
17802,S9,4,cycling,2410.0,2415.0
17803,S9,4,cycling,2415.0,2420.0
17804,S9,4,cycling,2420.0,2425.0
17805,S9,4,cycling,2425.0,2430.0
17806,S9,4,cycling,2430.0,2435.0
17807,S9,4,cycling,2435.0,2440.0
17808,S9,4,cycling,2440.0,2445.0
17809,S9,4,cycling,2445.0,2450.0
17810,S9,4,cycling,2450.0,2455.0
17811,S9,4,cycling,2455.0,2460.0
17812,S9,4,cycling,2460.0,2465.0
17813,S9,4,cycling,2465.0,2470.0
17814,S9,4,cycling,2470.0,2475.0
17815,S9,4,cycling,2475.0,2480.0
17816,S9,4,cycling,2480.0,2485.0
17817,S9,4,cycling,2485.0,2490.0
17818,S9,4,cycling,2490.0,2495.0
17819,S9,4,cycling,2495.0,2500.0
17820,S9,4,cycling,2500.0,2505.0
17821,S9,4,cycling,2505.0,2510.0
17822,S9,4,cycling,2510.0,2515.0
17823,S9,4,cycling,2515.0,2520.0
17824,S9,4,cycling,2520.0,2525.0
17825,S9,4,cycling,2525.0,2530.0
17826,S9,4,cycling,2530.0,2535.0
17827,S9,4,cycling,2535.0,2540.0
17828,S9,4,cycling,2540.0,2545.0
17829,S9,4,cycling,2545.0,2550.0
17830,S9,4,cycling,2550.0,2555.0
17831,S9,4,cycling,2555.0,2560.0
17832,S9,4,cycling,2560.0,2565.0
17833,S9,4,cycling,2565.0,2570.0
17834,S9,4,cycling,2570.0,2575.0
17835,S9,4,cycling,2575.0,2580.0
17836,S9,4,cycling,2580.0,2585.0
17837,S9,4,cycling,2585.0,2590.0
17838,S9,4,cycling,2590.0,2595.0
17839,S9,4,cycling,2595.0,2600.0
17840,S9,4,cycling,2600.0,2605.0
17841,S9,4,cycling,2605.0,2610.0
17842,S9,4,cycling,2610.0,2615.0
17843,S9,4,cycling,2615.0,2620.0
17844,S9,4,cycling,2620.0,2625.0
17845,S9,4,cycling,2625.0,2630.0
17846,S9,4,cycling,2630.0,2635.0
17847,S9,4,cycling,2635.0,2640.0
17848,S9,4,cycling,2640.0,2645.0
17849,S9,4,cycling,2645.0,2650.0
17850,S9,4,cycling,2650.0,2655.0
17851,S9,4,cycling,2655.0,2660.0
17852,S9,4,cycling,2660.0,2665.0
17853,S9,4,cycling,2665.0,2670.0
17854,S9,4,cycling,2670.0,2675.0
17855,S9,4,cycling,2675.0,2680.0
17856,S9,4,cycling,2680.0,2685.0
17857,S9,4,cycling,2685.0,2690.0
17858,S9,4,cycling,2690.0,2695.0
17859,S9,5,car_driving,3160.0,3165.0
17860,S9,5,car_driving,3165.0,3170.0
17861,S9,5,car_driving,3170.0,3175.0
17862,S9,5,car_driving,3175.0,3180.0
17863,S9,5,car_driving,3180.0,3185.0
17864,S9,5,car_driving,3185.0,3190.0
17865,S9,5,car_driving,3190.0,3195.0
17866,S9,5,car_driving,3195.0,3200.0
17867,S9,5,car_driving,3200.0,3205.0
17868,S9,5,car_driving,3205.0,3210.0
17869,S9,5,car_driving,3210.0,3215.0
17870,S9,5,car_driving,3215.0,3220.0
17871,S9,5,car_driving,3220.0,3225.0
17872,S9,5,car_driving,3225.0,3230.0
17873,S9,5,car_driving,3230.0,3235.0
17874,S9,5,car_driving,3235.0,3240.0
17875,S9,5,car_driving,3240.0,3245.0
17876,S9,5,car_driving,3245.0,3250.0
17877,S9,5,car_driving,3250.0,3255.0
17878,S9,5,car_driving,3255.0,3260.0
17879,S9,5,car_driving,3260.0,3265.0
17880,S9,5,car_driving,3265.0,3270.0
17881,S9,5,car_driving,3270.0,3275.0
17882,S9,5,car_driving,3275.0,3280.0
17883,S9,5,car_driving,3280.0,3285.0
17884,S9,5,car_driving,3285.0,3290.0
17885,S9,5,car_driving,3290.0,3295.0
17886,S9,5,car_driving,3295.0,3300.0
17887,S9,5,car_driving,3300.0,3305.0
17888,S9,5,car_driving,3305.0,3310.0
17889,S9,5,car_driving,3310.0,3315.0
17890,S9,5,car_driving,3315.0,3320.0
17891,S9,5,car_driving,3320.0,3325.0
17892,S9,5,car_driving,3325.0,3330.0
17893,S9,5,car_driving,3330.0,3335.0
17894,S9,5,car_driving,3335.0,3340.0
17895,S9,5,car_driving,3340.0,3345.0
17896,S9,5,car_driving,3345.0,3350.0
17897,S9,5,car_driving,3350.0,3355.0
17898,S9,5,car_driving,3355.0,3360.0
17899,S9,5,car_driving,3360.0,3365.0
17900,S9,5,car_driving,3365.0,3370.0
17901,S9,5,car_driving,3370.0,3375.0
17902,S9,5,car_driving,3375.0,3380.0
17903,S9,5,car_driving,3380.0,3385.0
17904,S9,5,car_driving,3385.0,3390.0
17905,S9,5,car_driving,3390.0,3395.0
17906,S9,5,car_driving,3395.0,3400.0
17907,S9,5,car_driving,3400.0,3405.0
17908,S9,5,car_driving,3405.0,3410.0
17909,S9,5,car_driving,3410.0,3415.0
17910,S9,5,car_driving,3415.0,3420.0
17911,S9,5,car_driving,3420.0,3425.0
17912,S9,5,car_driving,3425.0,3430.0
17913,S9,5,car_driving,3430.0,3435.0
17914,S9,5,car_driving,3435.0,3440.0
17915,S9,5,car_driving,3440.0,3445.0
17916,S9,5,car_driving,3445.0,3450.0
17917,S9,5,car_driving,3450.0,3455.0
17918,S9,5,car_driving,3455.0,3460.0
17919,S9,5,car_driving,3460.0,3465.0
17920,S9,5,car_driving,3465.0,3470.0
17921,S9,5,car_driving,3470.0,3475.0
17922,S9,5,car_driving,3475.0,3480.0
17923,S9,5,car_driving,3480.0,3485.0
17924,S9,5,car_driving,3485.0,3490.0
17925,S9,5,car_driving,3490.0,3495.0
17926,S9,5,car_driving,3495.0,3500.0
17927,S9,5,car_driving,3500.0,3505.0
17928,S9,5,car_driving,3505.0,3510.0
17929,S9,5,car_driving,3510.0,3515.0
17930,S9,5,car_driving,3515.0,3520.0
17931,S9,5,car_driving,3520.0,3525.0
17932,S9,5,car_driving,3525.0,3530.0
17933,S9,5,car_driving,3530.0,3535.0
17934,S9,5,car_driving,3535.0,3540.0
17935,S9,5,car_driving,3540.0,3545.0
17936,S9,5,car_driving,3545.0,3550.0
17937,S9,5,car_driving,3550.0,3555.0
17938,S9,5,car_driving,3555.0,3560.0
17939,S9,5,car_driving,3560.0,3565.0
17940,S9,5,car_driving,3565.0,3570.0
17941,S9,5,car_driving,3570.0,3575.0
17942,S9,5,car_driving,3575.0,3580.0
17943,S9,5,car_driving,3580.0,3585.0
17944,S9,5,car_driving,3585.0,3590.0
17945,S9,5,car_driving,3590.0,3595.0
17946,S9,5,car_driving,3595.0,3600.0
17947,S9,5,car_driving,3600.0,3605.0
17948,S9,5,car_driving,3605.0,3610.0
17949,S9,5,car_driving,3610.0,3615.0
17950,S9,5,car_driving,3615.0,3620.0
17951,S9,5,car_driving,3620.0,3625.0
17952,S9,5,car_driving,3625.0,3630.0
17953,S9,5,car_driving,3630.0,3635.0
17954,S9,5,car_driving,3635.0,3640.0
17955,S9,5,car_driving,3640.0,3645.0
17956,S9,5,car_driving,3645.0,3650.0
17957,S9,5,car_driving,3650.0,3655.0
17958,S9,5,car_driving,3655.0,3660.0
17959,S9,5,car_driving,3660.0,3665.0
17960,S9,5,car_driving,3665.0,3670.0
17961,S9,5,car_driving,3670.0,3675.0
17962,S9,5,car_driving,3675.0,3680.0
17963,S9,5,car_driving,3680.0,3685.0
17964,S9,5,car_driving,3685.0,3690.0
17965,S9,5,car_driving,3690.0,3695.0
17966,S9,5,car_driving,3695.0,3700.0
17967,S9,5,car_driving,3700.0,3705.0
17968,S9,5,car_driving,3705.0,3710.0
17969,S9,5,car_driving,3710.0,3715.0
17970,S9,5,car_driving,3715.0,3720.0
17971,S9,5,car_driving,3720.0,3725.0
17972,S9,5,car_driving,3725.0,3730.0
17973,S9,5,car_driving,3730.0,3735.0
17974,S9,5,car_driving,3735.0,3740.0
17975,S9,5,car_driving,3740.0,3745.0
17976,S9,5,car_driving,3745.0,3750.0
17977,S9,5,car_driving,3750.0,3755.0
17978,S9,5,car_driving,3755.0,3760.0
17979,S9,5,car_driving,3760.0,3765.0
17980,S9,5,car_driving,3765.0,3770.0
17981,S9,5,car_driving,3770.0,3775.0
17982,S9,5,car_driving,3775.0,3780.0
17983,S9,5,car_driving,3780.0,3785.0
17984,S9,5,car_driving,3785.0,3790.0
17985,S9,5,car_driving,3790.0,3795.0
17986,S9,5,car_driving,3795.0,3800.0
17987,S9,5,car_driving,3800.0,3805.0
17988,S9,5,car_driving,3805.0,3810.0
17989,S9,5,car_driving,3810.0,3815.0
17990,S9,5,car_driving,3815.0,3820.0
17991,S9,5,car_driving,3820.0,3825.0
17992,S9,5,car_driving,3825.0,3830.0
17993,S9,5,car_driving,3830.0,3835.0
17994,S9,5,car_driving,3835.0,3840.0
17995,S9,5,car_driving,3840.0,3845.0
17996,S9,5,car_driving,3845.0,3850.0
17997,S9,5,car_driving,3850.0,3855.0
17998,S9,5,car_driving,3855.0,3860.0
17999,S9,5,car_driving,3860.0,3865.0
18000,S9,5,car_driving,3865.0,3870.0
18001,S9,5,car_driving,3870.0,3875.0
18002,S9,5,car_driving,3875.0,3880.0
18003,S9,5,car_driving,3880.0,3885.0
18004,S9,5,car_driving,3885.0,3890.0
18005,S9,5,car_driving,3890.0,3895.0
18006,S9,5,car_driving,3895.0,3900.0
18007,S9,5,car_driving,3900.0,3905.0
18008,S9,5,car_driving,3905.0,3910.0
18009,S9,5,car_driving,3910.0,3915.0
18010,S9,5,car_driving,3915.0,3920.0
18011,S9,5,car_driving,3920.0,3925.0
18012,S9,5,car_driving,3925.0,3930.0
18013,S9,5,car_driving,3930.0,3935.0
18014,S9,5,car_driving,3935.0,3940.0
18015,S9,5,car_driving,3940.0,3945.0
18016,S9,5,car_driving,3945.0,3950.0
18017,S9,5,car_driving,3950.0,3955.0
18018,S9,5,car_driving,3955.0,3960.0
18019,S9,5,car_driving,3960.0,3965.0
18020,S9,5,car_driving,3965.0,3970.0
18021,S9,5,car_driving,3970.0,3975.0
18022,S9,5,car_driving,3975.0,3980.0
18023,S9,5,car_driving,3980.0,3985.0
18024,S9,5,car_driving,3985.0,3990.0
18025,S9,5,car_driving,3990.0,3995.0
18026,S9,5,car_driving,3995.0,4000.0
18027,S9,5,car_driving,4000.0,4005.0
18028,S9,5,car_driving,4005.0,4010.0
18029,S9,5,car_driving,4010.0,4015.0
18030,S9,5,car_driving,4015.0,4020.0
18031,S9,5,car_driving,4020.0,4025.0
18032,S9,5,car_driving,4025.0,4030.0
18033,S9,5,car_driving,4030.0,4035.0
18034,S9,5,car_driving,4035.0,4040.0
18035,S9,5,car_driving,4040.0,4045.0
18036,S9,5,car_driving,4045.0,4050.0
18037,S9,5,car_driving,4050.0,4055.0
18038,S9,5,car_driving,4055.0,4060.0
18039,S9,5,car_driving,4060.0,4065.0
18040,S9,5,car_driving,4065.0,4070.0
18041,S9,5,car_driving,4070.0,4075.0
18042,S9,5,car_driving,4075.0,4080.0
18043,S9,5,car_driving,4080.0,4085.0
18044,S9,5,car_driving,4085.0,4090.0
18045,S9,5,car_driving,4090.0,4095.0
18046,S9,5,car_driving,4095.0,4100.0
18047,S9,5,car_driving,4100.0,4105.0
18048,S9,5,car_driving,4105.0,4110.0
18049,S9,6,lunch_break,4480.0,4485.0
18050,S9,6,lunch_break,4485.0,4490.0
18051,S9,6,lunch_break,4490.0,4495.0
18052,S9,6,lunch_break,4495.0,4500.0
18053,S9,6,lunch_break,4500.0,4505.0
18054,S9,6,lunch_break,4505.0,4510.0
18055,S9,6,lunch_break,4510.0,4515.0
18056,S9,6,lunch_break,4515.0,4520.0
18057,S9,6,lunch_break,4520.0,4525.0
18058,S9,6,lunch_break,4525.0,4530.0
18059,S9,6,lunch_break,4530.0,4535.0
18060,S9,6,lunch_break,4535.0,4540.0
18061,S9,6,lunch_break,4540.0,4545.0
18062,S9,6,lunch_break,4545.0,4550.0
18063,S9,6,lunch_break,4550.0,4555.0
18064,S9,6,lunch_break,4555.0,4560.0
18065,S9,6,lunch_break,4560.0,4565.0
18066,S9,6,lunch_break,4565.0,4570.0
18067,S9,6,lunch_break,4570.0,4575.0
18068,S9,6,lunch_break,4575.0,4580.0
18069,S9,6,lunch_break,4580.0,4585.0
18070,S9,6,lunch_break,4585.0,4590.0
18071,S9,6,lunch_break,4590.0,4595.0
18072,S9,6,lunch_break,4595.0,4600.0
18073,S9,6,lunch_break,4600.0,4605.0
18074,S9,6,lunch_break,4605.0,4610.0
18075,S9,6,lunch_break,4610.0,4615.0
18076,S9,6,lunch_break,4615.0,4620.0
18077,S9,6,lunch_break,4620.0,4625.0
18078,S9,6,lunch_break,4625.0,4630.0
18079,S9,6,lunch_break,4630.0,4635.0
18080,S9,6,lunch_break,4635.0,4640.0
18081,S9,6,lunch_break,4640.0,4645.0
18082,S9,6,lunch_break,4645.0,4650.0
18083,S9,6,lunch_break,4650.0,4655.0
18084,S9,6,lunch_break,4655.0,4660.0
18085,S9,6,lunch_break,4660.0,4665.0
18086,S9,6,lunch_break,4665.0,4670.0
18087,S9,6,lunch_break,4670.0,4675.0
18088,S9,6,lunch_break,4675.0,4680.0
18089,S9,6,lunch_break,4680.0,4685.0
18090,S9,6,lunch_break,4685.0,4690.0
18091,S9,6,lunch_break,4690.0,4695.0
18092,S9,6,lunch_break,4695.0,4700.0
18093,S9,6,lunch_break,4700.0,4705.0
18094,S9,6,lunch_break,4705.0,4710.0
18095,S9,6,lunch_break,4710.0,4715.0
18096,S9,6,lunch_break,4715.0,4720.0
18097,S9,6,lunch_break,4720.0,4725.0
18098,S9,6,lunch_break,4725.0,4730.0
18099,S9,6,lunch_break,4730.0,4735.0
18100,S9,6,lunch_break,4735.0,4740.0
18101,S9,6,lunch_break,4740.0,4745.0
18102,S9,6,lunch_break,4745.0,4750.0
18103,S9,6,lunch_break,4750.0,4755.0
18104,S9,6,lunch_break,4755.0,4760.0
18105,S9,6,lunch_break,4760.0,4765.0
18106,S9,6,lunch_break,4765.0,4770.0
18107,S9,6,lunch_break,4770.0,4775.0
18108,S9,6,lunch_break,4775.0,4780.0
18109,S9,6,lunch_break,4780.0,4785.0
18110,S9,6,lunch_break,4785.0,4790.0
18111,S9,6,lunch_break,4790.0,4795.0
18112,S9,6,lunch_break,4795.0,4800.0
18113,S9,6,lunch_break,4800.0,4805.0
18114,S9,6,lunch_break,4805.0,4810.0
18115,S9,6,lunch_break,4810.0,4815.0
18116,S9,6,lunch_break,4815.0,4820.0
18117,S9,6,lunch_break,4820.0,4825.0
18118,S9,6,lunch_break,4825.0,4830.0
18119,S9,6,lunch_break,4830.0,4835.0
18120,S9,6,lunch_break,4835.0,4840.0
18121,S9,6,lunch_break,4840.0,4845.0
18122,S9,6,lunch_break,4845.0,4850.0
18123,S9,6,lunch_break,4850.0,4855.0
18124,S9,6,lunch_break,4855.0,4860.0
18125,S9,6,lunch_break,4860.0,4865.0
18126,S9,6,lunch_break,4865.0,4870.0
18127,S9,6,lunch_break,4870.0,4875.0
18128,S9,6,lunch_break,4875.0,4880.0
18129,S9,6,lunch_break,4880.0,4885.0
18130,S9,6,lunch_break,4885.0,4890.0
18131,S9,6,lunch_break,4890.0,4895.0
18132,S9,6,lunch_break,4895.0,4900.0
18133,S9,6,lunch_break,4900.0,4905.0
18134,S9,6,lunch_break,4905.0,4910.0
18135,S9,6,lunch_break,4910.0,4915.0
18136,S9,6,lunch_break,4915.0,4920.0
18137,S9,6,lunch_break,4920.0,4925.0
18138,S9,6,lunch_break,4925.0,4930.0
18139,S9,6,lunch_break,4930.0,4935.0
18140,S9,6,lunch_break,4935.0,4940.0
18141,S9,6,lunch_break,4940.0,4945.0
18142,S9,6,lunch_break,4945.0,4950.0
18143,S9,6,lunch_break,4950.0,4955.0
18144,S9,6,lunch_break,4955.0,4960.0
18145,S9,6,lunch_break,4960.0,4965.0
18146,S9,6,lunch_break,4965.0,4970.0
18147,S9,6,lunch_break,4970.0,4975.0
18148,S9,6,lunch_break,4975.0,4980.0
18149,S9,6,lunch_break,4980.0,4985.0
18150,S9,6,lunch_break,4985.0,4990.0
18151,S9,6,lunch_break,4990.0,4995.0
18152,S9,6,lunch_break,4995.0,5000.0
18153,S9,6,lunch_break,5000.0,5005.0
18154,S9,6,lunch_break,5005.0,5010.0
18155,S9,6,lunch_break,5010.0,5015.0
18156,S9,6,lunch_break,5015.0,5020.0
18157,S9,6,lunch_break,5020.0,5025.0
18158,S9,6,lunch_break,5025.0,5030.0
18159,S9,6,lunch_break,5030.0,5035.0
18160,S9,6,lunch_break,5035.0,5040.0
18161,S9,6,lunch_break,5040.0,5045.0
18162,S9,6,lunch_break,5045.0,5050.0
18163,S9,6,lunch_break,5050.0,5055.0
18164,S9,6,lunch_break,5055.0,5060.0
18165,S9,6,lunch_break,5060.0,5065.0
18166,S9,6,lunch_break,5065.0,5070.0
18167,S9,6,lunch_break,5070.0,5075.0
18168,S9,6,lunch_break,5075.0,5080.0
18169,S9,6,lunch_break,5080.0,5085.0
18170,S9,6,lunch_break,5085.0,5090.0
18171,S9,6,lunch_break,5090.0,5095.0
18172,S9,6,lunch_break,5095.0,5100.0
18173,S9,6,lunch_break,5100.0,5105.0
18174,S9,6,lunch_break,5105.0,5110.0
18175,S9,6,lunch_break,5110.0,5115.0
18176,S9,6,lunch_break,5115.0,5120.0
18177,S9,6,lunch_break,5120.0,5125.0
18178,S9,6,lunch_break,5125.0,5130.0
18179,S9,6,lunch_break,5130.0,5135.0
18180,S9,6,lunch_break,5135.0,5140.0
18181,S9,6,lunch_break,5140.0,5145.0
18182,S9,6,lunch_break,5145.0,5150.0
18183,S9,6,lunch_break,5150.0,5155.0
18184,S9,6,lunch_break,5155.0,5160.0
18185,S9,6,lunch_break,5160.0,5165.0
18186,S9,6,lunch_break,5165.0,5170.0
18187,S9,6,lunch_break,5170.0,5175.0
18188,S9,6,lunch_break,5175.0,5180.0
18189,S9,6,lunch_break,5180.0,5185.0
18190,S9,6,lunch_break,5185.0,5190.0
18191,S9,6,lunch_break,5190.0,5195.0
18192,S9,6,lunch_break,5195.0,5200.0
18193,S9,6,lunch_break,5200.0,5205.0
18194,S9,6,lunch_break,5205.0,5210.0
18195,S9,6,lunch_break,5210.0,5215.0
18196,S9,6,lunch_break,5215.0,5220.0
18197,S9,6,lunch_break,5220.0,5225.0
18198,S9,6,lunch_break,5225.0,5230.0
18199,S9,6,lunch_break,5230.0,5235.0
18200,S9,6,lunch_break,5235.0,5240.0
18201,S9,6,lunch_break,5240.0,5245.0
18202,S9,6,lunch_break,5245.0,5250.0
18203,S9,6,lunch_break,5250.0,5255.0
18204,S9,6,lunch_break,5255.0,5260.0
18205,S9,6,lunch_break,5260.0,5265.0
18206,S9,6,lunch_break,5265.0,5270.0
18207,S9,6,lunch_break,5270.0,5275.0
18208,S9,6,lunch_break,5275.0,5280.0
18209,S9,6,lunch_break,5280.0,5285.0
18210,S9,6,lunch_break,5285.0,5290.0
18211,S9,6,lunch_break,5290.0,5295.0
18212,S9,6,lunch_break,5295.0,5300.0
18213,S9,6,lunch_break,5300.0,5305.0
18214,S9,6,lunch_break,5305.0,5310.0
18215,S9,6,lunch_break,5310.0,5315.0
18216,S9,6,lunch_break,5315.0,5320.0
18217,S9,6,lunch_break,5320.0,5325.0
18218,S9,6,lunch_break,5325.0,5330.0
18219,S9,6,lunch_break,5330.0,5335.0
18220,S9,6,lunch_break,5335.0,5340.0
18221,S9,6,lunch_break,5340.0,5345.0
18222,S9,6,lunch_break,5345.0,5350.0
18223,S9,6,lunch_break,5350.0,5355.0
18224,S9,6,lunch_break,5355.0,5360.0
18225,S9,6,lunch_break,5360.0,5365.0
18226,S9,6,lunch_break,5365.0,5370.0
18227,S9,6,lunch_break,5370.0,5375.0
18228,S9,6,lunch_break,5375.0,5380.0
18229,S9,6,lunch_break,5380.0,5385.0
18230,S9,6,lunch_break,5385.0,5390.0
18231,S9,6,lunch_break,5390.0,5395.0
18232,S9,6,lunch_break,5395.0,5400.0
18233,S9,6,lunch_break,5400.0,5405.0
18234,S9,6,lunch_break,5405.0,5410.0
18235,S9,6,lunch_break,5410.0,5415.0
18236,S9,6,lunch_break,5415.0,5420.0
18237,S9,6,lunch_break,5420.0,5425.0
18238,S9,6,lunch_break,5425.0,5430.0
18239,S9,6,lunch_break,5430.0,5435.0
18240,S9,6,lunch_break,5435.0,5440.0
18241,S9,6,lunch_break,5440.0,5445.0
18242,S9,6,lunch_break,5445.0,5450.0
18243,S9,6,lunch_break,5450.0,5455.0
18244,S9,6,lunch_break,5455.0,5460.0
18245,S9,6,lunch_break,5460.0,5465.0
18246,S9,6,lunch_break,5465.0,5470.0
18247,S9,6,lunch_break,5470.0,5475.0
18248,S9,6,lunch_break,5475.0,5480.0
18249,S9,6,lunch_break,5480.0,5485.0
18250,S9,6,lunch_break,5485.0,5490.0
18251,S9,6,lunch_break,5490.0,5495.0
18252,S9,6,lunch_break,5495.0,5500.0
18253,S9,6,lunch_break,5500.0,5505.0
18254,S9,6,lunch_break,5505.0,5510.0
18255,S9,6,lunch_break,5510.0,5515.0
18256,S9,6,lunch_break,5515.0,5520.0
18257,S9,6,lunch_break,5520.0,5525.0
18258,S9,6,lunch_break,5525.0,5530.0
18259,S9,6,lunch_break,5530.0,5535.0
18260,S9,6,lunch_break,5535.0,5540.0
18261,S9,6,lunch_break,5540.0,5545.0
18262,S9,6,lunch_break,5545.0,5550.0
18263,S9,6,lunch_break,5550.0,5555.0
18264,S9,6,lunch_break,5555.0,5560.0
18265,S9,6,lunch_break,5560.0,5565.0
18266,S9,6,lunch_break,5565.0,5570.0
18267,S9,6,lunch_break,5570.0,5575.0
18268,S9,6,lunch_break,5575.0,5580.0
18269,S9,6,lunch_break,5580.0,5585.0
18270,S9,6,lunch_break,5585.0,5590.0
18271,S9,6,lunch_break,5590.0,5595.0
18272,S9,6,lunch_break,5595.0,5600.0
18273,S9,6,lunch_break,5600.0,5605.0
18274,S9,6,lunch_break,5605.0,5610.0
18275,S9,6,lunch_break,5610.0,5615.0
18276,S9,6,lunch_break,5615.0,5620.0
18277,S9,6,lunch_break,5620.0,5625.0
18278,S9,6,lunch_break,5625.0,5630.0
18279,S9,6,lunch_break,5630.0,5635.0
18280,S9,6,lunch_break,5635.0,5640.0
18281,S9,6,lunch_break,5640.0,5645.0
18282,S9,6,lunch_break,5645.0,5650.0
18283,S9,6,lunch_break,5650.0,5655.0
18284,S9,6,lunch_break,5655.0,5660.0
18285,S9,6,lunch_break,5660.0,5665.0
18286,S9,6,lunch_break,5665.0,5670.0
18287,S9,6,lunch_break,5670.0,5675.0
18288,S9,6,lunch_break,5675.0,5680.0
18289,S9,6,lunch_break,5680.0,5685.0
18290,S9,6,lunch_break,5685.0,5690.0
18291,S9,6,lunch_break,5690.0,5695.0
18292,S9,6,lunch_break,5695.0,5700.0
18293,S9,6,lunch_break,5700.0,5705.0
18294,S9,6,lunch_break,5705.0,5710.0
18295,S9,6,lunch_break,5710.0,5715.0
18296,S9,6,lunch_break,5715.0,5720.0
18297,S9,6,lunch_break,5720.0,5725.0
18298,S9,6,lunch_break,5725.0,5730.0
18299,S9,6,lunch_break,5730.0,5735.0
18300,S9,6,lunch_break,5735.0,5740.0
18301,S9,6,lunch_break,5740.0,5745.0
18302,S9,6,lunch_break,5745.0,5750.0
18303,S9,6,lunch_break,5750.0,5755.0
18304,S9,6,lunch_break,5755.0,5760.0
18305,S9,6,lunch_break,5760.0,5765.0
18306,S9,6,lunch_break,5765.0,5770.0
18307,S9,6,lunch_break,5770.0,5775.0
18308,S9,6,lunch_break,5775.0,5780.0
18309,S9,6,lunch_break,5780.0,5785.0
18310,S9,6,lunch_break,5785.0,5790.0
18311,S9,6,lunch_break,5790.0,5795.0
18312,S9,6,lunch_break,5795.0,5800.0
18313,S9,6,lunch_break,5800.0,5805.0
18314,S9,6,lunch_break,5805.0,5810.0
18315,S9,6,lunch_break,5810.0,5815.0
18316,S9,6,lunch_break,5815.0,5820.0
18317,S9,6,lunch_break,5820.0,5825.0
18318,S9,6,lunch_break,5825.0,5830.0
18319,S9,6,lunch_break,5830.0,5835.0
18320,S9,6,lunch_break,5835.0,5840.0
18321,S9,6,lunch_break,5840.0,5845.0
18322,S9,6,lunch_break,5845.0,5850.0
18323,S9,6,lunch_break,5850.0,5855.0
18324,S9,6,lunch_break,5855.0,5860.0
18325,S9,6,lunch_break,5860.0,5865.0
18326,S9,6,lunch_break,5865.0,5870.0
18327,S9,6,lunch_break,5870.0,5875.0
18328,S9,6,lunch_break,5875.0,5880.0
18329,S9,6,lunch_break,5880.0,5885.0
18330,S9,6,lunch_break,5885.0,5890.0
18331,S9,6,lunch_break,5890.0,5895.0
18332,S9,6,lunch_break,5895.0,5900.0
18333,S9,6,lunch_break,5900.0,5905.0
18334,S9,6,lunch_break,5905.0,5910.0
18335,S9,6,lunch_break,5910.0,5915.0
18336,S9,6,lunch_break,5915.0,5920.0
18337,S9,6,lunch_break,5920.0,5925.0
18338,S9,6,lunch_break,5925.0,5930.0
18339,S9,6,lunch_break,5930.0,5935.0
18340,S9,6,lunch_break,5935.0,5940.0
18341,S9,6,lunch_break,5940.0,5945.0
18342,S9,6,lunch_break,5945.0,5950.0
18343,S9,6,lunch_break,5950.0,5955.0
18344,S9,6,lunch_break,5955.0,5960.0
18345,S9,6,lunch_break,5960.0,5965.0
18346,S9,6,lunch_break,5965.0,5970.0
18347,S9,6,lunch_break,5970.0,5975.0
18348,S9,6,lunch_break,5975.0,5980.0
18349,S9,6,lunch_break,5980.0,5985.0
18350,S9,6,lunch_break,5985.0,5990.0
18351,S9,6,lunch_break,5990.0,5995.0
18352,S9,6,lunch_break,5995.0,6000.0
18353,S9,6,lunch_break,6000.0,6005.0
18354,S9,6,lunch_break,6005.0,6010.0
18355,S9,6,lunch_break,6010.0,6015.0
18356,S9,6,lunch_break,6015.0,6020.0
18357,S9,6,lunch_break,6020.0,6025.0
18358,S9,6,lunch_break,6025.0,6030.0
18359,S9,6,lunch_break,6030.0,6035.0
18360,S9,6,lunch_break,6035.0,6040.0
18361,S9,6,lunch_break,6040.0,6045.0
18362,S9,6,lunch_break,6045.0,6050.0
18363,S9,6,lunch_break,6050.0,6055.0
18364,S9,6,lunch_break,6055.0,6060.0
18365,S9,6,lunch_break,6060.0,6065.0
18366,S9,6,lunch_break,6065.0,6070.0
18367,S9,6,lunch_break,6070.0,6075.0
18368,S9,6,lunch_break,6075.0,6080.0
18369,S9,6,lunch_break,6080.0,6085.0
18370,S9,6,lunch_break,6085.0,6090.0
18371,S9,6,lunch_break,6090.0,6095.0
18372,S9,6,lunch_break,6095.0,6100.0
18373,S9,6,lunch_break,6100.0,6105.0
18374,S9,6,lunch_break,6105.0,6110.0
18375,S9,6,lunch_break,6110.0,6115.0
18376,S9,6,lunch_break,6115.0,6120.0
18377,S9,6,lunch_break,6120.0,6125.0
18378,S9,6,lunch_break,6125.0,6130.0
18379,S9,6,lunch_break,6130.0,6135.0
18380,S9,6,lunch_break,6135.0,6140.0
18381,S9,6,lunch_break,6140.0,6145.0
18382,S9,6,lunch_break,6145.0,6150.0
18383,S9,6,lunch_break,6150.0,6155.0
18384,S9,6,lunch_break,6155.0,6160.0
18385,S9,6,lunch_break,6160.0,6165.0
18386,S9,6,lunch_break,6165.0,6170.0
18387,S9,6,lunch_break,6170.0,6175.0
18388,S9,6,lunch_break,6175.0,6180.0
18389,S9,6,lunch_break,6180.0,6185.0
18390,S9,6,lunch_break,6185.0,6190.0
18391,S9,6,lunch_break,6190.0,6195.0
18392,S9,6,lunch_break,6195.0,6200.0
18393,S9,6,lunch_break,6200.0,6205.0
18394,S9,6,lunch_break,6205.0,6210.0
18395,S9,6,lunch_break,6210.0,6215.0
18396,S9,6,lunch_break,6215.0,6220.0
18397,S9,6,lunch_break,6220.0,6225.0
18398,S9,6,lunch_break,6225.0,6230.0
18399,S9,6,lunch_break,6230.0,6235.0
18400,S9,6,lunch_break,6235.0,6240.0
18401,S9,6,lunch_break,6240.0,6245.0
18402,S9,6,lunch_break,6245.0,6250.0
18403,S9,6,lunch_break,6250.0,6255.0
18404,S9,6,lunch_break,6255.0,6260.0
18405,S9,6,lunch_break,6260.0,6265.0
18406,S9,6,lunch_break,6265.0,6270.0
18407,S9,6,lunch_break,6270.0,6275.0
18408,S9,6,lunch_break,6275.0,6280.0
18409,S9,6,lunch_break,6280.0,6285.0
18410,S9,6,lunch_break,6285.0,6290.0
18411,S9,6,lunch_break,6290.0,6295.0
18412,S9,6,lunch_break,6295.0,6300.0
18413,S9,6,lunch_break,6300.0,6305.0
18414,S9,6,lunch_break,6305.0,6310.0
18415,S9,6,lunch_break,6310.0,6315.0
18416,S9,7,walking,6320.0,6325.0
18417,S9,7,walking,6325.0,6330.0
18418,S9,7,walking,6330.0,6335.0
18419,S9,7,walking,6335.0,6340.0
18420,S9,7,walking,6340.0,6345.0
18421,S9,7,walking,6345.0,6350.0
18422,S9,7,walking,6350.0,6355.0
18423,S9,7,walking,6355.0,6360.0
18424,S9,7,walking,6360.0,6365.0
18425,S9,7,walking,6365.0,6370.0
18426,S9,7,walking,6370.0,6375.0
18427,S9,7,walking,6375.0,6380.0
18428,S9,7,walking,6380.0,6385.0
18429,S9,7,walking,6385.0,6390.0
18430,S9,7,walking,6390.0,6395.0
18431,S9,7,walking,6395.0,6400.0
18432,S9,7,walking,6400.0,6405.0
18433,S9,7,walking,6405.0,6410.0
18434,S9,7,walking,6410.0,6415.0
18435,S9,7,walking,6415.0,6420.0
18436,S9,7,walking,6420.0,6425.0
18437,S9,7,walking,6425.0,6430.0
18438,S9,7,walking,6430.0,6435.0
18439,S9,7,walking,6435.0,6440.0
18440,S9,7,walking,6440.0,6445.0
18441,S9,7,walking,6445.0,6450.0
18442,S9,7,walking,6450.0,6455.0
18443,S9,7,walking,6455.0,6460.0
18444,S9,7,walking,6460.0,6465.0
18445,S9,7,walking,6465.0,6470.0
18446,S9,7,walking,6470.0,6475.0
18447,S9,7,walking,6475.0,6480.0
18448,S9,7,walking,6480.0,6485.0
18449,S9,7,walking,6485.0,6490.0
18450,S9,7,walking,6490.0,6495.0
18451,S9,7,walking,6495.0,6500.0
18452,S9,7,walking,6500.0,6505.0
18453,S9,7,walking,6505.0,6510.0
18454,S9,7,walking,6510.0,6515.0
18455,S9,7,walking,6515.0,6520.0
18456,S9,7,walking,6520.0,6525.0
18457,S9,7,walking,6525.0,6530.0
18458,S9,7,walking,6530.0,6535.0
18459,S9,7,walking,6535.0,6540.0
18460,S9,7,walking,6540.0,6545.0
18461,S9,7,walking,6545.0,6550.0
18462,S9,7,walking,6550.0,6555.0
18463,S9,7,walking,6555.0,6560.0
18464,S9,7,walking,6560.0,6565.0
18465,S9,7,walking,6565.0,6570.0
18466,S9,7,walking,6570.0,6575.0
18467,S9,7,walking,6575.0,6580.0
18468,S9,7,walking,6580.0,6585.0
18469,S9,7,walking,6585.0,6590.0
18470,S9,7,walking,6590.0,6595.0
18471,S9,7,walking,6595.0,6600.0
18472,S9,7,walking,6600.0,6605.0
18473,S9,7,walking,6605.0,6610.0
18474,S9,7,walking,6610.0,6615.0
18475,S9,7,walking,6615.0,6620.0
18476,S9,7,walking,6620.0,6625.0
18477,S9,7,walking,6625.0,6630.0
18478,S9,7,walking,6630.0,6635.0
18479,S9,7,walking,6635.0,6640.0
18480,S9,7,walking,6640.0,6645.0
18481,S9,7,walking,6645.0,6650.0
18482,S9,7,walking,6650.0,6655.0
18483,S9,7,walking,6655.0,6660.0
18484,S9,7,walking,6660.0,6665.0
18485,S9,7,walking,6665.0,6670.0
18486,S9,7,walking,6670.0,6675.0
18487,S9,7,walking,6675.0,6680.0
18488,S9,7,walking,6680.0,6685.0
18489,S9,7,walking,6685.0,6690.0
18490,S9,7,walking,6690.0,6695.0
18491,S9,7,walking,6695.0,6700.0
18492,S9,7,walking,6700.0,6705.0
18493,S9,7,walking,6705.0,6710.0
18494,S9,7,walking,6710.0,6715.0
18495,S9,7,walking,6715.0,6720.0
18496,S9,7,walking,6720.0,6725.0
18497,S9,7,walking,6725.0,6730.0
18498,S9,7,walking,6730.0,6735.0
18499,S9,7,walking,6735.0,6740.0
18500,S9,7,walking,6740.0,6745.0
18501,S9,7,walking,6745.0,6750.0
18502,S9,7,walking,6750.0,6755.0
18503,S9,7,walking,6755.0,6760.0
18504,S9,7,walking,6760.0,6765.0
18505,S9,7,walking,6765.0,6770.0
18506,S9,7,walking,6770.0,6775.0
18507,S9,7,walking,6775.0,6780.0
18508,S9,7,walking,6780.0,6785.0
18509,S9,7,walking,6785.0,6790.0
18510,S9,7,walking,6790.0,6795.0
18511,S9,7,walking,6795.0,6800.0
18512,S9,7,walking,6800.0,6805.0
18513,S9,7,walking,6805.0,6810.0
18514,S9,7,walking,6810.0,6815.0
18515,S9,7,walking,6815.0,6820.0
18516,S9,7,walking,6820.0,6825.0
18517,S9,7,walking,6825.0,6830.0
18518,S9,7,walking,6830.0,6835.0
18519,S9,7,walking,6835.0,6840.0
18520,S9,7,walking,6840.0,6845.0
18521,S9,7,walking,6845.0,6850.0
18522,S9,7,walking,6850.0,6855.0
18523,S9,7,walking,6855.0,6860.0
18524,S9,7,walking,6860.0,6865.0
18525,S9,7,walking,6865.0,6870.0
18526,S9,7,walking,6870.0,6875.0
18527,S9,7,walking,6875.0,6880.0
18528,S9,7,walking,6880.0,6885.0
18529,S9,7,walking,6885.0,6890.0
18530,S9,7,walking,6890.0,6895.0
18531,S9,7,walking,6895.0,6900.0
18532,S9,7,walking,6900.0,6905.0
18533,S9,8,working,7085.0,7090.0
18534,S9,8,working,7090.0,7095.0
18535,S9,8,working,7095.0,7100.0
18536,S9,8,working,7100.0,7105.0
18537,S9,8,working,7105.0,7110.0
18538,S9,8,working,7110.0,7115.0
18539,S9,8,working,7115.0,7120.0
18540,S9,8,working,7120.0,7125.0
18541,S9,8,working,7125.0,7130.0
18542,S9,8,working,7130.0,7135.0
18543,S9,8,working,7135.0,7140.0
18544,S9,8,working,7140.0,7145.0
18545,S9,8,working,7145.0,7150.0
18546,S9,8,working,7150.0,7155.0
18547,S9,8,working,7155.0,7160.0
18548,S9,8,working,7160.0,7165.0
18549,S9,8,working,7165.0,7170.0
18550,S9,8,working,7170.0,7175.0
18551,S9,8,working,7175.0,7180.0
18552,S9,8,working,7180.0,7185.0
18553,S9,8,working,7185.0,7190.0
18554,S9,8,working,7190.0,7195.0
18555,S9,8,working,7195.0,7200.0
18556,S9,8,working,7200.0,7205.0
18557,S9,8,working,7205.0,7210.0
18558,S9,8,working,7210.0,7215.0
18559,S9,8,working,7215.0,7220.0
18560,S9,8,working,7220.0,7225.0
18561,S9,8,working,7225.0,7230.0
18562,S9,8,working,7230.0,7235.0
18563,S9,8,working,7235.0,7240.0
18564,S9,8,working,7240.0,7245.0
18565,S9,8,working,7245.0,7250.0
18566,S9,8,working,7250.0,7255.0
18567,S9,8,working,7255.0,7260.0
18568,S9,8,working,7260.0,7265.0
18569,S9,8,working,7265.0,7270.0
18570,S9,8,working,7270.0,7275.0
18571,S9,8,working,7275.0,7280.0
18572,S9,8,working,7280.0,7285.0
18573,S9,8,working,7285.0,7290.0
18574,S9,8,working,7290.0,7295.0
18575,S9,8,working,7295.0,7300.0
18576,S9,8,working,7300.0,7305.0
18577,S9,8,working,7305.0,7310.0
18578,S9,8,working,7310.0,7315.0
18579,S9,8,working,7315.0,7320.0
18580,S9,8,working,7320.0,7325.0
18581,S9,8,working,7325.0,7330.0
18582,S9,8,working,7330.0,7335.0
18583,S9,8,working,7335.0,7340.0
18584,S9,8,working,7340.0,7345.0
18585,S9,8,working,7345.0,7350.0
18586,S9,8,working,7350.0,7355.0
18587,S9,8,working,7355.0,7360.0
18588,S9,8,working,7360.0,7365.0
18589,S9,8,working,7365.0,7370.0
18590,S9,8,working,7370.0,7375.0
18591,S9,8,working,7375.0,7380.0
18592,S9,8,working,7380.0,7385.0
18593,S9,8,working,7385.0,7390.0
18594,S9,8,working,7390.0,7395.0
18595,S9,8,working,7395.0,7400.0
18596,S9,8,working,7400.0,7405.0
18597,S9,8,working,7405.0,7410.0
18598,S9,8,working,7410.0,7415.0
18599,S9,8,working,7415.0,7420.0
18600,S9,8,working,7420.0,7425.0
18601,S9,8,working,7425.0,7430.0
18602,S9,8,working,7430.0,7435.0
18603,S9,8,working,7435.0,7440.0
18604,S9,8,working,7440.0,7445.0
18605,S9,8,working,7445.0,7450.0
18606,S9,8,working,7450.0,7455.0
18607,S9,8,working,7455.0,7460.0
18608,S9,8,working,7460.0,7465.0
18609,S9,8,working,7465.0,7470.0
18610,S9,8,working,7470.0,7475.0
18611,S9,8,working,7475.0,7480.0
18612,S9,8,working,7480.0,7485.0
18613,S9,8,working,7485.0,7490.0
18614,S9,8,working,7490.0,7495.0
18615,S9,8,working,7495.0,7500.0
18616,S9,8,working,7500.0,7505.0
18617,S9,8,working,7505.0,7510.0
18618,S9,8,working,7510.0,7515.0
18619,S9,8,working,7515.0,7520.0
18620,S9,8,working,7520.0,7525.0
18621,S9,8,working,7525.0,7530.0
18622,S9,8,working,7530.0,7535.0
18623,S9,8,working,7535.0,7540.0
18624,S9,8,working,7540.0,7545.0
18625,S9,8,working,7545.0,7550.0
18626,S9,8,working,7550.0,7555.0
18627,S9,8,working,7555.0,7560.0
18628,S9,8,working,7560.0,7565.0
18629,S9,8,working,7565.0,7570.0
18630,S9,8,working,7570.0,7575.0
18631,S9,8,working,7575.0,7580.0
18632,S9,8,working,7580.0,7585.0
18633,S9,8,working,7585.0,7590.0
18634,S9,8,working,7590.0,7595.0
18635,S9,8,working,7595.0,7600.0
18636,S9,8,working,7600.0,7605.0
18637,S9,8,working,7605.0,7610.0
18638,S9,8,working,7610.0,7615.0
18639,S9,8,working,7615.0,7620.0
18640,S9,8,working,7620.0,7625.0
18641,S9,8,working,7625.0,7630.0
18642,S9,8,working,7630.0,7635.0
18643,S9,8,working,7635.0,7640.0
18644,S9,8,working,7640.0,7645.0
18645,S9,8,working,7645.0,7650.0
18646,S9,8,working,7650.0,7655.0
18647,S9,8,working,7655.0,7660.0
18648,S9,8,working,7660.0,7665.0
18649,S9,8,working,7665.0,7670.0
18650,S9,8,working,7670.0,7675.0
18651,S9,8,working,7675.0,7680.0
18652,S9,8,working,7680.0,7685.0
18653,S9,8,working,7685.0,7690.0
18654,S9,8,working,7690.0,7695.0
18655,S9,8,working,7695.0,7700.0
18656,S9,8,working,7700.0,7705.0
18657,S9,8,working,7705.0,7710.0
18658,S9,8,working,7710.0,7715.0
18659,S9,8,working,7715.0,7720.0
18660,S9,8,working,7720.0,7725.0
18661,S9,8,working,7725.0,7730.0
18662,S9,8,working,7730.0,7735.0
18663,S9,8,working,7735.0,7740.0
18664,S9,8,working,7740.0,7745.0
18665,S9,8,working,7745.0,7750.0
18666,S9,8,working,7750.0,7755.0
18667,S9,8,working,7755.0,7760.0
18668,S9,8,working,7760.0,7765.0
18669,S9,8,working,7765.0,7770.0
18670,S9,8,working,7770.0,7775.0
18671,S9,8,working,7775.0,7780.0
18672,S9,8,working,7780.0,7785.0
18673,S9,8,working,7785.0,7790.0
18674,S9,8,working,7790.0,7795.0
18675,S9,8,working,7795.0,7800.0
18676,S9,8,working,7800.0,7805.0
18677,S9,8,working,7805.0,7810.0
18678,S9,8,working,7810.0,7815.0
18679,S9,8,working,7815.0,7820.0
18680,S9,8,working,7820.0,7825.0
18681,S9,8,working,7825.0,7830.0
18682,S9,8,working,7830.0,7835.0
18683,S9,8,working,7835.0,7840.0
18684,S9,8,working,7840.0,7845.0
18685,S9,8,working,7845.0,7850.0
18686,S9,8,working,7850.0,7855.0
18687,S9,8,working,7855.0,7860.0
18688,S9,8,working,7860.0,7865.0
18689,S9,8,working,7865.0,7870.0
18690,S9,8,working,7870.0,7875.0
18691,S9,8,working,7875.0,7880.0
18692,S9,8,working,7880.0,7885.0
18693,S9,8,working,7885.0,7890.0
18694,S9,8,working,7890.0,7895.0
18695,S9,8,working,7895.0,7900.0
18696,S9,8,working,7900.0,7905.0
18697,S9,8,working,7905.0,7910.0
18698,S9,8,working,7910.0,7915.0
18699,S9,8,working,7915.0,7920.0
18700,S9,8,working,7920.0,7925.0
18701,S9,8,working,7925.0,7930.0
18702,S9,8,working,7930.0,7935.0
18703,S9,8,working,7935.0,7940.0
18704,S9,8,working,7940.0,7945.0
18705,S9,8,working,7945.0,7950.0
18706,S9,8,working,7950.0,7955.0
18707,S9,8,working,7955.0,7960.0
18708,S9,8,working,7960.0,7965.0
18709,S9,8,working,7965.0,7970.0
18710,S9,8,working,7970.0,7975.0
18711,S9,8,working,7975.0,7980.0
18712,S9,8,working,7980.0,7985.0
18713,S9,8,working,7985.0,7990.0
18714,S9,8,working,7990.0,7995.0
18715,S9,8,working,7995.0,8000.0
18716,S9,8,working,8000.0,8005.0
18717,S9,8,working,8005.0,8010.0
18718,S9,8,working,8010.0,8015.0
18719,S9,8,working,8015.0,8020.0
18720,S9,8,working,8020.0,8025.0
18721,S9,8,working,8025.0,8030.0
18722,S9,8,working,8030.0,8035.0
18723,S9,8,working,8035.0,8040.0
18724,S9,8,working,8040.0,8045.0
18725,S9,8,working,8045.0,8050.0
18726,S9,8,working,8050.0,8055.0
18727,S9,8,working,8055.0,8060.0
18728,S9,8,working,8060.0,8065.0
18729,S9,8,working,8065.0,8070.0
18730,S9,8,working,8070.0,8075.0
18731,S9,8,working,8075.0,8080.0
18732,S9,8,working,8080.0,8085.0
18733,S9,8,working,8085.0,8090.0
18734,S9,8,working,8090.0,8095.0
18735,S9,8,working,8095.0,8100.0
18736,S9,8,working,8100.0,8105.0
18737,S9,8,working,8105.0,8110.0
18738,S9,8,working,8110.0,8115.0
18739,S9,8,working,8115.0,8120.0
18740,S9,8,working,8120.0,8125.0
18741,S9,8,working,8125.0,8130.0
18742,S9,8,working,8130.0,8135.0
18743,S9,8,working,8135.0,8140.0
18744,S9,8,working,8140.0,8145.0
18745,S9,8,working,8145.0,8150.0
18746,S9,8,working,8150.0,8155.0
18747,S9,8,working,8155.0,8160.0
18748,S9,8,working,8160.0,8165.0
18749,S9,8,working,8165.0,8170.0
18750,S9,8,working,8170.0,8175.0
18751,S9,8,working,8175.0,8180.0
18752,S9,8,working,8180.0,8185.0
18753,S9,8,working,8185.0,8190.0
18754,S9,8,working,8190.0,8195.0
18755,S9,8,working,8195.0,8200.0
18756,S9,8,working,8200.0,8205.0
18757,S9,8,working,8205.0,8210.0
18758,S9,8,working,8210.0,8215.0
18759,S9,8,working,8215.0,8220.0
18760,S9,8,working,8220.0,8225.0
18761,S9,8,working,8225.0,8230.0
18762,S9,8,working,8230.0,8235.0
18763,S9,8,working,8235.0,8240.0
18764,S9,8,working,8240.0,8245.0
18765,S9,8,working,8245.0,8250.0
18766,S9,8,working,8250.0,8255.0
18767,S9,8,working,8255.0,8260.0
18768,S9,8,working,8260.0,8265.0
18769,S9,8,working,8265.0,8270.0
18770,S9,8,working,8270.0,8275.0
18771,S9,8,working,8275.0,8280.0
18772,S9,8,working,8280.0,8285.0
18773,S9,8,working,8285.0,8290.0
18774,S9,8,working,8290.0,8295.0
18775,S9,8,working,8295.0,8300.0
18776,S9,8,working,8300.0,8305.0
18777,S9,8,working,8305.0,8310.0
18778,S9,8,working,8310.0,8315.0
18779,S9,8,working,8315.0,8320.0
18780,S9,8,working,8320.0,8325.0
