window_idx,subject_id,label,label_name,start_seconds,end_seconds,ecg_sqi,ppg_sqi,ppg_motion
0,S10,1,baseline,95.0,100.0,0.9529885390644547,0.9903072304439011,0.017623217374725397
1,S10,1,baseline,100.0,105.0,0.9651763574966018,0.9962099849484334,0.006890936457394094
2,S10,1,baseline,105.0,110.0,1.0,0.9857500246244619,0.025909046137341945
3,S10,1,baseline,110.0,115.0,0.9502234491987814,0.993385542852562,0.01202628572261462
4,S10,1,baseline,115.0,120.0,0.9543938438205326,0.9679885919197593,0.05820256014589232
5,S10,1,baseline,120.0,125.0,0.9806219947339399,0.9682501953591203,0.05772691752887247
6,S10,1,baseline,125.0,130.0,1.0,0.9951377588372969,0.008840438477642194
7,S10,1,baseline,130.0,135.0,1.0,0.9952267313349425,0.008678670300104763
8,S10,1,baseline,135.0,140.0,0.964275219327053,0.9848902130555837,0.0274723398989391
9,S10,1,baseline,140.0,145.0,1.0,0.9786999132344245,0.038727430482864755
10,S10,1,baseline,145.0,150.0,1.0,0.9820787471848247,0.03258409602759145
11,S10,1,baseline,150.0,155.0,0.9762472841691066,0.995657993678241,0.007894556948652851
12,S10,1,baseline,155.0,160.0,1.0,0.995159832717396,0.008800304150189297
13,S10,1,baseline,160.0,165.0,1.0,0.9842161299374872,0.02869794556820523
14,S10,1,baseline,165.0,170.0,0.9600714633989148,0.9702928363215964,0.05401302486982485
15,S10,1,baseline,170.0,175.0,0.9531317193892416,0.9836686848600122,0.029693300254523085
16,S10,1,baseline,175.0,180.0,0.9525797863995498,0.9861998247466957,0.025091227733280517
17,S10,1,baseline,180.0,185.0,0.9543594119556378,0.9975707122028266,0.004416886903951917
18,S10,1,baseline,185.0,190.0,1.0,0.9947920294870201,0.009469037296327391
19,S10,1,baseline,190.0,195.0,1.0,0.9777621543888269,0.04043244656576939
20,S10,1,baseline,195.0,200.0,0.9615754417747897,0.9802894052344713,0.03583744502823411
21,S10,1,baseline,200.0,205.0,0.9651703137070521,0.984166633830535,0.028787938489936465
22,S10,1,baseline,205.0,210.0,0.964429315049677,0.978411011997421,0.03925270545923454
23,S10,1,baseline,210.0,215.0,0.9553143285264126,0.9778657052641184,0.040244172247057654
24,S10,1,baseline,215.0,220.0,0.9829575159844451,0.9837731280288684,0.029503403583875765
25,S10,1,baseline,220.0,225.0,0.961510235474475,0.9952419736267308,0.008650957042307537
26,S10,1,baseline,225.0,230.0,1.0,0.9794970208598217,0.0372781438912335
27,S10,1,baseline,230.0,235.0,1.0,0.9886426687667964,0.020649693151279527
28,S10,1,baseline,235.0,240.0,0.9636345773575901,0.9784667168152568,0.039151423972260554
29,S10,1,baseline,240.0,245.0,1.0,0.9837360399176622,0.029570836513341418
30,S10,1,baseline,245.0,250.0,0.9663623288803999,0.9762713061771404,0.0431430796779265
31,S10,1,baseline,250.0,255.0,0.9563453005947118,0.9713625825726604,0.052068031686071964
32,S10,1,baseline,255.0,260.0,0.9608517983703269,0.9804047009500474,0.03562781645445938
33,S10,1,baseline,260.0,265.0,0.9542037790551499,0.9860687724515997,0.025329504633455176
34,S10,1,baseline,265.0,270.0,0.9627576282765777,0.9811584186489584,0.03425742063825744
35,S10,1,baseline,270.0,275.0,0.9712774716549007,0.9922079409421547,0.014167380105173247
36,S10,1,baseline,275.0,280.0,0.9539956207706405,0.9813731989027483,0.03386691108591236
37,S10,1,baseline,280.0,285.0,0.9751584785880866,0.9810565721602642,0.034442596072246916
38,S10,1,baseline,285.0,290.0,0.9774704433382896,0.9906141238041453,0.017065229447008824
39,S10,1,baseline,290.0,295.0,0.9484058559596479,0.9703726917617685,0.053867833160421034
40,S10,1,baseline,295.0,300.0,0.9815938022376689,0.9642500176127178,0.06499996797687695
41,S10,1,baseline,300.0,305.0,0.9723599495351765,0.992094641928609,0.014373378311620345
42,S10,1,baseline,305.0,310.0,0.9498801218413556,0.9897971240053045,0.018550683626719255
43,S10,1,baseline,310.0,315.0,0.9548066062408774,0.9844538265497169,0.0282657699096056
44,S10,1,baseline,315.0,320.0,0.9545183731949703,0.9895049157937124,0.019081971284159286
45,S10,1,baseline,320.0,325.0,0.9507815792053832,0.9837561071939616,0.029534350556433473
46,S10,1,baseline,325.0,330.0,0.9739362924782089,0.9794623421327235,0.03734119612232079
47,S10,1,baseline,330.0,335.0,0.9693839955425215,0.9891904942134704,0.019653646884599436
48,S10,1,baseline,335.0,340.0,0.95927284475913,0.9872728517475544,0.02314026954990116
49,S10,1,baseline,340.0,345.0,0.9570775506418745,0.9859737162778168,0.025502334040333304
50,S10,1,baseline,345.0,350.0,0.965640480189093,0.9671194172734021,0.05978287768472357
51,S10,1,baseline,350.0,355.0,0.957874309245953,0.9838827775955372,0.02930404073538701
52,S10,1,baseline,355.0,360.0,0.963580086415618,0.9940963563390655,0.01073389756533565
53,S10,1,baseline,360.0,365.0,0.9701486195157125,0.997627310355294,0.004313981172193043
54,S10,1,baseline,365.0,370.0,0.9604973178302572,0.9787572883958586,0.03862311200752977
55,S10,1,baseline,370.0,375.0,0.9533779780905629,0.9776138327313351,0.04070212230666383
56,S10,1,baseline,375.0,380.0,1.0,0.9819534755167467,0.03281186269682439
57,S10,1,baseline,380.0,385.0,0.9539827735040239,0.9836947407635781,0.029645925884403634
58,S10,1,baseline,385.0,390.0,0.953209207839057,0.9845194298715814,0.02814649114257948
59,S10,1,baseline,390.0,395.0,0.9719131298670908,0.9800613343350595,0.036252119390801134
60,S10,1,baseline,395.0,400.0,0.9910228576872666,0.9977915837388482,0.0040153022930034445
61,S10,1,baseline,400.0,405.0,1.0,0.9774911904781316,0.04092510822157908
62,S10,1,baseline,405.0,410.0,1.0,0.9714139443795617,0.05197464658261526
63,S10,1,baseline,410.0,415.0,0.9907617746078415,0.9942276652622106,0.010495154068707971
64,S10,1,baseline,415.0,420.0,0.9539389859316545,0.9811028927387577,0.03435837683862233
65,S10,1,baseline,420.0,425.0,0.9918918908477528,0.993294112376164,0.012192522952428946
66,S10,1,baseline,425.0,430.0,0.9510820139806354,0.9913341363293002,0.015756115764908606
67,S10,1,baseline,430.0,435.0,0.9506948847663207,0.9812393384012823,0.03411029381585039
68,S10,1,baseline,435.0,440.0,0.9529894808038792,0.9978734605974515,0.003866435277361011
69,S10,1,baseline,440.0,445.0,0.9688110816825272,0.984715616889833,0.027789787473031104
70,S10,1,baseline,445.0,450.0,1.0,0.9839065364759609,0.029260842770980428
71,S10,1,baseline,450.0,455.0,0.9484354783482288,0.9885247856402737,0.020864026108593395
72,S10,1,baseline,455.0,460.0,1.0,0.9927662355809137,0.013152298943793588
73,S10,1,baseline,460.0,465.0,0.953635459014328,0.9878135183515333,0.022157239360848766
74,S10,1,baseline,465.0,470.0,0.9515922302394886,0.9905595688822206,0.017164420214144327
75,S10,1,baseline,470.0,475.0,0.9722660530610002,0.9891426605412683,0.019740617197694262
76,S10,1,baseline,475.0,480.0,1.0,0.9890652212394797,0.019881415928218644
77,S10,1,baseline,480.0,485.0,1.0,0.9856048937434272,0.026172920466496125
78,S10,1,baseline,485.0,490.0,0.9634667307271735,0.9934856975018758,0.01184418636022604
79,S10,1,baseline,490.0,495.0,0.9634484546734374,0.932105255724405,0.12344498959199125
80,S10,1,baseline,495.0,500.0,1.0,0.92982873157831,0.1275841244030726
81,S10,1,baseline,500.0,505.0,0.9728376637199925,0.8494650441848891,0.2736999196638381
82,S10,1,baseline,505.0,510.0,0.9941034766020874,0.9495383607793668,0.09174843494660588
83,S10,1,baseline,510.0,515.0,1.0,0.9631281722944851,0.06703968673729988
84,S10,1,baseline,515.0,520.0,0.9676080009062888,0.9501952040468413,0.09055417446028852
85,S10,1,baseline,520.0,525.0,0.9525845176122395,0.9956707954717507,0.007871280960453201
86,S10,1,baseline,525.0,530.0,0.9688186404853186,0.9966028666055435,0.006176606171739069
87,S10,1,baseline,530.0,535.0,0.9748309574022059,0.9800925775226361,0.03619531359520722
88,S10,1,baseline,535.0,540.0,0.995592983164694,0.9867743665134681,0.0240466063391492
89,S10,1,baseline,540.0,545.0,0.9627970880527192,0.9832096535608648,0.03052790261660967
90,S10,1,baseline,545.0,550.0,0.9619079531257333,0.9790296746999485,0.03812786418191186
91,S10,1,baseline,550.0,555.0,0.9555637206680722,0.9700604156606532,0.05443560788972183
92,S10,1,baseline,555.0,560.0,0.9635247614299226,0.9841918778753695,0.028742040226600866
93,S10,1,baseline,560.0,565.0,0.9529945029409824,0.9861825585236395,0.025122620866110085
94,S10,1,baseline,565.0,570.0,0.9562753949161552,0.9822085559816078,0.032348080033440536
95,S10,1,baseline,570.0,575.0,0.9530068786610949,0.9804360069268763,0.0355708964965887
96,S10,1,baseline,575.0,580.0,1.0,0.9832630027556346,0.0304309040806645
97,S10,1,baseline,580.0,585.0,1.0,0.9827671351285989,0.031332481584365544
98,S10,1,baseline,585.0,590.0,1.0,0.9954533442796549,0.008266646764263898
99,S10,1,baseline,590.0,595.0,1.0,0.9912590266693773,0.015892678782950503
100,S10,1,baseline,595.0,600.0,0.9556526129131637,0.9864906096690551,0.02456252787444534
101,S10,1,baseline,600.0,605.0,0.9931462381678685,0.9850280012600139,0.027221815890884106
102,S10,1,baseline,605.0,610.0,0.954487472862252,0.9969938991826217,0.005465637849778668
103,S10,1,baseline,610.0,615.0,0.9791917964994079,0.9921624215753089,0.014250142590347755
104,S10,1,baseline,615.0,620.0,0.908,0.9852213497475018,0.02687027318636059
105,S10,1,baseline,620.0,625.0,0.908,0.9670909118199595,0.059834705781891935
106,S10,1,baseline,625.0,630.0,0.963567781476277,0.9809744977098962,0.03459182234564344
107,S10,1,baseline,630.0,635.0,0.9634492508454355,0.9936998056197068,0.011454898873260544
108,S10,1,baseline,635.0,640.0,0.968776363823448,0.9854079016347828,0.026531087936758596
109,S10,1,baseline,640.0,645.0,0.9692401587785675,0.9881125758517493,0.021613498451364982
110,S10,1,baseline,645.0,650.0,0.9800487020245708,0.9850379161026279,0.027203788904313023
111,S10,1,baseline,650.0,655.0,1.0,0.9800251175077899,0.03631796816765495
112,S10,1,baseline,655.0,660.0,0.9577580409311558,0.9945541300207563,0.009901581780443173
113,S10,1,baseline,660.0,665.0,0.959136525265287,0.9822770172485582,0.032223605002621634
114,S10,1,baseline,665.0,670.0,0.9496695592146654,0.9942653343348862,0.010426664845661574
115,S10,1,baseline,670.0,675.0,0.9621655430316954,0.9956552639796099,0.007899520037072973
116,S10,1,baseline,675.0,680.0,0.9588579591195578,0.9682929934403064,0.05764910283580679
117,S10,1,baseline,680.0,685.0,0.9534923891779741,0.9680094108406267,0.05816470756249684
118,S10,1,baseline,685.0,690.0,0.9575274845488453,0.9871982508240065,0.02327590759271555
119,S10,1,baseline,690.0,695.0,0.9693205828308332,0.9931605490327464,0.012435365395006644
120,S10,1,baseline,695.0,700.0,0.9796404560585823,0.9829403390751583,0.03101756531789428
121,S10,1,baseline,700.0,705.0,0.9915392672711811,0.9942883713989092,0.010384779274710664
122,S10,1,baseline,705.0,710.0,0.9515686924231535,0.9932928590595447,0.012194801709919096
123,S10,1,baseline,710.0,715.0,0.9563572815200148,0.9819011459318026,0.032907007396722567
124,S10,1,baseline,715.0,720.0,0.9838655600345978,0.9823457090930563,0.03209871073989752
125,S10,1,baseline,720.0,725.0,0.9549297181364904,0.98288087481916,0.03112568214698196
126,S10,1,baseline,725.0,730.0,0.9566995025999088,0.9798088694800555,0.036711146399899114
127,S10,1,baseline,730.0,735.0,0.9301073904956166,0.987307180341316,0.023077853924879956
128,S10,1,baseline,735.0,740.0,0.9675913118316193,0.9939728533245415,0.010958448500833736
129,S10,1,baseline,740.0,745.0,0.9721542957632443,0.9743267784577241,0.04667858462231974
130,S10,1,baseline,745.0,750.0,0.9595355361771516,0.9900946545819203,0.0180097189419632
131,S10,1,baseline,750.0,755.0,0.9600312133238538,0.9639784070473747,0.06549380536840983
132,S10,1,baseline,755.0,760.0,0.9577184964277534,0.9799197025608097,0.03650963170761856
133,S10,1,baseline,760.0,765.0,0.9522952079092519,0.9947177330489143,0.009604121729246814
134,S10,1,baseline,765.0,770.0,0.9937975197247447,0.9906946263514065,0.016918861179260957
135,S10,1,baseline,770.0,775.0,0.9853440289331348,0.9804802150406908,0.03549051810783501
136,S10,1,baseline,775.0,780.0,1.0,0.994983107804138,0.00912162217429485
137,S10,1,baseline,780.0,785.0,0.9714566552068208,0.9948072968722308,0.009441278414126147
138,S10,1,baseline,785.0,790.0,0.9964700924985379,0.9943569300468693,0.01026012718751042
139,S10,1,baseline,790.0,795.0,1.0,0.9877212216927367,0.022325051467751548
140,S10,1,baseline,795.0,800.0,0.9532326652165507,0.986042643801625,0.025377011269773025
141,S10,1,baseline,800.0,805.0,0.9541397724478466,0.9774789791418217,0.04094731065123323
142,S10,1,baseline,805.0,810.0,0.9496845700545068,0.9586689088064266,0.07514743853377
143,S10,1,baseline,810.0,815.0,1.0,0.9976346001667926,0.004300726969468227
144,S10,1,baseline,815.0,820.0,1.0,0.99326850351467,0.01223908451878173
145,S10,1,baseline,820.0,825.0,0.9701141983015242,0.9952001513471276,0.008726997550677235
146,S10,1,baseline,825.0,830.0,0.9552356574430964,0.9866846028693874,0.0242098129647503
147,S10,1,baseline,830.0,835.0,0.9573590246231918,0.974236675025062,0.046842409045341836
148,S10,1,baseline,835.0,840.0,0.9927022627157833,0.9848611034869326,0.027525266387395407
149,S10,1,baseline,840.0,845.0,0.958127105394264,0.9935197894257783,0.011782201044039367
150,S10,1,baseline,845.0,850.0,0.962928486116682,0.983474446655423,0.030046460626503582
151,S10,1,baseline,850.0,855.0,0.9566825753820168,0.9555059512712716,0.08089827041587003
152,S10,1,baseline,855.0,860.0,0.9554191940599825,0.9749768926097953,0.04549655889128141
153,S10,1,baseline,860.0,865.0,0.9505790944732116,0.994487314778864,0.010023064038429086
154,S10,1,baseline,865.0,870.0,0.949627686629461,0.9977943307252235,0.004010307772320782
155,S10,1,baseline,870.0,875.0,0.9532176320622027,0.9956535807097207,0.00790258052778092
156,S10,1,baseline,875.0,880.0,0.9512336794235604,0.9792052707820003,0.037808598578181474
157,S10,1,baseline,880.0,885.0,0.9530925579574254,0.9975443800464041,0.0044647635519923816
158,S10,1,baseline,885.0,890.0,0.9496294024627759,0.9797667380770643,0.03678774895079248
159,S10,1,baseline,890.0,895.0,0.9591877308874653,0.9957047987855472,0.007809456753550823
160,S10,1,baseline,895.0,900.0,0.9501432315311953,0.997413579594759,0.00470258255498393
161,S10,1,baseline,900.0,905.0,0.9522513458267197,0.9722474938781571,0.05045910203971457
162,S10,1,baseline,905.0,910.0,0.9507465803842164,0.9811660133346736,0.03424361211877531
163,S10,1,baseline,910.0,915.0,0.9476241659893438,0.9826386879050755,0.03156602199077213
164,S10,1,baseline,915.0,920.0,0.9472133022452289,0.9714382199633198,0.05193050915760049
165,S10,1,baseline,920.0,925.0,0.9675414943402356,0.9770157897541816,0.04178947317421532
166,S10,1,baseline,925.0,930.0,0.9546318457484804,0.9927396122844463,0.013200704937370415
167,S10,1,baseline,930.0,935.0,0.9532211903542258,0.9930843342149094,0.012573937791074
168,S10,1,baseline,935.0,940.0,0.9484678075785418,0.9726563199669405,0.049715781878290025
169,S10,1,baseline,940.0,945.0,0.9542648749057767,0.9934434220377328,0.011921050840485987
170,S10,1,baseline,945.0,950.0,0.9319999999999999,0.9978186389093775,0.003966111073859403
171,S10,1,baseline,950.0,955.0,1.0,0.9837261118466181,0.029588887551603462
172,S10,1,baseline,955.0,960.0,1.0,0.9722770170606669,0.050405423526060145
173,S10,1,baseline,960.0,965.0,0.9639184909384563,0.9784703278855156,0.03914485838997197
174,S10,1,baseline,965.0,970.0,0.9574642707391541,0.9544802813535083,0.08276312481180312
175,S10,1,baseline,970.0,975.0,0.9573111642688471,0.9820904723428028,0.03256277755854042
176,S10,1,baseline,975.0,980.0,0.9563200557659919,0.9822539883635735,0.03226547570259396
177,S10,1,baseline,980.0,985.0,0.956638675915295,0.9791236394576319,0.03795701916794189
178,S10,1,baseline,985.0,990.0,1.0,0.981123255660483,0.0343213533445763
179,S10,1,baseline,990.0,995.0,1.0,0.9549665699182328,0.08187896378503148
180,S10,1,baseline,995.0,1000.0,0.9700317050727483,0.9642526313735016,0.06499521568454282
181,S10,1,baseline,1000.0,1005.0,0.9650058612095155,0.9906522767500137,0.01699586045452071
182,S10,1,baseline,1005.0,1010.0,0.9712454237088787,0.9833268591045732,0.03031480162804895
183,S10,1,baseline,1010.0,1015.0,0.9633814138905236,0.9748353577752145,0.0457538949541556
184,S10,1,baseline,1015.0,1020.0,1.0,0.9804073134234106,0.035623066502890086
185,S10,1,baseline,1020.0,1025.0,1.0,0.9730472642653858,0.049004974062934935
186,S10,1,baseline,1025.0,1030.0,0.9650934803033229,0.9749997566061721,0.04545498798877791
187,S10,1,baseline,1030.0,1035.0,0.963014329977659,0.978730114628996,0.03867251885637129
188,S10,1,baseline,1035.0,1040.0,0.959018190689195,0.9801802629897642,0.036035885473156226
189,S10,1,baseline,1040.0,1045.0,0.9587237412411416,0.970531709470795,0.053578710053099936
190,S10,1,baseline,1045.0,1050.0,0.9581463941896036,0.9897905925165396,0.018562559060837407
191,S10,1,baseline,1050.0,1055.0,0.9624280361447078,0.9725960431467824,0.049825376096759556
192,S10,1,baseline,1055.0,1060.0,0.9707126687658739,0.9678837281784913,0.05839322149365235
193,S10,1,baseline,1060.0,1065.0,0.908,0.9832838478170112,0.030393003969070805
194,S10,1,baseline,1065.0,1070.0,1.0,0.986350904921633,0.024816536506121766
195,S10,1,baseline,1070.0,1075.0,1.0,0.9841166702983895,0.02887878127565547
196,S10,1,baseline,1075.0,1080.0,1.0,0.9883114324957003,0.021251940916908643
197,S10,1,baseline,1080.0,1085.0,0.9571339058601468,0.9832937387602383,0.0303750204359305
198,S10,1,baseline,1085.0,1090.0,0.999914659851187,0.9870823665946884,0.023486606191475724
199,S10,1,baseline,1090.0,1095.0,0.9591066557294788,0.9806392070859389,0.03520144166192925
200,S10,1,baseline,1095.0,1100.0,1.0,0.9885357031794804,0.02084417603730849
201,S10,1,baseline,1100.0,1105.0,0.9683035634015278,0.9832087549007948,0.030529536544009524
202,S10,1,baseline,1105.0,1110.0,0.9581679827906866,0.9903754915844742,0.017499106210046904
203,S10,1,baseline,1110.0,1115.0,0.9665561476604417,0.987513431128151,0.022702852494270793
204,S10,1,baseline,1115.0,1120.0,1.0,0.9876449909086753,0.02246365289331777
205,S10,1,baseline,1120.0,1125.0,0.9641716471309586,0.9924781504737634,0.013676090047703019
206,S10,1,baseline,1125.0,1130.0,1.0,0.988870150877841,0.020236089313016337
207,S10,1,baseline,1130.0,1135.0,1.0,0.9956541511049131,0.007901543445612912
208,S10,1,baseline,1135.0,1140.0,1.0,0.9827588044416591,0.031347628287892546
209,S10,1,baseline,1140.0,1145.0,1.0,0.9855272036755005,0.026314175135453675
210,S10,1,baseline,1145.0,1150.0,1.0,0.9840551098550177,0.028990709354513405
211,S10,1,baseline,1150.0,1155.0,0.9519919988851131,0.9914060167844381,0.015625424028294383
212,S10,1,baseline,1155.0,1160.0,0.9488990223475461,0.9745761747549158,0.046225136809244206
213,S10,1,baseline,1160.0,1165.0,0.966984005810356,0.9702274304906828,0.0541319445623948
214,S10,1,baseline,1165.0,1170.0,0.988379240471941,0.9765430744640831,0.0426489555198493
215,S10,1,baseline,1170.0,1175.0,0.9594355621785764,0.9814199170103923,0.033781969072014174
216,S10,1,baseline,1175.0,1180.0,0.9553709959200134,0.9950656298013754,0.008971582179317518
217,S10,1,baseline,1180.0,1185.0,0.9605995980965872,0.9940021724239478,0.010905141047367813
218,S10,1,baseline,1185.0,1190.0,0.9533601953935752,0.9959789211836516,0.007311052393360645
219,S10,1,baseline,1190.0,1195.0,0.9470279618627052,0.9859457957163036,0.025553098697629926
220,S10,1,baseline,1195.0,1200.0,0.9554372935160693,0.9647623061212027,0.06406853432508619
221,S10,1,baseline,1200.0,1205.0,0.9501227049063685,0.9977137651316912,0.004156790669652491
222,S10,1,baseline,1205.0,1210.0,0.9510719131513751,0.9590308209319061,0.07448941648744381
223,S10,1,baseline,1210.0,1215.0,0.9498073799525885,0.9787161608434747,0.03869788937550063
224,S10,1,baseline,1215.0,1220.0,0.9884395028910888,0.963025466051002,0.06722642536181443
225,S10,1,baseline,1220.0,1225.0,0.9463433775988683,0.9963647749726516,0.006609500049724466
226,S10,1,baseline,1225.0,1230.0,0.9487187142247755,0.9874853565114883,0.022753897251839624
227,S10,1,baseline,1230.0,1235.0,0.9546507526289203,0.9845441102461272,0.02810161773431418
228,S10,1,baseline,1235.0,1240.0,0.9491320457957998,0.9755721862303663,0.044414206853879507
229,S10,1,baseline,1240.0,1245.0,0.961835968443556,0.9964112880929878,0.0065249307400220705
230,S10,1,baseline,1245.0,1250.0,0.9518194844935695,0.9781608694540267,0.03970751008358786
231,S10,1,baseline,1250.0,1255.0,0.9636760988212822,0.9898038613598907,0.01853843389110803
232,S10,1,baseline,1255.0,1260.0,0.9577298734760329,0.9826295780924068,0.03158258528653331
233,S10,1,baseline,1260.0,1265.0,0.9642286472837208,0.9861060291508075,0.02526176518034997
234,S10,1,baseline,1265.0,1270.0,0.9872303201754068,0.9875543073718092,0.022628532051256332
235,S10,3,amusement,1600.0,1605.0,0.9450477688179635,0.996832653935438,0.005758811026476603
236,S10,3,amusement,1605.0,1610.0,0.9716927519273333,0.9975348394359795,0.004482110116401074
237,S10,3,amusement,1610.0,1615.0,0.9488704811282686,0.9924189799530985,0.013783672812548416
238,S10,3,amusement,1615.0,1620.0,0.9433274900279605,0.993807415154526,0.011259245173589089
239,S10,3,amusement,1620.0,1625.0,0.9504144368785455,0.994532643603101,0.009940647994361897
240,S10,3,amusement,1625.0,1630.0,0.9518800765158062,0.9871726584412237,0.023322439197774995
241,S10,3,amusement,1630.0,1635.0,0.9524910997989509,0.9922613423353088,0.014070286663074914
242,S10,3,amusement,1635.0,1640.0,0.9373420366895635,0.9955796313638823,0.00803703388385061
243,S10,3,amusement,1640.0,1645.0,0.9506849824700359,0.988547882551642,0.020822031724287187
244,S10,3,amusement,1645.0,1650.0,0.9468190738984266,0.9929114894243714,0.01288820104659765
245,S10,3,amusement,1650.0,1655.0,0.9415557693277368,0.9937139439509308,0.011429192816489306
246,S10,3,amusement,1655.0,1660.0,0.9401963368478946,0.9967136407956216,0.005975198553415246
247,S10,3,amusement,1660.0,1665.0,0.9720595501126749,0.9923505529683698,0.013908085512054831
248,S10,3,amusement,1665.0,1670.0,0.9456952071397612,0.9955057353059631,0.008171390352794307
249,S10,3,amusement,1670.0,1675.0,0.9423302712151105,0.9866256607760537,0.024316980407175167
250,S10,3,amusement,1675.0,1680.0,1.0,0.9916715822822322,0.015142577668668777
251,S10,3,amusement,1680.0,1685.0,1.0,0.9846988768924672,0.027820223831877936
252,S10,3,amusement,1685.0,1690.0,0.948816419949837,0.9882137015989865,0.021429633456388188
253,S10,3,amusement,1690.0,1695.0,1.0,0.9858085660713751,0.025802607142954584
254,S10,3,amusement,1695.0,1700.0,1.0,0.9942308764945182,0.010489315464512386
255,S10,3,amusement,1700.0,1705.0,0.9444369918237642,0.9921382661413429,0.01429406156119456
256,S10,3,amusement,1705.0,1710.0,0.9438238323441707,0.9912000935478642,0.01599982991297424
257,S10,3,amusement,1710.0,1715.0,0.9407594187524657,0.9861753067436225,0.025135805920686455
258,S10,3,amusement,1715.0,1720.0,0.9402332099432561,0.9896084649616432,0.018893700069739627
259,S10,3,amusement,1720.0,1725.0,0.9432250146553449,0.9883687997916839,0.021147636742393217
260,S10,3,amusement,1725.0,1730.0,0.9404320255848818,0.9940919630177247,0.010741885422318706
261,S10,3,amusement,1730.0,1735.0,0.947605032023071,0.9953708487950448,0.008416638554464046
262,S10,3,amusement,1735.0,1740.0,0.9410245274249663,0.9901173623754027,0.017968432044722496
263,S10,3,amusement,1740.0,1745.0,0.9457042940530377,0.9839155141401497,0.029244519745182593
264,S10,3,amusement,1745.0,1750.0,0.9462794862331969,0.9935268774008414,0.011769313816652156
265,S10,3,amusement,1750.0,1755.0,0.9430052176894792,0.983754175343188,0.02953786301238548
266,S10,3,amusement,1755.0,1760.0,0.9773596141494699,0.9843796223939978,0.028400686556367703
267,S10,3,amusement,1760.0,1765.0,0.9571207039230566,0.9881064757602722,0.02162458952677779
268,S10,3,amusement,1765.0,1770.0,0.973587010743242,0.9896097720005728,0.01889132363532224
269,S10,3,amusement,1770.0,1775.0,0.9941298439099968,0.9765855129441383,0.042571794647021495
270,S10,3,amusement,1775.0,1780.0,0.9438108189864131,0.9845104059230287,0.02816289832176619
271,S10,3,amusement,1780.0,1785.0,0.9492424093699708,0.9839805644824937,0.029126246395466047
272,S10,3,amusement,1785.0,1790.0,0.9765817176251816,0.9893157305561104,0.019425944443435574
273,S10,3,amusement,1790.0,1795.0,1.0,0.9879976350279889,0.021822481767292977
274,S10,3,amusement,1795.0,1800.0,0.9560374124068928,0.9956802081604532,0.007854166980994231
275,S10,3,amusement,1800.0,1805.0,0.9518124577842939,0.9952218481075612,0.008687548895343422
276,S10,3,amusement,1805.0,1810.0,1.0,0.9834839334029459,0.030029211994643843
277,S10,3,amusement,1810.0,1815.0,1.0,0.992123136551782,0.01432156990585105
278,S10,3,amusement,1815.0,1820.0,1.0,0.995139370279936,0.008837508581934642
279,S10,3,amusement,1820.0,1825.0,0.9421329440371731,0.9931664625550523,0.01242461353626856
280,S10,3,amusement,1825.0,1830.0,0.9340248063139168,0.9923981060759748,0.0138216253164095
281,S10,3,amusement,1830.0,1835.0,0.9538875099527481,0.9863946012248495,0.024737088682091922
282,S10,3,amusement,1835.0,1840.0,0.933614311641911,0.99330938309582,0.012164758007600054
283,S10,3,amusement,1840.0,1845.0,0.9442006000370976,0.9688527014164554,0.056631451970081056
284,S10,3,amusement,1845.0,1850.0,0.9354172590523434,0.9897112541095987,0.01870681070982067
285,S10,3,amusement,1850.0,1855.0,0.9921601237667002,0.9838899289223142,0.029291038323065142
286,S10,3,amusement,1855.0,1860.0,1.0,0.9931545263706001,0.012446315689818065
287,S10,3,amusement,1860.0,1865.0,0.9375862468449938,0.9821713519213568,0.03241572377935132
288,S10,3,amusement,1865.0,1870.0,0.9444902758823868,0.993898745198317,0.01109319054851457
289,S10,3,amusement,1870.0,1875.0,0.9423212997498364,0.9819146548148454,0.03288244579119039
290,S10,3,amusement,1875.0,1880.0,0.954474116992774,0.9925513965593291,0.013542915346674587
291,S10,3,amusement,1880.0,1885.0,0.9546061569604163,0.9810584332359749,0.03443921229822751
292,S10,3,amusement,1885.0,1890.0,1.0,0.9932339538885331,0.012301902020848975
293,S10,3,amusement,1890.0,1895.0,1.0,0.9965447556072347,0.006282262532300561
294,S10,3,amusement,1895.0,1900.0,1.0,0.9904060575829687,0.017443531667329683
295,S10,3,amusement,1900.0,1905.0,1.0,0.9919882322816638,0.014566850396975238
296,S10,3,amusement,1905.0,1910.0,1.0,0.9953543800552007,0.008446581717817134
297,S10,3,amusement,1910.0,1915.0,0.939199341261184,0.9939526746136149,0.010995137066154834
298,S10,3,amusement,1915.0,1920.0,0.9400136374355008,0.9907431760488437,0.016830589002102426
299,S10,3,amusement,1920.0,1925.0,0.9379037537976873,0.990440508760329,0.017380893163038216
300,S10,3,amusement,1925.0,1930.0,0.937253402184104,0.9922342318046113,0.014119578537070228
301,S10,3,amusement,1930.0,1935.0,0.9383491361865399,0.9941038226532777,0.010720322448585983
302,S10,3,amusement,1935.0,1940.0,0.9508244549831248,0.9926943175138239,0.013283059065774962
303,S10,3,amusement,1940.0,1945.0,0.9626911320287469,0.9888224441691003,0.020322828783454313
304,S10,3,amusement,1945.0,1950.0,1.0,0.9866542347819511,0.02426502766917966
305,S10,3,amusement,1950.0,1955.0,0.975874508997041,0.9721090318239618,0.05071085122916054
306,S10,3,amusement,1955.0,1960.0,0.944916120364857,0.9875036677394182,0.022720604110149
307,S10,3,amusement,1960.0,1965.0,0.9448757033589767,0.98739840359903,0.02291199345630911
308,S10,2,stress,3195.0,3200.0,0.9748205616123483,0.9911266337344318,0.01613339321012429
309,S10,2,stress,3200.0,3205.0,0.9779682877908588,0.9958872482617382,0.007477730433203076
310,S10,2,stress,3205.0,3210.0,0.9707292485297251,0.9959611490720248,0.007343365323591403
311,S10,2,stress,3210.0,3215.0,0.997960104420551,0.9940861433114929,0.010752466706376694
312,S10,2,stress,3215.0,3220.0,0.9859051205982041,0.8784102661354312,0.22107224339012535
313,S10,2,stress,3220.0,3225.0,1.0,0.9660297683313541,0.061764057579356484
314,S10,2,stress,3225.0,3230.0,1.0,0.9052058002896897,0.17235309038238242
315,S10,2,stress,3230.0,3235.0,1.0,0.9893658984910503,0.019334730016272405
316,S10,2,stress,3235.0,3240.0,0.9674317210608405,0.9589939835960009,0.07455639346181651
317,S10,2,stress,3240.0,3245.0,1.0,0.9847027003775692,0.02781327204078327
318,S10,2,stress,3245.0,3250.0,1.0,0.9595924333919126,0.07346830292379561
319,S10,2,stress,3250.0,3255.0,1.0,0.9729876058459175,0.04911344391651397
320,S10,2,stress,3255.0,3260.0,0.9653714905976545,0.9832129522871098,0.0305219049325278
321,S10,2,stress,3260.0,3265.0,0.969945909250865,0.9749962148402302,0.045461427563217686
322,S10,2,stress,3265.0,3270.0,0.9649276087071884,0.9426419766429592,0.10428731519461974
323,S10,2,stress,3270.0,3275.0,0.9593314308913874,0.9850428005081138,0.02719490816706613
324,S10,2,stress,3275.0,3280.0,0.9748761513829992,0.993952067707174,0.010996240532411076
325,S10,2,stress,3280.0,3285.0,0.9678563547274294,0.9957575174117352,0.007713604705936031
326,S10,2,stress,3285.0,3290.0,0.9565963029424436,0.9822106237719261,0.032344320414679925
327,S10,2,stress,3290.0,3295.0,0.9666387106633958,0.985683036851936,0.026030842087388904
328,S10,2,stress,3295.0,3300.0,0.959988822845043,0.9935879138823003,0.011658338395817699
329,S10,2,stress,3300.0,3305.0,0.9684690393723326,0.953616921295698,0.08433287037145835
330,S10,2,stress,3305.0,3310.0,0.9910304730770116,0.9901350899508732,0.017936200089321383
331,S10,2,stress,3310.0,3315.0,1.0,0.989698107487536,0.018730713659025608
332,S10,2,stress,3315.0,3320.0,1.0,0.9934070902278662,0.011987108676606975
333,S10,2,stress,3320.0,3325.0,0.969383309454118,0.9778283121974658,0.04031215964097132
334,S10,2,stress,3325.0,3330.0,0.9901562585224002,0.957172271076812,0.07786859804216019
335,S10,2,stress,3330.0,3335.0,1.0,0.9923175314346069,0.013968124664351286
336,S10,2,stress,3335.0,3340.0,0.9798133181384842,0.9893411973000332,0.019379641272666854
337,S10,2,stress,3340.0,3345.0,1.0,0.9893625771962751,0.01934076873404523
338,S10,2,stress,3345.0,3350.0,0.984565770307143,0.9970311801081995,0.005397854348728528
339,S10,2,stress,3350.0,3355.0,0.9711200852592083,0.9703439833458092,0.05392003028034683
340,S10,2,stress,3355.0,3360.0,0.9757841943722323,0.9845922850238478,0.028014027229367734
341,S10,2,stress,3360.0,3365.0,0.9825924699506693,0.9908411213354769,0.016652506662769476
342,S10,2,stress,3365.0,3370.0,0.9918428426328348,0.9844002610192737,0.028363161783138854
343,S10,2,stress,3370.0,3375.0,0.9787351824065826,0.9959930787680473,0.007285311330823065
344,S10,2,stress,3375.0,3380.0,0.9706015167564798,0.9933478867655974,0.012094751335277503
345,S10,2,stress,3380.0,3385.0,0.9637610000449546,0.9889113512244849,0.02016117959184573
346,S10,2,stress,3385.0,3390.0,0.9643851924174137,0.9823006936900778,0.03218055692713156
347,S10,2,stress,3390.0,3395.0,0.964368912510194,0.9951443436938416,0.008828466011197293
348,S10,2,stress,3395.0,3400.0,0.9635525824165037,0.9921198373411539,0.014327568470629165
349,S10,2,stress,3400.0,3405.0,0.908,0.9882750161122824,0.021318152523122965
350,S10,2,stress,3405.0,3410.0,1.0,0.9938456218682199,0.011189778421418573
351,S10,2,stress,3410.0,3415.0,0.9638122310281816,0.9922844281319323,0.014028312487395842
352,S10,2,stress,3415.0,3420.0,1.0,0.9879504202990237,0.021908326729047904
353,S10,2,stress,3420.0,3425.0,0.9598572702842965,0.9967217896746461,0.005960382409734468
354,S10,2,stress,3425.0,3430.0,0.9584790309725431,0.9947758020290498,0.009498541765363954
355,S10,2,stress,3430.0,3435.0,0.9724905266056071,0.9875851100937845,0.0225725271022103
356,S10,2,stress,3435.0,3440.0,1.0,0.9906778089673816,0.016949438241124402
357,S10,2,stress,3440.0,3445.0,0.9746460379944426,0.9905200497037077,0.017236273265986143
358,S10,2,stress,3445.0,3450.0,0.97094504794784,0.9950616038991693,0.008978902001510523
359,S10,2,stress,3450.0,3455.0,0.9807137711311945,0.9935040466301261,0.011810824308861441
360,S10,2,stress,3455.0,3460.0,1.0,0.9956442861968093,0.007919479642164998
361,S10,2,stress,3460.0,3465.0,0.908,0.9880688559299875,0.021692989218204565
362,S10,2,stress,3465.0,3470.0,0.9319999999999999,0.984388417723814,0.028384695047610826
363,S10,2,stress,3470.0,3475.0,1.0,0.968953369391568,0.05644841928805817
364,S10,2,stress,3475.0,3480.0,0.959462635512123,0.9922837137938005,0.014029611283998962
365,S10,2,stress,3480.0,3485.0,0.9550780331121311,0.9909348234673072,0.01648213915035059
366,S10,2,stress,3485.0,3490.0,0.9530215065292079,0.9935831408926186,0.011667016558875627
367,S10,2,stress,3490.0,3495.0,0.9631413847462068,0.9915407932856453,0.015380375844281303
368,S10,2,stress,3495.0,3500.0,1.0,0.9907840368028613,0.016756296722070275
369,S10,2,stress,3500.0,3505.0,1.0,0.9871926299662699,0.023286127334055003
370,S10,2,stress,3505.0,3510.0,0.9617286004853741,0.9821631979276575,0.03243054922244108
371,S10,2,stress,3510.0,3515.0,1.0,0.9946619257639275,0.009705589520131891
372,S10,2,stress,3515.0,3520.0,1.0,0.9947018657690108,0.009632971329071578
373,S10,2,stress,3520.0,3525.0,0.9683028085519686,0.956961310968405,0.07825216187562734
374,S10,2,stress,3525.0,3530.0,0.9818671960808947,0.987108365817084,0.02343933487802896
375,S10,2,stress,3530.0,3535.0,0.9677144260487183,0.9935064393868185,0.011806473842148245
376,S10,2,stress,3535.0,3540.0,0.9692197796696034,0.9363703649026309,0.11569024563158033
377,S10,2,stress,3540.0,3545.0,1.0,0.9025359958840284,0.17720728021085755
378,S10,2,stress,3545.0,3550.0,0.9938012978114866,0.9676787174933548,0.058765968193900425
379,S10,2,stress,3550.0,3555.0,1.0,0.9817600806426112,0.03316348974070703
380,S10,2,stress,3555.0,3560.0,1.0,0.9922334014404857,0.014121088290026163
381,S10,2,stress,3560.0,3565.0,0.9532698433213953,0.9877541648287518,0.02226515485681516
382,S10,2,stress,3565.0,3570.0,0.982066004467425,0.9900178830934196,0.0181493034665097
383,S10,2,stress,3570.0,3575.0,0.9485041414139483,0.9926347986567896,0.013391275169473535
384,S10,2,stress,3575.0,3580.0,0.9586275193408138,0.9934199614162706,0.011963706515871798
385,S10,2,stress,3580.0,3585.0,0.9618023869415411,0.9897626245083786,0.01861340998476627
386,S10,2,stress,3585.0,3590.0,0.9722468568839008,0.9900450871880524,0.018099841476268547
387,S10,2,stress,3590.0,3595.0,0.9755366876926703,0.9826498054139419,0.03154580833828756
388,S10,2,stress,3595.0,3600.0,0.9806732068496917,0.99015806285273,0.017894431176854523
389,S10,2,stress,3600.0,3605.0,0.9796164668735796,0.9896308494040411,0.01885300108356167
390,S10,2,stress,3605.0,3610.0,0.9691010592213276,0.9947370193992937,0.009569055637647829
391,S10,2,stress,3610.0,3615.0,0.9793813080521917,0.9769530356220457,0.041903571596280456
392,S10,2,stress,3615.0,3620.0,0.9716449016868467,0.9931229100712167,0.012503799870515277
393,S10,2,stress,3620.0,3625.0,1.0,0.9852304867942527,0.02685366037408602
394,S10,2,stress,3625.0,3630.0,1.0,0.9415020595227819,0.10635989177676046
395,S10,2,stress,3630.0,3635.0,0.9810394230179104,0.9740446684190496,0.04719151196536468
396,S10,2,stress,3635.0,3640.0,0.9682556439126655,0.9872353081579204,0.023208530621962875
397,S10,2,stress,3640.0,3645.0,0.9557310258647643,0.9897906270823902,0.018562496213836006
398,S10,2,stress,3645.0,3650.0,1.0,0.9966115059792937,0.006160898219466195
399,S10,2,stress,3650.0,3655.0,0.9849782657867168,0.9819528944598173,0.03281291916396892
400,S10,2,stress,3655.0,3660.0,0.961186258875809,0.9873631473035982,0.02297609581163962
401,S10,2,stress,3660.0,3665.0,0.963692343735173,0.9850379988912596,0.027203638379528067
402,S10,2,stress,3665.0,3670.0,1.0,0.995304363352608,0.008537521177076346
403,S10,2,stress,3670.0,3675.0,0.9631622544139166,0.994817437092528,0.009422841649949134
404,S10,2,stress,3675.0,3680.0,0.9622478897919113,0.9812081094071055,0.034167073805262994
405,S10,2,stress,3680.0,3685.0,0.9585444908592509,0.9958878453351812,0.0074766448451252104
406,S10,2,stress,3685.0,3690.0,0.9731817198789506,0.9963080975266114,0.006712549951615856
407,S10,2,stress,3690.0,3695.0,1.0,0.9957040230203553,0.0078108672357178124
408,S10,2,stress,3695.0,3700.0,1.0,0.9941497324253086,0.01063685013580256
409,S10,2,stress,3700.0,3705.0,0.9816229131558387,0.9946735642160061,0.00968442869817092
410,S10,2,stress,3705.0,3710.0,0.9624168806498229,0.9806812667207028,0.03512496959872239
411,S10,2,stress,3710.0,3715.0,0.9613990450945701,0.9950073842358746,0.009077483207500556
412,S10,2,stress,3715.0,3720.0,0.9948975911823061,0.9906944762613759,0.016919134070225935
413,S10,2,stress,3720.0,3725.0,1.0,0.9912578617446222,0.015894796827959835
414,S10,2,stress,3725.0,3730.0,1.0,0.9899866183262573,0.018206148497714136
415,S10,2,stress,3730.0,3735.0,0.9837944853068263,0.9846696406835274,0.027873380575404835
416,S10,2,stress,3735.0,3740.0,0.9998716205408855,0.994349158934811,0.010274256482161856
417,S10,2,stress,3740.0,3745.0,0.9710687427625287,0.9931733597504799,0.0124120731809455
418,S10,2,stress,3745.0,3750.0,0.9843750993284103,0.9934637912806974,0.011884015853277488
419,S10,2,stress,3750.0,3755.0,0.9720387463167718,0.9865413916262633,0.024470197043157872
420,S10,2,stress,3755.0,3760.0,0.9755115623209275,0.9907769779645201,0.016769130973599618
421,S10,2,stress,3760.0,3765.0,0.9737057105784354,0.9928646052861603,0.012973444934254138
422,S10,2,stress,3765.0,3770.0,0.9803686237857968,0.9932498793151321,0.012272946699759878
423,S10,2,stress,3770.0,3775.0,0.9730386466144922,0.9897532043750727,0.01863053749986774
424,S10,2,stress,3775.0,3780.0,0.9662163145771777,0.9907978254621137,0.01673122643252069
425,S10,2,stress,3780.0,3785.0,0.9649442717155515,0.9948970171473264,0.009278150641225006
426,S10,2,stress,3785.0,3790.0,0.9592982546474286,0.9943126474474981,0.010340641004548918
427,S10,2,stress,3790.0,3795.0,0.9607819515090986,0.9883050087866618,0.02126362038788753
428,S10,2,stress,3795.0,3800.0,1.0,0.994806490205643,0.00944274508064893
429,S10,2,stress,3800.0,3805.0,0.9706095316588412,0.9791387660962965,0.037929516188551754
430,S10,2,stress,3805.0,3810.0,0.9667965472492016,0.9884722619748936,0.02095952368201176
431,S10,2,stress,3810.0,3815.0,0.9694299354626195,0.9754170165402385,0.04469633356320284
432,S10,2,stress,3815.0,3820.0,0.9733715283296837,0.9903086349999037,0.01762066363653879
433,S10,2,stress,3820.0,3825.0,0.9662626738421922,0.9926649707453459,0.013336416826643879
434,S10,2,stress,3825.0,3830.0,0.9704887491944723,0.9934594428537804,0.011891922084035651
435,S10,2,stress,3830.0,3835.0,1.0,0.9904471062946929,0.017368897646013036
436,S10,2,stress,3835.0,3840.0,0.9638831488024048,0.9799449101751885,0.03646379968147573
437,S10,2,stress,3840.0,3845.0,1.0,0.9978594065280768,0.0038919881307695097
438,S10,2,stress,3845.0,3850.0,1.0,0.9913759860362932,0.01568002538855803
439,S10,2,stress,3850.0,3855.0,0.9654630169616225,0.9953064356299308,0.008533753400125708
440,S10,2,stress,3855.0,3860.0,0.973874963727451,0.9702433337969822,0.05410302946003217
441,S10,2,stress,3860.0,3865.0,0.9636943931495133,0.9741201884494086,0.04705420281925733
442,S10,2,stress,3865.0,3870.0,0.9927770167592957,0.9864064126379188,0.024715613385602322
443,S10,2,stress,3870.0,3875.0,0.992360388956354,0.9935561721618387,0.01171605061483876
444,S10,2,stress,3875.0,3880.0,0.9798506761467769,0.986645657900709,0.024280621998711033
445,S10,2,stress,3880.0,3885.0,0.9644252181994927,0.9934463979111268,0.011915640161587672
446,S10,2,stress,3885.0,3890.0,0.9649695010028756,0.9948620595316289,0.009341709942493122
447,S10,2,stress,3890.0,3895.0,0.9740544244636362,0.9901114345333344,0.01797920993939203
448,S10,2,stress,3895.0,3900.0,0.9679550054151618,0.9908894421862997,0.016564650570364242
449,S10,2,stress,3900.0,3905.0,0.9751696476591415,0.9909776413468574,0.016404288460259448
450,S10,2,stress,3905.0,3910.0,0.95328415931322,0.9734874692981486,0.04820460127609385
451,S10,2,stress,3910.0,3915.0,0.9639831962469565,0.983536963258884,0.029932794074756422
452,S11,1,baseline,90.0,95.0,0.9762565861629261,0.9946006862695438,0.009816934055375088
453,S11,1,baseline,95.0,100.0,0.974302747189461,0.9929725016055744,0.012777269808046669
454,S11,1,baseline,100.0,105.0,0.9761874517270671,0.9966238186584626,0.0061385115300679315
455,S11,1,baseline,105.0,110.0,0.9916070993231954,0.9959000561644322,0.007454443337396131
456,S11,1,baseline,110.0,115.0,0.9754224025033053,0.9916434412698576,0.015193743145713631
457,S11,1,baseline,115.0,120.0,0.9756238119197913,0.988989188950856,0.020019656452989063
458,S11,1,baseline,120.0,125.0,1.0,0.9480121422169643,0.09452337778733769
459,S11,1,baseline,125.0,130.0,0.9742707346668599,0.9725230311043531,0.049958125264812664
460,S11,1,baseline,130.0,135.0,0.9757292972644189,0.9929815663203203,0.012760788508508722
461,S11,1,baseline,135.0,140.0,0.9786199881133114,0.9966143304395931,0.006155762837103626
462,S11,1,baseline,140.0,145.0,0.9860538913589301,0.9935957545213889,0.011644082688383947
463,S11,1,baseline,145.0,150.0,0.9748766713263105,0.9931240778156623,0.012501676698795821
464,S11,1,baseline,150.0,155.0,0.9742640139796453,0.9921355810334334,0.014298943575575951
465,S11,1,baseline,155.0,160.0,0.9752040401124226,0.9825000261745795,0.031818134228037455
466,S11,1,baseline,160.0,165.0,0.9768060498194462,0.9957148632994774,0.007791157637313586
467,S11,1,baseline,165.0,170.0,1.0,0.9948758398911626,0.009316654743340801
468,S11,1,baseline,170.0,175.0,1.0,0.9957867099543241,0.00766052735577443
469,S11,1,baseline,175.0,180.0,0.9866127031543301,0.9883864138804204,0.021115611126508414
470,S11,1,baseline,180.0,185.0,0.9784229225101723,0.9971294193601463,0.005219237527006678
471,S11,1,baseline,185.0,190.0,0.9743291506850386,0.991015323132278,0.016335776123130873
472,S11,1,baseline,190.0,195.0,0.9742624027216923,0.9853430354293857,0.026649026492026134
473,S11,1,baseline,195.0,200.0,1.0,0.9935833238407812,0.011666683925852487
474,S11,1,baseline,200.0,205.0,1.0,0.9853465078037296,0.02664271308412808
475,S11,1,baseline,205.0,210.0,1.0,0.9958613191290822,0.007524874310759893
476,S11,1,baseline,210.0,215.0,1.0,0.9961765016176647,0.006951815240609939
477,S11,1,baseline,215.0,220.0,0.9760319197136065,0.9962288686411265,0.006856602470679245
478,S11,1,baseline,220.0,225.0,0.9799292657840603,0.9966314023938996,0.006124722920182597
479,S11,1,baseline,225.0,230.0,0.984486969588614,0.9939380566037395,0.011021715265928225
480,S11,1,baseline,230.0,235.0,0.975544379560795,0.9931522240300219,0.012450501763596696
481,S11,1,baseline,235.0,240.0,1.0,0.9963585041919736,0.006620901469139091
482,S11,1,baseline,240.0,245.0,1.0,0.9967887687460391,0.005838602279929287
483,S11,1,baseline,245.0,250.0,0.9766381178507318,0.9972783178258029,0.004948513043994995
484,S11,1,baseline,250.0,255.0,0.9791117076542559,0.9887170353802759,0.02051448112677123
485,S11,1,baseline,255.0,260.0,0.9784883364747785,0.990695592376978,0.016917104769131056
486,S11,1,baseline,260.0,265.0,0.9753283386779409,0.9917988012285659,0.014911270493516739
487,S11,1,baseline,265.0,270.0,0.9767652395378734,0.9949097878035069,0.009254931266350993
488,S11,1,baseline,270.0,275.0,0.9877580394815778,0.9958869655784595,0.00747824440280104
489,S11,1,baseline,275.0,280.0,0.9782590386415284,0.9924294673572982,0.013764604804912485
490,S11,1,baseline,280.0,285.0,0.9818539545546487,0.9884098419847438,0.021073014573193202
491,S11,1,baseline,285.0,290.0,0.9773698365559662,0.9962948451581757,0.006736645166953637
492,S11,1,baseline,290.0,295.0,0.9755255514038479,0.9959642276062131,0.007337767988703467
493,S11,1,baseline,295.0,300.0,0.9774087279390008,0.9968164989863595,0.005788183661164812
494,S11,1,baseline,300.0,305.0,0.9748265889404227,0.9904150456551646,0.017427189717882475
495,S11,1,baseline,305.0,310.0,0.9790701857060012,0.9957472734066566,0.00773223016971527
496,S11,1,baseline,310.0,315.0,0.9767676817206327,0.9930535630928956,0.012629885285644387
497,S11,1,baseline,315.0,320.0,0.9745425421696667,0.994836085952618,0.009388934631603955
498,S11,1,baseline,320.0,325.0,0.9770935858182743,0.982247729616124,0.032276855243410785
499,S11,1,baseline,325.0,330.0,0.9777562172351913,0.9810717050913271,0.0344150816521327
500,S11,1,baseline,330.0,335.0,0.974583796741081,0.9961556895068224,0.006989655442141266
501,S11,1,baseline,335.0,340.0,1.0,0.994235157516894,0.010481531787465425
502,S11,1,baseline,340.0,345.0,1.0,0.9870207884981035,0.023598566367084517
503,S11,1,baseline,345.0,350.0,0.9795840626595012,0.9928925826100785,0.012922577072584429
504,S11,1,baseline,350.0,355.0,0.9763224565078367,0.9924105473805866,0.013799004762569927
505,S11,1,baseline,355.0,360.0,0.9781691752974103,0.9945617162167362,0.009887788696843355
506,S11,1,baseline,360.0,365.0,0.9768260629717862,0.9912990304501865,0.015819944636024666
507,S11,1,baseline,365.0,370.0,0.9789821011828497,0.9969494089705779,0.005546529144403815
508,S11,1,baseline,370.0,375.0,0.976529662869536,0.9902545708587149,0.017718962075063995
509,S11,1,baseline,375.0,380.0,0.9751572232291961,0.9594986325791757,0.07363884985604438
510,S11,1,baseline,380.0,385.0,0.9760952172228865,0.9929340976451548,0.012847095190627704
511,S11,1,baseline,385.0,390.0,0.9831989901993544,0.9966370637710515,0.006114429507179065
512,S11,1,baseline,390.0,395.0,0.9830330477883886,0.9962059667183463,0.0068982423302797235
513,S11,1,baseline,395.0,400.0,0.9867587139868083,0.9956921310235949,0.007832489048009619
514,S11,1,baseline,400.0,405.0,0.9764957436294918,0.9938353705692531,0.011208417146812755
515,S11,1,baseline,405.0,410.0,0.9771713351055756,0.9950255830831165,0.009044394394333946
516,S11,1,baseline,410.0,415.0,0.9776265768100451,0.9962238320025854,0.006865759995299443
517,S11,1,baseline,415.0,420.0,0.9798542565436328,0.9885212500166889,0.020870454515111055
518,S11,1,baseline,420.0,425.0,0.9793532983350393,0.9836712493845015,0.029688637482724572
519,S11,1,baseline,425.0,430.0,0.9778072335709578,0.9886553138744083,0.02062670204653025
520,S11,1,baseline,430.0,435.0,0.977858054045386,0.9946029583822651,0.00981280294133614
521,S11,1,baseline,435.0,440.0,0.9782268576360624,0.9915772465864854,0.015314097115481144
522,S11,1,baseline,440.0,445.0,0.9768720376132772,0.9940341248430768,0.01084704573986016
523,S11,1,baseline,445.0,450.0,0.9801355363235921,0.992489832911684,0.013654849251483648
524,S11,1,baseline,450.0,455.0,0.9818985385010223,0.9902546041499192,0.017718901545601747
525,S11,1,baseline,455.0,460.0,0.9790503121447915,0.9898320586472733,0.01848716609586679
526,S11,1,baseline,460.0,465.0,0.9788392155395056,0.9944004331846295,0.010181030573401159
527,S11,1,baseline,465.0,470.0,0.9834620990754509,0.9965503278147325,0.00627213124594115
528,S11,1,baseline,470.0,475.0,0.9754339833046354,0.9958260859430166,0.007588934649060876
529,S11,1,baseline,475.0,480.0,0.985399192003199,0.9907306607772746,0.01685334404131891
530,S11,1,baseline,480.0,485.0,0.9893298867200171,0.998874155803479,0.0020469894482200916
531,S11,1,baseline,485.0,490.0,0.9777847181767424,0.9918145169110737,0.014882696525320436
532,S11,1,baseline,490.0,495.0,0.9765476158601962,0.9956632582084077,0.007884985075622358
533,S11,1,baseline,495.0,500.0,0.9792093314330017,0.978415049742468,0.03924536410460392
534,S11,1,baseline,500.0,505.0,0.9855401091235629,0.9931764216103549,0.012406506162991287
535,S11,1,baseline,505.0,510.0,0.9762822456046428,0.9973852111310006,0.004754161579998885
536,S11,1,baseline,510.0,515.0,0.9788546634727997,0.9916310654273686,0.015216244677511724
537,S11,1,baseline,515.0,520.0,0.9767861873032209,0.9830255907121597,0.03086256234152792
538,S11,1,baseline,520.0,525.0,0.9767100455716847,0.9945082174288782,0.009985059220221554
539,S11,1,baseline,525.0,530.0,0.9766910842050938,0.992897252687412,0.012914086022887345
540,S11,1,baseline,530.0,535.0,0.975808087770053,0.9964536806758322,0.006447853316668751
541,S11,1,baseline,535.0,540.0,0.9867556756192869,0.9941095896850052,0.010709836936354359
542,S11,1,baseline,540.0,545.0,0.9807890597707033,0.9954005945160496,0.008362555425364623
543,S11,1,baseline,545.0,550.0,0.984157659161443,0.9939439972146822,0.01101091415512328
544,S11,1,baseline,550.0,555.0,0.9775398072825533,0.9948135914900809,0.009429833654398638
545,S11,1,baseline,555.0,560.0,0.9773127565717536,0.9913966693977116,0.015642419276888163
546,S11,1,baseline,560.0,565.0,0.9763114447956617,0.9911017936142783,0.016178557064948626
547,S11,1,baseline,565.0,570.0,0.980434431600511,0.9932861390152945,0.012207019972192059
548,S11,1,baseline,570.0,575.0,0.9827955479738654,0.9934011202935928,0.011997963102558688
549,S11,1,baseline,575.0,580.0,0.9765979994251649,0.9949728349617939,0.009140300069465668
550,S11,1,baseline,580.0,585.0,0.9778423620427062,0.9950333816110088,0.009030215252711117
551,S11,1,baseline,585.0,590.0,1.0,0.9954352746321773,0.008299500668768825
552,S11,1,baseline,590.0,595.0,0.9853648786969463,0.992224953264381,0.01413644861021632
553,S11,1,baseline,595.0,600.0,1.0,0.9915387130085698,0.015384158166237099
554,S11,1,baseline,600.0,605.0,0.9881593927951244,0.9960369504923745,0.007205544559319302
555,S11,1,baseline,605.0,610.0,0.9789128531709127,0.9929201048792935,0.012872536583102868
556,S11,1,baseline,610.0,615.0,0.9768123031774675,0.9952032445776577,0.008721373495167661
557,S11,1,baseline,615.0,620.0,0.9783001390163849,0.9956915704292963,0.007833508310370314
558,S11,1,baseline,620.0,625.0,1.0,0.9946222486353196,0.00977772975396462
559,S11,1,baseline,625.0,630.0,0.9854686477903435,0.9927126947752598,0.013249645863163864
560,S11,1,baseline,630.0,635.0,0.9756936008790328,0.994797511733408,0.009459069575622078
561,S11,1,baseline,635.0,640.0,0.9809626847144172,0.9896133031946377,0.01888490328247692
562,S11,1,baseline,640.0,645.0,0.992539308155509,0.994688140871514,0.009657925688156328
563,S11,1,baseline,645.0,650.0,0.9800141098298489,0.9955962655860531,0.008006789843540049
564,S11,1,baseline,650.0,655.0,0.9780678631871886,0.9957964783889017,0.007642766565633385
565,S11,1,baseline,655.0,660.0,0.9890303665585526,0.9951903224886343,0.008744868202483325
566,S11,1,baseline,660.0,665.0,0.9769407512274816,0.9951138401871342,0.008883926932483386
567,S11,1,baseline,665.0,670.0,0.9755267828079695,0.9957627990990303,0.00770400163812694
568,S11,1,baseline,670.0,675.0,0.9753530522221008,0.9927392118165117,0.013201433060888043
569,S11,1,baseline,675.0,680.0,0.9818383709125349,0.9894149616753347,0.019245524226664232
570,S11,1,baseline,680.0,685.0,0.9907645455768126,0.9909870947070405,0.016387100532653742
571,S11,1,baseline,685.0,690.0,0.9815316602080523,0.9956707530944673,0.007871358010059662
572,S11,1,baseline,690.0,695.0,0.9794258162966489,0.9954176784848301,0.0083314936639453
573,S11,1,baseline,695.0,700.0,0.9767913172365759,0.9982893881787209,0.0031102033114166405
574,S11,1,baseline,700.0,705.0,0.9762678260539971,0.9955182520233521,0.00814863268481445
575,S11,1,baseline,705.0,710.0,0.9762174003302962,0.9785768467573164,0.03895118771397025
576,S11,1,baseline,710.0,715.0,0.976851120856733,0.9930902298348891,0.012563218482019836
577,S11,1,baseline,715.0,720.0,0.9756140845026899,0.9947238134450564,0.009593066463533717
578,S11,1,baseline,720.0,725.0,0.9800360732493779,0.9857433625188776,0.02592115905658643
579,S11,1,baseline,725.0,730.0,0.9755983589358985,0.9899878050588278,0.018203990802131396
580,S11,1,baseline,730.0,735.0,1.0,0.9938936928520521,0.011102376632632556
581,S11,1,baseline,735.0,740.0,0.9803275357092729,0.9884100951736703,0.021072554229690683
582,S11,1,baseline,740.0,745.0,1.0,0.9944132634010359,0.010157702907207734
583,S11,1,baseline,745.0,750.0,0.988366331864748,0.9915142336725242,0.01542866604995609
584,S11,1,baseline,750.0,755.0,0.9770669450606625,0.9945047456731404,0.009991371503381294
585,S11,1,baseline,755.0,760.0,0.9796100669396193,0.9964432580027023,0.006466803631450632
586,S11,1,baseline,760.0,765.0,0.9761844322003458,0.9747171698224919,0.045968782140923974
587,S11,1,baseline,765.0,770.0,0.9757316662317819,0.9861775631766305,0.025131703315217163
588,S11,1,baseline,770.0,775.0,1.0,0.9951384801277452,0.0088391270404633
589,S11,1,baseline,775.0,780.0,0.976877546680657,0.9968254150469813,0.005771972641852288
590,S11,1,baseline,780.0,785.0,0.9771728438257355,0.9948139115999315,0.009429251636488238
591,S11,1,baseline,785.0,790.0,1.0,0.9908048440121826,0.016718465432395333
592,S11,1,baseline,790.0,795.0,1.0,0.9942335017965378,0.010484542188113082
593,S11,1,baseline,795.0,800.0,0.9748271931891268,0.9898526718401712,0.018449687563325014
594,S11,1,baseline,800.0,805.0,0.9767567815466971,0.9907021552589328,0.01690517225648601
595,S11,1,baseline,805.0,810.0,0.9792858081826797,0.9929641802823868,0.012792399486569597
596,S11,1,baseline,810.0,815.0,0.9853397290435904,0.9872788233219876,0.023129412141840878
597,S11,1,baseline,815.0,820.0,0.9824065931079159,0.9970136306519584,0.005429762450984859
598,S11,1,baseline,820.0,825.0,0.9781639005779715,0.995011732386093,0.009069577479831049
599,S11,1,baseline,825.0,830.0,0.9779739957860015,0.9924667429948106,0.013696830918526358
600,S11,1,baseline,830.0,835.0,0.9771169411844229,0.9979473224137227,0.0037321410659585997
601,S11,1,baseline,835.0,840.0,0.9774990712324568,0.9976996379096257,0.0041824765279533035
602,S11,1,baseline,840.0,845.0,0.97691926540042,0.9953983457632298,0.008366644066854808
603,S11,1,baseline,845.0,850.0,0.9764463091892933,0.9904940609806874,0.01728352548965945
604,S11,1,baseline,850.0,855.0,0.9771896707260445,0.9977411078914238,0.004107076561047704
605,S11,1,baseline,855.0,860.0,0.9766778966000975,0.9917068356640082,0.015078480610894071
606,S11,1,baseline,860.0,865.0,0.9800262283883985,0.9861532154184227,0.02517597196650439
607,S11,1,baseline,865.0,870.0,0.9950114023092789,0.9971981842673998,0.005094210422909631
608,S11,1,baseline,870.0,875.0,0.9791191825522225,0.9964320875366606,0.006487113569708034
609,S11,1,baseline,875.0,880.0,0.9758835971597147,0.9967916029073942,0.005833449259283152
610,S11,1,baseline,880.0,885.0,0.9771793751033361,0.9948514936799144,0.009360920581973745
611,S11,1,baseline,885.0,890.0,0.976008730355458,0.9950399945470034,0.0090181917327211
612,S11,1,baseline,890.0,895.0,0.977125414536341,0.9954315661872775,0.008306243295859144
613,S11,1,baseline,895.0,900.0,0.9763328183710082,0.9852794924574051,0.026764559168354414
614,S11,1,baseline,900.0,905.0,0.9794688021904093,0.9882672727756534,0.0213322313169939
615,S11,1,baseline,905.0,910.0,0.9821739514286535,0.9940857185384444,0.010753239021010302
616,S11,1,baseline,910.0,915.0,0.9857108915171836,0.9912447288532076,0.015918674812349872
617,S11,1,baseline,915.0,920.0,0.9822028561619475,0.994187381951309,0.01056839645216546
618,S11,1,baseline,920.0,925.0,0.9911470113469404,0.9934575109364681,0.011895434660967411
619,S11,1,baseline,925.0,930.0,0.9788926598064279,0.9926698994855647,0.01332745548079163
620,S11,1,baseline,930.0,935.0,0.977863632063508,0.9883457669629545,0.021189514612810215
621,S11,1,baseline,935.0,940.0,1.0,0.9890125217431094,0.01997723319434647
622,S11,1,baseline,940.0,945.0,0.9760197448591053,0.991953069665783,0.014630782425849123
623,S11,1,baseline,945.0,950.0,0.9777953140081677,0.9943476438647958,0.010277011154916879
624,S11,1,baseline,950.0,955.0,0.9769166733445638,0.9960931207897217,0.007103416745960798
625,S11,1,baseline,955.0,960.0,0.9747895891895119,0.9849150698989526,0.027427145638268036
626,S11,1,baseline,960.0,965.0,1.0,0.9856179726889296,0.02614914056558285
627,S11,1,baseline,965.0,970.0,0.9794756259637727,0.982579291249071,0.031674015910780264
628,S11,1,baseline,970.0,975.0,0.9789236435590696,0.990464804875939,0.017336718407383708
629,S11,1,baseline,975.0,980.0,0.9766804743535238,0.9945853869427979,0.009844751013094987
630,S11,1,baseline,980.0,985.0,1.0,0.9926249527034523,0.013409176902814127
631,S11,1,baseline,985.0,990.0,0.9756924093237815,0.9939107780478416,0.011071312640288114
632,S11,1,baseline,990.0,995.0,0.9824283515001974,0.9940091303419691,0.010892490287328825
633,S11,1,baseline,995.0,1000.0,1.0,0.9953327690491987,0.008485874456002669
634,S11,1,baseline,1000.0,1005.0,1.0,0.9889844239790613,0.020028320038070667
635,S11,1,baseline,1005.0,1010.0,1.0,0.9869278917130242,0.023767469612683428
636,S11,1,baseline,1010.0,1015.0,0.9808631656544735,0.9961486402975128,0.007002472186340577
637,S11,1,baseline,1015.0,1020.0,0.9771664506783913,0.9836920591667462,0.029650801515006976
638,S11,1,baseline,1020.0,1025.0,0.9809379348534047,0.9881836110199409,0.021484343600107453
639,S11,1,baseline,1025.0,1030.0,0.9773428335343065,0.9891029295634923,0.019812855339104856
640,S11,1,baseline,1030.0,1035.0,0.9776291238189893,0.9924109596566701,0.013798255169690625
641,S11,1,baseline,1035.0,1040.0,0.9719732983400641,0.9921266981161039,0.014315094334356683
642,S11,1,baseline,1040.0,1045.0,0.9782284669672271,0.9979530782348027,0.0037216759367225674
643,S11,1,baseline,1045.0,1050.0,1.0,0.9933481404903755,0.012094290017499185
644,S11,1,baseline,1050.0,1055.0,1.0,0.9976728140696636,0.004231247146066186
645,S11,1,baseline,1055.0,1060.0,1.0,0.9971779231634514,0.005131048793724969
646,S11,1,baseline,1060.0,1065.0,0.9758047776801243,0.9873777530019217,0.022949539996506108
647,S11,1,baseline,1065.0,1070.0,0.97679243930251,0.9870886890358839,0.023475110843847638
648,S11,1,baseline,1070.0,1075.0,1.0,0.9888628075582337,0.020249440803211515
649,S11,1,baseline,1075.0,1080.0,0.9810736543862202,0.9953163055942624,0.008515808010432177
650,S11,1,baseline,1080.0,1085.0,0.9774340327950782,0.9955180095372334,0.008149073568666908
651,S11,1,baseline,1085.0,1090.0,1.0,0.9934077353437778,0.01198593573858606
652,S11,1,baseline,1090.0,1095.0,1.0,0.9931596753098457,0.012436953982098757
653,S11,1,baseline,1095.0,1100.0,0.9769016008653673,0.9944801320841128,0.010036123483431263
654,S11,1,baseline,1100.0,1105.0,0.9777509553170551,0.9947464113751874,0.009551979317841313
655,S11,1,baseline,1105.0,1110.0,0.9758411726521656,0.9947670252238798,0.00951449959294607
656,S11,1,baseline,1110.0,1115.0,0.9781019585781409,0.9957032473341962,0.0078122775741888036
657,S11,1,baseline,1115.0,1120.0,0.97891759793618,0.995400673905432,0.008362411081033128
658,S11,1,baseline,1120.0,1125.0,0.9774444370121613,0.995415165813847,0.008336062156641752
659,S11,1,baseline,1125.0,1130.0,1.0,0.9935406728361409,0.011744231207016865
660,S11,1,baseline,1130.0,1135.0,1.0,0.9948030851901939,0.009448936017829455
661,S11,1,baseline,1135.0,1140.0,0.9772783016810452,0.9959447545844802,0.007373173482763545
662,S11,1,baseline,1140.0,1145.0,0.9799534294169059,0.9927893085275856,0.013110348131662525
663,S11,1,baseline,1145.0,1150.0,0.9791307677050863,0.9931221334435645,0.012505211920792042
664,S11,1,baseline,1150.0,1155.0,0.977985523150275,0.9884479591883124,0.021003710566704643
665,S11,1,baseline,1155.0,1160.0,0.9772109172731785,0.9918139470641059,0.014883732610716497
666,S11,1,baseline,1160.0,1165.0,0.979904788939918,0.9942157769131594,0.01051676924880113
667,S11,1,baseline,1165.0,1170.0,0.9748117268090442,0.9940023281964288,0.010904857824674968
668,S11,1,baseline,1170.0,1175.0,0.9825745813934081,0.9889922835474492,0.020014029913729064
669,S11,1,baseline,1175.0,1180.0,0.9909285535277621,0.9961141354815375,0.007065208215386327
670,S11,1,baseline,1180.0,1185.0,0.9860101091525827,0.9742714166905793,0.04677924238076516
671,S11,1,baseline,1185.0,1190.0,0.9792472295018273,0.9860385332015797,0.025384485088036993
672,S11,1,baseline,1190.0,1195.0,1.0,0.9857032560391557,0.02599407992880782
673,S11,1,baseline,1195.0,1200.0,1.0,0.9820062780297423,0.032715858127741505
674,S11,1,baseline,1200.0,1205.0,0.9779925611957725,0.9936910402981851,0.011470835821481822
675,S11,1,baseline,1205.0,1210.0,0.9867785194878246,0.9958467285786168,0.0075514025843330754
676,S11,1,baseline,1210.0,1215.0,0.9806012809299387,0.9909253008577323,0.016499452985941243
677,S11,1,baseline,1215.0,1220.0,0.9778435932713705,0.993813714538182,0.011247791748760096
678,S11,1,baseline,1220.0,1225.0,0.9777392515835134,0.9977215419372654,0.004142651023154178
679,S11,1,baseline,1225.0,1230.0,1.0,0.9935963226880244,0.011643049658137292
680,S11,1,baseline,1230.0,1235.0,1.0,0.9990966557857466,0.0016424440259154602
681,S11,1,baseline,1235.0,1240.0,0.9819778838943626,0.9953596397477353,0.00843701864048144
682,S11,1,baseline,1240.0,1245.0,1.0,0.9965269726757848,0.006314595134936623
683,S11,1,baseline,1245.0,1250.0,0.9739021602439563,0.9953553187051383,0.008444875081566935
684,S11,1,baseline,1250.0,1255.0,0.9763048412849138,0.995317450861956,0.008513725705534545
685,S11,1,baseline,1255.0,1260.0,0.9834556228938647,0.9945017203573665,0.00999687207751559
686,S11,1,baseline,1260.0,1265.0,0.9765783285668105,0.9964188784364867,0.006511130115478655
687,S11,2,stress,1910.0,1915.0,0.9740459909187417,0.9818318100323999,0.03303307266836402
688,S11,2,stress,1915.0,1920.0,0.9731930345582122,0.9905080428635809,0.017258103884398433
689,S11,2,stress,1920.0,1925.0,1.0,0.9874213336152304,0.02287030251776283
690,S11,2,stress,1925.0,1930.0,1.0,0.9959925356757999,0.007286298771272796
691,S11,2,stress,1930.0,1935.0,0.9766054792462848,0.9750032392727253,0.0454486558677722
692,S11,2,stress,1935.0,1940.0,0.9739699693525645,0.9958831256400575,0.007485226108986337
693,S11,2,stress,1940.0,1945.0,0.9793088582109388,0.9829945308093904,0.030919034892017475
694,S11,2,stress,1945.0,1950.0,0.9752585389382478,0.9953815971821594,0.008397096032437677
695,S11,2,stress,1950.0,1955.0,0.9790912142746495,0.979223050841024,0.0377762711981383
696,S11,2,stress,1955.0,1960.0,0.973157463891555,0.9853008967124017,0.026725642341087975
697,S11,2,stress,1960.0,1965.0,1.0,0.996225857117824,0.006862077967592863
698,S11,2,stress,1965.0,1970.0,1.0,0.9904863036817373,0.017297629669568666
699,S11,2,stress,1970.0,1975.0,0.9983726875527642,0.9729104746263328,0.04925368249757651
700,S11,2,stress,1975.0,1980.0,1.0,0.9803326121873948,0.03575888693200968
701,S11,2,stress,1980.0,1985.0,0.9766338641574307,0.9843134306472683,0.028521035186785153
702,S11,2,stress,1985.0,1990.0,0.9761657488789767,0.9544402875259532,0.08283584086190342
703,S11,2,stress,1990.0,1995.0,1.0,0.9872866153222637,0.02311524486861157
704,S11,2,stress,1995.0,2000.0,1.0,0.9676972886869932,0.05873220238728531
705,S11,2,stress,2000.0,2005.0,0.9845113157702671,0.982018661845816,0.032693342098516355
706,S11,2,stress,2005.0,2010.0,0.9790291833098935,0.9931448609856965,0.012463889116915587
707,S11,2,stress,2010.0,2015.0,0.9760168824346706,0.9812407130374166,0.03410779447742435
708,S11,2,stress,2015.0,2020.0,0.975974265402914,0.9912058854503683,0.015989299181148522
709,S11,2,stress,2020.0,2025.0,0.9773448977174712,0.994249212520885,0.010455977234754695
710,S11,2,stress,2025.0,2030.0,0.9726362213333332,0.9858561551688454,0.025716081511190297
711,S11,2,stress,2030.0,2035.0,0.9718874554753326,0.9921972683001077,0.014186784908895375
712,S11,2,stress,2035.0,2040.0,1.0,0.9939106685781347,0.011071511676118957
713,S11,2,stress,2040.0,2045.0,1.0,0.9953235900792956,0.008502563492190052
714,S11,2,stress,2045.0,2050.0,1.0,0.9974051287984251,0.004717947639226944
715,S11,2,stress,2050.0,2055.0,0.9791595331042255,0.9926074785291572,0.013440948128805384
716,S11,2,stress,2055.0,2060.0,1.0,0.9975384988427451,0.004475456649554371
717,S11,2,stress,2060.0,2065.0,1.0,0.9865082900690869,0.02453038169256951
718,S11,2,stress,2065.0,2070.0,0.9758759661061794,0.9912176087488256,0.015967984093044646
719,S11,2,stress,2070.0,2075.0,0.9733427206205721,0.9884130982888844,0.021067094020210193
720,S11,2,stress,2075.0,2080.0,0.9791921589063676,0.9952544189213419,0.00862832923392398
721,S11,2,stress,2080.0,2085.0,0.9741566689033904,0.9894079725325811,0.019258231758943815
722,S11,2,stress,2085.0,2090.0,1.0,0.9946302634987894,0.009763157274928424
723,S11,2,stress,2090.0,2095.0,1.0,0.9919818489523882,0.014578456450203456
724,S11,2,stress,2095.0,2100.0,0.9768689415594524,0.9781191235916851,0.039783411651481734
725,S11,2,stress,2100.0,2105.0,0.9781915208330335,0.968555661523905,0.05717152450199097
726,S11,2,stress,2105.0,2110.0,0.9757856628067323,0.9737257737766956,0.047771320406008226
727,S11,2,stress,2110.0,2115.0,0.9748822804046331,0.9942324231488988,0.010486503365638654
728,S11,2,stress,2115.0,2120.0,0.9786995611813847,0.990152404625928,0.01790471886194895
729,S11,2,stress,2120.0,2125.0,0.9801348964967009,0.990517836725614,0.01724029686251995
730,S11,2,stress,2125.0,2130.0,0.9768443217126634,0.9887167493015356,0.020515001269935478
731,S11,2,stress,2130.0,2135.0,0.9699738244224173,0.9911935795865929,0.01601167347892194
732,S11,2,stress,2135.0,2140.0,1.0,0.9815794383287613,0.03349193031134318
733,S11,2,stress,2140.0,2145.0,0.9775763848675184,0.9813446850275842,0.03391875449530137
734,S11,2,stress,2145.0,2150.0,0.9724049574284387,0.9656916089859213,0.062378892752870334
735,S11,2,stress,2150.0,2155.0,0.9814553422819633,0.9892404114675821,0.019562888240760027
736,S11,2,stress,2155.0,2160.0,0.973503222319432,0.9953122440622195,0.008523192614146318
737,S11,2,stress,2160.0,2165.0,0.9844708794532898,0.9883705286671409,0.021144493332471086
738,S11,2,stress,2165.0,2170.0,1.0,0.98754482584435,0.02264577119209098
739,S11,2,stress,2170.0,2175.0,1.0,0.9841836644272484,0.028756973768639515
740,S11,2,stress,2175.0,2180.0,1.0,0.9752930924621293,0.04492165006885604
741,S11,2,stress,2180.0,2185.0,1.0,0.9705463136927912,0.05355215692219783
742,S11,2,stress,2185.0,2190.0,1.0,0.9913970860626626,0.015641661704249965
743,S11,2,stress,2190.0,2195.0,1.0,0.9655431291797054,0.06264885603689914
744,S11,2,stress,2195.0,2200.0,0.976193687796476,0.9963764825932018,0.006588213466905941
745,S11,2,stress,2200.0,2205.0,0.9739368714968205,0.9945200752639496,0.009963499520091868
746,S11,2,stress,2205.0,2210.0,0.981182856700789,0.9857631028879825,0.025885267476395364
747,S11,2,stress,2210.0,2215.0,0.9764912827410497,0.9447374785848497,0.10047731166390968
748,S11,2,stress,2215.0,2220.0,0.9823533614561203,0.9846649522078934,0.027881905076557537
749,S11,2,stress,2220.0,2225.0,0.9754219276111623,0.991026903229701,0.016314721400543946
750,S11,2,stress,2225.0,2230.0,0.9770381297679556,0.9961385109980387,0.007020889094475111
751,S11,2,stress,2230.0,2235.0,0.979165373463385,0.9526344256539969,0.0861192260836422
752,S11,2,stress,2235.0,2240.0,0.9766011598501482,0.9443206197994563,0.10123523672826144
753,S11,2,stress,2240.0,2245.0,1.0,0.9212735970823588,0.1431389143957113
754,S11,2,stress,2245.0,2250.0,1.0,0.9322213534746868,0.12323390277329695
755,S11,2,stress,2250.0,2255.0,0.9757876044956515,0.9182285903485219,0.14867529027541468
756,S11,2,stress,2255.0,2260.0,0.9835588284554665,0.9297809220883697,0.1276710507484188
757,S11,2,stress,2260.0,2265.0,0.9761855710732907,0.992741764919947,0.013196791054641983
758,S11,2,stress,2265.0,2270.0,0.9753730151848192,0.9601147052436276,0.07251871773885905
759,S11,2,stress,2270.0,2275.0,0.9759872472473972,0.9687599471790593,0.056800096038073906
760,S11,2,stress,2275.0,2280.0,0.9741488126360909,0.9471970291168481,0.0960054016057309
761,S11,2,stress,2280.0,2285.0,0.978817473958853,0.9762134931369557,0.04324819429644422
762,S11,2,stress,2285.0,2290.0,1.0,0.9720951132100872,0.05073615779984169
763,S11,2,stress,2290.0,2295.0,1.0,0.9877087575685775,0.022347713511677504
764,S11,2,stress,2295.0,2300.0,1.0,0.9445631515671356,0.10079426987793555
765,S11,2,stress,2300.0,2305.0,0.986234665358167,0.9785688768453427,0.03896567846301322
766,S11,2,stress,2305.0,2310.0,1.0,0.9972309802972876,0.005034581277659011
767,S11,2,stress,2310.0,2315.0,0.9791777996736293,0.9965908697342416,0.006198418665015419
768,S11,2,stress,2315.0,2320.0,1.0,0.9775348438605118,0.04084573843543312
769,S11,2,stress,2320.0,2325.0,1.0,0.971686923341109,0.051478321197983755
770,S11,2,stress,2325.0,2330.0,0.9799527852396537,0.9124070082459586,0.15925998500734828
771,S11,2,stress,2330.0,2335.0,0.978454695716662,0.9981686231576556,0.0033297760769900866
772,S11,2,stress,2335.0,2340.0,0.9777764404684339,0.9880784761791965,0.021675497856006583
773,S11,2,stress,2340.0,2345.0,0.9759724793091911,0.9738426419439783,0.04755883282913026
774,S11,2,stress,2345.0,2350.0,0.9735146278215219,0.9817931756891931,0.033103316928739954
775,S11,2,stress,2350.0,2355.0,0.9750052608752056,0.9955888898121108,0.008020200341616745
776,S11,2,stress,2355.0,2360.0,0.9738137823636028,0.9980364959269488,0.0035700074055478575
777,S11,2,stress,2360.0,2365.0,0.9762729958046166,0.9937746293650205,0.011318855699963045
778,S11,2,stress,2365.0,2370.0,0.9742778398235206,0.9837228980860226,0.029594730752686184
779,S11,2,stress,2370.0,2375.0,0.9813315216629845,0.995122541746541,0.00886810591537996
780,S11,2,stress,2375.0,2380.0,0.9732859489792092,0.9964356944339656,0.006480555574608024
781,S11,2,stress,2380.0,2385.0,0.9756104958413842,0.9869885162483938,0.02365724318473886
782,S11,2,stress,2385.0,2390.0,0.9782515494269459,0.9955545836456141,0.0080825751897927
783,S11,2,stress,2390.0,2395.0,0.9781704469455583,0.9725200617713139,0.04996352405215659
784,S11,2,stress,2395.0,2400.0,0.9851419783812322,0.984416074113611,0.028334410702525358
785,S11,2,stress,2400.0,2405.0,1.0,0.9975721075362065,0.004414349934170131
786,S11,2,stress,2405.0,2410.0,0.9742758986339733,0.9797047629155546,0.036900431062628226
787,S11,2,stress,2410.0,2415.0,0.9750757365032342,0.997890815452642,0.003834880995196461
788,S11,2,stress,2415.0,2420.0,0.9753505298954529,0.9949666673892621,0.009151513837705409
789,S11,2,stress,2420.0,2425.0,0.9753106497786809,0.9626493423148528,0.06791028670026769
790,S11,2,stress,2425.0,2430.0,0.9811460335130887,0.9817837652175578,0.03312042687716759
791,S11,2,stress,2430.0,2435.0,0.9917618544018325,0.9937321476661787,0.011396095152402566
792,S11,2,stress,2435.0,2440.0,1.0,0.9766964353464678,0.04237011755187668
793,S11,2,stress,2440.0,2445.0,0.9739759570363863,0.9595207653172297,0.07359860851412782
794,S11,2,stress,2445.0,2450.0,1.0,0.9761236936684072,0.0434114660574416
795,S11,2,stress,2450.0,2455.0,1.0,0.9880060801688912,0.021807126965652325
796,S11,2,stress,2455.0,2460.0,0.9722507840801717,0.9913734242657364,0.015684683153206536
797,S11,2,stress,2460.0,2465.0,0.9690255929242614,0.9807682894649621,0.03496674642734184
798,S11,2,stress,2465.0,2470.0,0.9703231814653237,0.9761487741236172,0.04336586522978716
799,S11,2,stress,2470.0,2475.0,0.978499965501003,0.997041714004478,0.005378701810040065
800,S11,2,stress,2475.0,2480.0,0.9824487580060689,0.9919511969610624,0.014634187343522984
801,S11,2,stress,2480.0,2485.0,0.9772945827723258,0.9960098452837296,0.007254826756855429
802,S11,2,stress,2485.0,2490.0,0.9724587451174007,0.986449141889516,0.024637923837243593
803,S11,2,stress,2490.0,2495.0,0.972881297918809,0.9755044070934202,0.04453744164832692
804,S11,2,stress,2495.0,2500.0,0.9783785183189163,0.9847716198059024,0.027687963989268434
805,S11,2,stress,2500.0,2505.0,1.0,0.9892285675535746,0.019584422629864442
806,S11,2,stress,2505.0,2510.0,1.0,0.9889260249765461,0.020134500042643545
807,S11,2,stress,2510.0,2515.0,0.9801033791463092,0.9756070149905238,0.04435088183541149
808,S11,2,stress,2515.0,2520.0,0.9790287182865627,0.9681556882438234,0.05789874864759383
809,S11,2,stress,2520.0,2525.0,1.0,0.979891064459296,0.03656170098309855
810,S11,2,stress,2525.0,2530.0,1.0,0.9830359411759109,0.030843743316525864
811,S11,2,stress,2530.0,2535.0,0.9739862233543383,0.9844908190380051,0.02819851083999081
812,S11,2,stress,2535.0,2540.0,0.9799143922281399,0.9845329278536075,0.02812194935707744
813,S11,2,stress,2540.0,2545.0,0.9778260997939304,0.9847446312795527,0.027737034037177134
814,S11,2,stress,2545.0,2550.0,1.0,0.9828474328533949,0.031186485721100176
815,S11,2,stress,2550.0,2555.0,0.9812163031452074,0.9882184568007861,0.021420987634934545
816,S11,2,stress,2555.0,2560.0,0.9754678934646998,0.9916605386335837,0.01516265702984797
817,S11,2,stress,2560.0,2565.0,0.9796714783924777,0.9816304892259411,0.0333991104982891
818,S11,2,stress,2565.0,2570.0,0.9736631568380923,0.9896188685931941,0.018874784376010673
819,S11,2,stress,2570.0,2575.0,0.9782136242614933,0.9751754780118009,0.04513549452399833
820,S11,2,stress,2575.0,2580.0,1.0,0.9754080004945471,0.04471272637355088
821,S11,2,stress,2580.0,2585.0,0.9749247562570286,0.9888643904721379,0.02024656277793125
822,S11,3,amusement,4110.0,4115.0,0.9776721806777604,0.9912852308150664,0.01584503488169739
823,S11,3,amusement,4115.0,4120.0,0.9781126476355024,0.9965089037442407,0.006347447737744231
824,S11,3,amusement,4120.0,4125.0,0.9829343031724999,0.994106634750854,0.01071520954390177
825,S11,3,amusement,4125.0,4130.0,0.9915551835869327,0.9942689922715322,0.010420014051759777
826,S11,3,amusement,4130.0,4135.0,0.9774139541088659,0.9927094212645293,0.013255597700855666
827,S11,3,amusement,4135.0,4140.0,0.9798194814655532,0.9895442644178074,0.019010428331259283
828,S11,3,amusement,4140.0,4145.0,1.0,0.9846344000899205,0.027937454381962587
829,S11,3,amusement,4145.0,4150.0,0.9968232652922419,0.9951275448671535,0.00885900933244829
830,S11,3,amusement,4150.0,4155.0,1.0,0.9946179353761184,0.00978557204342139
831,S11,3,amusement,4155.0,4160.0,1.0,0.9874407257971456,0.022835044005189993
832,S11,3,amusement,4160.0,4165.0,1.0,0.9883642133796293,0.021155975673401325
833,S11,3,amusement,4165.0,4170.0,0.9836102873447373,0.996028525261657,0.007220863160623765
834,S11,3,amusement,4170.0,4175.0,0.9801868720480805,0.9867056637684437,0.024171520421011696
835,S11,3,amusement,4175.0,4180.0,0.9726863841905142,0.9949736855092788,0.009138753619493184
836,S11,3,amusement,4180.0,4185.0,0.9762427611292129,0.9945723735613672,0.009868411706605325
837,S11,3,amusement,4185.0,4190.0,0.9778288435159793,0.9869567590889237,0.02371498347468426
838,S11,3,amusement,4190.0,4195.0,0.9763522631020611,0.9921220873160199,0.014323477607236583
839,S11,3,amusement,4195.0,4200.0,0.9820708605404286,0.9879226494336082,0.021958819211621423
840,S11,3,amusement,4200.0,4205.0,0.9780079416381647,0.9949266456107988,0.0092242807076386
841,S11,3,amusement,4205.0,4210.0,0.9806586165269982,0.9934119834056714,0.011978211989688535
842,S11,3,amusement,4210.0,4215.0,0.9768040616573521,0.994809495762053,0.009437280432631081
843,S11,3,amusement,4215.0,4220.0,0.9795608872864423,0.9956365712838744,0.007933506756591997
844,S11,3,amusement,4220.0,4225.0,0.9840147219305599,0.9966350089465239,0.0061181655517747605
845,S11,3,amusement,4225.0,4230.0,0.9878378741783703,0.9957126528886546,0.007795176566082494
846,S11,3,amusement,4230.0,4235.0,0.9868990181857067,0.9878003276019245,0.022181222541955373
847,S11,3,amusement,4235.0,4240.0,1.0,0.9862613472635335,0.024979368611757168
848,S11,3,amusement,4240.0,4245.0,0.979170850137381,0.9932835449868176,0.012211736387604652
849,S11,3,amusement,4245.0,4250.0,0.9781186561216827,0.9934239097912452,0.011956527652281689
850,S11,3,amusement,4250.0,4255.0,0.9766484730042309,0.9868557578194013,0.02389862214654327
851,S11,3,amusement,4255.0,4260.0,1.0,0.9905400692525705,0.01719987408623563
852,S11,3,amusement,4260.0,4265.0,0.9777758620401794,0.9872519237084729,0.023178320530049413
853,S11,3,amusement,4265.0,4270.0,0.985354645198724,0.9684404969396163,0.057380914655242955
854,S11,3,amusement,4270.0,4275.0,0.9786170036860623,0.9906146652762446,0.017064244952282613
855,S11,3,amusement,4275.0,4280.0,0.9812713266782116,0.9940943297889187,0.010737582201966082
856,S11,3,amusement,4280.0,4285.0,0.9797639728743474,0.9921845218600327,0.014209960254485992
857,S11,3,amusement,4285.0,4290.0,0.9780640170171758,0.9929718909596073,0.012778380073441415
858,S11,3,amusement,4290.0,4295.0,0.9783146644625105,0.9899974208579405,0.0181865075310173
859,S11,3,amusement,4295.0,4300.0,0.9763174963101019,0.9958627799827984,0.007522218213093804
860,S11,3,amusement,4300.0,4305.0,1.0,0.9888983725924501,0.020184777104636308
861,S11,3,amusement,4305.0,4310.0,1.0,0.9957666199248731,0.00769705468204882
862,S11,3,amusement,4310.0,4315.0,0.9848293727923865,0.9914347434093556,0.01557319380117197
863,S11,3,amusement,4315.0,4320.0,0.9819003682296522,0.9898556108234884,0.018444343957294062
864,S11,3,amusement,4320.0,4325.0,0.975853301217202,0.9902863896951473,0.017661109645186857
865,S11,3,amusement,4325.0,4330.0,0.9784601433023767,0.9943143789370019,0.010337492841814672
866,S11,3,amusement,4330.0,4335.0,0.9811400466154355,0.9961098286977803,0.007073038731308583
867,S11,3,amusement,4335.0,4340.0,1.0,0.9849742252331559,0.027319590485171272
868,S11,3,amusement,4340.0,4345.0,0.9909502425421018,0.9892662609123024,0.01951588925035928
869,S11,3,amusement,4345.0,4350.0,0.9759385488988948,0.9974808339141898,0.00458030197420042
870,S11,3,amusement,4350.0,4355.0,0.9793547200721933,0.9942016354309517,0.010542481034633374
871,S11,3,amusement,4355.0,4360.0,0.9805865356589718,0.9973058583650551,0.004898439336263592
872,S11,3,amusement,4360.0,4365.0,1.0,0.9908068964589265,0.016714733711042807
873,S11,3,amusement,4365.0,4370.0,1.0,0.9365880678082295,0.11529442216685569
874,S11,3,amusement,4370.0,4375.0,0.9746913434730967,0.9942121315200885,0.010523397236202912
875,S11,3,amusement,4375.0,4380.0,0.977715936869867,0.9927970734052189,0.013096230172329294
876,S11,3,amusement,4380.0,4385.0,0.9762852808339503,0.9982599565364154,0.003163715388335775
877,S11,3,amusement,4385.0,4390.0,0.9776819366739731,0.9900883302972223,0.018021217641414
878,S11,3,amusement,4390.0,4395.0,0.9808906186683861,0.9924153161575064,0.013790334259079357
879,S11,3,amusement,4395.0,4400.0,0.9738017957215056,0.9977541812487725,0.004083306820413806
880,S11,3,amusement,4400.0,4405.0,0.9777389760933192,0.990759429601551,0.016801037088089298
881,S11,3,amusement,4405.0,4410.0,0.9810500469850277,0.9940255101556754,0.010862708807863122
882,S11,3,amusement,4410.0,4415.0,0.9762300891308757,0.9905471139839808,0.017187065483671306
883,S11,3,amusement,4415.0,4420.0,0.9914786672972141,0.9962859852555219,0.006752754080869221
884,S11,3,amusement,4420.0,4425.0,1.0,0.9950339927149756,0.009029104154590009
885,S11,3,amusement,4425.0,4430.0,1.0,0.9936113814706751,0.011615670053318155
886,S11,3,amusement,4430.0,4435.0,0.9816455461311593,0.9911089111435718,0.016165616102596876
887,S11,3,amusement,4435.0,4440.0,0.9756395522099455,0.9964070015649782,0.006532724427312444
888,S11,3,amusement,4440.0,4445.0,0.9782183645613908,0.9919373540064551,0.014659356351899883
889,S11,3,amusement,4445.0,4450.0,0.9757930354547281,0.9986869181838063,0.002387421483988872
890,S11,3,amusement,4450.0,4455.0,0.9754730700173713,0.9910756196873962,0.016226146022916124
891,S11,3,amusement,4455.0,4460.0,0.9774625289578479,0.9922322422237739,0.01412319595677459
892,S11,3,amusement,4460.0,4465.0,0.9790072157815147,0.9876752635235864,0.022408611775297658
893,S11,3,amusement,4465.0,4470.0,0.9824180889301475,0.9785573765269389,0.0389865881328386
894,S11,3,amusement,4470.0,4475.0,0.9774821257706012,0.9882775002015827,0.021313635997122386
895,S13,1,baseline,90.0,95.0,0.9765800913976307,0.9907906000789777,0.01674436349276801
896,S13,1,baseline,95.0,100.0,0.9849606396707127,0.9972322370964692,0.005032296188237632
897,S13,1,baseline,100.0,105.0,0.9822968088766775,0.9858091509360531,0.025801543752630725
898,S13,1,baseline,105.0,110.0,1.0,0.9954392584537519,0.008292257356814593
899,S13,1,baseline,110.0,115.0,0.9843549552030915,0.9953159764576944,0.008516406440555891
900,S13,1,baseline,115.0,120.0,1.0,0.9970245280745056,0.005409948955444311
901,S13,1,baseline,120.0,125.0,1.0,0.9877118308201105,0.02234212578161759
902,S13,1,baseline,125.0,130.0,0.984226959993248,0.9928784273449522,0.01294831391826889
903,S13,1,baseline,130.0,135.0,0.9869048625137928,0.9853541007180817,0.026628907785306227
904,S13,1,baseline,135.0,140.0,0.9748678792012121,0.9860078539509152,0.025440265543790825
905,S13,1,baseline,140.0,145.0,0.9776658954031184,0.9932795687926401,0.012218965831563445
906,S13,1,baseline,145.0,150.0,0.9711828070123925,0.9890438271619619,0.019920314250978257
907,S13,1,baseline,150.0,155.0,0.9805112956689944,0.9916235658656378,0.015229880244294851
908,S13,1,baseline,155.0,160.0,0.9936541642588509,0.9947495706893408,0.009546235110289684
909,S13,1,baseline,160.0,165.0,1.0,0.997410887561003,0.004707477161812786
910,S13,1,baseline,165.0,170.0,1.0,0.9957689414639337,0.007692833701938847
911,S13,1,baseline,170.0,175.0,0.9810560927543253,0.9904217164782294,0.01741506094867391
912,S13,1,baseline,175.0,180.0,0.9861968120393988,0.9931534107907471,0.012448344016823232
913,S13,1,baseline,180.0,185.0,0.9862723809104283,0.98280061391448,0.031271611064581976
914,S13,1,baseline,185.0,190.0,0.9845955525295106,0.9918049140881633,0.014900156203339449
915,S13,1,baseline,190.0,195.0,0.9934714537133418,0.9905647485507993,0.017155002634910335
916,S13,1,baseline,195.0,200.0,0.9807732703360689,0.9851172706602727,0.027059507890413597
917,S13,1,baseline,200.0,205.0,0.9830887242892057,0.9886688091240146,0.020602165229064617
918,S13,1,baseline,205.0,210.0,0.9837197435321728,0.9833232911052812,0.03032128889948866
919,S13,1,baseline,210.0,215.0,0.9910129812684139,0.9956720282241918,0.00786903959237885
920,S13,1,baseline,215.0,220.0,0.9790870878784833,0.9923031617062799,0.013994251443127641
921,S13,1,baseline,220.0,225.0,0.985798807938697,0.9882135466000144,0.02142991527270118
922,S13,1,baseline,225.0,230.0,0.9776441259322425,0.989963794494114,0.018247646374338185
923,S13,1,baseline,230.0,235.0,0.9774814009825488,0.9758114011918111,0.04397927056034346
924,S13,1,baseline,235.0,240.0,0.9807727171024573,0.9396403630554057,0.10974479444471706
925,S13,1,baseline,240.0,245.0,0.9818376296479039,0.9925621971648129,0.013523277882158489
926,S13,1,baseline,245.0,250.0,0.9871680687975276,0.984959971208466,0.02734550689369845
927,S13,1,baseline,250.0,255.0,0.9851301017485535,0.9922522834011303,0.01408675745249065
928,S13,1,baseline,255.0,260.0,0.9784284181201341,0.9980234287956165,0.003593765826152162
929,S13,1,baseline,260.0,265.0,0.9791207961808946,0.9847823520146322,0.027668450882487105
930,S13,1,baseline,265.0,270.0,1.0,0.9832740361913566,0.030410843288442548
931,S13,1,baseline,270.0,275.0,1.0,0.9662386544412429,0.061384264652285817
932,S13,1,baseline,275.0,280.0,0.9800001131851279,0.9976059295258968,0.004352855407460324
933,S13,1,baseline,280.0,285.0,0.9818713343574088,0.9818933217979409,0.03292123309465303
934,S13,1,baseline,285.0,290.0,1.0,0.9780160300685965,0.039970854420733774
935,S13,1,baseline,290.0,295.0,1.0,0.9889864418489491,0.02002465118372873
936,S13,1,baseline,295.0,300.0,1.0,0.9959451803092747,0.007372399437682677
937,S13,1,baseline,300.0,305.0,0.9769295904139195,0.9930857137166862,0.012571429606025222
938,S13,1,baseline,305.0,310.0,0.9768073788686765,0.9898647292870133,0.01842776493270327
939,S13,1,baseline,310.0,315.0,0.9773632042934076,0.9842260411141086,0.028679925247075206
940,S13,1,baseline,315.0,320.0,0.9769497871619116,0.9856520083482021,0.02608725754872359
941,S13,1,baseline,320.0,325.0,0.98951309399658,0.9419105429982468,0.10561719454864216
942,S13,1,baseline,325.0,330.0,0.9799951309915282,0.9040193413762793,0.17451028840676513
943,S13,1,baseline,330.0,335.0,0.9755325495872371,0.9951163259298961,0.008879407400188853
944,S13,1,baseline,335.0,340.0,0.9765109558488099,0.997974661911947,0.00368243288736936
945,S13,1,baseline,340.0,345.0,0.9811255702750994,0.9850969205962068,0.027096508006896933
946,S13,1,baseline,345.0,350.0,0.9883341426949744,0.9960015101260955,0.007269981588917447
947,S13,1,baseline,350.0,355.0,0.9802491876693299,0.9897723835361538,0.01859566629790211
948,S13,1,baseline,355.0,360.0,0.9749239632598291,0.9777272045789989,0.04049599167454744
949,S13,1,baseline,360.0,365.0,0.9811993541074105,0.9778194358244279,0.040328298501040145
950,S13,1,baseline,365.0,370.0,0.9909728688707063,0.9929172077409818,0.012877804107306143
951,S13,1,baseline,370.0,375.0,0.9888153403163822,0.995035371239058,0.009026597747167315
952,S13,1,baseline,375.0,380.0,0.9828393807353062,0.9956747474725718,0.007864095504415022
953,S13,1,baseline,380.0,385.0,0.9858720701530453,0.9963193684382301,0.006692057385036114
954,S13,1,baseline,385.0,390.0,0.987375942189301,0.996373923115127,0.006592867063405588
955,S13,1,baseline,390.0,395.0,0.9816173786634202,0.9837353326619209,0.029572122432871356
956,S13,1,baseline,395.0,400.0,0.9864450521672714,0.992302656027438,0.013995170859203824
957,S13,1,baseline,400.0,405.0,0.982914870964464,0.9869333615672353,0.023757524423208443
958,S13,1,baseline,405.0,410.0,0.980827600562285,0.9973194436278767,0.004873738858406134
959,S13,1,baseline,410.0,415.0,1.0,0.9776475142110908,0.040640883252562175
960,S13,1,baseline,415.0,420.0,1.0,0.9892845457240997,0.019482644138000733
961,S13,1,baseline,420.0,425.0,0.9850290236345449,0.9853368950786585,0.026660190766075433
962,S13,1,baseline,425.0,430.0,0.9833534070787384,0.9878531546768063,0.02208517331489774
963,S13,1,baseline,430.0,435.0,0.9824463716170158,0.9798401968213348,0.03665418759757335
964,S13,1,baseline,435.0,440.0,0.9803586691510934,0.9973855534803846,0.004753539126573602
965,S13,1,baseline,440.0,445.0,0.9843685866650144,0.9976085196887796,0.004348146020400774
966,S13,1,baseline,445.0,450.0,0.9839850421252556,0.994823118587735,0.009412511658663887
967,S13,1,baseline,450.0,455.0,0.982508664474687,0.9708067642664908,0.05307861042456207
968,S13,1,baseline,455.0,460.0,0.9766509984863413,0.9941466177513776,0.010642513179313555
969,S13,1,baseline,460.0,465.0,0.9837251829931747,0.9988743221297207,0.002046687036871759
970,S13,1,baseline,465.0,470.0,0.9823902221607024,0.9956905301656835,0.007835399698757408
971,S13,1,baseline,470.0,475.0,0.9909341113337161,0.9923632774680731,0.013884950058049206
972,S13,1,baseline,475.0,480.0,0.9849002933428977,0.9905748608541292,0.017136616628855978
973,S13,1,baseline,480.0,485.0,0.9825033831023873,0.9974352076843152,0.004663258755790869
974,S13,1,baseline,485.0,490.0,0.9834548572128996,0.9870353931198759,0.0235720125093167
975,S13,1,baseline,490.0,495.0,0.9831271764240871,0.9898892971416571,0.018383096106078085
976,S13,1,baseline,495.0,500.0,0.989295893221059,0.9953962526655715,0.008370449698960945
977,S13,1,baseline,500.0,505.0,0.98441625424161,0.9763241645300729,0.043046973581685945
978,S13,1,baseline,505.0,510.0,0.9834185769960258,0.9800346645562017,0.03630060989781498
979,S13,1,baseline,510.0,515.0,0.9959958622957837,0.9958554366122028,0.007535569795994969
980,S13,1,baseline,515.0,520.0,0.9923670845635576,0.9891480679700753,0.019730785508954112
981,S13,1,baseline,520.0,525.0,0.9932886505483721,0.9954108733071019,0.008343866714360439
982,S13,1,baseline,525.0,530.0,1.0,0.9919746166266699,0.014591606133327419
983,S13,1,baseline,530.0,535.0,0.9767849402144291,0.9915746906390088,0.015318744292711373
984,S13,1,baseline,535.0,540.0,0.9807205154230108,0.9711937538262481,0.05237499304318549
985,S13,1,baseline,540.0,545.0,1.0,0.9649503441678076,0.06372664696762269
986,S13,1,baseline,545.0,550.0,0.9825169250221402,0.9948810155999965,0.009307244363642908
987,S13,1,baseline,550.0,555.0,0.9842535654619838,0.9932303178040642,0.012308513083519556
988,S13,1,baseline,555.0,560.0,0.9819244237431484,0.9873752008242385,0.022954180319566458
989,S13,1,baseline,560.0,565.0,0.9786983264601049,0.9930085615245792,0.012711706318947167
990,S13,1,baseline,565.0,570.0,1.0,0.9882639459208442,0.021338280143919627
991,S13,1,baseline,570.0,575.0,0.9833596093564162,0.9808441770732967,0.034828768957642316
992,S13,1,baseline,575.0,580.0,0.979694393941835,0.9921103278781509,0.014344858403362186
993,S13,1,baseline,580.0,585.0,1.0,0.9701242435670607,0.05431955715079859
994,S13,1,baseline,585.0,590.0,1.0,0.9912535330394792,0.01590266720094723
995,S13,1,baseline,590.0,595.0,1.0,0.9919186190611686,0.014693419888784339
996,S13,1,baseline,595.0,600.0,0.9892123583427778,0.9954159863219134,0.008334570323793724
997,S13,1,baseline,600.0,605.0,1.0,0.9916326013982328,0.01521345200321309
998,S13,1,baseline,605.0,610.0,0.9865292592616264,0.9944315561657626,0.010124443334977026
999,S13,1,baseline,610.0,615.0,0.9827154792085236,0.9734892097290673,0.048201436856241356
1000,S13,1,baseline,615.0,620.0,1.0,0.9964091420697785,0.0065288326004026564
1001,S13,1,baseline,620.0,625.0,1.0,0.9878680631110996,0.02205806707072797
1002,S13,1,baseline,625.0,630.0,0.9900936254205964,0.9959089258169782,0.007438316696403525
1003,S13,1,baseline,630.0,635.0,1.0,0.9882730243799287,0.021321773854675413
1004,S13,1,baseline,635.0,640.0,0.987016957659468,0.9896640494993825,0.01879263727385029
1005,S13,1,baseline,640.0,645.0,0.9859216164992559,0.9934634056852334,0.011884716935939484
1006,S13,1,baseline,645.0,650.0,0.9839757749381988,0.9540727830459199,0.08350403082560018
1007,S13,1,baseline,650.0,655.0,0.9848455086246047,0.9859162127465975,0.025606885915277537
1008,S13,1,baseline,655.0,660.0,0.9814625409288783,0.9923252241219762,0.013954137960043515
1009,S13,1,baseline,660.0,665.0,0.9851309926795196,0.9969597509243022,0.0055277255921781145
1010,S13,1,baseline,665.0,670.0,0.9894154506403828,0.9873155488608041,0.02306263843490161
1011,S13,1,baseline,670.0,675.0,0.9814981451011083,0.9741491842683665,0.04700148314842481
1012,S13,1,baseline,675.0,680.0,0.9836024260304994,0.9780801505005483,0.03985427181718499
1013,S13,1,baseline,680.0,685.0,1.0,0.9962369063586287,0.006841988438856993
1014,S13,1,baseline,685.0,690.0,0.9821198448027947,0.9857724734023281,0.025868230177585525
1015,S13,1,baseline,690.0,695.0,0.9846536786528511,0.9920204559486947,0.01450826191146417
1016,S13,1,baseline,695.0,700.0,0.9821602190531296,0.9975798483816509,0.004400275669725806
1017,S13,1,baseline,700.0,705.0,0.9835280857033672,0.9938018646811104,0.011269336943435621
1018,S13,1,baseline,705.0,710.0,0.9899950374140356,0.9881235797326453,0.021593491395190314
1019,S13,1,baseline,710.0,715.0,0.9901240727002834,0.9994204711481309,0.001053688821580232
1020,S13,1,baseline,715.0,720.0,1.0,0.986375415394479,0.024771972010038303
1021,S13,1,baseline,720.0,725.0,1.0,0.9866877114545096,0.024204160991800797
1022,S13,1,baseline,725.0,730.0,0.9869752705028644,0.9977604495282282,0.004071909948676142
1023,S13,1,baseline,730.0,735.0,0.9799936574478454,0.9876922009283515,0.022377816493906334
1024,S13,1,baseline,735.0,740.0,0.9852823049700602,0.9956169163968067,0.007969242914896917
1025,S13,1,baseline,740.0,745.0,0.9849276336146937,0.9953211263930115,0.008507042921797166
1026,S13,1,baseline,745.0,750.0,0.9837596168431503,0.9920776789820724,0.014404220032595717
1027,S13,1,baseline,750.0,755.0,0.9834264186740275,0.9929365259809013,0.012842680034724973
1028,S13,1,baseline,755.0,760.0,0.9839942622613078,0.9747293878176841,0.04594656760421087
1029,S13,1,baseline,760.0,765.0,0.9883896398124459,0.9916686648885025,0.015147882020904679
1030,S13,1,baseline,765.0,770.0,0.9804612962155269,0.989196881410048,0.01964203379991285
1031,S13,1,baseline,770.0,775.0,0.9831448796928163,0.9953631691592406,0.008430601528653586
1032,S13,1,baseline,775.0,780.0,0.9850556593254197,0.9716300368370894,0.05158175120529197
1033,S13,1,baseline,780.0,785.0,0.9704645699757184,0.9862158954701603,0.025062008236072072
1034,S13,1,baseline,785.0,790.0,0.9813226219673443,0.9948227649745374,0.009413154591750275
1035,S13,1,baseline,790.0,795.0,0.9850503346482165,0.9940442229394459,0.01082868556464381
1036,S13,1,baseline,795.0,800.0,1.0,0.9862381361342085,0.025021570665075436
1037,S13,1,baseline,800.0,805.0,0.9838751334612782,0.9902989780953688,0.017638221644784017
1038,S13,1,baseline,805.0,810.0,0.9843317730141727,0.9907817151570197,0.01676051789632787
1039,S13,1,baseline,810.0,815.0,1.0,0.9966331985442447,0.006121457192282286
1040,S13,1,baseline,815.0,820.0,1.0,0.9796286372058125,0.037038841443977205
1041,S13,1,baseline,820.0,825.0,1.0,0.9821244278905381,0.03250104019902187
1042,S13,1,baseline,825.0,830.0,1.0,0.9663397582426092,0.06120043955889256
1043,S13,1,baseline,830.0,835.0,0.9839500172286707,0.9951463632573998,0.008824794077455178
1044,S13,1,baseline,835.0,840.0,1.0,0.9951904795672617,0.008744582604979049
1045,S13,1,baseline,840.0,845.0,1.0,0.9967154540369565,0.005971901750988126
1046,S13,1,baseline,845.0,850.0,0.9795344814935565,0.994132578751576,0.010668038633498363
1047,S13,1,baseline,850.0,855.0,0.9936990386466577,0.986124254694146,0.025228627828825415
1048,S13,1,baseline,855.0,860.0,0.9822429671353669,0.9944063326012942,0.010170304361283565
1049,S13,1,baseline,860.0,865.0,0.9812382097349763,0.9881972104024679,0.021459617450058272
1050,S13,1,baseline,865.0,870.0,0.9853975790705445,0.9801230587215226,0.03613989323359529
1051,S13,1,baseline,870.0,875.0,0.9931492875038183,0.9889116239071616,0.020160683805160964
1052,S13,1,baseline,875.0,880.0,0.9840511085350141,0.9891215360691219,0.019779025328869295
1053,S13,1,baseline,880.0,885.0,0.9858451790090543,0.9883840218651347,0.02111996024520976
1054,S13,1,baseline,885.0,890.0,0.9855571451393647,0.9884389267145666,0.021020133246242575
1055,S13,1,baseline,890.0,895.0,0.9823191481449137,0.9845734447147791,0.02804828233676548
1056,S13,1,baseline,895.0,900.0,0.992823845243997,0.9713374694871391,0.052113691841565446
1057,S13,1,baseline,900.0,905.0,0.9817170661985885,0.9880844484848781,0.021664639118403623
1058,S13,1,baseline,905.0,910.0,0.9836932390038957,0.9856131532231027,0.02615790323072241
1059,S13,1,baseline,910.0,915.0,0.9834023366680761,0.9851416257606986,0.02701522588963875
1060,S13,1,baseline,915.0,920.0,0.9855059396639455,0.9891160467743432,0.019789005864830633
1061,S13,1,baseline,920.0,925.0,0.9930306239832839,0.9902809047525016,0.01767108226817885
1062,S13,1,baseline,925.0,930.0,0.9822873090643053,0.9910657738382704,0.016244047566781016
1063,S13,1,baseline,930.0,935.0,0.9829028816066417,0.9865708800197919,0.02441658178219679
1064,S13,1,baseline,935.0,940.0,0.9780909258855214,0.998199829313968,0.003273037610967373
1065,S13,1,baseline,940.0,945.0,0.9805725603793516,0.9842248936947668,0.02868201146406048
1066,S13,1,baseline,945.0,950.0,0.9804143023330385,0.9936031927169093,0.01163055869652839
1067,S13,1,baseline,950.0,955.0,0.9848682550339826,0.9896703999143657,0.018781091064789934
1068,S13,1,baseline,955.0,960.0,0.9811883623333375,0.9961715906212238,0.006960744325047425
1069,S13,1,baseline,960.0,965.0,0.9874957409495744,0.9710865617887163,0.05256988765687969
1070,S13,1,baseline,965.0,970.0,0.9769402236057609,0.9859902660824411,0.02547224348647074
1071,S13,1,baseline,970.0,975.0,0.9850847261644434,0.9797936377207035,0.036738840507811746
1072,S13,1,baseline,975.0,980.0,0.9851968533001161,0.9973453709149986,0.004826598336366244
1073,S13,1,baseline,980.0,985.0,0.9796131049129572,0.9973561394529276,0.004807019176495526
1074,S13,1,baseline,985.0,990.0,0.9838841347338942,0.996950455859277,0.005544625710405673
1075,S13,1,baseline,990.0,995.0,1.0,0.9958095571973973,0.007618986913823276
1076,S13,1,baseline,995.0,1000.0,0.9825846547364888,0.9882484282511828,0.021366494088758733
1077,S13,1,baseline,1000.0,1005.0,0.9826263324056576,0.9908326525157765,0.016667904516770405
1078,S13,1,baseline,1005.0,1010.0,0.9794898457440784,0.997423531440973,0.0046844882891400276
1079,S13,1,baseline,1010.0,1015.0,0.9895028368747721,0.9891487239651968,0.019729592790551177
1080,S13,1,baseline,1015.0,1020.0,0.9826862980639226,0.9805457741801005,0.03537131967254474
1081,S13,1,baseline,1020.0,1025.0,0.9811237854094831,0.9968241311727202,0.00577430695869075
1082,S13,1,baseline,1025.0,1030.0,1.0,0.9959196043564937,0.007418901170011319
1083,S13,1,baseline,1030.0,1035.0,0.9829262974930493,0.9922390625861954,0.014110795297826629
1084,S13,1,baseline,1035.0,1040.0,0.991315172539037,0.9970385724719697,0.005384413687328035
1085,S13,1,baseline,1040.0,1045.0,0.9800785904449262,0.9934992331792902,0.011819576037654284
1086,S13,1,baseline,1045.0,1050.0,0.9849561416261509,0.9928751374416314,0.012954295560670452
1087,S13,1,baseline,1050.0,1055.0,1.0,0.9858790987953607,0.02567436582661681
1088,S13,1,baseline,1055.0,1060.0,0.9875008628119697,0.972565533993498,0.04988084728454926
1089,S13,1,baseline,1060.0,1065.0,0.9855048574629449,0.9897189968566071,0.01869273298798721
1090,S13,1,baseline,1065.0,1070.0,0.9877654991187503,0.9943965255141636,0.010188135428793509
1091,S13,1,baseline,1070.0,1075.0,1.0,0.977884856284946,0.04020935220918928
1092,S13,1,baseline,1075.0,1080.0,0.9864749883341802,0.9754545827118672,0.04462803143296878
1093,S13,1,baseline,1080.0,1085.0,0.9863440646274975,0.9575537228505582,0.07717504936262173
1094,S13,1,baseline,1085.0,1090.0,1.0,0.9971066555440355,0.005260626283571982
1095,S13,1,baseline,1090.0,1095.0,0.982230733628538,0.9829964450918769,0.030915554378405725
1096,S13,1,baseline,1095.0,1100.0,0.9828447873959137,0.9919372375346249,0.014659568118863785
1097,S13,1,baseline,1100.0,1105.0,0.9804430942776218,0.9836836977817525,0.02966600403317738
1098,S13,1,baseline,1105.0,1110.0,0.9836706745271276,0.9556828794156906,0.08057658288056269
1099,S13,1,baseline,1110.0,1115.0,0.9850116015873422,0.9785556883121485,0.03898965761427549
1100,S13,1,baseline,1115.0,1120.0,0.981228966189347,0.9948113776109708,0.00943385888914394
1101,S13,1,baseline,1120.0,1125.0,1.0,0.9878345668883532,0.022118969293903203
1102,S13,1,baseline,1125.0,1130.0,0.9768788409365683,0.981066450617927,0.03442463524013286
1103,S13,1,baseline,1130.0,1135.0,0.9909735644293989,0.9894438559821754,0.01919298912331744
1104,S13,1,baseline,1135.0,1140.0,0.97680689073876,0.9851076618977925,0.027076978367650117
1105,S13,1,baseline,1140.0,1145.0,0.9807443962178454,0.9855465632326272,0.026278975940677695
1106,S13,1,baseline,1145.0,1150.0,0.9902830408627206,0.9861948410525747,0.025100288995318933
1107,S13,1,baseline,1150.0,1155.0,0.9831866777716427,0.9968561769782025,0.005716041857813634
1108,S13,1,baseline,1155.0,1160.0,0.9829311124085819,0.9973014669361702,0.004906423752417753
1109,S13,1,baseline,1160.0,1165.0,0.9962174627654056,0.9771908943720249,0.04147110114177315
1110,S13,1,baseline,1165.0,1170.0,0.9816305065418695,0.9804588167453128,0.03552942409943125
1111,S13,1,baseline,1170.0,1175.0,0.9817862220625618,0.9814520112838601,0.03372361584752728
1112,S13,1,baseline,1175.0,1180.0,0.9841856426720192,0.9870770640505462,0.023496247180825346
1113,S13,1,baseline,1180.0,1185.0,0.9849409114736021,0.9965800569759675,0.006218078225513541
1114,S13,1,baseline,1185.0,1190.0,0.9836748534196647,0.9848826904765504,0.027486017315362977
1115,S13,1,baseline,1190.0,1195.0,0.9818628749395342,0.9762422156910138,0.04319597147088418
1116,S13,1,baseline,1195.0,1200.0,0.9823735402276433,0.9793339235528555,0.0375746844493537
1117,S13,1,baseline,1200.0,1205.0,1.0,0.9905919504379632,0.01710554465824876
1118,S13,1,baseline,1205.0,1210.0,0.9852473869226317,0.9958082924029761,0.007621286540043528
1119,S13,1,baseline,1210.0,1215.0,0.9822250819201185,0.9905671889418257,0.017150565560317084
1120,S13,1,baseline,1215.0,1220.0,0.988354032624715,0.9609338062160784,0.07102944324349401
1121,S13,1,baseline,1220.0,1225.0,0.9861983631428123,0.987224586933813,0.023228023756703867
1122,S13,1,baseline,1225.0,1230.0,0.9955529563565702,0.9729494125342717,0.049182886301324176
1123,S13,1,baseline,1230.0,1235.0,0.9904837862979506,0.9839021356467483,0.029268844278639353
1124,S13,1,baseline,1235.0,1240.0,0.9838904960313412,0.9974482633844146,0.004639521119246132
1125,S13,1,baseline,1240.0,1245.0,1.0,0.9934616045597169,0.011887991709605698
1126,S13,1,baseline,1245.0,1250.0,1.0,0.9905391213168302,0.017201597605763515
1127,S13,1,baseline,1250.0,1255.0,0.9810420690082772,0.9966239597388169,0.0061382550203331115
1128,S13,1,baseline,1255.0,1260.0,0.9820656688006937,0.9941777604032627,0.010585890175886221
1129,S13,1,baseline,1260.0,1265.0,0.9782642112214548,0.9920034416109904,0.01453919707092666
1130,S13,3,amusement,1665.0,1670.0,0.9801361114616144,0.9925940223377976,0.01346541393127724
1131,S13,3,amusement,1670.0,1675.0,1.0,0.9986276042978275,0.002495264913041074
1132,S13,3,amusement,1675.0,1680.0,0.9872455408984308,0.9948523177057276,0.00935942235322261
1133,S13,3,amusement,1680.0,1685.0,0.9816150647712586,0.990413019151358,0.017430874270258377
1134,S13,3,amusement,1685.0,1690.0,0.9960902135362796,0.9923803796832891,0.013853855121292698
1135,S13,3,amusement,1690.0,1695.0,0.9833421571677743,0.9957229310617128,0.0077764889787039675
1136,S13,3,amusement,1695.0,1700.0,0.9815854374283038,0.9890282363464784,0.019948661188221178
1137,S13,3,amusement,1700.0,1705.0,0.9803561266891793,0.9876394748543735,0.022473682082957316
1138,S13,3,amusement,1705.0,1710.0,0.9816178664873465,0.9841747900160143,0.02877310906179256
1139,S13,3,amusement,1710.0,1715.0,0.9823180696678552,0.980470849557949,0.0355075462582743
1140,S13,3,amusement,1715.0,1720.0,0.9833458561056816,0.9957026177825963,0.007813422213461494
1141,S13,3,amusement,1720.0,1725.0,0.9880156889884908,0.9979577482589288,0.0037131849837659684
1142,S13,3,amusement,1725.0,1730.0,0.9847560165594471,0.9945985773934927,0.009820768375467945
1143,S13,3,amusement,1730.0,1735.0,0.9902404121761731,0.989970387691747,0.018235658742278296
1144,S13,3,amusement,1735.0,1740.0,1.0,0.9913287946727694,0.015765827867692272
1145,S13,3,amusement,1740.0,1745.0,0.9836126420734141,0.958243170279856,0.07592150858208017
1146,S13,3,amusement,1745.0,1750.0,0.9797616766146471,0.9900904263045089,0.018017406719074685
1147,S13,3,amusement,1750.0,1755.0,0.9800930729873032,0.9922626443518472,0.014067919360277702
1148,S13,3,amusement,1755.0,1760.0,0.981599450519562,0.9809301322541051,0.03467248681071833
1149,S13,3,amusement,1760.0,1765.0,1.0,0.9841615168144722,0.02879724215550526
1150,S13,3,amusement,1765.0,1770.0,1.0,0.995105861465035,0.0088984336999366
1151,S13,3,amusement,1770.0,1775.0,1.0,0.9941762013056026,0.01058872489890459
1152,S13,3,amusement,1775.0,1780.0,1.0,0.9869946165958703,0.023646151643872126
1153,S13,3,amusement,1780.0,1785.0,0.9846569076892026,0.9812963751211146,0.03400659068888287
1154,S13,3,amusement,1785.0,1790.0,0.9780535089859084,0.9987330511917134,0.00230354328779392
1155,S13,3,amusement,1790.0,1795.0,0.9722185089551432,0.9823968842983621,0.03200566491206877
1156,S13,3,amusement,1795.0,1800.0,0.9869039099927109,0.9973378800786792,0.004840218038765106
1157,S13,3,amusement,1800.0,1805.0,1.0,0.9760705521089854,0.04350808707457182
1158,S13,3,amusement,1805.0,1810.0,0.9811372204158985,0.9782515387288109,0.03954265685670766
1159,S13,3,amusement,1810.0,1815.0,0.97826252376518,0.9982410042454728,0.0031981740991405255
1160,S13,3,amusement,1815.0,1820.0,0.9841198063790938,0.9966180938564035,0.006148920261084455
1161,S13,3,amusement,1820.0,1825.0,0.981266243913651,0.985884945673448,0.025663735139185614
1162,S13,3,amusement,1825.0,1830.0,1.0,0.9960181947934454,0.007239645830099213
1163,S13,3,amusement,1830.0,1835.0,0.983783051228853,0.995070113620677,0.008963429780587413
1164,S13,3,amusement,1835.0,1840.0,0.9825306396115344,0.9896034212493541,0.018902870455720106
1165,S13,3,amusement,1840.0,1845.0,0.9769042477970548,0.995106621344156,0.00889705210153459
1166,S13,3,amusement,1845.0,1850.0,0.97883000898929,0.992699534686575,0.013273573297136618
1167,S13,3,amusement,1850.0,1855.0,0.9793814549218539,0.9900751931512599,0.018045103361345634
1168,S13,3,amusement,1855.0,1860.0,0.9806532526153026,0.9984794984018945,0.002764548360191827
1169,S13,3,amusement,1860.0,1865.0,0.9792557286506425,0.9416512100745122,0.10608870895543226
1170,S13,3,amusement,1865.0,1870.0,1.0,0.9963552252897168,0.006626863109605762
1171,S13,3,amusement,1870.0,1875.0,0.9786433334904951,0.9882482380731483,0.02136683986700301
1172,S13,3,amusement,1875.0,1880.0,0.9828372856416729,0.9834358334750906,0.030116666408926185
1173,S13,3,amusement,1880.0,1885.0,0.9811986084799174,0.9880546747792383,0.02171877312865765
1174,S13,3,amusement,1885.0,1890.0,0.9814754118114535,0.9884016843637056,0.02108784661144446
1175,S13,3,amusement,1890.0,1895.0,0.9817101848743417,0.9923942812509525,0.01382857954372277
1176,S13,3,amusement,1895.0,1900.0,0.9820877505438387,0.9966897530433649,0.0060186308302456444
1177,S13,3,amusement,1900.0,1905.0,1.0,0.9860476977757988,0.02536782222582062
1178,S13,3,amusement,1905.0,1910.0,0.9836281430289602,0.9920412307269293,0.014470489587401351
1179,S13,3,amusement,1910.0,1915.0,0.981880253969995,0.993423286785662,0.011957660389705574
1180,S13,3,amusement,1915.0,1920.0,0.9791984136180822,0.9935833522645583,0.011666632246257878
1181,S13,3,amusement,1920.0,1925.0,0.9808816138515682,0.9891585417189628,0.019711742329158878
1182,S13,3,amusement,1925.0,1930.0,0.9817406288540547,0.9885112972401375,0.02088855047247755
1183,S13,3,amusement,1930.0,1935.0,0.9854101471426051,0.9942976089902269,0.010367983654132827
1184,S13,3,amusement,1935.0,1940.0,0.980032834102369,0.988664403516498,0.0206101754245491
1185,S13,3,amusement,1940.0,1945.0,0.9820047546489328,0.9739552018115969,0.047354178524369524
1186,S13,3,amusement,1945.0,1950.0,0.981319186014098,0.9987700781496465,0.0022362215460972577
1187,S13,3,amusement,1950.0,1955.0,0.9954985095155138,0.9912736054183342,0.01586617196666533
1188,S13,3,amusement,1955.0,1960.0,0.98327766989699,0.9849280942953496,0.027403464917546225
1189,S13,3,amusement,1960.0,1965.0,0.9884389502392108,0.9984148388526073,0.0028821111770777324
1190,S13,3,amusement,1965.0,1970.0,0.9827770786770512,0.9982292612082895,0.003219525075837353
1191,S13,3,amusement,1970.0,1975.0,0.9843293262830384,0.9820202957854927,0.03269037129910427
1192,S13,3,amusement,1975.0,1980.0,0.9788347747632151,0.9984937448491622,0.0027386457287962027
1193,S13,3,amusement,1980.0,1985.0,0.9825668733475312,0.9961183116014989,0.007057615270002299
1194,S13,3,amusement,1985.0,1990.0,0.980110069351511,0.9794299972470704,0.03740000500532661
1195,S13,3,amusement,1990.0,1995.0,0.9787362701643617,0.9975912160215632,0.004379607233521648
1196,S13,3,amusement,1995.0,2000.0,0.9814927984704848,0.9766217858059445,0.042505843989192
1197,S13,3,amusement,2000.0,2005.0,0.985754779247481,0.9765261744053169,0.0426796828994241
1198,S13,3,amusement,2005.0,2010.0,0.9860222276131084,0.9623030447807681,0.0685399185804217
1199,S13,3,amusement,2010.0,2015.0,0.9831646696389766,0.9677971671818353,0.05855060512393586
1200,S13,3,amusement,2015.0,2020.0,0.9797213264754127,0.9887410271571964,0.02047085971418844
1201,S13,3,amusement,2020.0,2025.0,0.9796810960374057,0.9899574526525077,0.018259176995440746
1202,S13,3,amusement,2025.0,2030.0,1.0,0.9971301609367049,0.005217889205991319
1203,S13,3,amusement,2030.0,2035.0,0.9868701772316574,0.9925227611726648,0.013594979686063971
1204,S13,3,amusement,2035.0,2040.0,0.994359239842042,0.9901521933955242,0.017905102917229063
1205,S13,3,amusement,2040.0,2045.0,1.0,0.9954229836864439,0.008321847842829294
1206,S13,2,stress,3265.0,3270.0,0.9745707477961095,0.9914025688060928,0.015631693079831598
1207,S13,2,stress,3270.0,3275.0,0.9770228041465754,0.9694584558509347,0.05553008027102782
1208,S13,2,stress,3275.0,3280.0,1.0,0.9443068427755938,0.1012602858625567
1209,S13,2,stress,3280.0,3285.0,0.9759298842015173,0.9832474508819453,0.03045918021464505
1210,S13,2,stress,3285.0,3290.0,0.976211555805809,0.989491022995741,0.019107230916834483
1211,S13,2,stress,3290.0,3295.0,0.9854231459739918,0.9916116262437442,0.015251588647737855
1212,S13,2,stress,3295.0,3300.0,0.9921462367841835,0.9635281961963131,0.06631237055215827
1213,S13,2,stress,3300.0,3305.0,0.9756402072789717,0.9885955817978747,0.02073530582204624
1214,S13,2,stress,3305.0,3310.0,0.9824947440853783,0.9533090320973594,0.08489266891389202
1215,S13,2,stress,3310.0,3315.0,0.9991415879342995,0.9834882671503067,0.030021332453987762
1216,S13,2,stress,3315.0,3320.0,1.0,0.9880602191951122,0.021708692372523174
1217,S13,2,stress,3320.0,3325.0,0.9734810099279826,0.9950569312077995,0.008987397804001141
1218,S13,2,stress,3325.0,3330.0,0.8656871417395366,0.9853980152596389,0.026549063164292966
1219,S13,2,stress,3330.0,3335.0,1.0,0.9942091505507367,0.010528817180478945
1220,S13,2,stress,3335.0,3340.0,0.9992737124420594,0.9965871488271525,0.00620518395063172
1221,S13,2,stress,3340.0,3345.0,0.9702054273136224,0.9899675660292337,0.01824078903775705
1222,S13,2,stress,3345.0,3350.0,0.9758708027757775,0.9964012508222553,0.006543180323172099
1223,S13,2,stress,3350.0,3355.0,0.9698289728705031,0.9901241952560618,0.017956008625342475
1224,S13,2,stress,3355.0,3360.0,0.9696108063190382,0.9916393740081983,0.015201138166912242
1225,S13,2,stress,3360.0,3365.0,0.9958131612113708,0.9962710108452517,0.006779980281360584
1226,S13,2,stress,3365.0,3370.0,0.9770293445202015,0.99364696106593,0.011550979880127194
1227,S13,2,stress,3370.0,3375.0,0.9694403971460481,0.9847656939941061,0.027698738192534385
1228,S13,2,stress,3375.0,3380.0,0.9648333206859179,0.9881876650733841,0.02147697259384703
1229,S13,2,stress,3380.0,3385.0,0.9787015396134284,0.9904853249275474,0.017299409222641077
1230,S13,2,stress,3385.0,3390.0,1.0,0.9957850120966418,0.007663614369742387
1231,S13,2,stress,3390.0,3395.0,1.0,0.9932097626596395,0.012345886073382838
1232,S13,2,stress,3395.0,3400.0,0.9713157492480169,0.9937960183949248,0.011279966554682401
1233,S13,2,stress,3400.0,3405.0,0.9560314242224391,0.9900217472583521,0.018142277712087148
1234,S13,2,stress,3405.0,3410.0,0.9674362309691182,0.9909782279844126,0.016403221846522514
1235,S13,2,stress,3410.0,3415.0,0.9665088177807314,0.9869520142258179,0.023723610498513074
1236,S13,2,stress,3415.0,3420.0,0.9764386570126676,0.9911816612609035,0.01603334316199383
1237,S13,2,stress,3420.0,3425.0,0.9656937037963206,0.9724177940037324,0.050149465447759396
1238,S13,2,stress,3425.0,3430.0,0.9687696462212008,0.9794989689958824,0.03727460182566845
1239,S13,2,stress,3430.0,3435.0,0.9716673724695255,0.9793789669673594,0.03749278733207401
1240,S13,2,stress,3435.0,3440.0,0.9820902606300178,0.9966115336700259,0.006160847872680235
1241,S13,2,stress,3440.0,3445.0,1.0,0.9889944737032461,0.02001004781227976
1242,S13,2,stress,3445.0,3450.0,0.9882531359710032,0.9962317860881169,0.006851298021605846
1243,S13,2,stress,3450.0,3455.0,1.0,0.9883057360150667,0.021262298154424326
1244,S13,2,stress,3455.0,3460.0,1.0,0.9919851747709376,0.01457240950738637
1245,S13,2,stress,3460.0,3465.0,0.9812296490104957,0.9925298592630085,0.013582074067257578
1246,S13,2,stress,3465.0,3470.0,0.9838268937668614,0.9905471692938608,0.01718696492025312
1247,S13,2,stress,3470.0,3475.0,0.967914215119961,0.9741687863355899,0.0469658430262003
1248,S13,2,stress,3475.0,3480.0,0.9969501318319389,0.9632189731686347,0.06687459423884601
1249,S13,2,stress,3480.0,3485.0,0.9795078417255664,0.9953320306654314,0.008487216971943136
1250,S13,2,stress,3485.0,3490.0,0.9711045016187678,0.9883151573559006,0.021245168443817228
1251,S13,2,stress,3490.0,3495.0,0.9732043801238258,0.9879452112424387,0.02191779774102048
1252,S13,2,stress,3495.0,3500.0,0.9638996029981916,0.9930734648058634,0.012593700352975799
1253,S13,2,stress,3500.0,3505.0,0.9696404464691524,0.9912046532473839,0.01599153955021115
1254,S13,2,stress,3505.0,3510.0,0.9731956940794283,0.9667357288334661,0.06048049303006173
1255,S13,2,stress,3510.0,3515.0,0.9714193023671749,0.9951047493009886,0.008900455816384408
1256,S13,2,stress,3515.0,3520.0,0.9749923816285493,0.9932371211778728,0.012296143312958783
1257,S13,2,stress,3520.0,3525.0,1.0,0.9971726954248128,0.00514055377306764
1258,S13,2,stress,3525.0,3530.0,0.9803090113808066,0.9947756903792564,0.009498744764988304
1259,S13,2,stress,3530.0,3535.0,0.967094603489865,0.9726440671220955,0.04973805977800835
1260,S13,2,stress,3535.0,3540.0,0.9765226474547775,0.9731226756550106,0.04886786244543543
1261,S13,2,stress,3540.0,3545.0,1.0,0.9813580551340699,0.03389444521078225
1262,S13,2,stress,3545.0,3550.0,1.0,0.9964141716637409,0.006519687884107526
1263,S13,2,stress,3550.0,3555.0,0.9667007059426043,0.9935278456968775,0.011767553278404477
1264,S13,2,stress,3555.0,3560.0,0.9780665869086917,0.9949388797133139,0.009202036884883934
1265,S13,2,stress,3560.0,3565.0,0.9765909196002309,0.9952934098913095,0.00855743656125566
1266,S13,2,stress,3565.0,3570.0,0.9785339882245414,0.9924065205615393,0.01380632625174694
1267,S13,2,stress,3570.0,3575.0,0.9840135636630908,0.9960205754113498,0.007235317433909666
1268,S13,2,stress,3575.0,3580.0,0.9790394182269362,0.9912791096247275,0.015856164318677316
1269,S13,2,stress,3580.0,3585.0,0.9800500710006005,0.9936593663352931,0.011528424844921722
1270,S13,2,stress,3585.0,3590.0,0.9798546982022541,0.9768388114716113,0.04211125186979743
1271,S13,2,stress,3590.0,3595.0,0.9768433597486691,0.991856957395344,0.01480553200846545
1272,S13,2,stress,3595.0,3600.0,0.9784794922286795,0.9933615090555272,0.012069983535405246
1273,S13,2,stress,3600.0,3605.0,0.9786702330965144,0.9885812133528573,0.02076143026753224
1274,S13,2,stress,3605.0,3610.0,1.0,0.9964316129556499,0.0064879764442730015
1275,S13,2,stress,3610.0,3615.0,0.9853107547509277,0.9982283732799027,0.0032211394910862823
1276,S13,2,stress,3615.0,3620.0,0.9771915647653143,0.994027504642433,0.010859082468303922
1277,S13,2,stress,3620.0,3625.0,0.9755488057841628,0.9917135873791674,0.015066204765150294
1278,S13,2,stress,3625.0,3630.0,1.0,0.991214671031446,0.015973325397371056
1279,S13,2,stress,3630.0,3635.0,0.9667998217747352,0.9908187492170992,0.01669318324163775
1280,S13,2,stress,3635.0,3640.0,0.981246180899984,0.9903054502176205,0.017626454149781152
1281,S13,2,stress,3640.0,3645.0,1.0,0.9933450631397289,0.01209988520049271
1282,S13,2,stress,3645.0,3650.0,1.0,0.9781217338312047,0.0397786657614462
1283,S13,2,stress,3650.0,3655.0,0.9723612899142048,0.9927192578126407,0.013237713067925963
1284,S13,2,stress,3655.0,3660.0,0.9772691844188941,0.9889051298882288,0.020172491112311435
1285,S13,2,stress,3660.0,3665.0,0.9795400551511624,0.9971363128699329,0.00520670387284943
1286,S13,2,stress,3665.0,3670.0,0.975554751322597,0.9887614202059316,0.020433781443760624
1287,S13,2,stress,3670.0,3675.0,0.9779171540914484,0.9907523872454871,0.016813841371841796
1288,S13,2,stress,3675.0,3680.0,1.0,0.9890150701121152,0.019972599796154306
1289,S13,2,stress,3680.0,3685.0,0.9757163787577848,0.9914756531939208,0.015498812374689433
1290,S13,2,stress,3685.0,3690.0,0.980408738208273,0.9832840473415629,0.030392641197158208
1291,S13,2,stress,3690.0,3695.0,0.9787314627662691,0.9846562059521606,0.027897807359707923
1292,S13,2,stress,3695.0,3700.0,0.9802493251717295,0.9860131140350514,0.025430701754452056
1293,S13,2,stress,3700.0,3705.0,1.0,0.9953210846820184,0.008507118759966811
1294,S13,2,stress,3705.0,3710.0,1.0,0.9901000440657137,0.017999919880520368
1295,S13,2,stress,3710.0,3715.0,1.0,0.9900564355668695,0.01807920806023733
1296,S13,2,stress,3715.0,3720.0,0.9784753642160037,0.9957483628595927,0.0077302493461952875
1297,S13,2,stress,3720.0,3725.0,0.9821052957745166,0.9914959456923567,0.015461916922987765
1298,S13,2,stress,3725.0,3730.0,1.0,0.9918449505429165,0.014827362649242696
1299,S13,2,stress,3730.0,3735.0,1.0,0.993167755445397,0.01242226282655094
1300,S13,2,stress,3735.0,3740.0,0.9835747525269287,0.9972092895202067,0.005074019054169823
1301,S13,2,stress,3740.0,3745.0,0.9801393870699641,0.9962010312423442,0.006907215923010873
1302,S13,2,stress,3745.0,3750.0,0.9811772219435433,0.997486100525939,0.004570726316474511
1303,S13,2,stress,3750.0,3755.0,0.9817415159433519,0.9957340649936341,0.007756245466119982
1304,S13,2,stress,3755.0,3760.0,0.9826205559889285,0.9910240669906678,0.016319878198785918
1305,S13,2,stress,3760.0,3765.0,0.9829783333434816,0.9958264252140088,0.00758831779271128
1306,S13,2,stress,3765.0,3770.0,0.9786722806421441,0.9905697373613838,0.017145932070211305
1307,S13,2,stress,3770.0,3775.0,0.9805325003684079,0.9973585998282648,0.004802545766791249
1308,S13,2,stress,3775.0,3780.0,0.9840869721982022,0.9972104233044867,0.005071957628205988
1309,S13,2,stress,3780.0,3785.0,0.9833596383663891,0.9674160520977528,0.05924354164044948
1310,S13,2,stress,3785.0,3790.0,0.9803086157640404,0.9939536921908831,0.010993286925667072
1311,S13,2,stress,3790.0,3795.0,0.9796749973441513,0.990065531651557,0.01806266972444185
1312,S13,2,stress,3795.0,3800.0,0.986685788430991,0.9950777472939663,0.008949550374606818
1313,S13,2,stress,3800.0,3805.0,0.9805467007037392,0.981271201210969,0.03405236143460173
1314,S13,2,stress,3805.0,3810.0,0.9709457829592285,0.996365256577386,0.006608624404752703
1315,S13,2,stress,3810.0,3815.0,1.0,0.9962054145387254,0.0068992462932267505
1316,S13,2,stress,3815.0,3820.0,1.0,0.9834231572922398,0.03013971401410953
1317,S13,2,stress,3820.0,3825.0,0.9793705977713114,0.9963422245656308,0.006650500789762389
1318,S13,2,stress,3825.0,3830.0,0.9776383568015412,0.9919059333943796,0.014716484737491922
1319,S13,2,stress,3830.0,3835.0,0.9800444839284523,0.9928470534012102,0.013005357452345363
1320,S13,2,stress,3835.0,3840.0,0.9821067899740611,0.9924574355536713,0.013713753538779731
1321,S13,2,stress,3840.0,3845.0,0.9820697516003328,0.9872626834695277,0.023158757328131642
1322,S13,2,stress,3845.0,3850.0,1.0,0.9840461926294057,0.029006922491989606
1323,S13,2,stress,3850.0,3855.0,0.9798378232730905,0.985943855815655,0.025556625789718034
1324,S13,2,stress,3855.0,3860.0,0.9836198880115862,0.9930091186680892,0.012710693330747029
1325,S13,2,stress,3860.0,3865.0,0.9804921477608943,0.9976657182846655,0.004244148573335499
1326,S13,2,stress,3865.0,3870.0,1.0,0.9803099737751464,0.035800047681551976
1327,S13,2,stress,3870.0,3875.0,0.9807797233401584,0.9901352585693188,0.017935893510329315
1328,S13,2,stress,3875.0,3880.0,1.0,0.9866359536755596,0.024298266044437376
1329,S13,2,stress,3880.0,3885.0,0.9855880946187768,0.9272365941568317,0.13229710153303345
1330,S13,2,stress,3885.0,3890.0,1.0,0.9880012840489052,0.02181584718380906
1331,S13,2,stress,3890.0,3895.0,1.0,0.979857247381738,0.036623186578658325
1332,S13,2,stress,3895.0,3900.0,0.9837382962803881,0.9974179057762322,0.004694716770487018
1333,S13,2,stress,3900.0,3905.0,1.0,0.9975301514979522,0.004490633640087191
1334,S13,2,stress,3905.0,3910.0,0.9813423253927664,0.9969334505586793,0.005575544438764891
1335,S13,2,stress,3910.0,3915.0,0.9835875918253946,0.9930764584869165,0.01258825729651572
1336,S13,2,stress,3915.0,3920.0,1.0,0.9884012524212635,0.02108863196133908
1337,S14,1,baseline,30.0,35.0,0.9911248331177105,0.9970225222608393,0.0054135958893831455
1338,S14,1,baseline,35.0,40.0,0.9805157779829982,0.9949375307213835,0.009204489597484808
1339,S14,1,baseline,40.0,45.0,0.9901371091366598,0.9979107584312623,0.003798621034068719
1340,S14,1,baseline,45.0,50.0,0.978977637594078,0.9934997068746703,0.011818714773327006
1341,S14,1,baseline,50.0,55.0,0.9914644689398899,0.9901631698606739,0.017885145707865608
1342,S14,1,baseline,55.0,60.0,0.9889403857713974,0.9945140162648718,0.009974515882051383
1343,S14,1,baseline,60.0,65.0,0.9807254258044998,0.994159738378358,0.010618657493894519
1344,S14,1,baseline,65.0,70.0,1.0,0.9903506853475481,0.017544208459003778
1345,S14,1,baseline,70.0,75.0,0.9819880330651805,0.996229052220017,0.006856268690878371
1346,S14,1,baseline,75.0,80.0,0.9816607372668236,0.9957826989124938,0.007667820159102021
1347,S14,1,baseline,80.0,85.0,0.9899145336461475,0.9906117864983333,0.01706947909393966
1348,S14,1,baseline,85.0,90.0,0.9853469221171014,0.9855916838480481,0.02619693845809438
1349,S14,1,baseline,90.0,95.0,0.9878927722571889,0.9927914340726012,0.013106483504361444
1350,S14,1,baseline,95.0,100.0,0.9830052186063675,0.9941287291802685,0.010675037854057344
1351,S14,1,baseline,100.0,105.0,0.9809781645543375,0.9950156564234083,0.009062442866530553
1352,S14,1,baseline,105.0,110.0,0.9773973969139489,0.9860536605343684,0.025356980846603202
1353,S14,1,baseline,110.0,115.0,1.0,0.994331355619777,0.010306626145859945
1354,S14,1,baseline,115.0,120.0,1.0,0.9841839185472971,0.0287565117321871
1355,S14,1,baseline,120.0,125.0,0.980773630080687,0.9885658353248101,0.020789390318527102
1356,S14,1,baseline,125.0,130.0,0.9857157958601466,0.995597987748231,0.008003658639580023
1357,S14,1,baseline,130.0,135.0,0.9897285272312286,0.9899347973001649,0.018300368545154887
1358,S14,1,baseline,135.0,140.0,0.9816231173580987,0.9947432795941085,0.009557673465257313
1359,S14,1,baseline,140.0,145.0,1.0,0.9965981644561448,0.0061851555342824355
1360,S14,1,baseline,145.0,150.0,0.9781441916327817,0.998927333844785,0.0019503021003907798
1361,S14,1,baseline,150.0,155.0,0.9794090649903285,0.9912832668356761,0.01584860575331633
1362,S14,1,baseline,155.0,160.0,1.0,0.9951708919827673,0.008780196394968739
1363,S14,1,baseline,160.0,165.0,1.0,0.9864960729927978,0.02455259455854949
1364,S14,1,baseline,165.0,170.0,0.9862561423467858,0.9953242730325416,0.008501321759015445
1365,S14,1,baseline,170.0,175.0,0.9891380933723638,0.9885375002011474,0.020840908725186527
1366,S14,1,baseline,175.0,180.0,1.0,0.9957541352622243,0.007719754068683326
1367,S14,1,baseline,180.0,185.0,1.0,0.9952337914740208,0.008665833683598584
1368,S14,1,baseline,185.0,190.0,0.9823193379142545,0.9949965912536967,0.009097106811460693
1369,S14,1,baseline,190.0,195.0,0.9757329338080455,0.9950427287970451,0.009013220369008826
1370,S14,1,baseline,195.0,200.0,1.0,0.9928079154763305,0.013076517315762778
1371,S14,1,baseline,200.0,205.0,0.9786652936159725,0.9951014251477215,0.008906499731415659
1372,S14,1,baseline,205.0,210.0,0.9808945310843753,0.9904784559020741,0.017311898359865185
1373,S14,1,baseline,210.0,215.0,0.9785464463533375,0.9858461289338389,0.025734311029383988
1374,S14,1,baseline,215.0,220.0,0.9804075157536487,0.9870252047119896,0.02359053688729181
1375,S14,1,baseline,220.0,225.0,0.9802234839750323,0.9900312740557768,0.018124956262223824
1376,S14,1,baseline,225.0,230.0,0.9799099676578558,0.9956471196746681,0.007914327864240005
1377,S14,1,baseline,230.0,235.0,1.0,0.9960268290058159,0.007223947262153142
1378,S14,1,baseline,235.0,240.0,1.0,0.9965687983870415,0.006238548387197367
1379,S14,1,baseline,240.0,245.0,0.9818343536333028,0.9945820383901374,0.009850839290659481
1380,S14,1,baseline,245.0,250.0,0.9828289212698641,0.9961123629824908,0.007068430940926002
1381,S14,1,baseline,250.0,255.0,0.9783508367927721,0.9956709463184144,0.007871006693792296
1382,S14,1,baseline,255.0,260.0,0.981926699921388,0.9959589942391596,0.0073472832015283015
1383,S14,1,baseline,260.0,265.0,0.9803864233497945,0.9935554077242699,0.011717440501327586
1384,S14,1,baseline,265.0,270.0,0.9758979036887034,0.9972988664528857,0.004911151903844213
1385,S14,1,baseline,270.0,275.0,0.9767339899563602,0.9962820446650744,0.006759918790773797
1386,S14,1,baseline,275.0,280.0,0.9815428960228789,0.9962830812735168,0.006758034048151129
1387,S14,1,baseline,280.0,285.0,0.9802844257964576,0.9962134758785426,0.006884589311740782
1388,S14,1,baseline,285.0,290.0,0.9821176874590452,0.9969778896475068,0.0054947460954423676
1389,S14,1,baseline,290.0,295.0,1.0,0.9881877152963205,0.02147688127941729
1390,S14,1,baseline,295.0,300.0,1.0,0.9959709897476714,0.007325473186052179
1391,S14,1,baseline,300.0,305.0,0.9792820887088016,0.9954458925936112,0.008280195284343357
1392,S14,1,baseline,305.0,310.0,0.9806683332294062,0.9975479498892521,0.00445827292863272
1393,S14,1,baseline,310.0,315.0,0.9797377408000805,0.9961595282268818,0.006982675951123873
1394,S14,1,baseline,315.0,320.0,0.980918383845369,0.9902880261397424,0.017658134291377612
1395,S14,1,baseline,320.0,325.0,0.9804998651445469,0.9967025722384231,0.005995323202867339
1396,S14,1,baseline,325.0,330.0,0.9817067834335195,0.9916837655225132,0.015120426322703232
1397,S14,1,baseline,330.0,335.0,0.9832162840241738,0.9964856674073583,0.006389695622985078
1398,S14,1,baseline,335.0,340.0,0.9828597722262532,0.9963654143838683,0.006608337483875784
1399,S14,1,baseline,340.0,345.0,0.9828387952994357,0.993230380441678,0.012308399196949073
1400,S14,1,baseline,345.0,350.0,0.9877555133277994,0.9915381363195097,0.015385206691800664
1401,S14,1,baseline,350.0,355.0,1.0,0.9947911865439854,0.009470569920026579
1402,S14,1,baseline,355.0,360.0,0.9889000291581727,0.9947140054374326,0.00961089920466803
1403,S14,1,baseline,360.0,365.0,0.9743656014194306,0.9988338234813277,0.0021203209430406683
1404,S14,1,baseline,365.0,370.0,1.0,0.9974438612739662,0.004647524956425105
1405,S14,1,baseline,370.0,375.0,0.9779134324718896,0.9916457327004318,0.01518957690830607
1406,S14,1,baseline,375.0,380.0,0.9800538670791985,0.9929648419366945,0.012791196478737233
1407,S14,1,baseline,380.0,385.0,1.0,0.9972275589436217,0.005040801920687888
1408,S14,1,baseline,385.0,390.0,1.0,0.9959911916512625,0.007288742452250216
1409,S14,1,baseline,390.0,395.0,0.9995859675409318,0.996857423260743,0.005713775889558177
1410,S14,1,baseline,395.0,400.0,0.9831290193737735,0.9964374272761716,0.0064774049524154356
1411,S14,1,baseline,400.0,405.0,0.9790100317756465,0.9900378490209885,0.018113001780021124
1412,S14,1,baseline,405.0,410.0,0.980541512684731,0.9930689348388437,0.012601936656647878
1413,S14,1,baseline,410.0,415.0,0.9792914338324217,0.9912676176530693,0.015877058812601565
1414,S14,1,baseline,415.0,420.0,0.9783264073448626,0.9964269461194404,0.006496461601017489
1415,S14,1,baseline,420.0,425.0,0.9812440595500983,0.9964506613481212,0.0064533430034160455
1416,S14,1,baseline,425.0,430.0,0.9750450873480517,0.9969274245223438,0.005586500868466023
1417,S14,1,baseline,430.0,435.0,1.0,0.996691581957653,0.006015305531540115
1418,S14,1,baseline,435.0,440.0,0.9746963814011258,0.9955974770082068,0.008004587257805834
1419,S14,1,baseline,440.0,445.0,0.9781427316019746,0.9970749925771301,0.0053181953143088346
1420,S14,1,baseline,445.0,450.0,0.9780353367699419,0.995306093431505,0.008534375579081915
1421,S14,1,baseline,450.0,455.0,0.9861258431298734,0.9968722469980267,0.005686823639951637
1422,S14,1,baseline,455.0,460.0,0.9786282371203879,0.9970067797640723,0.005442218610777695
1423,S14,1,baseline,460.0,465.0,0.9826626158548036,0.9938430667077458,0.01119442416773501
1424,S14,1,baseline,465.0,470.0,0.9798828703827887,0.9933876436583358,0.012022466075753026
1425,S14,1,baseline,470.0,475.0,0.9796609615450468,0.9954055805643884,0.00835348988293001
1426,S14,1,baseline,475.0,480.0,0.9780763848935049,0.9971182592924317,0.005239528559215032
1427,S14,1,baseline,480.0,485.0,0.9751804702273232,0.9947270373402106,0.009587204835980913
1428,S14,1,baseline,485.0,490.0,0.9869953423790554,0.988220976357622,0.02141640662250542
1429,S14,1,baseline,490.0,495.0,0.9992333508442498,0.9879722546534699,0.021868627902781938
1430,S14,1,baseline,495.0,500.0,0.9766427956719068,0.988560912885529,0.020798340208129054
1431,S14,1,baseline,500.0,505.0,0.98169573742513,0.994786972046916,0.009478232641971123
1432,S14,1,baseline,505.0,510.0,0.9876245623445702,0.9920497186492461,0.014455057001371105
1433,S14,1,baseline,510.0,515.0,0.9785204873613127,0.9949540575004283,0.00917444090831226
1434,S14,1,baseline,515.0,520.0,0.9805993409904243,0.9955851710727956,0.008026961685826105
1435,S14,1,baseline,520.0,525.0,0.9816114980308616,0.9970092390618825,0.005437747160213787
1436,S14,1,baseline,525.0,530.0,0.9784099880778218,0.9971603091806898,0.00516307421692795
1437,S14,1,baseline,530.0,535.0,1.0,0.9968644537153235,0.005700993244866238
1438,S14,1,baseline,535.0,540.0,0.9790320815582361,0.9872043062774196,0.023264897677419173
1439,S14,1,baseline,540.0,545.0,1.0,0.9904054036718763,0.017444720596588446
1440,S14,1,baseline,545.0,550.0,0.9907501131085804,0.9976436138308915,0.004284338489288148
1441,S14,1,baseline,550.0,555.0,0.9808242404132119,0.9939260504457652,0.011043544644063586
1442,S14,1,baseline,555.0,560.0,1.0,0.9916291049623585,0.01521980915934827
1443,S14,1,baseline,560.0,565.0,1.0,0.9881156131532878,0.02160797608493161
1444,S14,1,baseline,565.0,570.0,0.9825996821613833,0.9965854672985575,0.006208241275350285
1445,S14,1,baseline,570.0,575.0,1.0,0.9962275678172343,0.006858967605028689
1446,S14,1,baseline,575.0,580.0,1.0,0.99183885372759,0.014838447768018462
1447,S14,1,baseline,580.0,585.0,0.9797050686484335,0.9985199837827516,0.0026909385768153524
1448,S14,1,baseline,585.0,590.0,0.9770196546190476,0.9963941744424731,0.006556046468230843
1449,S14,1,baseline,590.0,595.0,0.9818573715168847,0.9976172646564749,0.004332246079136414
1450,S14,1,baseline,595.0,600.0,0.9799123741921277,0.9889198020942676,0.020145814374059146
1451,S14,1,baseline,600.0,605.0,0.9838446065549726,0.9794274074143001,0.037404713792181535
1452,S14,1,baseline,605.0,610.0,0.9789048479607044,0.9959643314920055,0.007337579105444593
1453,S14,1,baseline,610.0,615.0,0.9798906594797272,0.9976476644719319,0.0042769736873968225
1454,S14,1,baseline,615.0,620.0,0.9878682838596293,0.9964969964914676,0.006369097288241004
1455,S14,1,baseline,620.0,625.0,1.0,0.9946627512611181,0.00970408861614901
1456,S14,1,baseline,625.0,630.0,1.0,0.9946160968923701,0.009788914741145448
1457,S14,1,baseline,630.0,635.0,0.9752070437870831,0.9970220207526004,0.005414507722545007
1458,S14,1,baseline,635.0,640.0,0.9807952991289808,0.9951522862597177,0.008814024982331598
1459,S14,1,baseline,640.0,645.0,0.9818220707682296,0.9977625282132649,0.004068130521336524
1460,S14,1,baseline,645.0,650.0,0.9817931884189985,0.9937574766978108,0.011350042367617054
1461,S14,1,baseline,650.0,655.0,0.9804580646167345,0.9931451201711539,0.012463417870629344
1462,S14,1,baseline,655.0,660.0,0.9812415725156418,0.997148284973645,0.005184936411554492
1463,S14,1,baseline,660.0,665.0,0.9966137989101915,0.9962959445055679,0.00673464635351312
1464,S14,1,baseline,665.0,670.0,0.9766218635688352,0.9959029681610658,0.007449148798062163
1465,S14,1,baseline,670.0,675.0,1.0,0.9964207385673804,0.0065077480593081615
1466,S14,1,baseline,675.0,680.0,0.9823538299916792,0.9844697032464469,0.028236903188278418
1467,S14,1,baseline,680.0,685.0,0.9962371298623602,0.9873503890739452,0.022999292592827025
1468,S14,1,baseline,685.0,690.0,0.977602905479481,0.9953649350074576,0.008427390895531937
1469,S14,1,baseline,690.0,695.0,0.9873592834995116,0.9854596049423392,0.026437081923019874
1470,S14,1,baseline,695.0,700.0,0.9798658949797739,0.9921120359835753,0.014341752757135874
1471,S14,1,baseline,700.0,705.0,0.9959660415356584,0.9945693697664091,0.009873873151983582
1472,S14,1,baseline,705.0,710.0,0.9780856921004359,0.9970199533777575,0.005418266585895475
1473,S14,1,baseline,710.0,715.0,0.9804640723049556,0.9979004925053365,0.0038172863539335344
1474,S14,1,baseline,715.0,720.0,0.9872110728648109,0.9969148147630924,0.005609427703468322
1475,S14,1,baseline,720.0,725.0,1.0,0.9976670114075428,0.004241797440831389
1476,S14,1,baseline,725.0,730.0,0.9785464654781809,0.9946536510726021,0.00972063441345096
1477,S14,1,baseline,730.0,735.0,0.981468773585925,0.9968261525736719,0.0057706316842328405
1478,S14,1,baseline,735.0,740.0,0.9812087049374407,0.992245921175291,0.014098325135834752
1479,S14,1,baseline,740.0,745.0,0.9823000562584485,0.9961543642235482,0.006992065048094151
1480,S14,1,baseline,745.0,750.0,0.9793934519819271,0.9959862632745331,0.0072977031372127655
1481,S14,1,baseline,750.0,755.0,0.9812183636140468,0.9977926172088469,0.004013423256642166
1482,S14,1,baseline,755.0,760.0,0.9800791358553858,0.9963797585717189,0.006582257142329173
1483,S14,1,baseline,760.0,765.0,0.9885530151121344,0.9975112509808426,0.004524998216649888
1484,S14,1,baseline,765.0,770.0,0.9792688743624172,0.9955056563529636,0.008171533903702642
1485,S14,1,baseline,770.0,775.0,1.0,0.9971614324754405,0.005161031862835532
1486,S14,1,baseline,775.0,780.0,0.9809535124575897,0.9977862546436265,0.0040249915570427595
1487,S14,1,baseline,780.0,785.0,0.9808871126295594,0.9966036213628855,0.00617523388566286
1488,S14,1,baseline,785.0,790.0,0.9814816823417154,0.9972550107386509,0.004990889566089622
1489,S14,1,baseline,790.0,795.0,0.9782113026208985,0.9956188315134487,0.007965760884638738
1490,S14,1,baseline,795.0,800.0,0.9754735960504122,0.9947333086296619,0.009575802491523877
1491,S14,1,baseline,800.0,805.0,1.0,0.9909266104076897,0.01649707198601898
1492,S14,1,baseline,805.0,810.0,1.0,0.9970727763263951,0.005322224861099765
1493,S14,1,baseline,810.0,815.0,0.9799141572921678,0.9943562244660877,0.010261410061658982
1494,S14,1,baseline,815.0,820.0,0.979722661534001,0.9967740880929465,0.005865294376460934
1495,S14,1,baseline,820.0,825.0,0.9812590062392623,0.9969176787301106,0.0056042204907079726
1496,S14,1,baseline,825.0,830.0,0.9791957415426381,0.9923529102167616,0.013903799605888034
1497,S14,1,baseline,830.0,835.0,0.9800542826422208,0.9960675825339187,0.007149849938329568
1498,S14,1,baseline,835.0,840.0,0.980652166425975,0.9944426310576164,0.010104307167970313
1499,S14,1,baseline,840.0,845.0,0.9796713805585703,0.9921258451516259,0.01431664517886227
1500,S14,1,baseline,845.0,850.0,0.9794385777484066,0.9951139439869645,0.008883738205518995
1501,S14,1,baseline,850.0,855.0,0.9814089802909587,0.9921955906570423,0.01418983516901401
1502,S14,1,baseline,855.0,860.0,0.9803319701065482,0.9954856572290458,0.00820789594718946
1503,S14,1,baseline,860.0,865.0,0.9841711611404277,0.9958920332510837,0.007469030452575139
1504,S14,1,baseline,865.0,870.0,0.9907737473483996,0.9958440951370775,0.007556190659859385
1505,S14,1,baseline,870.0,875.0,0.9787966003774191,0.9948284816093222,0.009402760710323341
1506,S14,1,baseline,875.0,880.0,0.9802527437184441,0.9898999803152466,0.01836367215409704
1507,S14,1,baseline,880.0,885.0,1.0,0.9958858864276063,0.007480206495261101
1508,S14,1,baseline,885.0,890.0,0.9790212415392507,0.993708125411231,0.011439771979580092
1509,S14,1,baseline,890.0,895.0,0.980038707728482,0.9853123913654014,0.02670474297199752
1510,S14,1,baseline,895.0,900.0,0.981277283089122,0.9928644623845109,0.012973704755434811
1511,S14,1,baseline,900.0,905.0,1.0,0.9753066795805321,0.044896946217214566
1512,S14,1,baseline,905.0,910.0,0.9783571501412482,0.9896835612881358,0.018757161294298556
1513,S14,1,baseline,910.0,915.0,0.9882548446747009,0.9936454169292208,0.011553787401416856
1514,S14,1,baseline,915.0,920.0,0.9878333943679948,0.9935191899592255,0.0117832909832265
1515,S14,1,baseline,920.0,925.0,0.9713251344390924,0.98222165670572,0.032324260535054744
1516,S14,1,baseline,925.0,930.0,0.9792103417593474,0.9885211150638333,0.02087069988393944
1517,S14,1,baseline,930.0,935.0,0.9926490018751655,0.9923492308623811,0.013910489341125267
1518,S14,1,baseline,935.0,940.0,0.9791323255599527,0.9825205894226758,0.031780746504226055
1519,S14,1,baseline,940.0,945.0,0.984931610494172,0.9959546561850157,0.0073551705726989615
1520,S14,1,baseline,945.0,950.0,1.0,0.9954370772701226,0.008296223145231697
1521,S14,1,baseline,950.0,955.0,0.9794315847034681,0.9956828239931417,0.007849410921560822
1522,S14,1,baseline,955.0,960.0,0.9807880021860366,0.9970156736680114,0.00542604787634312
1523,S14,1,baseline,960.0,965.0,1.0,0.9896872883137413,0.018750384884106998
1524,S14,1,baseline,965.0,970.0,1.0,0.9961078923838425,0.007076559302104568
1525,S14,1,baseline,970.0,975.0,0.9787408236992463,0.9978192569843354,0.003964987301208512
1526,S14,1,baseline,975.0,980.0,0.9876311157993497,0.9962675314586611,0.006786306438797995
1527,S14,1,baseline,980.0,985.0,0.9826434856439371,0.993106610699283,0.012533435092212733
1528,S14,1,baseline,985.0,990.0,0.981517867312549,0.9896184732935642,0.01887550310261076
1529,S14,1,baseline,990.0,995.0,0.9818771898279202,0.9881428868239732,0.02155838759277604
1530,S14,1,baseline,995.0,1000.0,0.9824491065331855,0.9915962722116063,0.015279505069806791
1531,S14,1,baseline,1000.0,1005.0,0.9812367985777256,0.9928790702788122,0.012947144947614142
1532,S14,1,baseline,1005.0,1010.0,0.9834379244303244,0.9869286753766735,0.023766044769684778
1533,S14,1,baseline,1010.0,1015.0,0.9807026472079894,0.9883989519634038,0.02109281461199321
1534,S14,1,baseline,1015.0,1020.0,1.0,0.9940664267882096,0.010788314930527966
1535,S14,1,baseline,1020.0,1025.0,1.0,0.9939633794129703,0.010975673794599355
1536,S14,1,baseline,1025.0,1030.0,1.0,0.9946748279112152,0.009682131070517698
1537,S14,1,baseline,1030.0,1035.0,1.0,0.9952120907876114,0.008705289477070327
1538,S14,1,baseline,1035.0,1040.0,1.0,0.993156924718076,0.01244195505804375
1539,S14,1,baseline,1040.0,1045.0,1.0,0.9942832407637066,0.010394107702351938
1540,S14,1,baseline,1045.0,1050.0,0.9839464050112838,0.9940667351023937,0.010787754359284045
1541,S14,1,baseline,1050.0,1055.0,0.9820337208300638,0.9942471462868299,0.010459734023945727
1542,S14,1,baseline,1055.0,1060.0,1.0,0.9938185656373055,0.0112389715685354
1543,S14,1,baseline,1060.0,1065.0,0.9931688169158368,0.99417590693757,0.010589260113509207
1544,S14,1,baseline,1065.0,1070.0,0.9884841682708614,0.9940658445080763,0.01078937362167934
1545,S14,1,baseline,1070.0,1075.0,0.9823041646872549,0.9829568427828963,0.030987558576552197
1546,S14,1,baseline,1075.0,1080.0,0.9825590005594431,0.9904503053814977,0.017363081124549495
1547,S14,1,baseline,1080.0,1085.0,0.9818935739046922,0.9876896187656465,0.02238251133518827
1548,S14,1,baseline,1085.0,1090.0,0.9861579388524272,0.9929394380601377,0.012837385345204141
1549,S14,1,baseline,1090.0,1095.0,0.9793945183032665,0.9961832176203567,0.006939604326624287
1550,S14,1,baseline,1095.0,1100.0,0.9821244820019451,0.9941958223480931,0.010553050276194522
1551,S14,1,baseline,1100.0,1105.0,1.0,0.9953678016111769,0.008422178888769498
1552,S14,1,baseline,1105.0,1110.0,1.0,0.9978793729497419,0.0038556855459237495
1553,S14,1,baseline,1110.0,1115.0,1.0,0.9966119777400946,0.006160040472555496
1554,S14,1,baseline,1115.0,1120.0,0.981212096289465,0.9964787176227305,0.006402331595035361
1555,S14,1,baseline,1120.0,1125.0,0.9820455991751211,0.996103619735542,0.0070843277535601505
1556,S14,1,baseline,1125.0,1130.0,0.9814240255684522,0.9963511445569928,0.006634282623649642
1557,S14,1,baseline,1130.0,1135.0,0.9826465996991655,0.9967843576769211,0.005846622405598323
1558,S14,1,baseline,1135.0,1140.0,0.9818215377328995,0.9969630696501277,0.005521691545222603
1559,S14,1,baseline,1140.0,1145.0,0.9811121999109177,0.9866577608766889,0.024258616587838403
1560,S14,1,baseline,1145.0,1150.0,0.9815041108105804,0.9949211617304303,0.009234251399217661
1561,S14,1,baseline,1150.0,1155.0,0.9795764856096356,0.9939961163024142,0.010916152177428699
1562,S14,1,baseline,1155.0,1160.0,0.9847385790839375,0.9986306957083941,0.002489644166556241
1563,S14,1,baseline,1160.0,1165.0,0.9827252765990586,0.9924710870716666,0.01368893259697005
1564,S14,1,baseline,1165.0,1170.0,0.9811807772234913,0.9854526142909423,0.026449792198286696
1565,S14,1,baseline,1170.0,1175.0,0.9849687119563579,0.991956586420992,0.014624388325469017
1566,S14,1,baseline,1175.0,1180.0,0.9830799283312054,0.9951186591841601,0.00887516511970914
1567,S14,1,baseline,1180.0,1185.0,0.9806191987944622,0.9969120021404105,0.005614541562889855
1568,S14,1,baseline,1185.0,1190.0,0.9859979459123129,0.9959781500687444,0.007312454420465044
1569,S14,1,baseline,1190.0,1195.0,0.9839204674303309,0.986739207302342,0.024110532177560248
1570,S14,1,baseline,1195.0,1200.0,0.9834401990317281,0.9978135661824272,0.0039753342137687445
1571,S14,1,baseline,1200.0,1205.0,0.9931212474728298,0.9972786026549512,0.004947995172816144
1572,S14,2,stress,1905.0,1910.0,0.9750167786569695,0.9852917394685674,0.026742291875332082
1573,S14,2,stress,1910.0,1915.0,0.9762287421118252,0.9894698367903954,0.019145751290190277
1574,S14,2,stress,1915.0,1920.0,1.0,0.9875522974442621,0.02263218646497797
1575,S14,2,stress,1920.0,1925.0,1.0,0.989312648893963,0.019431547465522066
1576,S14,2,stress,1925.0,1930.0,0.9801251971921735,0.9823880789368387,0.032021674660293376
1577,S14,2,stress,1930.0,1935.0,0.986906659838359,0.9795037531431805,0.03726590337603549
1578,S14,2,stress,1935.0,1940.0,0.9761294087664895,0.9778573678793006,0.040259331128544705
1579,S14,2,stress,1940.0,1945.0,0.9826151444745441,0.9853367891684139,0.026660383330156766
1580,S14,2,stress,1945.0,1950.0,0.9319999999999999,0.9672589095057063,0.0595292554441707
1581,S14,2,stress,1950.0,1955.0,1.0,0.9823770765769584,0.032041678950985024
1582,S14,2,stress,1955.0,1960.0,0.9847142823108787,0.9863285555472749,0.024857171732227453
1583,S14,2,stress,1960.0,1965.0,1.0,0.9890064706579513,0.01998823516736135
1584,S14,2,stress,1965.0,1970.0,0.9891406036591407,0.9920663740709728,0.014424774416413304
1585,S14,2,stress,1970.0,1975.0,0.9876654366670528,0.9792809651166756,0.037670972515135126
1586,S14,2,stress,1975.0,1980.0,0.9892146264888768,0.9917894026821643,0.014928358759701239
1587,S14,2,stress,1980.0,1985.0,0.9818646684014894,0.9771635688615588,0.04152078388807497
1588,S14,2,stress,1985.0,1990.0,0.9841211076229528,0.9856972809866733,0.026004943660594162
1589,S14,2,stress,1990.0,1995.0,0.9815722678693842,0.9877106582037536,0.02234425781135738
1590,S14,2,stress,1995.0,2000.0,0.9801593533503802,0.9852959600500004,0.026734618090908584
1591,S14,2,stress,2000.0,2005.0,0.9948244410500876,0.9755764740684156,0.04440641078469877
1592,S14,2,stress,2005.0,2010.0,0.9814925490526508,0.9783479922010354,0.03936728690720855
1593,S14,2,stress,2010.0,2015.0,0.9941092992715264,0.9964073841096899,0.0065320288914730166
1594,S14,2,stress,2015.0,2020.0,1.0,0.9770429494709307,0.04174009187103508
1595,S14,2,stress,2020.0,2025.0,0.9970775571824138,0.9915404783835731,0.015380948393503593
1596,S14,2,stress,2025.0,2030.0,0.992334082881952,0.9965311215571027,0.006307051714359094
1597,S14,2,stress,2030.0,2035.0,0.9884991503639379,0.9852136777632163,0.026884222248697683
1598,S14,2,stress,2035.0,2040.0,0.9802736728496149,0.9883902498505668,0.021108636635333015
1599,S14,2,stress,2040.0,2045.0,0.985154852231506,0.9827014085596923,0.03145198443692299
1600,S14,2,stress,2045.0,2050.0,0.9889339184063257,0.9917657770074775,0.014971314531859289
1601,S14,2,stress,2050.0,2055.0,0.9783404908146254,0.9869607126585884,0.023707795166202864
1602,S14,2,stress,2055.0,2060.0,0.9806702959227298,0.9925740325114312,0.013501759070125128
1603,S14,2,stress,2060.0,2065.0,1.0,0.9541893432357296,0.08329210320776438
1604,S14,2,stress,2065.0,2070.0,1.0,0.9812497582078139,0.03409134871306566
1605,S14,2,stress,2070.0,2075.0,0.9880944672981388,0.9821890860876301,0.03238347984067255
1606,S14,2,stress,2075.0,2080.0,0.982211054270244,0.9266640408930936,0.13333810746710265
1607,S14,2,stress,2080.0,2085.0,0.9789119893595066,0.9896576969743538,0.01880418731935696
1608,S14,2,stress,2085.0,2090.0,0.9813511441992243,0.989479675657486,0.01912786244093474
1609,S14,2,stress,2090.0,2095.0,0.9836373971159103,0.9879553206260614,0.02189941704352469
1610,S14,2,stress,2095.0,2100.0,0.9881012365760655,0.9890967442369858,0.0198241013872986
1611,S14,2,stress,2100.0,2105.0,0.9778007127765045,0.9794712851469198,0.037324936096509435
1612,S14,2,stress,2105.0,2110.0,1.0,0.9892664363179129,0.019515570331067794
1613,S14,2,stress,2110.0,2115.0,1.0,0.982852827366524,0.031176677515411044
1614,S14,2,stress,2115.0,2120.0,0.9789542633922409,0.9972144852532845,0.005064572266755567
1615,S14,2,stress,2120.0,2125.0,0.9887068454360332,0.9878250832080702,0.02213621234896352
1616,S14,2,stress,2125.0,2130.0,0.9783668708451352,0.9821867177658448,0.03238778588028248
1617,S14,2,stress,2130.0,2135.0,1.0,0.9925462350279439,0.01355229994919292
1618,S14,2,stress,2135.0,2140.0,1.0,0.9898691092094669,0.01841980143733276
1619,S14,2,stress,2140.0,2145.0,0.9820859120742274,0.9648941539688636,0.06382881096570268
1620,S14,2,stress,2145.0,2150.0,0.9927029275649096,0.9772495565718295,0.04136444259667355
1621,S14,2,stress,2150.0,2155.0,0.9819666725280519,0.9976310807763566,0.00430712586116963
1622,S14,2,stress,2155.0,2160.0,0.9848513801400041,0.9665428885542406,0.060831111719562486
1623,S14,2,stress,2160.0,2165.0,0.9952562212260411,0.9434264232980802,0.10286104854894522
1624,S14,2,stress,2165.0,2170.0,0.979241816203407,0.9865638363943319,0.024429388373942006
1625,S14,2,stress,2170.0,2175.0,1.0,0.9842711481479689,0.028597912458238277
1626,S14,2,stress,2175.0,2180.0,1.0,0.9913833017787008,0.015666724038725894
1627,S14,2,stress,2180.0,2185.0,0.987261039349602,0.9736687332131722,0.047875030521505206
1628,S14,2,stress,2185.0,2190.0,0.9869343777281965,0.972657528727281,0.049713584132216465
1629,S14,2,stress,2190.0,2195.0,0.999612811729938,0.9896715971816041,0.018778914215265154
1630,S14,2,stress,2195.0,2200.0,1.0,0.9746767977270014,0.04604218595090675
1631,S14,2,stress,2200.0,2205.0,1.0,0.9844188419992925,0.028329378183104718
1632,S14,2,stress,2205.0,2210.0,0.9842986488240574,0.9809174981176845,0.034695457967846684
1633,S14,2,stress,2210.0,2215.0,0.998372791758329,0.9960219641732388,0.007232792412293256
1634,S14,2,stress,2215.0,2220.0,0.9836345410841566,0.9920266063752057,0.014497079317808043
1635,S14,2,stress,2220.0,2225.0,0.9904112816381289,0.9846806784521751,0.027853311905136076
1636,S14,2,stress,2225.0,2230.0,0.9803743660367665,0.9958329658922103,0.007576425650526963
1637,S14,2,stress,2230.0,2235.0,0.9835849255699138,0.996511466202247,0.006342788723187282
1638,S14,2,stress,2235.0,2240.0,0.9816373719242082,0.9943170737248213,0.010332593227597671
1639,S14,2,stress,2240.0,2245.0,0.988332278104542,0.9698955903912825,0.054735290197668346
1640,S14,2,stress,2245.0,2250.0,0.9846574463731154,0.9948667091792684,0.009333256037693707
1641,S14,2,stress,2250.0,2255.0,0.9904679472208251,0.9845167419341181,0.02815137830160362
1642,S14,2,stress,2255.0,2260.0,0.9916021644348364,0.9961491574332697,0.0070015319395096195
1643,S14,2,stress,2260.0,2265.0,0.9906417645338395,0.9853851760719678,0.026572407141876964
1644,S14,2,stress,2265.0,2270.0,0.9836924172493492,0.9599911943693928,0.0727432829647404
1645,S14,2,stress,2270.0,2275.0,0.9855900188994676,0.9427056824401387,0.10417148647247512
1646,S14,2,stress,2275.0,2280.0,0.9799248621995029,0.9365880227233947,0.1152945041392824
1647,S14,2,stress,2280.0,2285.0,1.0,0.9953551990193712,0.008445092692052486
1648,S14,2,stress,2285.0,2290.0,1.0,0.9907104855919175,0.016890026196513856
1649,S14,2,stress,2290.0,2295.0,1.0,0.9479451653309661,0.09464515394369816
1650,S14,2,stress,2295.0,2300.0,1.0,0.9804380894862652,0.03556711002497245
1651,S14,2,stress,2300.0,2305.0,0.9808524293639982,0.9461784764614181,0.09785731552469464
1652,S14,2,stress,2305.0,2310.0,1.0,0.9919803109458121,0.014581252825796443
1653,S14,2,stress,2310.0,2315.0,1.0,0.9653484950962219,0.06300273618868743
1654,S14,2,stress,2315.0,2320.0,1.0,0.9579664327831403,0.07642466766701779
1655,S14,2,stress,2320.0,2325.0,1.0,0.9766668459419774,0.04242391646913212
1656,S14,2,stress,2325.0,2330.0,0.9832297723490309,0.9311651489247827,0.1251542746822132
1657,S14,2,stress,2330.0,2335.0,1.0,0.9526599284346009,0.08607285739163482
1658,S14,2,stress,2335.0,2340.0,1.0,0.9694432200875809,0.05555778165894414
1659,S14,2,stress,2340.0,2345.0,0.9869917654078075,0.9723981523047767,0.05018517762767907
1660,S14,2,stress,2345.0,2350.0,0.9918039201075732,0.955519313537389,0.08087397538656586
1661,S14,2,stress,2350.0,2355.0,0.9930160763050508,0.9360462623349782,0.11627952302731237
1662,S14,2,stress,2355.0,2360.0,0.9800287147084884,0.9252647395852158,0.13588229166324395
1663,S14,2,stress,2360.0,2365.0,0.9936621254804715,0.9902041104053261,0.017810708353952803
1664,S14,2,stress,2365.0,2370.0,0.9886989950454625,0.9474696090696694,0.09550980169151034
1665,S14,2,stress,2370.0,2375.0,0.9870020657356278,0.9713699975268049,0.05205454995126378
1666,S14,2,stress,2375.0,2380.0,0.987512116300379,0.9911253172803614,0.016135786762979415
1667,S14,2,stress,2380.0,2385.0,0.9810586531971428,0.9806782473798681,0.035130459309331
1668,S14,2,stress,2385.0,2390.0,0.9802928146630026,0.9282582395018941,0.13043956454201086
1669,S14,2,stress,2390.0,2395.0,0.9815823345763769,0.9627210206805987,0.06777996239891157
1670,S14,2,stress,2395.0,2400.0,0.9997252729278223,0.9776207555355736,0.04068953538986618
1671,S14,2,stress,2400.0,2405.0,0.9839080222672261,0.937118553395198,0.11432990291782198
1672,S14,2,stress,2405.0,2410.0,0.9946137270073572,0.9372853751968006,0.11402659055127184
1673,S14,2,stress,2410.0,2415.0,1.0,0.9743399338977436,0.046654665640466275
1674,S14,2,stress,2415.0,2420.0,1.0,0.9567364326751746,0.07866103149968258
1675,S14,2,stress,2420.0,2425.0,0.9880648527134326,0.9468168635231127,0.09669661177615878
1676,S14,2,stress,2425.0,2430.0,0.9886264623478431,0.9936492553332719,0.011546808484960494
1677,S14,2,stress,2430.0,2435.0,0.9790122401471185,0.9861295178469771,0.025219058460041844
1678,S14,2,stress,2435.0,2440.0,0.9822581660890412,0.990547399533084,0.01718654630348365
1679,S14,2,stress,2440.0,2445.0,0.9846395077042469,0.9828317689695694,0.031214965509874064
1680,S14,2,stress,2445.0,2450.0,0.9809834125817647,0.986562178468225,0.024432402785045566
1681,S14,2,stress,2450.0,2455.0,1.0,0.9925162154439167,0.0136068810110608
1682,S14,2,stress,2455.0,2460.0,1.0,0.9856100944018851,0.02616346472384547
1683,S14,2,stress,2460.0,2465.0,0.9956411293320921,0.9969348031143936,0.005573085246557034
1684,S14,2,stress,2465.0,2470.0,1.0,0.9812849359621092,0.03402738915980148
1685,S14,2,stress,2470.0,2475.0,0.9918688830103368,0.9792521300049233,0.0377233999910488
1686,S14,2,stress,2475.0,2480.0,0.9936224174376838,0.9929726468720483,0.012777005687184931
1687,S14,2,stress,2480.0,2485.0,0.9830303918874824,0.9905219461223442,0.01723282523210159
1688,S14,2,stress,2485.0,2490.0,0.9811285178072435,0.9915744104597117,0.01531925370961522
1689,S14,2,stress,2490.0,2495.0,0.9808551363805814,0.9922083205679966,0.014166689876369876
1690,S14,2,stress,2495.0,2500.0,0.9794519961882042,0.9903425443484004,0.017559010275635785
1691,S14,2,stress,2500.0,2505.0,1.0,0.9889317670193307,0.020124059964853495
1692,S14,2,stress,2505.0,2510.0,0.9908636201927576,0.9939992436899665,0.010910466018242648
1693,S14,2,stress,2510.0,2515.0,0.9835897285946528,0.9960889987158801,0.007110911425672618
1694,S14,2,stress,2515.0,2520.0,1.0,0.9890779977494157,0.019858185910153325
1695,S14,2,stress,2520.0,2525.0,1.0,0.9934688564881147,0.011874806385246326
1696,S14,2,stress,2525.0,2530.0,0.9853215187680842,0.9842025114238333,0.02872270650212132
1697,S14,2,stress,2530.0,2535.0,0.9908625468439375,0.9909304762114544,0.0164900432519012
1698,S14,2,stress,2535.0,2540.0,0.9918687592135043,0.9928568932417658,0.012987466833152954
1699,S14,2,stress,2540.0,2545.0,0.9812242825548704,0.99532580253675,0.00849854084227288
1700,S14,2,stress,2545.0,2550.0,0.9830293257261132,0.9905755386522173,0.017135384268696027
1701,S14,2,stress,2550.0,2555.0,0.9960796898567206,0.9898727728180601,0.018413140330800073
1702,S14,2,stress,2555.0,2560.0,0.9795217193322607,0.9916618150139958,0.015160336338189598
1703,S14,2,stress,2560.0,2565.0,0.9856636475032745,0.9908634889794694,0.016611838219146517
1704,S14,2,stress,2565.0,2570.0,0.9852414754952024,0.9952700555455669,0.008599899008060189
1705,S14,2,stress,2570.0,2575.0,0.9861343942091302,0.9936387288320871,0.01156594757802364
1706,S14,3,amusement,4315.0,4320.0,0.9929818144582683,0.9883998319989058,0.021091214547444042
1707,S14,3,amusement,4320.0,4325.0,0.9530202937414521,0.9968295390597803,0.00576447443676293
1708,S14,3,amusement,4325.0,4330.0,0.9764793935747402,0.992507299324807,0.013623092136714738
1709,S14,3,amusement,4330.0,4335.0,1.0,0.9947240422771346,0.009592650405210089
1710,S14,3,amusement,4335.0,4340.0,0.9795761772833725,0.9913891352109421,0.015656117798287145
1711,S14,3,amusement,4340.0,4345.0,0.9846170190986007,0.9787694851610744,0.038600936070773896
1712,S14,3,amusement,4345.0,4350.0,1.0,0.9882642814507174,0.021337670089604736
1713,S14,3,amusement,4350.0,4355.0,0.9719690674458842,0.9684223232629185,0.05741395770378446
1714,S14,3,amusement,4355.0,4360.0,0.972149563357051,0.9686579221279206,0.0569855961310537
1715,S14,3,amusement,4360.0,4365.0,0.977584682544165,0.9779365529963056,0.040115358188535316
1716,S14,3,amusement,4365.0,4370.0,1.0,0.9914533238319514,0.015539411214633805
1717,S14,3,amusement,4370.0,4375.0,1.0,0.9800757230751411,0.03622595804519828
1718,S14,3,amusement,4375.0,4380.0,0.9756687413530887,0.959943289685605,0.07283038238980898
1719,S14,3,amusement,4380.0,4385.0,0.9779911987150637,0.987095192505929,0.023463286352856244
1720,S14,3,amusement,4385.0,4390.0,1.0,0.9875806585541356,0.022580620810662803
1721,S14,3,amusement,4390.0,4395.0,0.9601510160312867,0.9815444336493382,0.03355557518302156
1722,S14,3,amusement,4395.0,4400.0,0.9796688776388542,0.9978129641556481,0.003976428807912537
1723,S14,3,amusement,4400.0,4405.0,0.976618366348351,0.9723712648156793,0.05023406397149217
1724,S14,3,amusement,4405.0,4410.0,0.9456831726668669,0.9872156963383276,0.023244188475768104
1725,S14,3,amusement,4410.0,4415.0,0.9787619075727382,0.9956005787766649,0.007998947678791312
1726,S14,3,amusement,4415.0,4420.0,0.9788037213891757,0.9947772074261485,0.009495986497911755
1727,S14,3,amusement,4420.0,4425.0,0.9889699951602414,0.9799598008872183,0.03643672565960306
1728,S14,3,amusement,4425.0,4430.0,0.9787380847450226,0.9982685469110981,0.0031480965252761142
1729,S14,3,amusement,4430.0,4435.0,0.9770027504490993,0.9778618107272925,0.04025125322310467
1730,S14,3,amusement,4435.0,4440.0,0.9628216243383113,0.9862364893415212,0.025024564833597863
1731,S14,3,amusement,4440.0,4445.0,0.9546787017179174,0.9924990810136336,0.013638034520666507
1732,S14,3,amusement,4445.0,4450.0,0.960104823396192,0.9835309817578364,0.029943669531206776
1733,S14,3,amusement,4450.0,4455.0,0.9559972373137716,0.9976806888257264,0.004216929407770539
1734,S14,3,amusement,4455.0,4460.0,0.979930223443774,0.9889535827883789,0.020084394930220403
1735,S14,3,amusement,4460.0,4465.0,1.0,0.9784435682182782,0.03919351233040363
1736,S14,3,amusement,4465.0,4470.0,0.9660549331243928,0.9927340966997447,0.013210733273191439
1737,S14,3,amusement,4470.0,4475.0,0.976229788013611,0.9889738961330121,0.020047461576341585
1738,S14,3,amusement,4475.0,4480.0,0.959633195339451,0.9908289955520495,0.016674553541728115
1739,S14,3,amusement,4480.0,4485.0,0.9625702140596323,0.9920860063408863,0.014389079380206985
1740,S14,3,amusement,4485.0,4490.0,0.9708717184818894,0.9852739255730572,0.02677468077625968
1741,S14,3,amusement,4490.0,4495.0,1.0,0.9870260642974231,0.02358897400468526
1742,S14,3,amusement,4495.0,4500.0,1.0,0.9748726038964797,0.045686174733673424
1743,S14,3,amusement,4500.0,4505.0,0.9736371607391232,0.9811162153960122,0.03433415382543223
1744,S14,3,amusement,4505.0,4510.0,0.9719743882439869,0.9950025814209635,0.009086215598248182
1745,S14,3,amusement,4510.0,4515.0,0.9609767377945257,0.976895765435815,0.04200769920760916
1746,S14,3,amusement,4515.0,4520.0,0.9620778751986784,0.9898689130257863,0.018420158134934007
1747,S14,3,amusement,4520.0,4525.0,0.9568382069642916,0.973018770199199,0.049056781456002035
1748,S14,3,amusement,4525.0,4530.0,0.9571369822206777,0.9829201142909756,0.03105433765277162
1749,S14,3,amusement,4530.0,4535.0,0.9696067257096893,0.9715837371543699,0.05166593244660018
1750,S14,3,amusement,4535.0,4540.0,0.9483188058557098,0.9941980231841525,0.010549048756086261
1751,S14,3,amusement,4540.0,4545.0,0.9572224903555592,0.979166628148403,0.037878857911994704
1752,S14,3,amusement,4545.0,4550.0,0.9585274607452985,0.9833470025840934,0.030278177119830156
1753,S14,3,amusement,4550.0,4555.0,0.9661277941434504,0.9934220381313204,0.011959930670326675
1754,S14,3,amusement,4555.0,4560.0,0.9532326716171277,0.9744260761063845,0.04649804344293727
1755,S14,3,amusement,4560.0,4565.0,0.9542782004722359,0.9834703304708905,0.030053944598380868
1756,S14,3,amusement,4565.0,4570.0,0.9603236657245405,0.9627547414820348,0.06771865185084618
1757,S14,3,amusement,4570.0,4575.0,0.9589782556114579,0.9793307483049738,0.037580457627320644
1758,S14,3,amusement,4575.0,4580.0,0.9571548175357831,0.9937156983553421,0.01142600299028725
1759,S14,3,amusement,4580.0,4585.0,0.936558638408127,0.9979536864255245,0.003720570135410267
1760,S14,3,amusement,4585.0,4590.0,0.9417650624514573,0.9851330803503593,0.027030762999346744
1761,S14,3,amusement,4590.0,4595.0,0.9569127706885506,0.9887027924903371,0.0205403772902963
1762,S14,3,amusement,4595.0,4600.0,0.9741925424413319,0.9918698716298961,0.014782051582006961
1763,S14,3,amusement,4600.0,4605.0,0.9679454772200089,0.982434049108516,0.031938092529971054
1764,S14,3,amusement,4605.0,4610.0,0.9573977112751698,0.9818614590441455,0.03297916537428114
1765,S14,3,amusement,4610.0,4615.0,0.9377129375185322,0.9753721419088948,0.04477792380200977
1766,S14,3,amusement,4615.0,4620.0,0.9524146831746352,0.9748572537875304,0.045714084022672116
1767,S14,3,amusement,4620.0,4625.0,0.967302945376046,0.9854767304507546,0.02640594463499167
1768,S14,3,amusement,4625.0,4630.0,0.9567076276342279,0.9861571043519461,0.025168901178279898
1769,S14,3,amusement,4630.0,4635.0,0.9597086362870663,0.9966035162769853,0.006175424950935968
1770,S14,3,amusement,4635.0,4640.0,0.962191458181658,0.9942190531591855,0.010510812437844928
1771,S14,3,amusement,4640.0,4645.0,0.9167085455486415,0.992823928948183,0.013047401912394624
1772,S14,3,amusement,4645.0,4650.0,0.9317016679436412,0.9838983498705454,0.029275727508099633
1773,S14,3,amusement,4650.0,4655.0,0.9637487322631579,0.984889767100946,0.027473150725552776
1774,S14,3,amusement,4655.0,4660.0,0.9690483260340075,0.9847822876900947,0.027668567836191635
1775,S14,3,amusement,4660.0,4665.0,0.9742832745763619,0.9869095669038241,0.02380078744759265
1776,S14,3,amusement,4665.0,4670.0,0.9737116410112546,0.9970336268054043,0.005393405808355836
1777,S14,3,amusement,4670.0,4675.0,0.9694521400783374,0.995729380597256,0.007764762550443773
1778,S14,3,amusement,4675.0,4680.0,0.9667284224225555,0.9770824112652887,0.04166834315402065
1779,S15,1,baseline,115.0,120.0,0.9881473829290999,0.9717769436864239,0.051314647842865733
1780,S15,1,baseline,120.0,125.0,0.9891416764349565,0.971360953842975,0.052070993012772716
1781,S15,1,baseline,125.0,130.0,0.9888525431114802,0.9892973837649794,0.01945930224549216
1782,S15,1,baseline,130.0,135.0,0.9921356826438844,0.9842156601493675,0.028698799728422663
1783,S15,1,baseline,135.0,140.0,0.9875681599328706,0.9790814357320536,0.038033753214447914
1784,S15,1,baseline,140.0,145.0,1.0,0.9704805055004018,0.053671808181087764
1785,S15,1,baseline,145.0,150.0,0.9869985535525343,0.9812338361486108,0.03412029791161658
1786,S15,1,baseline,150.0,155.0,0.9721847163852925,0.9828803285449892,0.031126675372746784
1787,S15,1,baseline,155.0,160.0,0.9926163454411179,0.9932762193389733,0.012225055747321467
1788,S15,1,baseline,160.0,165.0,1.0,0.9817911585815473,0.033106984397186574
1789,S15,1,baseline,165.0,170.0,0.9807878787527247,0.9736990342427354,0.04781993774048131
1790,S15,1,baseline,170.0,175.0,0.9880430932169998,0.992179287195333,0.014219477826667212
1791,S15,1,baseline,175.0,180.0,0.9981277591083534,0.996499044827168,0.006365373041512731
1792,S15,1,baseline,180.0,185.0,1.0,0.987290173599572,0.023108775273505362
1793,S15,1,baseline,185.0,190.0,0.984396831263567,0.9923232807459355,0.01395767137102642
1794,S15,1,baseline,190.0,195.0,1.0,0.9873751087569211,0.022954347714688756
1795,S15,1,baseline,195.0,200.0,0.9881337976349546,0.9453921306965873,0.09928703509711403
1796,S15,1,baseline,200.0,205.0,0.9869562298694227,0.9954021254739194,0.008359771865601183
1797,S15,1,baseline,205.0,210.0,0.9872285464199005,0.9670893724922385,0.059837504559566435
1798,S15,1,baseline,210.0,215.0,0.9836905776111661,0.9966233896556733,0.006139291535139682
1799,S15,1,baseline,215.0,220.0,0.991137712523105,0.998245587208002,0.003189841439996392
1800,S15,1,baseline,220.0,225.0,0.9871692545208097,0.9983434522931613,0.0030119049215248652
1801,S15,1,baseline,225.0,230.0,0.9863557818509254,0.9986606560120079,0.0024351708872583236
1802,S15,1,baseline,230.0,235.0,0.9840176366788346,0.9988701562089128,0.002054261438340508
1803,S15,1,baseline,235.0,240.0,0.9867499211684997,0.9934641798749464,0.011883309318279328
1804,S15,1,baseline,240.0,245.0,0.9876508479010544,0.9866133565580004,0.024339351712726453
1805,S15,1,baseline,245.0,250.0,0.9864690858953227,0.9475519904833583,0.09536001730298514
1806,S15,1,baseline,250.0,255.0,0.9871566188135528,0.9887694731056509,0.020419139807907535
1807,S15,1,baseline,255.0,260.0,0.9872011526828504,0.9788034342317871,0.03853921048765994
1808,S15,1,baseline,260.0,265.0,0.9866769382422869,0.9979990482754704,0.0036380940445995455
1809,S15,1,baseline,265.0,270.0,0.9868316299128895,0.9562039698895606,0.07962914565534464
1810,S15,1,baseline,270.0,275.0,0.9868110925341237,0.9848854344335032,0.027481028302721665
1811,S15,1,baseline,275.0,280.0,0.9862906914206376,0.9576426994402625,0.07701327374497748
1812,S15,1,baseline,280.0,285.0,0.9863971309212679,0.9564894659587126,0.07911006189324962
1813,S15,1,baseline,285.0,290.0,0.9866000109159673,0.9965498832240105,0.006272939592708267
1814,S15,1,baseline,290.0,295.0,1.0,0.9959180336613782,0.007421756979312195
1815,S15,1,baseline,295.0,300.0,0.9832039043025073,0.9914608491252643,0.015525728863155808
1816,S15,1,baseline,300.0,305.0,1.0,0.9814512043760892,0.033725082952564996
1817,S15,1,baseline,305.0,310.0,0.9883024924005374,0.9966940471788306,0.00601082331121729
1818,S15,1,baseline,310.0,315.0,0.987892191060385,0.9604258838713162,0.07195293841578868
1819,S15,1,baseline,315.0,320.0,0.9886889707444882,0.9777927902114447,0.040376745070100785
1820,S15,1,baseline,320.0,325.0,1.0,0.9896539135910276,0.0188110661981318
1821,S15,1,baseline,325.0,330.0,0.9858376243264471,0.9892006297707931,0.0196352185985581
1822,S15,1,baseline,330.0,335.0,0.9857818264406467,0.9944466888885108,0.010096929293616838
1823,S15,1,baseline,335.0,340.0,0.9854795197397873,0.9922443739225848,0.014101138322573288
1824,S15,1,baseline,340.0,345.0,0.986850377527405,0.9816946627274525,0.033282431404631815
1825,S15,1,baseline,345.0,350.0,0.9863877792137944,0.9499729890366952,0.09095820175146324
1826,S15,1,baseline,350.0,355.0,0.9863674039225322,0.9909346057033583,0.016482535084803063
1827,S15,1,baseline,355.0,360.0,0.9874079130878932,0.9944365805467275,0.010115308096859362
1828,S15,1,baseline,360.0,365.0,0.9865817156482185,0.9591997874890819,0.07418220456530569
1829,S15,1,baseline,365.0,370.0,0.9855429144556664,0.9669788826591201,0.060038395165236076
1830,S15,1,baseline,370.0,375.0,1.0,0.9920442988850988,0.014464911118002306
1831,S15,1,baseline,375.0,380.0,0.9924300361257357,0.9750613720187877,0.045342959965840667
1832,S15,1,baseline,380.0,385.0,0.9851517024506113,0.9953199787893345,0.00850912947393722
1833,S15,1,baseline,385.0,390.0,0.9848424001258049,0.96701692948917,0.059969219110600026
1834,S15,1,baseline,390.0,395.0,0.9891150989956222,0.9405600877493208,0.10807256772850786
1835,S15,1,baseline,395.0,400.0,0.9864228380417595,0.9638402675509279,0.06574496808922221
1836,S15,1,baseline,400.0,405.0,0.9868696882797272,0.9887696098307819,0.02041889121676021
1837,S15,1,baseline,405.0,410.0,0.9871806925682355,0.98926192944558,0.01952376464440015
1838,S15,1,baseline,410.0,415.0,0.9849576919507563,0.9822429278535194,0.03228558572087385
1839,S15,1,baseline,415.0,420.0,0.9931469561390519,0.9683445560824684,0.057555352577330514
1840,S15,1,baseline,420.0,425.0,0.9864056427629508,0.9962210424920606,0.006870831832617415
1841,S15,1,baseline,425.0,430.0,0.9852226840232324,0.9860100355556616,0.025436298989706112
1842,S15,1,baseline,430.0,435.0,0.9858086932464445,0.98127676425356,0.034042246811709344
1843,S15,1,baseline,435.0,440.0,0.9821601532595339,0.9971521099995706,0.005177981818962454
1844,S15,1,baseline,440.0,445.0,1.0,0.9698614894616808,0.054797291887853275
1845,S15,1,baseline,445.0,450.0,0.9819825520305575,0.957077853214723,0.07804026688232173
1846,S15,1,baseline,450.0,455.0,0.9881275855555497,0.969713183008795,0.05506693998400906
1847,S15,1,baseline,455.0,460.0,0.9887269629936642,0.9541457405521616,0.08337138081425169
1848,S15,1,baseline,460.0,465.0,1.0,0.9607402410867325,0.07138137984230464
1849,S15,1,baseline,465.0,470.0,0.9829144256007547,0.9961745749786313,0.006955318220670371
1850,S15,1,baseline,470.0,475.0,0.9852814508210447,0.9757434260797797,0.04410286167312792
1851,S15,1,baseline,475.0,480.0,0.987298508321427,0.9755526081471244,0.044449803368864976
1852,S15,1,baseline,480.0,485.0,1.0,0.9937781863726547,0.01131238841335497
1853,S15,1,baseline,485.0,490.0,1.0,0.9929352515998646,0.012844997091155436
1854,S15,1,baseline,490.0,495.0,1.0,0.9900369608752491,0.01811461659045655
1855,S15,1,baseline,495.0,500.0,0.9884916995796826,0.9858202693650158,0.025781328427244177
1856,S15,1,baseline,500.0,505.0,0.9871564992260392,0.9812866919497008,0.03402419645508943
1857,S15,1,baseline,505.0,510.0,0.9918924686184537,0.9586194249077438,0.07523740925864782
1858,S15,1,baseline,510.0,515.0,0.9842675706966496,0.9852577053382923,0.026804172112196042
1859,S15,1,baseline,515.0,520.0,0.9827080138683542,0.995962224864483,0.007341409337303685
1860,S15,1,baseline,520.0,525.0,0.98716908000569,0.9939388464269854,0.011020279223663098
1861,S15,1,baseline,525.0,530.0,0.9847665903886037,0.9926031929757553,0.013448740044081397
1862,S15,1,baseline,530.0,535.0,0.9910458576563975,0.9676927850351644,0.058740390845155796
1863,S15,1,baseline,535.0,540.0,0.9849460380790116,0.9468023306303529,0.09672303521754023
1864,S15,1,baseline,540.0,545.0,0.9887827712060273,0.9824089589170222,0.03198371105995986
1865,S15,1,baseline,545.0,550.0,0.9863178539455363,0.9821074490827286,0.0325319107586752
1866,S15,1,baseline,550.0,555.0,1.0,0.9932112086389413,0.01234325702010701
1867,S15,1,baseline,555.0,560.0,0.9875530583490105,0.9724236974041782,0.05013873199240352
1868,S15,1,baseline,560.0,565.0,1.0,0.985273211640348,0.026775978835730952
1869,S15,1,baseline,565.0,570.0,0.983828883995473,0.9679999763503437,0.05818186118119339
1870,S15,1,baseline,570.0,575.0,0.9885969916685201,0.9970600558738583,0.00534535295662128
1871,S15,1,baseline,575.0,580.0,0.9862428167759069,0.9932778070179902,0.012222169058199592
1872,S15,1,baseline,580.0,585.0,0.9870561358874044,0.9965768537466342,0.006223902278847088
1873,S15,1,baseline,585.0,590.0,0.9865910692397712,0.9814242071007495,0.0337741689077284
1874,S15,1,baseline,590.0,595.0,0.9877627190184483,0.9752596879967297,0.04498238546049163
1875,S15,1,baseline,595.0,600.0,0.986273954384223,0.9680521830305326,0.05808693994448628
1876,S15,1,baseline,600.0,605.0,0.9964013504861329,0.9590286366017005,0.07449338799690856
1877,S15,1,baseline,605.0,610.0,1.0,0.9926179523948921,0.01342190473655984
1878,S15,1,baseline,610.0,615.0,1.0,0.9828710038762689,0.03114362931587465
1879,S15,1,baseline,615.0,620.0,0.9799168824428134,0.9865297141398657,0.024491428836607983
1880,S15,1,baseline,620.0,625.0,0.9875171898207659,0.9899460272511333,0.018279950452485018
1881,S15,1,baseline,625.0,630.0,0.9870469639116115,0.9952295342149944,0.00867357415455567
1882,S15,1,baseline,630.0,635.0,0.9851976812213034,0.9822193002778628,0.032328544949340524
1883,S15,1,baseline,635.0,640.0,0.9860175777966976,0.9920418797125552,0.01446930961353602
1884,S15,1,baseline,640.0,645.0,0.9957814415279171,0.9919059293422177,0.014716492105058956
1885,S15,1,baseline,645.0,650.0,0.9853448659285731,0.9961865327603392,0.006933576799383447
1886,S15,1,baseline,650.0,655.0,0.9865400592902476,0.9968366014167904,0.00575163378765402
1887,S15,1,baseline,655.0,660.0,0.9868786018364439,0.9961994945505777,0.006910009908040627
1888,S15,1,baseline,660.0,665.0,1.0,0.9880080527082793,0.021803540530401486
1889,S15,1,baseline,665.0,670.0,0.9983254658338102,0.9824212602394893,0.03196134501911066
1890,S15,1,baseline,670.0,675.0,0.9853070911405408,0.9912717120470151,0.015869614459972554
1891,S15,1,baseline,675.0,680.0,1.0,0.9679273686550787,0.058313875172584406
1892,S15,1,baseline,680.0,685.0,0.9868733804773198,0.9911232741337499,0.016139501575000468
1893,S15,1,baseline,685.0,690.0,0.985194929771656,0.9982428509681125,0.0031948164216137973
1894,S15,1,baseline,690.0,695.0,0.9901886436738614,0.9766739274796363,0.04241104094611606
1895,S15,1,baseline,695.0,700.0,0.9840935239135835,0.9024090491854193,0.1774380923901469
1896,S15,1,baseline,700.0,705.0,0.9835541211163775,0.9761598514799823,0.04334572458185057
1897,S15,1,baseline,705.0,710.0,0.9721054284883632,0.9688950084951782,0.05655453000876692
1898,S15,1,baseline,710.0,715.0,0.9830324025393672,0.9950054677580327,0.009080967712668139
1899,S15,1,baseline,715.0,720.0,0.9819513320582666,0.977468140870581,0.04096701659894375
1900,S15,1,baseline,720.0,725.0,1.0,0.9759134214843259,0.04379377911940766
1901,S15,1,baseline,725.0,730.0,1.0,0.9925969795302563,0.013460037217716003
1902,S15,1,baseline,730.0,735.0,0.9815165330921892,0.9878774184108552,0.02204105743480899
1903,S15,1,baseline,735.0,740.0,0.9795765774371288,0.9959696744949662,0.007327864554606982
1904,S15,1,baseline,740.0,745.0,0.9781573202526916,0.9676834019251321,0.058757451045214536
1905,S15,1,baseline,745.0,750.0,1.0,0.9701436209657612,0.05428432551679799
1906,S15,1,baseline,750.0,755.0,0.97456714049112,0.9943106487518318,0.010344274996669643
1907,S15,1,baseline,755.0,760.0,0.9808055627850888,0.9859630356721505,0.025521753323363046
1908,S15,1,baseline,760.0,765.0,0.9818012666975382,0.989737373711475,0.01865932052459095
1909,S15,1,baseline,765.0,770.0,0.9820499024144492,0.9946995469293829,0.00963718740112229
1910,S15,1,baseline,770.0,775.0,0.9882075515904684,0.9689171441649482,0.056514283336457694
1911,S15,1,baseline,775.0,780.0,0.9806732096999204,0.9890343599618558,0.019937527342080565
1912,S15,1,baseline,780.0,785.0,0.9816239930335798,0.9886684904836887,0.020602744575111583
1913,S15,1,baseline,785.0,790.0,0.9831623609021426,0.9885516297471859,0.020815218641480306
1914,S15,1,baseline,790.0,795.0,0.9820861650609466,0.9813797284630379,0.03385503915811301
1915,S15,1,baseline,795.0,800.0,0.9897913177236094,0.994349490130843,0.010273654307558347
1916,S15,1,baseline,800.0,805.0,0.9840806203103383,0.9916284823886905,0.015220941111471827
1917,S15,1,baseline,805.0,810.0,0.9866351416971003,0.9909833022378904,0.01639399593110822
1918,S15,1,baseline,810.0,815.0,0.9812639386006536,0.9861739900216759,0.025138199960589233
1919,S15,1,baseline,815.0,820.0,0.9863693782989579,0.9719270451960169,0.05104173600724201
1920,S15,1,baseline,820.0,825.0,1.0,0.9434898561177277,0.1027457161495861
1921,S15,1,baseline,825.0,830.0,1.0,0.9855959468363014,0.026189187570361223
1922,S15,1,baseline,830.0,835.0,0.9842582147252096,0.9819571587563236,0.03280516589759353
1923,S15,1,baseline,835.0,840.0,1.0,0.9966798594008461,0.006036619271188847
1924,S15,1,baseline,840.0,845.0,0.9826183277110119,0.9864314449682292,0.024670100057765015
1925,S15,1,baseline,845.0,850.0,0.9832829353139869,0.9247400435043452,0.1368362845375541
1926,S15,1,baseline,850.0,855.0,0.9916011318517102,0.983188623511783,0.030566139069485514
1927,S15,1,baseline,855.0,860.0,0.989660078857328,0.9769775224069464,0.04185905016918857
1928,S15,1,baseline,860.0,865.0,0.9866677602744264,0.9690945998047273,0.056191636718677794
1929,S15,1,baseline,865.0,870.0,0.984962006658957,0.9583364710441769,0.07575187082876948
1930,S15,1,baseline,870.0,875.0,0.9847534075630633,0.9584352290091038,0.07557231089253859
1931,S15,1,baseline,875.0,880.0,0.9849325791548003,0.9743608545184161,0.04661662814833449
1932,S15,1,baseline,880.0,885.0,0.9877852881827245,0.9855362642311334,0.026297701397939275
1933,S15,1,baseline,885.0,890.0,0.984548028437288,0.9759698060682795,0.043691261694037184
1934,S15,1,baseline,890.0,895.0,0.984841946709674,0.9918544455940261,0.014810098919952632
1935,S15,1,baseline,895.0,900.0,0.9845116664315827,0.9743093810373518,0.04671021629572404
1936,S15,1,baseline,900.0,905.0,0.9845677290690215,0.98845925721098,0.02098316870730895
1937,S15,1,baseline,905.0,910.0,0.9851244092380667,0.9867808470699184,0.02403482350923932
1938,S15,1,baseline,910.0,915.0,0.9909047102215139,0.9886071542233033,0.020714265048539845
1939,S15,1,baseline,915.0,920.0,0.9854311340585941,0.9900760546488669,0.018043537002060246
1940,S15,1,baseline,920.0,925.0,0.9846694713540582,0.9952900153867266,0.008563608387770018
1941,S15,1,baseline,925.0,930.0,0.9872519328186481,0.9654974620142922,0.06273188724674177
1942,S15,1,baseline,930.0,935.0,0.9867594237056487,0.9670694961466149,0.05987364336979115
1943,S15,1,baseline,935.0,940.0,0.9883600750691711,0.9782935881287207,0.039466203402326046
1944,S15,1,baseline,940.0,945.0,0.9869927699153279,0.9711604684165422,0.052435511969923486
1945,S15,1,baseline,945.0,950.0,0.9849732781740652,0.9868348257455557,0.02393668046262623
1946,S15,1,baseline,950.0,955.0,0.9859720120010099,0.9787119899376997,0.038705472840545964
1947,S15,1,baseline,955.0,960.0,0.9803935975508395,0.9609218732242975,0.0710511395921864
1948,S15,1,baseline,960.0,965.0,0.9794337640535542,0.978633356532016,0.0388484426690619
1949,S15,1,baseline,965.0,970.0,0.9984986429225271,0.9575318407124747,0.0772148350682278
1950,S15,1,baseline,970.0,975.0,1.0,0.9547969732523847,0.0821873213593007
1951,S15,1,baseline,975.0,980.0,1.0,0.9650418940261964,0.06356019267964289
1952,S15,1,baseline,980.0,985.0,1.0,0.988802860972156,0.020358434596080385
1953,S15,1,baseline,985.0,990.0,0.985390557110282,0.9679527782596045,0.05826767589162844
1954,S15,1,baseline,990.0,995.0,0.9846892564488329,0.9919321625379973,0.014668795385459352
1955,S15,1,baseline,995.0,1000.0,0.9938363972039692,0.9798749015980681,0.0365910880035125
1956,S15,1,baseline,1000.0,1005.0,1.0,0.973844303202678,0.047555812358767234
1957,S15,1,baseline,1005.0,1010.0,1.0,0.9433053072362197,0.10308125957050963
1958,S15,1,baseline,1010.0,1015.0,0.9733367475316698,0.9705508898317716,0.053543836669506226
1959,S15,1,baseline,1015.0,1020.0,0.9856777201726191,0.990457016584138,0.017350878937930903
1960,S15,1,baseline,1020.0,1025.0,0.9854692011412811,0.9915969465940639,0.015278278919883637
1961,S15,1,baseline,1025.0,1030.0,0.9897726146104812,0.9936818093105289,0.011487619435401978
1962,S15,1,baseline,1030.0,1035.0,0.9869759810590535,0.9902828761695597,0.017667497873527872
1963,S15,1,baseline,1035.0,1040.0,1.0,0.9532391391762247,0.08501974695231856
1964,S15,1,baseline,1040.0,1045.0,0.9866770850912033,0.975782578754393,0.04403167499201271
1965,S15,1,baseline,1045.0,1050.0,0.9878818275750766,0.9905022547870954,0.017268627659826622
1966,S15,1,baseline,1050.0,1055.0,0.9868180002068094,0.991644653241547,0.015191539560823532
1967,S15,1,baseline,1055.0,1060.0,0.9870442858277052,0.9843127909602389,0.028522198254111123
1968,S15,1,baseline,1060.0,1065.0,0.9896018838781907,0.9590964780498041,0.0743700399094472
1969,S15,1,baseline,1065.0,1070.0,0.9875091935267496,0.9771809869664179,0.04148911460651315
1970,S15,1,baseline,1070.0,1075.0,0.9862890425482295,0.9871431016124323,0.023376178886486628
1971,S15,1,baseline,1075.0,1080.0,0.9865781101195901,0.9991964154128208,0.001461062885780326
1972,S15,1,baseline,1080.0,1085.0,1.0,0.9892452503256632,0.019554090316976164
1973,S15,1,baseline,1085.0,1090.0,1.0,0.9620356267154067,0.06902613324471502
1974,S15,1,baseline,1090.0,1095.0,0.9826407227908153,0.9839969459989126,0.029096461820159108
1975,S15,1,baseline,1095.0,1100.0,0.9979896212596706,0.9273036721456405,0.13217514155338095
1976,S15,1,baseline,1100.0,1105.0,0.987030549652963,0.9834261406394367,0.030134289746478662
1977,S15,1,baseline,1105.0,1110.0,0.9867035009513542,0.9696202369937732,0.05523593273859418
1978,S15,1,baseline,1110.0,1115.0,0.9862037114385652,0.9907981530149743,0.01673063088186516
1979,S15,1,baseline,1115.0,1120.0,0.9868653575952565,0.9766207058324301,0.04250780757740005
1980,S15,1,baseline,1120.0,1125.0,0.9861633243131269,0.9818901096786248,0.032927073311591525
1981,S15,1,baseline,1125.0,1130.0,0.9870684214944987,0.9934946724914455,0.011827868197371983
1982,S15,1,baseline,1130.0,1135.0,0.9869178415879324,0.9916023301238446,0.015268490683919257
1983,S15,1,baseline,1135.0,1140.0,1.0,0.9932265024813101,0.012315450033981873
1984,S15,1,baseline,1140.0,1145.0,0.9859024722577292,0.9886578435710145,0.020622102598155688
1985,S15,1,baseline,1145.0,1150.0,0.9862245207430431,0.9647522294718207,0.06408685550578058
1986,S15,1,baseline,1150.0,1155.0,0.9862148064431309,0.9948212885224974,0.009415839050004851
1987,S15,1,baseline,1155.0,1160.0,1.0,0.991299682220325,0.015818759599409274
1988,S15,1,baseline,1160.0,1165.0,0.9840083031084814,0.9769071925065871,0.0419869227152963
1989,S15,1,baseline,1165.0,1170.0,0.9885317785676978,0.9866089138037468,0.024347429447733243
1990,S15,1,baseline,1170.0,1175.0,0.9867271557592097,0.9953199770419621,0.008509132650978146
1991,S15,1,baseline,1175.0,1180.0,0.9839695637358256,0.9858287900847758,0.025765836209498877
1992,S15,1,baseline,1180.0,1185.0,0.9867689488390513,0.9933240386264719,0.012138111588233035
1993,S15,1,baseline,1185.0,1190.0,0.9845823059054789,0.96862946788787,0.05703733111296385
1994,S15,1,baseline,1190.0,1195.0,0.9848034487169426,0.9687066216920392,0.05689705146901969
1995,S15,1,baseline,1195.0,1200.0,0.9859004405753012,0.9951853564747755,0.008753897318590049
1996,S15,1,baseline,1200.0,1205.0,1.0,0.9830966000151431,0.030733454517921865
1997,S15,1,baseline,1205.0,1210.0,1.0,0.98371698008877,0.029605490747691195
1998,S15,1,baseline,1210.0,1215.0,0.9926686720719774,0.9853934154522004,0.02655742645054501
1999,S15,1,baseline,1215.0,1220.0,0.9875373581564633,0.9829117185494027,0.031069602637449675
2000,S15,1,baseline,1220.0,1225.0,0.9905148569542588,0.9706948307848082,0.053282125845803455
2001,S15,1,baseline,1225.0,1230.0,0.9826001653260303,0.9852215978799883,0.026869822036384963
2002,S15,1,baseline,1230.0,1235.0,0.9892817800231444,0.9694206429307441,0.05559883103501087
2003,S15,1,baseline,1235.0,1240.0,0.9874565665954271,0.9906943742773542,0.01691931949571972
2004,S15,1,baseline,1240.0,1245.0,0.9865888932987144,0.9834661016010775,0.03006163345258655
2005,S15,1,baseline,1245.0,1250.0,0.9863572996199234,0.9875407594648193,0.02265316460941936
2006,S15,1,baseline,1250.0,1255.0,0.986963402582307,0.9686431759035459,0.05701240744809848
2007,S15,1,baseline,1255.0,1260.0,1.0,0.9786018419388007,0.03890574192945353
2008,S15,1,baseline,1260.0,1265.0,0.9831223762580464,0.9859623247186311,0.025523045966125295
2009,S15,1,baseline,1265.0,1270.0,1.0,0.9919098991082156,0.014709274348699043
2010,S15,1,baseline,1270.0,1275.0,0.983850900407687,0.9920786747146906,0.01440240960965356
2011,S15,1,baseline,1275.0,1280.0,0.9860955866824785,0.9879278574325194,0.021949350122692106
2012,S15,1,baseline,1280.0,1285.0,1.0,0.9895767454666846,0.018951371878755313
2013,S15,3,amusement,1615.0,1620.0,1.0,0.9858211528195133,0.025779722146339588
2014,S15,3,amusement,1620.0,1625.0,1.0,0.9899521290252034,0.018268856317812197
2015,S15,3,amusement,1625.0,1630.0,0.9822618135985224,0.9928388568480961,0.013020260276189124
2016,S15,3,amusement,1630.0,1635.0,0.9890540956147399,0.9883115110253384,0.021251798135748384
2017,S15,3,amusement,1635.0,1640.0,0.9875465866902188,0.9806559095305818,0.035171073580760354
2018,S15,3,amusement,1640.0,1645.0,0.9880602870138282,0.9827345068600559,0.03139180570898928
2019,S15,3,amusement,1645.0,1650.0,1.0,0.9754061491098858,0.04471609252748063
2020,S15,3,amusement,1650.0,1655.0,1.0,0.989641162493466,0.0188342500118799
2021,S15,3,amusement,1655.0,1660.0,0.9915445993224489,0.9877189214010957,0.022329233816189543
2022,S15,3,amusement,1660.0,1665.0,1.0,0.9920853073901201,0.014390350199781625
2023,S15,3,amusement,1665.0,1670.0,0.990787174879901,0.9905523596910937,0.017177527834375404
2024,S15,3,amusement,1670.0,1675.0,0.9967785928804769,0.9694882132075695,0.05547597598623726
2025,S15,3,amusement,1675.0,1680.0,0.9883660760574385,0.9811436217018146,0.03428432417851909
2026,S15,3,amusement,1680.0,1685.0,0.9887593466578135,0.986080702119682,0.025307814327850862
2027,S15,3,amusement,1685.0,1690.0,0.9864253570052203,0.976611477895931,0.04252458564376192
2028,S15,3,amusement,1690.0,1695.0,0.9973235277528038,0.9550646032111982,0.08170072143418519
2029,S15,3,amusement,1695.0,1700.0,0.9863512267111963,0.9930025150348385,0.01272269993665742
2030,S15,3,amusement,1700.0,1705.0,1.0,0.9886563289025829,0.020624856540758373
2031,S15,3,amusement,1705.0,1710.0,0.9850979782499638,0.9845952078202704,0.028008713054053818
2032,S15,3,amusement,1710.0,1715.0,1.0,0.9820396953295292,0.03265509940085614
2033,S15,3,amusement,1715.0,1720.0,1.0,0.983599714169606,0.029818701509807328
2034,S15,3,amusement,1720.0,1725.0,0.9864812855336577,0.9885652539373189,0.020790447386693053
2035,S15,3,amusement,1725.0,1730.0,0.9908377791341713,0.9876713558232826,0.022415716684940717
2036,S15,3,amusement,1730.0,1735.0,0.988391670611352,0.9886083030035504,0.020712176357181228
2037,S15,3,amusement,1735.0,1740.0,0.9909108910192068,0.985953745146448,0.025538645188276567
2038,S15,3,amusement,1740.0,1745.0,1.0,0.9904056314632823,0.017444306430396028
2039,S15,3,amusement,1745.0,1750.0,0.985721875670105,0.9895236947066355,0.019047827806117468
2040,S15,3,amusement,1750.0,1755.0,0.990123475852166,0.9922212728167346,0.014143140333209988
2041,S15,3,amusement,1755.0,1760.0,1.0,0.9871485151281838,0.023366336130575132
2042,S15,3,amusement,1760.0,1765.0,1.0,0.9900586703244112,0.018075144864706967
2043,S15,3,amusement,1765.0,1770.0,1.0,0.9900061575352541,0.018170622663174242
2044,S15,3,amusement,1770.0,1775.0,0.9926629177816022,0.987102270661252,0.023450416979542102
2045,S15,3,amusement,1775.0,1780.0,0.9895753011044491,0.9806736324191023,0.03513885014708668
2046,S15,3,amusement,1780.0,1785.0,0.9893664366739345,0.9851247040197173,0.027045992691423305
2047,S15,3,amusement,1785.0,1790.0,0.985013582608963,0.9802470666926193,0.03591442419523767
2048,S15,3,amusement,1790.0,1795.0,0.9879166085084968,0.9452205553971089,0.09959899018707488
2049,S15,3,amusement,1795.0,1800.0,0.988703148998114,0.9866356313762437,0.024298852043193434
2050,S15,3,amusement,1800.0,1805.0,0.9886224147045756,0.9763260485123955,0.0430435481592812
2051,S15,3,amusement,1805.0,1810.0,0.9876095993358339,0.9856811813479649,0.026034215730973056
2052,S15,3,amusement,1810.0,1815.0,0.993061890063743,0.9679544857632298,0.058264571339582134
2053,S15,3,amusement,1815.0,1820.0,0.9785961118812738,0.9771122770716325,0.04161404168794111
2054,S15,3,amusement,1820.0,1825.0,1.0,0.9819046572533696,0.03290062317569169
2055,S15,3,amusement,1825.0,1830.0,1.0,0.9887098768255005,0.020527496680908267
2056,S15,3,amusement,1830.0,1835.0,0.9899423098989789,0.9897876926832971,0.01856783148491441
2057,S15,3,amusement,1835.0,1840.0,0.9889938768679009,0.9870857496588916,0.02348045516565164
2058,S15,3,amusement,1840.0,1845.0,0.9885648718672319,0.9909994249195557,0.016364681964444378
2059,S15,3,amusement,1845.0,1850.0,0.9923337318555124,0.9901698603349638,0.01787298120915687
2060,S15,3,amusement,1850.0,1855.0,0.9887644241008363,0.9800914605075244,0.03619734453177415
2061,S15,3,amusement,1855.0,1860.0,0.988842355913716,0.9874535016083053,0.022811815257627002
2062,S15,3,amusement,1860.0,1865.0,1.0,0.990627405545321,0.017041080826689325
2063,S15,3,amusement,1865.0,1870.0,0.9819684474113264,0.9859245469508466,0.025591732816642378
2064,S15,3,amusement,1870.0,1875.0,1.0,0.9880892910532793,0.02165583444858319
2065,S15,3,amusement,1875.0,1880.0,0.9877938531180288,0.9882587896862174,0.021347655115968443
2066,S15,3,amusement,1880.0,1885.0,0.9898734372018216,0.9888698694225655,0.020236601049880974
2067,S15,3,amusement,1885.0,1890.0,1.0,0.9844745493316278,0.028228092124313216
2068,S15,3,amusement,1890.0,1895.0,1.0,0.9835029422461157,0.029994650461607816
2069,S15,3,amusement,1895.0,1900.0,0.9886787900288789,0.990482046014991,0.01730537088183484
2070,S15,3,amusement,1900.0,1905.0,0.9870556090127908,0.9631563443786553,0.06698846476608139
2071,S15,3,amusement,1905.0,1910.0,1.0,0.9812112703860425,0.03416132657083184
2072,S15,3,amusement,1910.0,1915.0,1.0,0.967903292530597,0.0583576499443693
2073,S15,3,amusement,1915.0,1920.0,0.9890353706769925,0.9834957577871084,0.030007713114348432
2074,S15,3,amusement,1920.0,1925.0,0.9884832136751318,0.9922233346709239,0.014139391507411288
2075,S15,3,amusement,1925.0,1930.0,0.9906087404950139,0.9925273047759795,0.013586718589128154
2076,S15,3,amusement,1930.0,1935.0,0.9875460665258508,0.9738892717429575,0.047474051376440854
2077,S15,3,amusement,1935.0,1940.0,0.9913265903356191,0.9962623954106604,0.006795644707890174
2078,S15,3,amusement,1940.0,1945.0,0.9880028718639738,0.9828048194930155,0.03126396455815385
2079,S15,3,amusement,1945.0,1950.0,1.0,0.9652664618729456,0.0631518875037355
2080,S15,3,amusement,1950.0,1955.0,0.9916976634618565,0.9697789570617645,0.05494735079679166
2081,S15,3,amusement,1955.0,1960.0,0.9911997886477203,0.9901955520953414,0.017826268917561203
2082,S15,3,amusement,1960.0,1965.0,0.9892413816217039,0.9886944726523426,0.02055550426846809
2083,S15,3,amusement,1965.0,1970.0,0.9879548783814802,0.987430845072679,0.022853008958765644
2084,S15,3,amusement,1970.0,1975.0,0.9888170224760604,0.9907879295635376,0.016749218975386258
2085,S15,3,amusement,1975.0,1980.0,0.9822149065768978,0.982205862715559,0.032352976880802
2086,S15,2,stress,3100.0,3105.0,0.9882911061816346,0.9900766429457153,0.018042467371426982
2087,S15,2,stress,3105.0,3110.0,0.984808465545739,0.9671288238343958,0.05976577484655337
2088,S15,2,stress,3110.0,3115.0,0.9859049836226191,0.9915613408766843,0.0153430165878466
2089,S15,2,stress,3115.0,3120.0,0.9860427410178321,0.9716841705727941,0.05148332623128333
2090,S15,2,stress,3120.0,3125.0,0.9987136090902923,0.9717506186446954,0.05136251155509948
2091,S15,2,stress,3125.0,3130.0,0.9869748867584294,0.9819183790852579,0.03287567439044029
2092,S15,2,stress,3130.0,3135.0,0.9916561858518258,0.9843385274678138,0.028475404603974776
2093,S15,2,stress,3135.0,3140.0,0.987411399510235,0.9848290415457759,0.02758356082586219
2094,S15,2,stress,3140.0,3145.0,0.9838399459946846,0.9781207205982219,0.03978050800323319
2095,S15,2,stress,3145.0,3150.0,0.9851075029580639,0.985416511099861,0.026515434363889315
2096,S15,2,stress,3150.0,3155.0,0.9934328155522921,0.9891639301327682,0.019701945213149052
2097,S15,2,stress,3155.0,3160.0,0.9974649808451181,0.9892082076587707,0.019621440620416892
2098,S15,2,stress,3160.0,3165.0,0.987101305243337,0.9830567339369767,0.03080593829640619
2099,S15,2,stress,3165.0,3170.0,0.986886290886358,0.9920342019853914,0.014483269117470115
2100,S15,2,stress,3170.0,3175.0,0.9854838693643786,0.9933918803486965,0.012014763002370255
2101,S15,2,stress,3175.0,3180.0,0.9874339261667422,0.9913203747961725,0.015781136734231975
2102,S15,2,stress,3180.0,3185.0,0.9862987234294146,0.9984898304574672,0.002745762804605027
2103,S15,2,stress,3185.0,3190.0,0.9895511958533448,0.9954503585295327,0.008272075400849687
2104,S15,2,stress,3190.0,3195.0,0.9862857896590385,0.9960816817103828,0.007124215072031557
2105,S15,2,stress,3195.0,3200.0,0.9868431025603098,0.9864035384346272,0.02472083920976889
2106,S15,2,stress,3200.0,3205.0,0.9886099484795009,0.925207592312254,0.13598619579590182
2107,S15,2,stress,3205.0,3210.0,0.9873634648554672,0.996324044577148,0.006683555314276603
2108,S15,2,stress,3210.0,3215.0,0.9906552032795943,0.9981547650128417,0.0033549727039243337
2109,S15,2,stress,3215.0,3220.0,0.9860944460800447,0.9827284866728139,0.03140275150397498
2110,S15,2,stress,3220.0,3225.0,0.9891965655931487,0.9891482636083693,0.019730429802964886
2111,S15,2,stress,3225.0,3230.0,0.9874351550963745,0.9952403637201659,0.008653884145152887
2112,S15,2,stress,3230.0,3235.0,0.9896035357730634,0.9964686171787247,0.006420696038682522
2113,S15,2,stress,3235.0,3240.0,1.0,0.9974040629958283,0.00471988546213031
2114,S15,2,stress,3240.0,3245.0,0.9879246718500054,0.9971156860999535,0.005244207090993775
2115,S15,2,stress,3245.0,3250.0,0.9903493946591101,0.9964314481223562,0.006488276141170489
2116,S15,2,stress,3250.0,3255.0,0.9898523825623922,0.9873907911583126,0.022925834257613666
2117,S15,2,stress,3255.0,3260.0,0.9867216121758028,0.9962924314984019,0.00674103363926944
2118,S15,2,stress,3260.0,3265.0,0.9880926882805813,0.9962625997316246,0.006795273215228212
2119,S15,2,stress,3265.0,3270.0,0.988262758150393,0.9943992922231357,0.01018310504884419
2120,S15,2,stress,3270.0,3275.0,0.9909498461888306,0.984449724714533,0.028273227791758365
2121,S15,2,stress,3275.0,3280.0,0.9927272851216302,0.9954236466288604,0.008320642492981336
2122,S15,2,stress,3280.0,3285.0,1.0,0.9865498566220359,0.024454806141753174
2123,S15,2,stress,3285.0,3290.0,0.9891517364964547,0.9927673366406038,0.013150297017084044
2124,S15,2,stress,3290.0,3295.0,0.9878364472767587,0.9895970060501971,0.01891453445418731
2125,S15,2,stress,3295.0,3300.0,0.9889230840317396,0.9778160024996461,0.04033454090973444
2126,S15,2,stress,3300.0,3305.0,0.9908714010247828,0.9906136706906903,0.017066053289654028
2127,S15,2,stress,3305.0,3310.0,0.9874732610781326,0.9975404042973435,0.004471992186648235
2128,S15,2,stress,3310.0,3315.0,0.9885493790427883,0.9861775817410159,0.02513166956178947
2129,S15,2,stress,3315.0,3320.0,0.9857793144607859,0.9807951247158191,0.03491795506214735
2130,S15,2,stress,3320.0,3325.0,0.991950742705627,0.9977623601017365,0.004068436178661288
2131,S15,2,stress,3325.0,3330.0,0.9885516563558944,0.9875347192784609,0.022664146766434714
2132,S15,2,stress,3330.0,3335.0,0.9877965610649524,0.988286522035644,0.02129723266246555
2133,S15,2,stress,3335.0,3340.0,1.0,0.984881690567766,0.027487835331334816
2134,S15,2,stress,3340.0,3345.0,0.9824360483961981,0.9938872779151231,0.011114040154321795
2135,S15,2,stress,3345.0,3350.0,0.9837876268100237,0.9949909959448819,0.009107280100214757
2136,S15,2,stress,3350.0,3355.0,0.9883750306443079,0.986016554865591,0.025424445698925276
2137,S15,2,stress,3355.0,3360.0,0.9887909974803896,0.9945960773089413,0.009825313983743271
2138,S15,2,stress,3360.0,3365.0,0.9878085246830837,0.9958165390200802,0.007606292690763383
2139,S15,2,stress,3365.0,3370.0,1.0,0.9956102163366094,0.007981424842528662
2140,S15,2,stress,3370.0,3375.0,0.9936693050842348,0.9937976326021383,0.011277031632475981
2141,S15,2,stress,3375.0,3380.0,0.9945722435771504,0.9926697379200027,0.013327749236358714
2142,S15,2,stress,3380.0,3385.0,0.9866199729789097,0.9883059444738418,0.0212619191384696
2143,S15,2,stress,3385.0,3390.0,0.989472726344783,0.9966734669569859,0.006048241896389415
2144,S15,2,stress,3390.0,3395.0,1.0,0.9919790094480785,0.014583619185312001
2145,S15,2,stress,3395.0,3400.0,1.0,0.9890640291212027,0.019883583415995176
2146,S15,2,stress,3400.0,3405.0,0.9823863243839386,0.9980877595058941,0.003476800898374362
2147,S15,2,stress,3405.0,3410.0,0.9896993659308347,0.9794536887185696,0.037356929602600966
2148,S15,2,stress,3410.0,3415.0,0.9899722144916716,0.984721233257474,0.027779575895502086
2149,S15,2,stress,3415.0,3420.0,1.0,0.9834121244278209,0.03015977376759854
2150,S15,2,stress,3420.0,3425.0,0.9945842536624357,0.9886903455846274,0.020563008027950084
2151,S15,2,stress,3425.0,3430.0,0.9853597151811275,0.9960826829050955,0.007122394718008193
2152,S15,2,stress,3430.0,3435.0,0.9892886800314388,0.9949858432775749,0.00911664858622752
2153,S15,2,stress,3435.0,3440.0,0.9848971210816442,0.9884983385333683,0.02091211175751243
2154,S15,2,stress,3440.0,3445.0,0.9879888364595838,0.9947756073971545,0.009498895641537546
2155,S15,2,stress,3445.0,3450.0,0.9901019497111315,0.9954369207159581,0.008296507789167146
2156,S15,2,stress,3450.0,3455.0,0.9888834226236917,0.9938237372114729,0.011229568706412861
2157,S15,2,stress,3455.0,3460.0,1.0,0.9892443579187258,0.0195557128750443
2158,S15,2,stress,3460.0,3465.0,1.0,0.9965975017188287,0.006186360511220692
2159,S15,2,stress,3465.0,3470.0,0.9858422062648805,0.9989987804493428,0.0018203991830132034
2160,S15,2,stress,3470.0,3475.0,0.988607665182732,0.9959496719046395,0.007364232900655641
2161,S15,2,stress,3475.0,3480.0,0.9893972051543021,0.9918641029034141,0.014792540175610734
2162,S15,2,stress,3480.0,3485.0,0.9891147559341675,0.9905574760755367,0.017168225317205937
2163,S15,2,stress,3485.0,3490.0,0.9876326852664896,0.997072899958281,0.005322000075852696
2164,S15,2,stress,3490.0,3495.0,1.0,0.9745826614831963,0.04621334275782522
2165,S15,2,stress,3495.0,3500.0,1.0,0.9966887822844053,0.0060203958465360145
2166,S15,2,stress,3500.0,3505.0,1.0,0.9905062274043248,0.017261404719409637
2167,S15,2,stress,3505.0,3510.0,0.9812199370016651,0.9845912870823401,0.028015841668472513
2168,S15,2,stress,3510.0,3515.0,0.9892218377932221,0.9822393511293044,0.032292088855810336
2169,S15,2,stress,3515.0,3520.0,0.9868235664576702,0.9755029555528303,0.044540080813035815
2170,S15,2,stress,3520.0,3525.0,0.9845997686031476,0.9884347247787946,0.02102777312946448
2171,S15,2,stress,3525.0,3530.0,0.987920241458279,0.9933373156784204,0.01211397149378119
2172,S15,2,stress,3530.0,3535.0,0.9889014712828647,0.9790757344347778,0.03804411920949515
2173,S15,2,stress,3535.0,3540.0,0.9925490039091597,0.9804568119334442,0.035533069211919614
2174,S15,2,stress,3540.0,3545.0,0.9895467026879092,0.9925184517716361,0.013602814960661637
2175,S15,2,stress,3545.0,3550.0,0.9915259087413104,0.9947985842518037,0.009457119542175152
2176,S15,2,stress,3550.0,3555.0,1.0,0.9942891091864368,0.010383437842842414
2177,S15,2,stress,3555.0,3560.0,0.9848391301290865,0.9917453418638116,0.015008469338524667
2178,S15,2,stress,3560.0,3565.0,0.9919074410168766,0.9942633664381835,0.010430242839666412
2179,S15,2,stress,3565.0,3570.0,1.0,0.9937516883227049,0.011360566685991032
2180,S15,2,stress,3570.0,3575.0,0.9839260625724409,0.9923802971455944,0.013854005189828595
2181,S15,2,stress,3575.0,3580.0,1.0,0.9923857792769537,0.013844037678266021
2182,S15,2,stress,3580.0,3585.0,1.0,0.9969124804925225,0.005613671831777653
2183,S15,2,stress,3585.0,3590.0,0.981810655755648,0.9893949619745126,0.019281887319068103
2184,S15,2,stress,3590.0,3595.0,0.9860869350798176,0.9978434036088613,0.003921084347525066
2185,S15,2,stress,3595.0,3600.0,0.9934770091105749,0.9985925204004684,0.0025590538173302134
2186,S15,2,stress,3600.0,3605.0,0.9888788443759106,0.9893312984444986,0.019397639191820693
2187,S15,2,stress,3605.0,3610.0,0.9864760056426003,0.985189539455237,0.026928110081387364
2188,S15,2,stress,3610.0,3615.0,0.9879151516862492,0.9987960268615301,0.0021890420699452583
2189,S15,2,stress,3615.0,3620.0,0.9944834566730851,0.9916759794140955,0.015134582883462843
2190,S15,2,stress,3620.0,3625.0,1.0,0.9980092274888344,0.003619586383937606
2191,S15,2,stress,3625.0,3630.0,0.9857456419293636,0.9895494795389128,0.019000946292885866
2192,S15,2,stress,3630.0,3635.0,0.9850709517929911,0.9953250185948073,0.008499966191259799
2193,S15,2,stress,3635.0,3640.0,0.9913263800409686,0.9972730289401472,0.004958129199732521
2194,S15,2,stress,3640.0,3645.0,0.9873375130006447,0.9957648369459824,0.0077002964618502175
2195,S15,2,stress,3645.0,3650.0,0.9899937133071453,0.9884928525310448,0.02092208630719139
2196,S15,2,stress,3650.0,3655.0,0.9943246450537645,0.9924176693957081,0.013786055644167305
2197,S15,2,stress,3655.0,3660.0,0.9911501515855139,0.9806233417370485,0.03523028775082111
2198,S15,2,stress,3660.0,3665.0,0.9872896299866136,0.9988111449594947,0.0021615546191003595
2199,S15,2,stress,3665.0,3670.0,0.9892682721450007,0.9962573183656538,0.006804875698811272
2200,S15,2,stress,3670.0,3675.0,1.0,0.998053956361435,0.0035382611610275064
2201,S15,2,stress,3675.0,3680.0,1.0,0.9943090846690592,0.01034711878352871
2202,S15,2,stress,3680.0,3685.0,0.9839253332033459,0.9971993499479312,0.005092091003761618
2203,S15,2,stress,3685.0,3690.0,1.0,0.9970392043417688,0.005383264833147567
2204,S15,2,stress,3690.0,3695.0,0.9818530409192086,0.9993984234264244,0.0010937755883194875
2205,S15,2,stress,3695.0,3700.0,1.0,0.9981382918254935,0.003384923953648126
2206,S15,2,stress,3700.0,3705.0,0.9832531745761923,0.9990652344422477,0.0016995737413680156
2207,S15,2,stress,3705.0,3710.0,0.9877104790830434,0.9879956566591332,0.021826078801575985
2208,S15,2,stress,3710.0,3715.0,1.0,0.9977605432866528,0.004071739478813475
2209,S15,2,stress,3715.0,3720.0,1.0,0.9966102860256274,0.006163116317041367
2210,S15,2,stress,3720.0,3725.0,0.988479825925216,0.9985243629958167,0.002682976371242426
2211,S15,2,stress,3725.0,3730.0,1.0,0.9975219140098104,0.004505610891253894
2212,S15,2,stress,3730.0,3735.0,0.9820842336263645,0.9969602080684461,0.00552689442100707
2213,S15,2,stress,3735.0,3740.0,0.9896608801741192,0.9885115481729401,0.020888094231018218
2214,S15,2,stress,3740.0,3745.0,0.9946133548023217,0.9992146171316143,0.0014279688516104885
2215,S15,2,stress,3745.0,3750.0,1.0,0.9905526688885169,0.017176965657242048
2216,S15,2,stress,3750.0,3755.0,0.993808483412501,0.9963112094271054,0.006706891950717546
2217,S15,2,stress,3755.0,3760.0,0.9900256670298263,0.9986766937474187,0.0024060113683295253
2218,S15,2,stress,3760.0,3765.0,0.9888437806514214,0.9933080479714549,0.012167185506445586
2219,S15,2,stress,3765.0,3770.0,0.9875538987520505,0.9882525255604004,0.021359044435635733
2220,S15,2,stress,3770.0,3775.0,0.9947572793990422,0.9968853405345406,0.005663017209926376
2221,S15,2,stress,3775.0,3780.0,0.9990562461468346,0.9980831417927005,0.003485196740544602
2222,S15,2,stress,3780.0,3785.0,0.996795276711439,0.9968794310466547,0.005673761733355247
2223,S16,1,baseline,100.0,105.0,1.0,0.9854933935801056,0.02637564803617186
2224,S16,1,baseline,105.0,110.0,0.985472115764244,0.9821167242152551,0.03251504688135448
2225,S16,1,baseline,110.0,115.0,0.9799553046695609,0.9956148507931448,0.007972998557918394
2226,S16,1,baseline,115.0,120.0,0.9819830834957897,0.9856195060480442,0.026146352639919827
2227,S16,1,baseline,120.0,125.0,1.0,0.9904014574773099,0.01745189549580041
2228,S16,1,baseline,125.0,130.0,1.0,0.99723203680624,0.005032660352291267
2229,S16,1,baseline,130.0,135.0,1.0,0.9943499740199859,0.010272774509116464
2230,S16,1,baseline,135.0,140.0,0.9737408029063063,0.9963501142292115,0.00663615594688816
2231,S16,1,baseline,140.0,145.0,0.9873406199100667,0.9877358863720715,0.02229838841441545
2232,S16,1,baseline,145.0,150.0,0.9813732210997459,0.9839132377511592,0.029248658634255947
2233,S16,1,baseline,150.0,155.0,0.9811934661658755,0.9884939923732583,0.0209200138668033
2234,S16,1,baseline,155.0,160.0,0.9927263111934697,0.9963651559764688,0.006608807315511314
2235,S16,1,baseline,160.0,165.0,0.9790749116428576,0.9926021369737275,0.013450660047768338
2236,S16,1,baseline,165.0,170.0,0.9799655444094003,0.9913913913224861,0.015652015777298002
2237,S16,1,baseline,170.0,175.0,0.981141469376479,0.9666579211053243,0.06062196162668337
2238,S16,1,baseline,175.0,180.0,0.9854057191999961,0.9935216971437133,0.011778732465975664
2239,S16,1,baseline,180.0,185.0,0.9991639214182273,0.9969229905069921,0.005594562714559829
2240,S16,1,baseline,185.0,190.0,1.0,0.9940900063160887,0.010745443061657166
2241,S16,1,baseline,190.0,195.0,0.9821147019985306,0.9937817189210918,0.011305965598014977
2242,S16,1,baseline,195.0,200.0,1.0,0.9958130247436223,0.007612682284323292
2243,S16,1,baseline,200.0,205.0,0.9883991054431919,0.9821774048661231,0.03240471842523073
2244,S16,1,baseline,205.0,210.0,0.9787806645647655,0.9929338490557658,0.012847547171334964
2245,S16,1,baseline,210.0,215.0,0.9794774586742491,0.9929147990996359,0.012882183455207455
2246,S16,1,baseline,215.0,220.0,0.9792258991405665,0.9869139159657501,0.02379288006227273
2247,S16,1,baseline,220.0,225.0,0.9792527329817136,0.9942946766398897,0.010373315200200692
2248,S16,1,baseline,225.0,230.0,0.9789666190384456,0.9901091320247162,0.017983396318697782
2249,S16,1,baseline,230.0,235.0,0.991320523040146,0.995685031818909,0.007845396692892878
2250,S16,1,baseline,235.0,240.0,0.9823605796962098,0.9951394975676096,0.00883727714980097
2251,S16,1,baseline,240.0,245.0,0.9812336474315534,0.9913131829565216,0.015794212806324613
2252,S16,1,baseline,245.0,250.0,0.9777913748665702,0.9880866929303667,0.021660558308424425
2253,S16,1,baseline,250.0,255.0,1.0,0.9967692499654859,0.005874090971843973
2254,S16,1,baseline,255.0,260.0,1.0,0.9969280046895517,0.005585446018997166
2255,S16,1,baseline,260.0,265.0,0.9787059528258756,0.9938024836655055,0.011268211517262903
2256,S16,1,baseline,265.0,270.0,0.9790835694791422,0.995337614475803,0.00847706458944933
2257,S16,1,baseline,270.0,275.0,0.9784136647432637,0.9925871257797791,0.013477953127674218
2258,S16,1,baseline,275.0,280.0,0.9803805529206054,0.9959223664283108,0.007413879221253278
2259,S16,1,baseline,280.0,285.0,0.9909434528498361,0.9815004628179544,0.03363552214917369
2260,S16,1,baseline,285.0,290.0,1.0,0.9915995694205031,0.015273510144539797
2261,S16,1,baseline,290.0,295.0,0.9808990586709179,0.9942585949689144,0.010438918238337565
2262,S16,1,baseline,295.0,300.0,0.9804478917473366,0.9927395852287317,0.013200754129578909
2263,S16,1,baseline,300.0,305.0,0.9855455446660649,0.9937971030946777,0.011277994373313312
2264,S16,1,baseline,305.0,310.0,0.983025657992873,0.9954987567424618,0.008184078650069556
2265,S16,1,baseline,310.0,315.0,0.9811744771286818,0.9918294749982908,0.01485550000310788
2266,S16,1,baseline,315.0,320.0,0.9966812488875627,0.9941420217656998,0.010650869516909595
2267,S16,1,baseline,320.0,325.0,0.9810986170574099,0.9907663232533466,0.01678850317573371
2268,S16,1,baseline,325.0,330.0,0.977676461788016,0.9934033847409744,0.011993845925500917
2269,S16,1,baseline,330.0,335.0,0.9806396830464227,0.9933031352455133,0.012176117735430382
2270,S16,1,baseline,335.0,340.0,1.0,0.9853899226103529,0.02656377707208596
2271,S16,1,baseline,340.0,345.0,0.9751114476721647,0.9963222340217739,0.006686847233138244
2272,S16,1,baseline,345.0,350.0,1.0,0.9842314714998321,0.028670051818487127
2273,S16,1,baseline,350.0,355.0,0.9808706671990697,0.995533997705008,0.008120004172712995
2274,S16,1,baseline,355.0,360.0,0.980542154855401,0.9779742351431291,0.04004684519431098
2275,S16,1,baseline,360.0,365.0,1.0,0.9948494657586495,0.009364607711546433
2276,S16,1,baseline,365.0,370.0,1.0,0.9895931251997083,0.018921590545984964
2277,S16,1,baseline,370.0,375.0,0.9808013638953756,0.9878336038172237,0.02212072033232045
2278,S16,1,baseline,375.0,380.0,0.9789697191813177,0.9709346307409301,0.05284612592558167
2279,S16,1,baseline,380.0,385.0,0.9809154319934711,0.9942249288509981,0.010500129361821733
2280,S16,1,baseline,385.0,390.0,0.9862750814184028,0.9943415081015541,0.010288167088083803
2281,S16,1,baseline,390.0,395.0,0.9840362390164922,0.9913406835483891,0.015744211730201692
2282,S16,1,baseline,395.0,400.0,0.9811807805660843,0.9972163099746241,0.0050612545915927065
2283,S16,1,baseline,400.0,405.0,0.9813199234842912,0.9904307682421218,0.017398603196142195
2284,S16,1,baseline,405.0,410.0,0.9817070229302318,0.9883130044639208,0.021249082792871434
2285,S16,1,baseline,410.0,415.0,0.9784907724887686,0.9962415026498761,0.0068336315456798465
2286,S16,1,baseline,415.0,420.0,0.9806335813632264,0.9956246044791279,0.007955264583403726
2287,S16,1,baseline,420.0,425.0,0.9791171069042857,0.9923609633096655,0.01388915761878995
2288,S16,1,baseline,425.0,430.0,0.9792622429631818,0.9945249091184785,0.009954710693675551
2289,S16,1,baseline,430.0,435.0,1.0,0.9934139491625478,0.011974637886277001
2290,S16,1,baseline,435.0,440.0,1.0,0.9946711655723917,0.00968878986837912
2291,S16,1,baseline,440.0,445.0,1.0,0.9950372874963871,0.00902311364293252
2292,S16,1,baseline,445.0,450.0,1.0,0.9826724368121671,0.031504660341514404
2293,S16,1,baseline,450.0,455.0,0.9795405044557605,0.9893341640413431,0.019392429015740023
2294,S16,1,baseline,455.0,460.0,0.9809866144885061,0.9945377320579032,0.009931396258357901
2295,S16,1,baseline,460.0,465.0,0.9806502959737934,0.9712300652834589,0.0523089722118931
2296,S16,1,baseline,465.0,470.0,0.9803951627011503,0.9960794939184512,0.007128192875543275
2297,S16,1,baseline,470.0,475.0,0.982068493944659,0.9946930942957946,0.009648919462191931
2298,S16,1,baseline,475.0,480.0,0.9804593365739711,0.9886165629103751,0.020697158344772718
2299,S16,1,baseline,480.0,485.0,0.981430701957153,0.9818559387349459,0.032989202300098226
2300,S16,1,baseline,485.0,490.0,0.9816761523366353,0.9863971895293486,0.02473238267391185
2301,S16,1,baseline,490.0,495.0,0.9806460460143237,0.9882236815133445,0.02141148815755572
2302,S16,1,baseline,495.0,500.0,0.9838526033060924,0.9908523602669601,0.016632072241890818
2303,S16,1,baseline,500.0,505.0,0.9977049926099133,0.9887245225384147,0.02050086811197336
2304,S16,1,baseline,505.0,510.0,0.9783647707422649,0.9958869649316595,0.007478245578801169
2305,S16,1,baseline,510.0,515.0,0.9847376980127842,0.9890299479913853,0.01994554910657231
2306,S16,1,baseline,515.0,520.0,0.9805403926481249,0.9566652351416804,0.07879048156058119
2307,S16,1,baseline,520.0,525.0,0.980561677053516,0.9700987374093764,0.054365931982952066
2308,S16,1,baseline,525.0,530.0,0.987689136724004,0.8965901863023577,0.1880178430866225
2309,S16,1,baseline,530.0,535.0,0.9909121878847953,0.9908571249733673,0.016623409139332388
2310,S16,1,baseline,535.0,540.0,0.9853776618113912,0.9919794467818883,0.014582824032930493
2311,S16,1,baseline,540.0,545.0,1.0,0.9954441172652961,0.008283423154007305
2312,S16,1,baseline,545.0,550.0,1.0,0.9952498220176527,0.00863668724063148
2313,S16,1,baseline,550.0,555.0,0.9876503953558287,0.9875351312382878,0.022663397748567606
2314,S16,1,baseline,555.0,560.0,0.9812501388278281,0.9975467283406851,0.004460493926027049
2315,S16,1,baseline,560.0,565.0,0.9896097744247393,0.9968376414359159,0.005749742843789362
2316,S16,1,baseline,565.0,570.0,0.9824024390966122,0.9940366899716204,0.010842381869781198
2317,S16,1,baseline,570.0,575.0,0.9819928019880156,0.9977155506717628,0.004153544233158807
2318,S16,1,baseline,575.0,580.0,0.9845451725233207,0.98914625484341,0.01973408210289088
2319,S16,1,baseline,580.0,585.0,0.9838140471127647,0.9859091876293844,0.025619658855664806
2320,S16,1,baseline,585.0,590.0,0.9792806534553422,0.9793326234063731,0.037577048352049225
2321,S16,1,baseline,590.0,595.0,0.9802263766796676,0.9885586125659063,0.020802522607443336
2322,S16,1,baseline,595.0,600.0,0.9843931170734659,0.9720579955028781,0.05080364454022155
2323,S16,1,baseline,600.0,605.0,0.9804743785218891,0.9912497818316652,0.01590948757879072
2324,S16,1,baseline,605.0,610.0,0.9819400633927762,0.9959733282928911,0.00732122128565262
2325,S16,1,baseline,610.0,615.0,0.9771419783417769,0.9918560854934053,0.014807117284717853
2326,S16,1,baseline,615.0,620.0,0.9821225886778099,0.9947668742210882,0.009514774143476085
2327,S16,1,baseline,620.0,625.0,0.9797388217810437,0.9951996619270438,0.00872788740537488
2328,S16,1,baseline,625.0,630.0,0.9799010331908555,0.992756421192688,0.013170143286021799
2329,S16,1,baseline,630.0,635.0,1.0,0.9908343486925681,0.01666482055896697
2330,S16,1,baseline,635.0,640.0,0.9778251485114441,0.992152369444083,0.01426841919257649
2331,S16,1,baseline,640.0,645.0,0.993098065222519,0.9922172670570655,0.014150423532608473
2332,S16,1,baseline,645.0,650.0,0.9836833634212507,0.9964982979868184,0.006366730933057391
2333,S16,1,baseline,650.0,655.0,0.9797297152375417,0.9971256483635662,0.005226093884425296
2334,S16,1,baseline,655.0,660.0,0.9790786524495445,0.9972783717651144,0.00494841497251934
2335,S16,1,baseline,660.0,665.0,0.9784180107941933,0.9957717908955186,0.007687652917238828
2336,S16,1,baseline,665.0,670.0,0.980302561792238,0.9943603017222504,0.010253996868635531
2337,S16,1,baseline,670.0,675.0,0.9836939901874,0.9954937330280549,0.008193212676263927
2338,S16,1,baseline,675.0,680.0,1.0,0.9951080080286885,0.008894530856930153
2339,S16,1,baseline,680.0,685.0,1.0,0.9951754353328568,0.008771935758442134
2340,S16,1,baseline,685.0,690.0,0.9916755953885233,0.9814609610721932,0.03370734350510362
2341,S16,1,baseline,690.0,695.0,0.9853599198108627,0.9724969099966068,0.05000561818798763
2342,S16,1,baseline,695.0,700.0,0.982011420487414,0.9972200192196468,0.005054510509733356
2343,S16,1,baseline,700.0,705.0,0.9813732416983201,0.996486441676139,0.006388287861565464
2344,S16,1,baseline,705.0,710.0,0.9842425865388824,0.9958674527543294,0.00751372226485553
2345,S16,1,baseline,710.0,715.0,0.9793376131265046,0.9957533404157051,0.007721199244172825
2346,S16,1,baseline,715.0,720.0,0.9796781833558322,0.9927983574763406,0.013093895497562446
2347,S16,1,baseline,720.0,725.0,0.9863906156814571,0.9967699793842537,0.005872764755902381
2348,S16,1,baseline,725.0,730.0,0.9987821511577708,0.9774818508688796,0.040942089329309726
2349,S16,1,baseline,730.0,735.0,0.9983360471114584,0.9946281828039174,0.009766940356514
2350,S16,1,baseline,735.0,740.0,0.9817422864995715,0.9977902237363809,0.004017775024761886
2351,S16,1,baseline,740.0,745.0,0.9838659491774752,0.9920744168900288,0.014410151109038599
2352,S16,1,baseline,745.0,750.0,0.9819072740462651,0.994374818464004,0.010227602792720026
2353,S16,1,baseline,750.0,755.0,0.9865738892866628,0.987870475310016,0.022053681254516306
2354,S16,1,baseline,755.0,760.0,0.9863987087963003,0.9828196885445439,0.031236929919011325
2355,S16,1,baseline,760.0,765.0,0.978333720650983,0.9901604434793596,0.01789010276480091
2356,S16,1,baseline,765.0,770.0,0.9849647826882167,0.9974138524999496,0.004702086363727964
2357,S16,1,baseline,770.0,775.0,0.9821624551004324,0.9930790071987285,0.012583623275038881
2358,S16,1,baseline,775.0,780.0,0.979477851571804,0.9948270378390092,0.009405385747256235
2359,S16,1,baseline,780.0,785.0,0.9797822138409854,0.9922233488710313,0.014139365689034235
2360,S16,1,baseline,785.0,790.0,0.980959641400847,0.9920959924122077,0.014370922886894991
2361,S16,1,baseline,790.0,795.0,0.9813207984989062,0.988541506669814,0.02083362423670212
2362,S16,1,baseline,795.0,800.0,1.0,0.9922472069730854,0.0140959873216628
2363,S16,1,baseline,800.0,805.0,0.9850485412773771,0.9939592667794284,0.010983151310130355
2364,S16,1,baseline,805.0,810.0,0.9800093696328912,0.9957200661231453,0.007781697957917692
2365,S16,1,baseline,810.0,815.0,0.9851910444334594,0.9911086414100627,0.01616610652715874
2366,S16,1,baseline,815.0,820.0,0.9812757920515423,0.98971354851818,0.018702639057854516
2367,S16,1,baseline,820.0,825.0,0.9772259747869773,0.9915751653117839,0.015317881251302155
2368,S16,1,baseline,825.0,830.0,0.979819639208343,0.9926788680861856,0.013311148934208024
2369,S16,1,baseline,830.0,835.0,0.9806171138253459,0.9953622755193157,0.008432226328517187
2370,S16,1,baseline,835.0,840.0,0.986864667945694,0.9903656593873846,0.017516982932028243
2371,S16,1,baseline,840.0,845.0,0.978634252058056,0.9904084044405497,0.01743926465354633
2372,S16,1,baseline,845.0,850.0,1.0,0.9801953401560013,0.036008472443634094
2373,S16,1,baseline,850.0,855.0,1.0,0.9766257495633484,0.042498637157548466
2374,S16,1,baseline,855.0,860.0,0.9881796695088032,0.9882778223077868,0.02131305034947845
2375,S16,1,baseline,860.0,865.0,0.9792269948952498,0.9969462939188289,0.005552192874856604
2376,S16,1,baseline,865.0,870.0,0.9792274251775814,0.9934944852578553,0.011828208622081173
2377,S16,1,baseline,870.0,875.0,0.9887005255102237,0.9945492296416301,0.00991049156067257
2378,S16,1,baseline,875.0,880.0,0.9827797552017619,0.9928678367771651,0.012967569496063704
2379,S16,1,baseline,880.0,885.0,0.9790670831548072,0.9972455788292609,0.005008038492253206
2380,S16,1,baseline,885.0,890.0,0.9815705541837306,0.9846358136082245,0.02793488434868269
2381,S16,1,baseline,890.0,895.0,0.9793782680342216,0.994991278698879,0.00910676600203805
2382,S16,1,baseline,895.0,900.0,0.9807364930580528,0.9912568516140698,0.015896633428963806
2383,S16,1,baseline,900.0,905.0,0.9878425003827837,0.9945832779141499,0.00984858561063657
2384,S16,1,baseline,905.0,910.0,0.9818044185618373,0.9772264673853011,0.041406422935816346
2385,S16,1,baseline,910.0,915.0,0.9806212548578045,0.9944036295226499,0.010175219049727376
2386,S16,1,baseline,915.0,920.0,0.9799284052031072,0.9872001379521986,0.023272476450547946
2387,S16,1,baseline,920.0,925.0,0.977240201176241,0.9943750787167396,0.010227129605927959
2388,S16,1,baseline,925.0,930.0,0.9789643568913796,0.9927745294670245,0.013137219150864778
2389,S16,1,baseline,930.0,935.0,0.9861417151484994,0.963073063129982,0.06713988521821453
2390,S16,1,baseline,935.0,940.0,0.9851803508127025,0.9916969199299772,0.015096509218223433
2391,S16,1,baseline,940.0,945.0,0.9822502057912792,0.9925845388706576,0.013482656598804443
2392,S16,1,baseline,945.0,950.0,0.9816369592881824,0.9987932482762536,0.002194094043175356
2393,S16,1,baseline,950.0,955.0,0.9832611614106929,0.996979162388355,0.005492432021172849
2394,S16,1,baseline,955.0,960.0,1.0,0.992426534948752,0.013769936456814508
2395,S16,1,baseline,960.0,965.0,1.0,0.992696702779406,0.013278722219261777
2396,S16,1,baseline,965.0,970.0,0.9770742705954578,0.9884577773361567,0.020985859388806035
2397,S16,1,baseline,970.0,975.0,0.979956633426964,0.9922434741507999,0.014102774271272926
2398,S16,1,baseline,975.0,980.0,1.0,0.9882602409875432,0.02134501638628533
2399,S16,1,baseline,980.0,985.0,0.9822780563595124,0.9847476038650602,0.027731629336254112
2400,S16,1,baseline,985.0,990.0,0.9852517345061848,0.9864217657118479,0.02468769870573091
2401,S16,1,baseline,990.0,995.0,0.9799801689161027,0.9922996785565965,0.01400058444255194
2402,S16,1,baseline,995.0,1000.0,0.9823411905938503,0.992913743503606,0.01288410272071671
2403,S16,1,baseline,1000.0,1005.0,0.9796266953636005,0.9955493865944307,0.00809202437376243
2404,S16,1,baseline,1005.0,1010.0,0.9798086675732103,0.9931458203830714,0.012462144758052109
2405,S16,1,baseline,1010.0,1015.0,1.0,0.9709370742863086,0.05284168311580278
2406,S16,1,baseline,1015.0,1020.0,1.0,0.9736839178805927,0.047847422035286157
2407,S16,1,baseline,1020.0,1025.0,0.9835681385849767,0.9881108454710128,0.02161664459815855
2408,S16,1,baseline,1025.0,1030.0,1.0,0.9911482537752494,0.01609408404500133
2409,S16,1,baseline,1030.0,1035.0,0.9790256089411679,0.9982705556270131,0.0031444443145219256
2410,S16,1,baseline,1035.0,1040.0,0.9798597214989003,0.9949505944568127,0.009180737351249718
2411,S16,1,baseline,1040.0,1045.0,1.0,0.9869604054078971,0.023708353803823606
2412,S16,1,baseline,1045.0,1050.0,1.0,0.9861402788960147,0.025199492916336965
2413,S16,1,baseline,1050.0,1055.0,0.9816085343119382,0.9871755969193436,0.023317096510284397
2414,S16,1,baseline,1055.0,1060.0,0.979277777495539,0.9968883447415322,0.005657555015395917
2415,S16,1,baseline,1060.0,1065.0,0.9799293503528702,0.9980108138971433,0.0036167020051941323
2416,S16,1,baseline,1065.0,1070.0,0.978778314608869,0.9954377449488299,0.008295009183945722
2417,S16,1,baseline,1070.0,1075.0,0.9810314012585774,0.989777047589472,0.01858718620095986
2418,S16,1,baseline,1075.0,1080.0,0.9872626818454274,0.9947424124208173,0.009559250143968624
2419,S16,1,baseline,1080.0,1085.0,0.9908424864517452,0.9831489340531241,0.030638301721592712
2420,S16,1,baseline,1085.0,1090.0,0.9773120511575916,0.9903002597616342,0.01763589134248336
2421,S16,1,baseline,1090.0,1095.0,0.979307022357359,0.9796152140103311,0.037063247253943596
2422,S16,1,baseline,1095.0,1100.0,0.9803069063837605,0.9925479460536017,0.013549188993451538
2423,S16,1,baseline,1100.0,1105.0,0.983492386903415,0.9956214655183635,0.007960971784793606
2424,S16,1,baseline,1105.0,1110.0,0.9814211311313362,0.9896307097881336,0.01885325493066624
2425,S16,1,baseline,1110.0,1115.0,0.9806434905625352,0.9941693513189742,0.010601179420047117
2426,S16,1,baseline,1115.0,1120.0,0.9797899076188151,0.98722451181896,0.023228160329163722
2427,S16,1,baseline,1120.0,1125.0,0.9830931725399873,0.9938632659632323,0.011157698248668609
2428,S16,1,baseline,1125.0,1130.0,1.0,0.9967057343215717,0.0059895739607789406
2429,S16,1,baseline,1130.0,1135.0,0.9938631960820162,0.9904165958461566,0.0174243711888064
2430,S16,1,baseline,1135.0,1140.0,0.9778426511634065,0.9866320356830369,0.024305389667205548
2431,S16,1,baseline,1140.0,1145.0,0.9802628555146045,0.9809581113384582,0.03462161574825785
2432,S16,1,baseline,1145.0,1150.0,0.979186942672365,0.9925641184310003,0.013519784670908653
2433,S16,1,baseline,1150.0,1155.0,0.9801510070251107,0.9920471941166147,0.014459647060700792
2434,S16,1,baseline,1155.0,1160.0,1.0,0.9910640919203844,0.016247105599301224
2435,S16,1,baseline,1160.0,1165.0,1.0,0.9972901367772236,0.004927024041411985
2436,S16,1,baseline,1165.0,1170.0,0.9811788381510981,0.9899160975430408,0.018334368103562145
2437,S16,1,baseline,1170.0,1175.0,0.9809288604952927,0.9941626962777588,0.010613279494984282
2438,S16,1,baseline,1175.0,1180.0,0.9953544094121561,0.9881914230748052,0.021470139863990566
2439,S16,1,baseline,1180.0,1185.0,0.9819443054006926,0.9770994051614592,0.04163744516098336
2440,S16,1,baseline,1185.0,1190.0,0.9804801603065612,0.9890649598972638,0.019881891095884157
2441,S16,1,baseline,1190.0,1195.0,0.9798172383636703,0.9946207836309453,0.009780393398281382
2442,S16,1,baseline,1195.0,1200.0,0.9812378557515307,0.9935878966371754,0.011658369750590104
2443,S16,1,baseline,1200.0,1205.0,1.0,0.9939978223381245,0.010913050294319134
2444,S16,1,baseline,1205.0,1210.0,1.0,0.9982080950068686,0.003258009078420784
2445,S16,1,baseline,1210.0,1215.0,1.0,0.9941495872508412,0.01063711408937952
2446,S16,1,baseline,1215.0,1220.0,0.9802521339809263,0.982347946041086,0.03209464356166206
2447,S16,1,baseline,1220.0,1225.0,0.9804408726977965,0.9933432407968528,0.012103198551177053
2448,S16,1,baseline,1225.0,1230.0,0.9818935662031059,0.9929188813502476,0.012874761181368249
2449,S16,1,baseline,1230.0,1235.0,0.9790486955657405,0.9977824596426212,0.004031891558870513
2450,S16,1,baseline,1235.0,1240.0,0.9795063634541982,0.994712346190348,0.009613916017549198
2451,S16,1,baseline,1240.0,1245.0,0.9806373603749927,0.9902129208923933,0.01779468928655761
2452,S16,1,baseline,1245.0,1250.0,0.9789466461609511,0.9948879089760165,0.009294710952697413
2453,S16,1,baseline,1250.0,1255.0,0.981409754153497,0.9933372542826029,0.012114083122540397
2454,S16,1,baseline,1255.0,1260.0,0.981020740290388,0.994257030109617,0.010441763437060268
2455,S16,1,baseline,1260.0,1265.0,0.9775090202120392,0.9955701423385566,0.008054286657169837
2456,S16,1,baseline,1265.0,1270.0,0.9790266295561649,0.9969498065548805,0.005545806263853557
2457,S16,1,baseline,1270.0,1275.0,0.9930966642000879,0.9928691899036051,0.012965109266172706
2458,S16,2,stress,1990.0,1995.0,1.0,0.9519684221072795,0.08733014162312842
2459,S16,2,stress,1995.0,2000.0,1.0,0.9357828722064934,0.11675841417001218
2460,S16,2,stress,2000.0,2005.0,0.9864805856308819,0.9210557750088331,0.14353495452939455
2461,S16,2,stress,2005.0,2010.0,0.9999960612450797,0.9970533421586198,0.005357559711600544
2462,S16,2,stress,2010.0,2015.0,0.9840219526888314,0.9687132263808109,0.056885042943980335
2463,S16,2,stress,2015.0,2020.0,0.9846237936776866,0.9613379343592292,0.07029466480140147
2464,S16,2,stress,2020.0,2025.0,0.9804578058199616,0.9110855798676238,0.16166258205886572
2465,S16,2,stress,2025.0,2030.0,1.0,0.9174811943839062,0.1500341920292616
2466,S16,2,stress,2030.0,2035.0,0.9857403410757004,0.8865129444367963,0.2063401010240069
2467,S16,2,stress,2035.0,2040.0,1.0,0.8964484506892352,0.18827554420139062
2468,S16,2,stress,2040.0,2045.0,1.0,0.9275358990344666,0.1317529108464245
2469,S16,2,stress,2045.0,2050.0,0.9909961413448393,0.9901535441252556,0.01790264704498984
2470,S16,2,stress,2050.0,2055.0,1.0,0.9963778986914775,0.006585638742768111
2471,S16,2,stress,2055.0,2060.0,1.0,0.9920753036345002,0.014408538846363268
2472,S16,2,stress,2060.0,2065.0,1.0,0.9940167789447005,0.010878583736908438
2473,S16,2,stress,2065.0,2070.0,1.0,0.9515774192334265,0.08804105593922439
2474,S16,2,stress,2070.0,2075.0,1.0,0.9242414709696272,0.1377427800552235
2475,S16,2,stress,2075.0,2080.0,0.9842049048322725,0.9979709000601111,0.003689272617979643
2476,S16,2,stress,2080.0,2085.0,0.9789170359806039,0.9918466762933908,0.014824224921107718
2477,S16,2,stress,2085.0,2090.0,1.0,0.989937045839075,0.018296280292591092
2478,S16,2,stress,2090.0,2095.0,1.0,0.9931488943773246,0.01245655567759195
2479,S16,2,stress,2095.0,2100.0,0.9812937731169007,0.9901763868328635,0.017861114849339152
2480,S16,2,stress,2100.0,2105.0,0.9803115854888517,0.9702515909020657,0.054088016541698966
2481,S16,2,stress,2105.0,2110.0,0.9812704452534647,0.9859237589971794,0.025593165459673894
2482,S16,2,stress,2110.0,2115.0,0.979317549497929,0.9889619638955622,0.020069156553523464
2483,S16,2,stress,2115.0,2120.0,0.9855774563805324,0.9928025837607124,0.013086211344159255
2484,S16,2,stress,2120.0,2125.0,0.9825421063116657,0.9479980223651449,0.09454905024519122
2485,S16,2,stress,2125.0,2130.0,1.0,0.9670988287682654,0.059820311330426645
2486,S16,2,stress,2130.0,2135.0,0.9819628241383697,0.965606797838322,0.06253309483941469
2487,S16,2,stress,2135.0,2140.0,0.9781426170056327,0.97707367643621,0.041684224661436495
2488,S16,2,stress,2140.0,2145.0,0.9857953154674493,0.9830372865196855,0.030841297236935374
2489,S16,2,stress,2145.0,2150.0,1.0,0.9942309385780657,0.010489202585335408
2490,S16,2,stress,2150.0,2155.0,0.9935566956929319,0.9062035401150974,0.17053901797255006
2491,S16,2,stress,2155.0,2160.0,1.0,0.9813012621625175,0.03399770515905908
2492,S16,2,stress,2160.0,2165.0,0.9912075343108643,0.9818387028469069,0.03302054027835114
2493,S16,2,stress,2165.0,2170.0,0.9802640649843708,0.9787653607089033,0.03860843507472154
2494,S16,2,stress,2170.0,2175.0,0.9839070064896651,0.9965791599000904,0.0062197092725630515
2495,S16,2,stress,2175.0,2180.0,1.0,0.9735739450690286,0.048047372601766135
2496,S16,2,stress,2180.0,2185.0,1.0,0.9848327429500829,0.027576830999849405
2497,S16,2,stress,2185.0,2190.0,0.9845946170824865,0.9713139242182172,0.05215650142142333
2498,S16,2,stress,2190.0,2195.0,0.9812386162544193,0.9786299180307372,0.03885469448956875
2499,S16,2,stress,2195.0,2200.0,0.9814401912399914,0.9787990011761818,0.038547270588760334
2500,S16,2,stress,2200.0,2205.0,0.9954520298647305,0.9685597603091407,0.0571640721651989
2501,S16,2,stress,2205.0,2210.0,1.0,0.969712539100622,0.05506811072614183
2502,S16,2,stress,2210.0,2215.0,0.9808832129251567,0.9856354193305503,0.026117419398999336
2503,S16,2,stress,2215.0,2220.0,0.983842397312003,0.9929322792667661,0.01285040133315249
2504,S16,2,stress,2220.0,2225.0,0.9923324193820222,0.9861983025968257,0.025093995278498746
2505,S16,2,stress,2225.0,2230.0,0.9892617650549852,0.9883488733136505,0.021183866702453744
2506,S16,2,stress,2230.0,2235.0,0.9836087868962012,0.9794960186321393,0.03727996612338317
2507,S16,2,stress,2235.0,2240.0,0.9809661483824437,0.9529000070998828,0.08563635072748586
2508,S16,2,stress,2240.0,2245.0,0.9846612981482044,0.9969463501739644,0.005552090592792221
2509,S16,2,stress,2245.0,2250.0,0.9921236488567413,0.9773176937841257,0.04124055675613533
2510,S16,2,stress,2250.0,2255.0,0.9854145356366527,0.9954128508733286,0.008340271139402404
2511,S16,2,stress,2255.0,2260.0,0.9947159070964664,0.9949285132609684,0.009220884980057612
2512,S16,2,stress,2260.0,2265.0,1.0,0.9956578183313289,0.00789487576122
2513,S16,2,stress,2265.0,2270.0,1.0,0.9836065631182327,0.029806248875940466
2514,S16,2,stress,2270.0,2275.0,1.0,0.9959916983626131,0.007287821158885188
2515,S16,2,stress,2275.0,2280.0,1.0,0.9840287206210689,0.029038689779874668
2516,S16,2,stress,2280.0,2285.0,0.9778813787119996,0.9955187715756146,0.008147688044337206
2517,S16,2,stress,2285.0,2290.0,1.0,0.9762266449719736,0.04322428186913897
2518,S16,2,stress,2290.0,2295.0,0.9796114355637682,0.9936931221223027,0.011467050686722456
2519,S16,2,stress,2295.0,2300.0,0.9816054783724109,0.9827442518329761,0.031374087576407014
2520,S16,2,stress,2300.0,2305.0,0.9857590739416764,0.9976766716677077,0.004224233331440738
2521,S16,2,stress,2305.0,2310.0,1.0,0.9972590210762531,0.004983598043176111
2522,S16,2,stress,2310.0,2315.0,1.0,0.9943314311159173,0.010306488880150469
2523,S16,2,stress,2315.0,2320.0,0.9957003443183156,0.9956056326370035,0.00798975884181188
2524,S16,2,stress,2320.0,2325.0,0.982777945220144,0.9991334820083013,0.0015754872576338604
2525,S16,2,stress,2325.0,2330.0,0.9809722241557786,0.996170390780339,0.00696292585392933
2526,S16,2,stress,2330.0,2335.0,0.987760258887205,0.9940233995053018,0.010866546353996906
2527,S16,2,stress,2335.0,2340.0,1.0,0.9544767149195412,0.08276960923719778
2528,S16,2,stress,2340.0,2345.0,0.9920128669867061,0.9963465529605575,0.006642630980804691
2529,S16,2,stress,2345.0,2350.0,0.9884794110907209,0.9778142954797593,0.04033764458225612
2530,S16,2,stress,2350.0,2355.0,0.982424805518057,0.9468045891856558,0.09671892875335317
2531,S16,2,stress,2355.0,2360.0,1.0,0.9190427484042454,0.14719500290137205
2532,S16,2,stress,2360.0,2365.0,1.0,0.9531834670480466,0.08512096900355158
2533,S16,2,stress,2365.0,2370.0,1.0,0.9947428854771088,0.009558390041620424
2534,S16,2,stress,2370.0,2375.0,0.985377539346545,0.9211947827483642,0.14328221318479248
2535,S16,2,stress,2375.0,2380.0,0.9800650244731157,0.9890335315304251,0.019939033581045495
2536,S16,2,stress,2380.0,2385.0,0.9872070488379915,0.9831081669546893,0.030712423718747058
2537,S16,2,stress,2385.0,2390.0,1.0,0.9590651232333796,0.0744270486665828
2538,S16,2,stress,2390.0,2395.0,1.0,0.9579444746466625,0.0764645915515226
2539,S16,2,stress,2395.0,2400.0,0.9812683395212158,0.9551331466878243,0.08157609693122841
2540,S16,2,stress,2400.0,2405.0,0.9846485841168212,0.9406794854430718,0.10785548101259684
2541,S16,2,stress,2405.0,2410.0,0.9843517574995545,0.9243693635615554,0.13751024806989937
2542,S16,2,stress,2410.0,2415.0,0.9868260709368617,0.9659592373664654,0.06189229569733557
2543,S16,2,stress,2415.0,2420.0,0.9831873245965501,0.9558408898575548,0.08028929116808228
2544,S16,2,stress,2420.0,2425.0,0.9938108714743323,0.9204352743711917,0.14466313750692428
2545,S16,2,stress,2425.0,2430.0,0.9843649769834869,0.9074394455426333,0.16829191719521228
2546,S16,2,stress,2430.0,2435.0,0.9881892348534362,0.9337592210354816,0.12043777993548815
2547,S16,2,stress,2435.0,2440.0,0.9855818094722842,0.9981519567721417,0.0033600785961059947
2548,S16,2,stress,2440.0,2445.0,0.9901864523899964,0.9151331758643977,0.15430331661018623
2549,S16,2,stress,2445.0,2450.0,0.9795763357091004,0.887424681120737,0.2046823979622964
2550,S16,2,stress,2450.0,2455.0,1.0,0.8784634095392201,0.2209756190195999
2551,S16,2,stress,2455.0,2460.0,0.9817266410269448,0.9019443085234107,0.17828307541198063
2552,S16,2,stress,2460.0,2465.0,0.9978408209786395,0.8747009944969153,0.22781637364197213
2553,S16,2,stress,2465.0,2470.0,0.9995239558849203,0.8764474947099654,0.22464091870915395
2554,S16,2,stress,2470.0,2475.0,0.9923432161229836,0.9370621989224917,0.11443236559546983
2555,S16,2,stress,2475.0,2480.0,0.9792260951054738,0.9134577890023258,0.15734947454122591
2556,S16,2,stress,2480.0,2485.0,0.9804031273459142,0.9251193284384802,0.13614667556639987
2557,S16,2,stress,2485.0,2490.0,0.9871169371497176,0.8958428199967408,0.18937669091501694
2558,S16,2,stress,2490.0,2495.0,0.9785141256813743,0.89311295498414,0.19434008184701823
2559,S16,2,stress,2495.0,2500.0,1.0,0.901677871604353,0.17876750617390386
2560,S16,2,stress,2500.0,2505.0,0.980238031025263,0.9138573940659603,0.1566229198800722
2561,S16,2,stress,2505.0,2510.0,0.978975017853344,0.9673459222590297,0.05937105043812771
2562,S16,2,stress,2510.0,2515.0,1.0,0.9042814792738538,0.17403367404753867
2563,S16,2,stress,2515.0,2520.0,1.0,0.9229248790016489,0.14013658363336576
2564,S16,2,stress,2520.0,2525.0,1.0,0.9004367746444415,0.18102404610101547
2565,S16,2,stress,2525.0,2530.0,1.0,0.8844554916354369,0.21008092429920566
2566,S16,2,stress,2530.0,2535.0,0.9831187710484383,0.9053008825295462,0.1721802135826433
2567,S16,2,stress,2535.0,2540.0,0.9785224332274735,0.8802542440665276,0.2177195562426771
2568,S16,2,stress,2540.0,2545.0,1.0,0.9218661646296663,0.14206151885515228
2569,S16,2,stress,2545.0,2550.0,0.9774466792793948,0.9084404781962203,0.1664718578250542
2570,S16,2,stress,2550.0,2555.0,0.9813167965339211,0.9735386319184722,0.04811157833005077
2571,S16,2,stress,2555.0,2560.0,0.9847059590935644,0.9214432090239189,0.14283052904742027
2572,S16,2,stress,2560.0,2565.0,0.986268128643106,0.9575844807982321,0.07711912582139632
2573,S16,2,stress,2565.0,2570.0,0.9845027508521695,0.8836680901649038,0.21151256333653867
2574,S16,2,stress,2570.0,2575.0,1.0,0.864525290264016,0.24631765406542547
2575,S16,2,stress,2575.0,2580.0,1.0,0.9561485201672446,0.07972996333228277
2576,S16,2,stress,2580.0,2585.0,0.9819659646461858,0.9805441285115022,0.03537431179726897
2577,S16,2,stress,2585.0,2590.0,1.0,0.9613492684118989,0.07027405743291096
2578,S16,2,stress,2590.0,2595.0,0.9844306572277652,0.987383318842231,0.022939420286852818
2579,S16,2,stress,2595.0,2600.0,0.9806724784524776,0.9938309238397154,0.011216502109608605
2580,S16,2,stress,2600.0,2605.0,1.0,0.9202651619612788,0.14497243279767488
2581,S16,2,stress,2605.0,2610.0,1.0,0.8956471995689904,0.18973236442001748
2582,S16,2,stress,2610.0,2615.0,0.9848193710171921,0.8677965343483063,0.24036993754853392
2583,S16,2,stress,2615.0,2620.0,1.0,0.96800986065367,0.05816388972060012
2584,S16,2,stress,2620.0,2625.0,1.0,0.9838794644005084,0.029310064726348416
2585,S16,2,stress,2625.0,2630.0,1.0,0.9864415220363096,0.024651778115800892
2586,S16,2,stress,2630.0,2635.0,0.9843233166227573,0.9620123346234801,0.0690684825027633
2587,S16,2,stress,2635.0,2640.0,1.0,0.9683386820318838,0.057566032669302145
2588,S16,2,stress,2640.0,2645.0,0.998811256791489,0.9716151820391619,0.051608759928796745
2589,S16,2,stress,2645.0,2650.0,0.9834896672652131,0.9599360614853056,0.07284352457217155
2590,S16,2,stress,2650.0,2655.0,1.0,0.9899694295235122,0.018237400866341538
2591,S16,2,stress,2655.0,2660.0,1.0,0.993517398513726,0.011786548156861866
2592,S16,3,amusement,4325.0,4330.0,0.9807982028258422,0.982390580579589,0.032017126218929215
2593,S16,3,amusement,4330.0,4335.0,0.9808669545211309,0.9868719832533503,0.023869121357545063
2594,S16,3,amusement,4335.0,4340.0,0.9802676935631562,0.9829510104611321,0.03099816279794182
2595,S16,3,amusement,4340.0,4345.0,0.9796114270116457,0.9844898210359936,0.028200325389102696
2596,S16,3,amusement,4345.0,4350.0,1.0,0.970886354797722,0.0529339003677781
2597,S16,3,amusement,4350.0,4355.0,1.0,0.9922471533600179,0.014096084799967382
2598,S16,3,amusement,4355.0,4360.0,0.9788378080597254,0.98421716632065,0.02869606123518189
2599,S16,3,amusement,4360.0,4365.0,1.0,0.9854530995047244,0.02644890999141021
2600,S16,3,amusement,4365.0,4370.0,1.0,0.9955952347167707,0.008008664151326252
2601,S16,3,amusement,4370.0,4375.0,0.9770310619002965,0.9901012811782994,0.017997670584910353
2602,S16,3,amusement,4375.0,4380.0,1.0,0.9817365214534626,0.03320632463006812
2603,S16,3,amusement,4380.0,4385.0,0.9773761500396116,0.9883865389645932,0.02111538370073996
2604,S16,3,amusement,4385.0,4390.0,0.9794576176804696,0.9775817108218989,0.04076052577836591
2605,S16,3,amusement,4390.0,4395.0,1.0,0.9700092014612638,0.054528724615884115
2606,S16,3,amusement,4395.0,4400.0,1.0,0.9807950434760471,0.034918102770823634
2607,S16,3,amusement,4400.0,4405.0,1.0,0.9609444573910737,0.07101007747077531
2608,S16,3,amusement,4405.0,4410.0,0.9799829353050614,0.9963343359867076,0.006664843660531568
2609,S16,3,amusement,4410.0,4415.0,1.0,0.9811454755031437,0.03428095363064806
2610,S16,3,amusement,4415.0,4420.0,0.980025005515757,0.9573471658187518,0.07755060760226969
2611,S16,3,amusement,4420.0,4425.0,0.9795908638958859,0.9712783555457547,0.05222117173499165
2612,S16,3,amusement,4425.0,4430.0,0.9812359195765238,0.9799661816057756,0.036425124353135156
2613,S16,3,amusement,4430.0,4435.0,0.980449806475096,0.9743137485467339,0.0467022753695748
2614,S16,3,amusement,4435.0,4440.0,0.977737094669015,0.9799487574417531,0.03645680465135787
2615,S16,3,amusement,4440.0,4445.0,0.9858791440120638,0.9921608173938556,0.014253059283899073
2616,S16,3,amusement,4445.0,4450.0,0.9781860205572958,0.9864671477806524,0.02460518585335931
2617,S16,3,amusement,4450.0,4455.0,0.9823544634536825,0.9556579116045214,0.08062197890087011
2618,S16,3,amusement,4455.0,4460.0,0.9977819655239502,0.9588805361278827,0.07476266158566792
2619,S16,3,amusement,4460.0,4465.0,1.0,0.9838020333609363,0.029450848434661458
2620,S16,3,amusement,4465.0,4470.0,0.9823466991493197,0.9652012087311614,0.06327052957970647
2621,S16,3,amusement,4470.0,4475.0,0.9805416867027601,0.9136949850269778,0.15691820904185855
2622,S16,3,amusement,4475.0,4480.0,0.988741092469443,0.9625612128818926,0.06807052203292278
2623,S16,3,amusement,4480.0,4485.0,0.9807230603822981,0.9810387823569635,0.03447494116915724
2624,S16,3,amusement,4485.0,4490.0,1.0,0.9869888768691195,0.02365658751069174
2625,S16,3,amusement,4490.0,4495.0,0.9761052890730574,0.9780182939122151,0.03996673834142702
2626,S16,3,amusement,4495.0,4500.0,0.9822987975735846,0.9748504200088033,0.04572650907490343
2627,S16,3,amusement,4500.0,4505.0,0.9912962035168069,0.9934552229401796,0.011899594654219057
2628,S16,3,amusement,4505.0,4510.0,0.9818945336057252,0.9861448689256977,0.025191147407822197
2629,S16,3,amusement,4510.0,4515.0,0.9820308308666711,0.9944258895563838,0.010134746261120571
2630,S16,3,amusement,4515.0,4520.0,0.9797642103741634,0.9697440941885431,0.055010737839012495
2631,S16,3,amusement,4520.0,4525.0,0.9788726482829289,0.9980838968676664,0.0034838238769701385
2632,S16,3,amusement,4525.0,4530.0,0.9807625081237101,0.9326246284821789,0.12250067548694753
2633,S16,3,amusement,4530.0,4535.0,0.9825723227715524,0.9848372647631503,0.027568609521545155
2634,S16,3,amusement,4535.0,4540.0,0.9824236093573913,0.9622497680006674,0.06863678545333221
2635,S16,3,amusement,4540.0,4545.0,0.985555439190699,0.9637725313522723,0.06586812481405058
2636,S16,3,amusement,4545.0,4550.0,0.9785633342045619,0.9725377646292939,0.049931337037647544
2637,S16,3,amusement,4550.0,4555.0,0.980770120626658,0.9428930381154151,0.10383083979015437
2638,S16,3,amusement,4555.0,4560.0,0.9789853214869472,0.9987874456530874,0.002204644267114052
2639,S16,3,amusement,4560.0,4565.0,0.980726530436856,0.979145612845365,0.0379170675538818
2640,S16,3,amusement,4565.0,4570.0,0.9868187697669083,0.9701188193164327,0.05432941942466801
2641,S16,3,amusement,4570.0,4575.0,0.987954017899815,0.9838001066854891,0.029454351480929026
2642,S16,3,amusement,4575.0,4580.0,0.9889183390561631,0.9597854748320069,0.07311731848726025
2643,S16,3,amusement,4580.0,4585.0,0.978112371786697,0.9839014819131504,0.02927003288518099
2644,S16,3,amusement,4585.0,4590.0,0.9808939767259351,0.9709029283997739,0.052903766545865656
2645,S16,3,amusement,4590.0,4595.0,0.9796303032964832,0.9638042284208088,0.0658104937803477
2646,S16,3,amusement,4595.0,4600.0,0.9798161391238501,0.9713967461444872,0.052005916100932484
2647,S16,3,amusement,4600.0,4605.0,0.9818541011661049,0.9686136912758097,0.05706601586216447
2648,S16,3,amusement,4605.0,4610.0,0.9781326370434807,0.9670428065959318,0.059922169825578804
2649,S16,3,amusement,4610.0,4615.0,0.9789378509069384,0.9630675940994442,0.06714982891010145
2650,S16,3,amusement,4615.0,4620.0,0.9797417136694258,0.981414130585736,0.0337924898441165
2651,S16,3,amusement,4620.0,4625.0,0.9869908114313879,0.978234290171148,0.03957401787063985
2652,S16,3,amusement,4625.0,4630.0,0.9795383568747639,0.9735567700118595,0.04807859997843738
2653,S16,3,amusement,4630.0,4635.0,0.9813404354602017,0.9841329127009859,0.028849249634571167
2654,S16,3,amusement,4635.0,4640.0,0.9860591358361317,0.9829284985579265,0.031039093531042648
2655,S16,3,amusement,4640.0,4645.0,0.9818311348557207,0.9713486368508379,0.05209338754393124
2656,S16,3,amusement,4645.0,4650.0,0.9805989732769465,0.9671856991419794,0.05966236519640107
2657,S16,3,amusement,4650.0,4655.0,0.9800198881809807,0.9930873309598505,0.012568489163908451
2658,S16,3,amusement,4655.0,4660.0,1.0,0.9905681876154999,0.017148749790000146
2659,S16,3,amusement,4660.0,4665.0,0.9869147000908776,0.9662606875064901,0.061344204533654474
2660,S16,3,amusement,4665.0,4670.0,0.980126894650251,0.9777337377452557,0.040484113190444246
2661,S16,3,amusement,4670.0,4675.0,0.9873938886004611,0.9811037114077048,0.03435688834962782
2662,S16,3,amusement,4675.0,4680.0,0.9796459168746225,0.9743653172439299,0.04660851410194577
2663,S16,3,amusement,4680.0,4685.0,0.9804867926297223,0.970725326661056,0.05322667879808017
2664,S17,1,baseline,95.0,100.0,0.979433575883819,0.9878902989295222,0.022017638309959803
2665,S17,1,baseline,100.0,105.0,0.9741423614593746,0.99170187448096,0.015087500943709095
2666,S17,1,baseline,105.0,110.0,0.978940145038858,0.9892860545597517,0.01947990080045161
2667,S17,1,baseline,110.0,115.0,1.0,0.9836480931375491,0.029730739749910834
2668,S17,1,baseline,115.0,120.0,0.9868127470871367,0.9732741646684289,0.04859242787558384
2669,S17,1,baseline,120.0,125.0,0.9916496609217634,0.9957332177482363,0.007757785912297765
2670,S17,1,baseline,125.0,130.0,0.9817143724210268,0.9925443580391762,0.013555712656043519
2671,S17,1,baseline,130.0,135.0,0.9862544153145014,0.9982087596075537,0.003256800713538842
2672,S17,1,baseline,135.0,140.0,0.9930966600522568,0.9893506702058203,0.0193624178075995
2673,S17,1,baseline,140.0,145.0,1.0,0.9929620451898575,0.01279628147298633
2674,S17,1,baseline,145.0,150.0,1.0,0.9756236242682457,0.04432068314864422
2675,S17,1,baseline,150.0,155.0,0.9805058130935932,0.9969905201330687,0.005471781576238862
2676,S17,1,baseline,155.0,160.0,1.0,0.9937962074101174,0.011279622890695744
2677,S17,1,baseline,160.0,165.0,0.9834227284003642,0.9929136513144889,0.012884270337292865
2678,S17,1,baseline,165.0,170.0,0.9843417181075838,0.9938973231437516,0.01109577610227013
2679,S17,1,baseline,170.0,175.0,0.9851014096488314,0.9974101245320213,0.004708864487234168
2680,S17,1,baseline,175.0,180.0,0.9911438612944454,0.9981363488165791,0.003388456697128968
2681,S17,1,baseline,180.0,185.0,0.9862194336745644,0.9976577018147126,0.004258723973249981
2682,S17,1,baseline,185.0,190.0,0.9881181441330714,0.9945195842347776,0.009964392300404332
2683,S17,1,baseline,190.0,195.0,0.986057542514676,0.9965618826903897,0.006251122381109626
2684,S17,1,baseline,195.0,200.0,0.9886186120802184,0.9907023091281402,0.01690489249429069
2685,S17,1,baseline,200.0,205.0,0.986363008277352,0.9967197495247673,0.005964091773150597
2686,S17,1,baseline,205.0,210.0,0.996325347766662,0.9914817788455783,0.015487674826221364
2687,S17,1,baseline,210.0,215.0,0.9843658959898954,0.9978418101235684,0.003923981593512047
2688,S17,1,baseline,215.0,220.0,0.9844881878007129,0.998898904352006,0.002001992087261877
2689,S17,1,baseline,220.0,225.0,0.984465665563571,0.998997970828748,0.0018218712204584628
2690,S17,1,baseline,225.0,230.0,0.9845762564146704,0.998831675483753,0.0021242263931766877
2691,S17,1,baseline,230.0,235.0,0.984403180632454,0.9992527824311574,0.0013585773978957356
2692,S17,1,baseline,235.0,240.0,0.984899606462327,0.9949104460612217,0.009253734434142482
2693,S17,1,baseline,240.0,245.0,1.0,0.997386899381556,0.004751092033534611
2694,S17,1,baseline,245.0,250.0,0.9938587799324969,0.9988894800331638,0.0020191272124297365
2695,S17,1,baseline,250.0,255.0,0.9862391606885482,0.9987669993940278,0.002241819283585776
2696,S17,1,baseline,255.0,260.0,0.9878792675773869,0.9914669325236363,0.015514668138843203
2697,S17,1,baseline,260.0,265.0,1.0,0.9987695372789689,0.0022372049473293105
2698,S17,1,baseline,265.0,270.0,0.9862054822872932,0.9924917205743617,0.013651417137524057
2699,S17,1,baseline,270.0,275.0,0.9839691455051134,0.9986593914872854,0.0024374700231174534
2700,S17,1,baseline,275.0,280.0,0.984335892688499,0.9986307984466496,0.0024894573697281427
2701,S17,1,baseline,280.0,285.0,0.9841154407920272,0.9930037296049363,0.012720491627388393
2702,S17,1,baseline,285.0,290.0,0.9841764628676611,0.9923254095779346,0.013953800767391814
2703,S17,1,baseline,290.0,295.0,0.9837159971321959,0.9922870688287295,0.014023511220492037
2704,S17,1,baseline,295.0,300.0,1.0,0.9989154458087297,0.0019719167114005233
2705,S17,1,baseline,300.0,305.0,1.0,0.9983486118578411,0.0030025238948345767
2706,S17,1,baseline,305.0,310.0,0.9824429329345349,0.9981794804892712,0.0033100354740524186
2707,S17,1,baseline,310.0,315.0,1.0,0.9978260056124011,0.003952717068361771
2708,S17,1,baseline,315.0,320.0,0.9793286779887431,0.986917842342655,0.023785741195172627
2709,S17,1,baseline,320.0,325.0,0.9842486168848026,0.9908910502499639,0.01656172681824769
2710,S17,1,baseline,325.0,330.0,0.9861527142074858,0.9984472831317635,0.002823121578612233
2711,S17,1,baseline,330.0,335.0,0.9889478834890149,0.9980106660502222,0.0036169708177781674
2712,S17,1,baseline,335.0,340.0,0.9982622526377098,0.9975286054893315,0.004493444564851706
2713,S17,1,baseline,340.0,345.0,0.9873250560784615,0.9971804152966843,0.005126517642392071
2714,S17,1,baseline,345.0,350.0,0.987462640022524,0.9858831079886166,0.025667076384333607
2715,S17,1,baseline,350.0,355.0,0.9843964407839609,0.997727847970916,0.004131185507425761
2716,S17,1,baseline,355.0,360.0,0.9828045245676869,0.9984988855406032,0.00272929901708521
2717,S17,1,baseline,360.0,365.0,0.9822998284406167,0.9981256689131188,0.003407874703420378
2718,S17,1,baseline,365.0,370.0,0.9844118254224667,0.9836496343281593,0.029727937585164895
2719,S17,1,baseline,370.0,375.0,0.9809205681056995,0.9939144299290572,0.011064672856259616
2720,S17,1,baseline,375.0,380.0,0.9840032861965231,0.9969516647597332,0.005542427709576273
2721,S17,1,baseline,380.0,385.0,0.9878189122499729,0.9932651739201934,0.012245138326921054
2722,S17,1,baseline,385.0,390.0,0.9859597319769033,0.9930328985681343,0.012667457148846753
2723,S17,1,baseline,390.0,395.0,0.982299763453024,0.9919904112711675,0.014562888597877483
2724,S17,1,baseline,395.0,400.0,0.984978809897365,0.9955380024173104,0.008112722877617499
2725,S17,1,baseline,400.0,405.0,0.994910892398664,0.9952652135296558,0.008608702673353162
2726,S17,1,baseline,405.0,410.0,0.9980863094233088,0.9983821064798379,0.0029416245821128314
2727,S17,1,baseline,410.0,415.0,0.9850238560102974,0.9947587353057199,0.00952957217141856
2728,S17,1,baseline,415.0,420.0,0.9841239831777328,0.9923917548980019,0.01383317291272397
2729,S17,1,baseline,420.0,425.0,0.9906881286171725,0.9986468435512847,0.0024602844522095156
2730,S17,1,baseline,425.0,430.0,0.9841349453301456,0.9979718924269212,0.0036874683146888533
2731,S17,1,baseline,430.0,435.0,0.9826638396641258,0.9889456602079922,0.020098799621832242
2732,S17,1,baseline,435.0,440.0,0.9847453661559777,0.9981313449635156,0.0033975546117899725
2733,S17,1,baseline,440.0,445.0,1.0,0.9934804415345879,0.011853742664385667
2734,S17,1,baseline,445.0,450.0,0.9870040835391098,0.9933700856848386,0.012054389663929684
2735,S17,1,baseline,450.0,455.0,0.9859123881693856,0.9898163369140767,0.018515751065315177
2736,S17,1,baseline,455.0,460.0,0.9836169583954978,0.9902481081037948,0.017730712538555127
2737,S17,1,baseline,460.0,465.0,0.9826159764108361,0.9988081676843297,0.002166967846673505
2738,S17,1,baseline,465.0,470.0,0.9833713403983982,0.9988401858624658,0.002108752977335116
2739,S17,1,baseline,470.0,475.0,0.9849237001353733,0.9916888723041322,0.015111141265214555
2740,S17,1,baseline,475.0,480.0,0.9840446874318232,0.9939890361960517,0.010929025098087812
2741,S17,1,baseline,480.0,485.0,0.9854404745940417,0.9951450103943649,0.00882725382842777
2742,S17,1,baseline,485.0,490.0,0.9860753914716792,0.998003111052369,0.0036307071775107625
2743,S17,1,baseline,490.0,495.0,1.0,0.9978344196147264,0.003937418882315878
2744,S17,1,baseline,495.0,500.0,1.0,0.941556731554101,0.10626048808345279
2745,S17,1,baseline,500.0,505.0,0.984670131001797,0.9974558171929724,0.004625786921868594
2746,S17,1,baseline,505.0,510.0,0.9851889096016628,0.9921739551188937,0.01422917251110219
2747,S17,1,baseline,510.0,515.0,0.9874796449801245,0.9960999400348562,0.007091018118443205
2748,S17,1,baseline,515.0,520.0,0.9918856736006237,0.9968635299550184,0.005702672809057805
2749,S17,1,baseline,520.0,525.0,0.987119714914275,0.996682328328045,0.006032130312645618
2750,S17,1,baseline,525.0,530.0,0.9868290038595131,0.9961746345083498,0.006955209984818922
2751,S17,1,baseline,530.0,535.0,0.9860942044616327,0.9827310689372253,0.03139805647777212
2752,S17,1,baseline,535.0,540.0,1.0,0.9965796686854642,0.0062187842082468015
2753,S17,1,baseline,540.0,545.0,0.9957319241469685,0.9959634543272682,0.00733917395042151
2754,S17,1,baseline,545.0,550.0,0.980479839388731,0.998425430807153,0.0028628530779038273
2755,S17,1,baseline,550.0,555.0,1.0,0.9930163817720792,0.012697487687128802
2756,S17,1,baseline,555.0,560.0,1.0,0.996199955575995,0.006909171680009038
2757,S17,1,baseline,560.0,565.0,0.9835592992377808,0.99743982701055,0.004654859980818393
2758,S17,1,baseline,565.0,570.0,0.9955840337099193,0.9944140604994738,0.010156253637320261
2759,S17,1,baseline,570.0,575.0,1.0,0.9909897716770264,0.016382233314497407
2760,S17,1,baseline,575.0,580.0,0.9876641460435475,0.9936923541213467,0.011468447052096991
2761,S17,1,baseline,580.0,585.0,0.9910623351012187,0.9981504567460222,0.0033628059163234385
2762,S17,1,baseline,585.0,590.0,0.9868306960841517,0.996166317514618,0.006970331791603798
2763,S17,1,baseline,590.0,595.0,0.9889355939240522,0.9974137497434346,0.004702273193755383
2764,S17,1,baseline,595.0,600.0,0.9818052239583811,0.9875967734841664,0.022551320937879163
2765,S17,1,baseline,600.0,605.0,0.9846572827903299,0.9915529190479031,0.015358329003812652
2766,S17,1,baseline,605.0,610.0,0.9820184171234791,0.9944408526830026,0.010107540576358914
2767,S17,1,baseline,610.0,615.0,0.983269222134771,0.995402613575078,0.008358884408949087
2768,S17,1,baseline,615.0,620.0,0.9855481133013252,0.9940536645491287,0.010811519001584247
2769,S17,1,baseline,620.0,625.0,0.9826241711412852,0.9928638379967554,0.01297484000589959
2770,S17,1,baseline,625.0,630.0,0.9838490591742577,0.9985687801841843,0.002602217846937779
2771,S17,1,baseline,630.0,635.0,1.0,0.9979855815027863,0.0036625790858432353
2772,S17,1,baseline,635.0,640.0,0.9875939363806655,0.9984827371474077,0.0027586597319861172
2773,S17,1,baseline,640.0,645.0,1.0,0.9969387392694218,0.005565928601051319
2774,S17,1,baseline,645.0,650.0,1.0,0.9981416979721398,0.0033787309597457325
2775,S17,1,baseline,650.0,655.0,0.9848022530292087,0.9988273112455277,0.002132161371767779
2776,S17,1,baseline,655.0,660.0,1.0,0.9963490862141173,0.006638025065241357
2777,S17,1,baseline,660.0,665.0,0.9878672602616694,0.9905509910005483,0.017180016362639324
2778,S17,1,baseline,665.0,670.0,0.9868473302774219,0.9984666003189022,0.00278799942017792
2779,S17,1,baseline,670.0,675.0,1.0,0.9977700000347618,0.004054545391342079
2780,S17,1,baseline,675.0,680.0,1.0,0.9978913803561567,0.003833853897897019
2781,S17,1,baseline,680.0,685.0,1.0,0.991483249442165,0.015485001014245513
2782,S17,1,baseline,685.0,690.0,1.0,0.9932922598926992,0.012195891104183202
2783,S17,1,baseline,690.0,695.0,0.9854144780183567,0.9873409776450761,0.023016404281680072
2784,S17,1,baseline,695.0,700.0,0.9844580194260751,0.9980773477053291,0.003495731444856174
2785,S17,1,baseline,700.0,705.0,0.9882986525555536,0.9954004670346481,0.008362787209730833
2786,S17,1,baseline,705.0,710.0,1.0,0.999464760039884,0.0009731635638472695
2787,S17,1,baseline,710.0,715.0,0.9852824012508324,0.9861833430304054,0.02512119449017206
2788,S17,1,baseline,715.0,720.0,0.987912051324859,0.9956451788090959,0.007917856710734734
2789,S17,1,baseline,720.0,725.0,0.9860196622088245,0.9966811722932596,0.006034232194073545
2790,S17,1,baseline,725.0,730.0,0.9874438397606886,0.9964152797335188,0.006517673211784097
2791,S17,1,baseline,730.0,735.0,0.9826009345297272,0.9955653203887675,0.008063053838604586
2792,S17,1,baseline,735.0,740.0,1.0,0.994556966290981,0.009896424925489289
2793,S17,1,baseline,740.0,745.0,0.9868492092133435,0.9976270706923451,0.004314416923009028
2794,S17,1,baseline,745.0,750.0,0.986738922121128,0.996327381837836,0.006677487567570883
2795,S17,1,baseline,750.0,755.0,0.9846454851210947,0.9881506249423633,0.02154431828661222
2796,S17,1,baseline,755.0,760.0,0.983994313444871,0.996377789291224,0.00658583765232005
2797,S17,1,baseline,760.0,765.0,0.9867157435708623,0.9974254722633602,0.00468095952116316
2798,S17,1,baseline,765.0,770.0,0.9850236441880067,0.9921283872261601,0.01431202322516342
2799,S17,1,baseline,770.0,775.0,0.987863319721558,0.9979600688603372,0.0037089657084780374
2800,S17,1,baseline,775.0,780.0,1.0,0.9979646296281415,0.0037006734033791424
2801,S17,1,baseline,780.0,785.0,0.9820562188833527,0.9980922347288248,0.0034686641294095467
2802,S17,1,baseline,785.0,790.0,0.9947726941182526,0.9975289270690542,0.004492859874446888
2803,S17,1,baseline,790.0,795.0,0.9855298165301429,0.9967498630767198,0.005909339860509648
2804,S17,1,baseline,795.0,800.0,0.9966504293865802,0.9966656445930191,0.006062464376328976
2805,S17,1,baseline,800.0,805.0,0.9826898534996189,0.9974940704929154,0.004556235467426538
2806,S17,1,baseline,805.0,810.0,0.983941265910925,0.9986521760133462,0.0024505890666432846
2807,S17,1,baseline,810.0,815.0,0.9844095466236291,0.9879597484846891,0.021891366391474376
2808,S17,1,baseline,815.0,820.0,0.9801130259197752,0.9816074393277714,0.033441019404052016
2809,S17,1,baseline,820.0,825.0,0.9848939789167763,0.9909624032564532,0.016431994079175845
2810,S17,1,baseline,825.0,830.0,0.9853584683738938,0.9968873656961892,0.005659335097838059
2811,S17,1,baseline,830.0,835.0,1.0,0.9975137133282763,0.004520521221316114
2812,S17,1,baseline,835.0,840.0,0.9846441211505512,0.9961650796400896,0.006972582472564525
2813,S17,1,baseline,840.0,845.0,0.9836633600785861,0.9987862546576065,0.002206809713442874
2814,S17,1,baseline,845.0,850.0,0.9831654824877099,0.9960971967513688,0.007096005906602566
2815,S17,1,baseline,850.0,855.0,0.9833362173875889,0.9979148015001487,0.003791269999729717
2816,S17,1,baseline,855.0,860.0,0.9828422439639947,0.9984761729744787,0.0027705945918571444
2817,S17,1,baseline,860.0,865.0,0.9955177545118998,0.9971272351804386,0.005223208762839189
2818,S17,1,baseline,865.0,870.0,0.9833865186386115,0.9948518610052661,0.009360252717697913
2819,S17,1,baseline,870.0,875.0,1.0,0.9984930307404019,0.00273994410836059
2820,S17,1,baseline,875.0,880.0,0.9842111572665275,0.9979256119577147,0.0037716146223368816
2821,S17,1,baseline,880.0,885.0,0.9844728961051613,0.9977041954994026,0.0041741900010862755
2822,S17,1,baseline,885.0,890.0,0.9999943330674963,0.9867276481514429,0.02413154881555848
2823,S17,1,baseline,890.0,895.0,0.9867989349576253,0.982920508557424,0.031053620804683744
2824,S17,1,baseline,895.0,900.0,0.9869371958895612,0.9771467139899521,0.04155142910917821
2825,S17,1,baseline,900.0,905.0,0.98697974956943,0.992862008053331,0.01297816717576176
2826,S17,1,baseline,905.0,910.0,0.9873046963759404,0.9962369615863085,0.006841888024893746
2827,S17,1,baseline,910.0,915.0,0.9820565324696636,0.9976434414012316,0.004284651997760715
2828,S17,1,baseline,915.0,920.0,0.9835477399199949,0.998630993364436,0.0024891029737529953
2829,S17,1,baseline,920.0,925.0,0.981851669742726,0.9892977280885427,0.019458676202649922
2830,S17,1,baseline,925.0,930.0,0.9833949111790603,0.9928547872739988,0.01299129586545667
2831,S17,1,baseline,930.0,935.0,0.9802953505394207,0.9835550368170038,0.029899933059993028
2832,S17,1,baseline,935.0,940.0,0.983919107149844,0.997493209976227,0.00455780004322345
2833,S17,1,baseline,940.0,945.0,1.0,0.9937728406327089,0.011322107940529187
2834,S17,1,baseline,945.0,950.0,1.0,0.9985572790055033,0.0026231290809031593
2835,S17,1,baseline,950.0,955.0,0.9839928294889623,0.9980383786081457,0.0035665843488261765
2836,S17,1,baseline,955.0,960.0,0.9857931700111133,0.996215349883711,0.006881182029616451
2837,S17,1,baseline,960.0,965.0,0.9964383015428852,0.9990025044802873,0.0018136282176595036
2838,S17,1,baseline,965.0,970.0,1.0,0.9970972985827957,0.005277638940371545
2839,S17,1,baseline,970.0,975.0,0.9856124062181926,0.9876222438467215,0.022505011187779176
2840,S17,1,baseline,975.0,980.0,0.9836641062718462,0.9969074959549764,0.005622734627315613
2841,S17,1,baseline,980.0,985.0,0.9826796035401006,0.9892046361405384,0.019627934289930402
2842,S17,1,baseline,985.0,990.0,0.9848539676855474,0.9968968999767907,0.005642000042198768
2843,S17,1,baseline,990.0,995.0,0.9854061221819791,0.9867719570753797,0.024050987135673503
2844,S17,1,baseline,995.0,1000.0,0.9837995780429906,0.9977820554500174,0.004032626454513887
2845,S17,1,baseline,1000.0,1005.0,0.9846103661662681,0.9953041849723243,0.008537845504864977
2846,S17,1,baseline,1005.0,1010.0,1.0,0.9939023105440046,0.011086708101809818
2847,S17,1,baseline,1010.0,1015.0,0.9843354857462282,0.9976879933685718,0.0042036484207785265
2848,S17,1,baseline,1015.0,1020.0,0.9854550079206446,0.9933587145349587,0.012075064481893234
2849,S17,1,baseline,1020.0,1025.0,1.0,0.9952127108978202,0.008704162003963442
2850,S17,1,baseline,1025.0,1030.0,1.0,0.9974737160299052,0.004593243581990726
2851,S17,1,baseline,1030.0,1035.0,0.9866411916515262,0.9970526485181923,0.0053588208760142544
2852,S17,1,baseline,1035.0,1040.0,0.9847210113429795,0.9890860769789442,0.01984349640191955
2853,S17,1,baseline,1040.0,1045.0,0.9861530968866823,0.9969462946325949,0.005552191577100419
2854,S17,1,baseline,1045.0,1050.0,0.9843259190159728,0.9973555236926916,0.0048081387405607455
2855,S17,1,baseline,1050.0,1055.0,0.9888615020853601,0.9923872712732362,0.013841324957752536
2856,S17,1,baseline,1055.0,1060.0,0.9870485769028209,0.9982993443286665,0.003092101220606351
2857,S17,1,baseline,1060.0,1065.0,0.9854265521706094,0.9916485000422899,0.015184545377654637
2858,S17,1,baseline,1065.0,1070.0,1.0,0.9916000878098112,0.015272567618525055
2859,S17,1,baseline,1070.0,1075.0,0.9983957548925935,0.9961730302238976,0.006958126865640639
2860,S17,1,baseline,1075.0,1080.0,0.9850962391418939,0.9984087931594194,0.0028931033465102686
2861,S17,1,baseline,1080.0,1085.0,0.9844673747090243,0.9965082726989769,0.0063485950927693715
2862,S17,1,baseline,1085.0,1090.0,1.0,0.9975033527154422,0.004539358699196162
2863,S17,1,baseline,1090.0,1095.0,0.982672385088013,0.9989766563447151,0.0018606248277908512
2864,S17,1,baseline,1095.0,1100.0,0.9836611755121963,0.9952711698213907,0.008597873052016945
2865,S17,1,baseline,1100.0,1105.0,0.9851412622265687,0.9967439318699189,0.0059201238728747675
2866,S17,1,baseline,1105.0,1110.0,0.9834062656991888,0.9974376069163655,0.004658896515699152
2867,S17,1,baseline,1110.0,1115.0,0.984150144863206,0.998435587123667,0.0028443870478782516
2868,S17,1,baseline,1115.0,1120.0,0.9876003640761056,0.9962243294623487,0.0068648555230022045
2869,S17,1,baseline,1120.0,1125.0,0.9832597878517092,0.9952330240042606,0.00866722908316261
2870,S17,1,baseline,1125.0,1130.0,0.9839318939635472,0.9952536388060156,0.008629747625426077
2871,S17,1,baseline,1130.0,1135.0,0.9831966395964922,0.9944081441251371,0.010167010681569076
2872,S17,1,baseline,1135.0,1140.0,1.0,0.9945362012226788,0.009934179595129594
2873,S17,1,baseline,1140.0,1145.0,0.982654226648837,0.9978347669224732,0.003936787413685101
2874,S17,1,baseline,1145.0,1150.0,0.9814159317565249,0.9985234673759944,0.0026846047709194543
2875,S17,1,baseline,1150.0,1155.0,0.9829925038287919,0.998094168614359,0.0034651479738926965
2876,S17,1,baseline,1155.0,1160.0,1.0,0.9971237890060991,0.005229474534365277
2877,S17,1,baseline,1160.0,1165.0,0.9833774566432482,0.9980036711537963,0.003629688811279597
2878,S17,1,baseline,1165.0,1170.0,1.0,0.9979351635634197,0.0037542480665098197
2879,S17,1,baseline,1170.0,1175.0,0.972203513822217,0.9828116627229502,0.031251522321908955
2880,S17,1,baseline,1175.0,1180.0,0.9837626296139785,0.9883449460490106,0.021191007183617175
2881,S17,1,baseline,1180.0,1185.0,1.0,0.9908587359640237,0.016620480065411287
2882,S17,1,baseline,1185.0,1190.0,0.98746039365272,0.9947409975248565,0.009561822682079365
2883,S17,1,baseline,1190.0,1195.0,0.9852664263300159,0.9842845118243957,0.02857361486473514
2884,S17,1,baseline,1195.0,1200.0,0.9936482457392422,0.9964134565442735,0.006520988101320917
2885,S17,1,baseline,1200.0,1205.0,0.9800831320055682,0.9959229406106365,0.007412835253388515
2886,S17,1,baseline,1205.0,1210.0,1.0,0.9825191924607779,0.03178328643494954
2887,S17,1,baseline,1210.0,1215.0,1.0,0.9824879920805496,0.031840014399000804
2888,S17,1,baseline,1215.0,1220.0,0.9861815778641032,0.9855299216855444,0.02630923329901037
2889,S17,1,baseline,1220.0,1225.0,0.9848262688298162,0.9979904596895621,0.0036537096553417377
2890,S17,1,baseline,1225.0,1230.0,0.9833248886839828,0.9952035906029748,0.008720744358227851
2891,S17,1,baseline,1230.0,1235.0,0.9830498622636508,0.9967842343266902,0.005846846678745323
2892,S17,1,baseline,1235.0,1240.0,0.982827617225596,0.9845839577322726,0.028029167759504335
2893,S17,1,baseline,1240.0,1245.0,1.0,0.9904767536854335,0.01731499329921196
2894,S17,1,baseline,1245.0,1250.0,1.0,0.9831836148734465,0.030575245684642847
2895,S17,1,baseline,1250.0,1255.0,0.9830031470306048,0.9872034941749352,0.023266374227390467
2896,S17,1,baseline,1255.0,1260.0,0.9836534153456007,0.997823224188005,0.003957774203627285
2897,S17,1,baseline,1260.0,1265.0,0.9854562528479409,0.9971921608375627,0.005105162113522626
2898,S17,1,baseline,1265.0,1270.0,0.9822310802112123,0.9901869197956499,0.017841964007909484
2899,S17,3,amusement,1745.0,1750.0,0.9820303738186726,0.9913580915021738,0.015712560905138458
2900,S17,3,amusement,1750.0,1755.0,0.9814935900742436,0.991529459686157,0.015400982388805617
2901,S17,3,amusement,1755.0,1760.0,0.9824491603590164,0.9948140334732174,0.00942903004869571
2902,S17,3,amusement,1760.0,1765.0,0.9824360520413047,0.9944332768944277,0.010121314737404146
2903,S17,3,amusement,1765.0,1770.0,1.0,0.9880230642635082,0.021776246793621615
2904,S17,3,amusement,1770.0,1775.0,1.0,0.993197640460495,0.012367926435463791
2905,S17,3,amusement,1775.0,1780.0,0.9813858329080112,0.997437831387127,0.0046584883870416415
2906,S17,3,amusement,1780.0,1785.0,0.9839089825495468,0.9826244012052943,0.03159199780855606
2907,S17,3,amusement,1785.0,1790.0,1.0,0.9731750863181003,0.048772570330726635
2908,S17,3,amusement,1790.0,1795.0,0.980822888267899,0.9716387103815378,0.05156598112447663
2909,S17,3,amusement,1795.0,1800.0,0.9853289888219072,0.9653139180584551,0.06306560353008171
2910,S17,3,amusement,1800.0,1805.0,1.0,0.9931291714506312,0.012492415544307288
2911,S17,3,amusement,1805.0,1810.0,0.9809966195647971,0.9839821105625755,0.02912343534077203
2912,S17,3,amusement,1810.0,1815.0,0.9873887715091867,0.9870698974167893,0.023509277424019464
2913,S17,3,amusement,1815.0,1820.0,0.9775517730612479,0.9863653625817832,0.02479024985130324
2914,S17,3,amusement,1820.0,1825.0,0.954818448029559,0.9818992453425279,0.03291046301358579
2915,S17,3,amusement,1825.0,1830.0,0.980492195436549,0.986798301395831,0.024003088371216223
2916,S17,3,amusement,1830.0,1835.0,0.9821923189947988,0.9891643010884796,0.019701270748218813
2917,S17,3,amusement,1835.0,1840.0,0.9865524273161012,0.9686225371130455,0.05704993252173574
2918,S17,3,amusement,1840.0,1845.0,0.9879978823573325,0.921183583722679,0.1433025750496747
2919,S17,3,amusement,1845.0,1850.0,0.980114099804121,0.9844500929540634,0.028272558265339556
2920,S17,3,amusement,1850.0,1855.0,0.9811987280988161,0.9843665910632851,0.02842437988493618
2921,S17,3,amusement,1855.0,1860.0,0.9812750636240347,0.9782622535509682,0.03952317536187601
2922,S17,3,amusement,1860.0,1865.0,0.9896594672586401,0.981444667218625,0.0337369686934091
2923,S17,3,amusement,1865.0,1870.0,0.9815532033417919,0.9863632248843066,0.024794136573988032
2924,S17,3,amusement,1870.0,1875.0,1.0,0.9769488359358818,0.04191120738930598
2925,S17,3,amusement,1875.0,1880.0,0.9825517054350302,0.9739156182807638,0.04742614858042956
2926,S17,3,amusement,1880.0,1885.0,0.9835726771648936,0.9893293310761848,0.01940121622511878
2927,S17,3,amusement,1885.0,1890.0,0.9824452335003462,0.9908678428391928,0.01660392211055848
2928,S17,3,amusement,1890.0,1895.0,0.9835937581689913,0.9927047126266222,0.013264158860687129
2929,S17,3,amusement,1895.0,1900.0,0.9864249917658421,0.9936089009776479,0.011620180040640435
2930,S17,3,amusement,1900.0,1905.0,0.9820605164368279,0.9940422378311538,0.010832294852447934
2931,S17,3,amusement,1905.0,1910.0,1.0,0.9834256029460162,0.030135267370879803
2932,S17,3,amusement,1910.0,1915.0,0.9885633623370462,0.9946209165475008,0.00978015173181673
2933,S17,3,amusement,1915.0,1920.0,0.9875564732991353,0.990580517768664,0.017126331329701837
2934,S17,3,amusement,1920.0,1925.0,0.9856737456592907,0.9829560390664063,0.03098901987926125
2935,S17,3,amusement,1925.0,1930.0,0.9940718498535352,0.9890082838814049,0.01998493839744563
2936,S17,3,amusement,1930.0,1935.0,0.9920332248238259,0.9954821406150218,0.008214289790869633
2937,S17,3,amusement,1935.0,1940.0,0.9806566403036645,0.9937234446342673,0.011411918846786702
2938,S17,3,amusement,1940.0,1945.0,0.9900327257048366,0.9851799018109282,0.026945633071039973
2939,S17,3,amusement,1945.0,1950.0,0.9826918732498133,0.9906914015434698,0.01692472446641856
2940,S17,3,amusement,1950.0,1955.0,0.9822786767300782,0.9899955451311062,0.018189917943443424
2941,S17,3,amusement,1955.0,1960.0,0.9827475541873947,0.9663960159000968,0.06109815290891481
2942,S17,3,amusement,1960.0,1965.0,0.9891078339466417,0.9906711760943763,0.016961498010225142
2943,S17,3,amusement,1965.0,1970.0,0.9831567209371814,0.9950067031205316,0.009078721599033633
2944,S17,3,amusement,1970.0,1975.0,0.988458310995419,0.9946879248723064,0.009658318413988306
2945,S17,3,amusement,1975.0,1980.0,0.9839184373541321,0.9957900837753033,0.007654393135812107
2946,S17,3,amusement,1980.0,1985.0,0.9894703970234935,0.9948706397535072,0.00932610953907807
2947,S17,3,amusement,1985.0,1990.0,0.9862570402329164,0.9937970270948737,0.011278132554775017
2948,S17,3,amusement,1990.0,1995.0,0.9814221875748377,0.9927213358604086,0.01323393479925732
2949,S17,3,amusement,1995.0,2000.0,0.9819800046978717,0.9862172130858851,0.02505961257111826
2950,S17,3,amusement,2000.0,2005.0,0.9876630654293267,0.9943081712143198,0.010348779610327562
2951,S17,3,amusement,2005.0,2010.0,0.9840044384573656,0.9625551908979837,0.06808147109457512
2952,S17,3,amusement,2010.0,2015.0,0.981667838912904,0.9924601412456335,0.013708834098848321
2953,S17,3,amusement,2015.0,2020.0,0.9816468959661251,0.9954308456872603,0.008307553295890694
2954,S17,3,amusement,2020.0,2025.0,0.9845293641482709,0.9920510827894784,0.014452576746402844
2955,S17,3,amusement,2025.0,2030.0,0.9833832942813598,0.9830313334397869,0.030852121018569524
2956,S17,3,amusement,2030.0,2035.0,0.9906570404576621,0.98743496370415,0.022845520537909073
2957,S17,3,amusement,2035.0,2040.0,0.9842514984700492,0.9787962375642318,0.038552295337760424
2958,S17,3,amusement,2040.0,2045.0,0.9812173071714027,0.9952072667519809,0.008714060450943847
2959,S17,3,amusement,2045.0,2050.0,0.9894115376833419,0.996326243210196,0.006679557799643837
2960,S17,3,amusement,2050.0,2055.0,0.9896906185234174,0.9932989622004695,0.012183705090055428
2961,S17,3,amusement,2055.0,2060.0,0.9840098334611304,0.9971075594764578,0.005258982770076617
2962,S17,3,amusement,2060.0,2065.0,1.0,0.9883849932843876,0.021118194028386397
2963,S17,3,amusement,2065.0,2070.0,0.9855370477209838,0.994122002469265,0.010687268237700293
2964,S17,3,amusement,2070.0,2075.0,0.9853765840310507,0.9939304511543978,0.011035543355640321
2965,S17,3,amusement,2075.0,2080.0,0.9831193055803673,0.996853328229252,0.005721221401360006
2966,S17,3,amusement,2080.0,2085.0,0.9853595976650359,0.9915987159332154,0.01527506193960873
2967,S17,3,amusement,2085.0,2090.0,0.9869352697051758,0.991416594871324,0.01560619114304738
2968,S17,3,amusement,2090.0,2095.0,0.9881193843465068,0.9956424603359075,0.007922799389259237
2969,S17,3,amusement,2095.0,2100.0,0.9871290706932878,0.9953254435241154,0.008499193592517433
2970,S17,3,amusement,2100.0,2105.0,0.985349769165985,0.9849497288660747,0.027364129334409532
2971,S17,3,amusement,2105.0,2110.0,0.9899207043166004,0.9654945253262661,0.06273722667951642
2972,S17,2,stress,3515.0,3520.0,0.9866807472946635,0.9679586716325559,0.058256960668080164
2973,S17,2,stress,3520.0,3525.0,0.9881527368497548,0.9106417018351645,0.16246963302697387
2974,S17,2,stress,3525.0,3530.0,0.995961502221647,0.9315766381674102,0.12440611242289068
2975,S17,2,stress,3530.0,3535.0,1.0,0.9516121134720343,0.08797797550539235
2976,S17,2,stress,3535.0,3540.0,1.0,0.9549126877896756,0.0819769312914989
2977,S17,2,stress,3540.0,3545.0,0.9834756823556287,0.8244382577548981,0.31920316771836726
2978,S17,2,stress,3545.0,3550.0,0.9900289078691578,0.9854576798016628,0.026440582178794955
2979,S17,2,stress,3550.0,3555.0,0.9862792162370669,0.9927391217918424,0.013201596742104778
2980,S17,2,stress,3555.0,3560.0,0.9900141993939205,0.9892353376411402,0.01957211337974526
2981,S17,2,stress,3560.0,3565.0,0.9904123722429645,0.9802186423651069,0.035966104790714874
2982,S17,2,stress,3565.0,3570.0,1.0,0.9785864999693359,0.03893363641938954
2983,S17,2,stress,3570.0,3575.0,1.0,0.9573403759477397,0.07756295282229168
2984,S17,2,stress,3575.0,3580.0,0.9938795991853596,0.9824743007049883,0.03186490780911237
2985,S17,2,stress,3580.0,3585.0,0.987069838305333,0.9721160385253886,0.05069811177202065
2986,S17,2,stress,3585.0,3590.0,0.9872874652171748,0.9851068730752248,0.02707841259050062
2987,S17,2,stress,3590.0,3595.0,0.9938767950625856,0.9907051510898017,0.01689972529126959
2988,S17,2,stress,3595.0,3600.0,0.9871908101411517,0.9837732317878976,0.029503214931095274
2989,S17,2,stress,3600.0,3605.0,0.9881653206589301,0.9802641899849545,0.03588329093644654
2990,S17,2,stress,3605.0,3610.0,0.9890964727980328,0.9849860773336729,0.02729804121150381
2991,S17,2,stress,3610.0,3615.0,1.0,0.9860127356793431,0.02543138967392189
2992,S17,2,stress,3615.0,3620.0,0.9832834669116256,0.9836221909241853,0.029777834683299472
2993,S17,2,stress,3620.0,3625.0,0.9918885958672148,0.9502897827992558,0.09038221309226219
2994,S17,2,stress,3625.0,3630.0,0.9861920317605055,0.9706542867142707,0.05335584233768959
2995,S17,2,stress,3630.0,3635.0,0.992882343640522,0.9720769494552486,0.05076918280863899
2996,S17,2,stress,3635.0,3640.0,1.0,0.9931886445261549,0.012384282679718488
2997,S17,2,stress,3640.0,3645.0,0.9983602984069629,0.9746290053506477,0.046129081180640595
2998,S17,2,stress,3645.0,3650.0,0.9969447063928983,0.9954091971625809,0.008346914249852762
2999,S17,2,stress,3650.0,3655.0,0.9858765027205992,0.9810050457267201,0.034536280496872726
3000,S17,2,stress,3655.0,3660.0,0.994151818136595,0.9924481632065558,0.013730612351716841
3001,S17,2,stress,3660.0,3665.0,0.9890322220421991,0.9825129854566244,0.03179457189704686
3002,S17,2,stress,3665.0,3670.0,0.9922237791631405,0.9828381508837816,0.0312033620294883
3003,S17,2,stress,3670.0,3675.0,0.9870711015383442,0.9862550635869738,0.02499079347822964
3004,S17,2,stress,3675.0,3680.0,0.990997918092644,0.9941058747330493,0.010716591394455664
3005,S17,2,stress,3680.0,3685.0,1.0,0.9977133390963306,0.004157565279399065
3006,S17,2,stress,3685.0,3690.0,0.9937628296835296,0.9981577666364922,0.0033495152063778002
3007,S17,2,stress,3690.0,3695.0,1.0,0.9781020330687111,0.03981448532961613
3008,S17,2,stress,3695.0,3700.0,0.9944699998616193,0.9793392424493303,0.037565013728490367
3009,S17,2,stress,3700.0,3705.0,0.9982021486035237,0.9820405818735984,0.03265348750254838
3010,S17,2,stress,3705.0,3710.0,0.9887390795291322,0.9501120977637503,0.0907052767931815
3011,S17,2,stress,3710.0,3715.0,0.994190327558049,0.9654546966735003,0.0628096424118176
3012,S17,2,stress,3715.0,3720.0,0.9873793517000669,0.9822351815145547,0.032299669973537184
3013,S17,2,stress,3720.0,3725.0,1.0,0.98874466460329,0.02046424617583647
3014,S17,2,stress,3725.0,3730.0,0.9882724840757375,0.9839272706437094,0.02922314428416472
3015,S17,2,stress,3730.0,3735.0,0.9904511702666945,0.9813243458203111,0.03395573487216152
3016,S17,2,stress,3735.0,3740.0,0.9886631733283137,0.9689695968041792,0.05641891490149261
3017,S17,2,stress,3740.0,3745.0,1.0,0.986144625022936,0.025191590867389344
3018,S17,2,stress,3745.0,3750.0,0.987945874218854,0.9967243203105269,0.005955781253587476
3019,S17,2,stress,3750.0,3755.0,0.9847001890645605,0.9469227951076561,0.09650400889517086
3020,S17,2,stress,3755.0,3760.0,0.9936411930105902,0.9880096291365434,0.02180067429719398
3021,S17,2,stress,3760.0,3765.0,0.9974186585679308,0.9897881868308864,0.018566933034751886
3022,S17,2,stress,3765.0,3770.0,0.9897225917214535,0.9896168611726022,0.018878434231632355
3023,S17,2,stress,3770.0,3775.0,0.9916125836077592,0.9914997300191837,0.015455036328757197
3024,S17,2,stress,3775.0,3780.0,0.9866253411301386,0.9895808382680031,0.01894393042181237
3025,S17,2,stress,3780.0,3785.0,0.9870784272411572,0.9953780339326939,0.008403574667829459
3026,S17,2,stress,3785.0,3790.0,1.0,0.9957180392945191,0.0077853831008744346
3027,S17,2,stress,3790.0,3795.0,0.9951818153649843,0.9951224170747559,0.008868332591352938
3028,S17,2,stress,3795.0,3800.0,1.0,0.9947186910779557,0.00960237985826249
3029,S17,2,stress,3800.0,3805.0,0.9923796395709306,0.9841394930935154,0.028837285284517348
3030,S17,2,stress,3805.0,3810.0,0.9959537028962422,0.9941436080509567,0.010647985361897134
3031,S17,2,stress,3810.0,3815.0,0.9905080651503072,0.9886425572922048,0.020649895832354784
3032,S17,2,stress,3815.0,3820.0,1.0,0.9840944192110221,0.028919237798141595
3033,S17,2,stress,3820.0,3825.0,1.0,0.965657324658161,0.062441227894252674
3034,S17,2,stress,3825.0,3830.0,1.0,0.986075018744285,0.025318147737663523
3035,S17,2,stress,3830.0,3835.0,1.0,0.9777277035803456,0.040495084399371835
3036,S17,2,stress,3835.0,3840.0,0.9849183409614615,0.990869680187713,0.01660058147688553
3037,S17,2,stress,3840.0,3845.0,0.9936838837781569,0.9690643295709738,0.056246673507320676
3038,S17,2,stress,3845.0,3850.0,1.0,0.9918019744590403,0.014905500983563394
3039,S17,2,stress,3850.0,3855.0,1.0,0.9959710347383419,0.007325391384832799
3040,S17,2,stress,3855.0,3860.0,0.9964860267537502,0.9934792245471462,0.011855955368825367
3041,S17,2,stress,3860.0,3865.0,1.0,0.9814435207603924,0.033739053162923055
3042,S17,2,stress,3865.0,3870.0,0.9875770145078447,0.9866386956517752,0.024293280633135995
3043,S17,2,stress,3870.0,3875.0,0.986509894271144,0.9883131401816936,0.021248836033284455
3044,S17,2,stress,3875.0,3880.0,0.988784232299384,0.9906910781216229,0.016925312506140284
3045,S17,2,stress,3880.0,3885.0,0.9867305577491949,0.9961572480979548,0.006986821640082414
3046,S17,2,stress,3885.0,3890.0,1.0,0.9765204633347706,0.04269006666405361
3047,S17,2,stress,3890.0,3895.0,0.9879372189367168,0.9984602054141698,0.002799626519691304
3048,S17,2,stress,3895.0,3900.0,0.9913062113856862,0.9897886492660191,0.01856609224360189
3049,S17,2,stress,3900.0,3905.0,0.9894899636700843,0.9922437591035751,0.014102256175317953
3050,S17,2,stress,3905.0,3910.0,0.9895264841205355,0.9931052493527148,0.012535910267791245
3051,S17,2,stress,3910.0,3915.0,0.9909952577738813,0.9860014245401572,0.025451955381532675
3052,S17,2,stress,3915.0,3920.0,1.0,0.9791852377014145,0.03784502236106449
3053,S17,2,stress,3920.0,3925.0,0.9996118823732152,0.9912534128924118,0.01590288565016054
3054,S17,2,stress,3925.0,3930.0,0.9937115743715226,0.9746902831221553,0.04601766705062663
3055,S17,2,stress,3930.0,3935.0,0.9898197743611048,0.9792462144712815,0.037734155506761215
3056,S17,2,stress,3935.0,3940.0,0.9861256256713593,0.9979002503252807,0.0038177266813078483
3057,S17,2,stress,3940.0,3945.0,0.9991990268825515,0.9956124870140701,0.007977296338054348
3058,S17,2,stress,3945.0,3950.0,0.9984110313014434,0.9904088875145194,0.017438386337237533
3059,S17,2,stress,3950.0,3955.0,0.990249203891186,0.9908004333786558,0.0167264847660807
3060,S17,2,stress,3955.0,3960.0,0.9922503960853372,0.9937631654074641,0.011339699259156193
3061,S17,2,stress,3960.0,3965.0,0.996175346265501,0.9325886863887933,0.12256602474764858
3062,S17,2,stress,3965.0,3970.0,0.9964102562663785,0.9751223715447741,0.04523205173677434
3063,S17,2,stress,3970.0,3975.0,0.9879717462669524,0.9628602491877167,0.06752681965869689
3064,S17,2,stress,3975.0,3980.0,0.9954333180087314,0.961960978182101,0.06916185785072558
3065,S17,2,stress,3980.0,3985.0,1.0,0.9654744078729263,0.06277380386740695
3066,S17,2,stress,3985.0,3990.0,0.9952168371842635,0.9931694633944887,0.012419157464566
3067,S17,2,stress,3990.0,3995.0,0.9881340064319243,0.9786954419465985,0.03873556009709361
3068,S17,2,stress,3995.0,4000.0,0.9929215046013958,0.9805845045616022,0.03530090079708698
3069,S17,2,stress,4000.0,4005.0,1.0,0.989031004408838,0.01994362834756752
3070,S17,2,stress,4005.0,4010.0,1.0,0.9921228863788176,0.014322024765786371
3071,S17,2,stress,4010.0,4015.0,0.992707931737369,0.9906336175098174,0.01702978634578682
3072,S17,2,stress,4015.0,4020.0,1.0,0.950156734577952,0.09062411894917825
3073,S17,2,stress,4020.0,4025.0,0.9927946087089917,0.9649688985018763,0.06369291181477071
3074,S17,2,stress,4025.0,4030.0,0.9897624276825956,0.9713806247918368,0.05203522765120577
3075,S17,2,stress,4030.0,4035.0,0.994223398131633,0.9788109926909538,0.03852546783462966
3076,S17,2,stress,4035.0,4040.0,0.9935910659778762,0.9856425418574573,0.02610446935007768
3077,S17,2,stress,4040.0,4045.0,0.9871827345871234,0.9632721489821578,0.06677791094153113
3078,S17,2,stress,4045.0,4050.0,1.0,0.9704976062148916,0.053640715972924566
3079,S17,2,stress,4050.0,4055.0,1.0,0.9757704782700658,0.04405367587260773
3080,S17,2,stress,4055.0,4060.0,0.99624715349068,0.9826297213904343,0.0315823247446651
3081,S17,2,stress,4060.0,4065.0,0.9910070712734629,0.9781078854103027,0.03980384470854077
3082,S17,2,stress,4065.0,4070.0,0.9898206630353467,0.9763795681043648,0.04294623981024592
3083,S17,2,stress,4070.0,4075.0,0.995780970260675,0.986594135353009,0.02437429935816564
3084,S17,2,stress,4075.0,4080.0,0.9923894081802197,0.9814566865053813,0.03371511544476145
3085,S17,2,stress,4080.0,4085.0,0.995591648946474,0.9859379008472855,0.025567453004935455
3086,S17,2,stress,4085.0,4090.0,0.9932640311070018,0.9841748935025605,0.028772920904435503
3087,S17,2,stress,4090.0,4095.0,0.9913004157652123,0.9861257142480837,0.025225974094393172
3088,S17,2,stress,4095.0,4100.0,1.0,0.9894118364716633,0.019251206415157873
3089,S17,2,stress,4100.0,4105.0,0.993267126535877,0.9714443918549656,0.05191928753642614
3090,S17,2,stress,4105.0,4110.0,0.9949550046697294,0.9701462553485245,0.05427953572995561
3091,S17,2,stress,4110.0,4115.0,0.9970103210957143,0.9545162141638761,0.08269779242931627
3092,S17,2,stress,4115.0,4120.0,1.0,0.9864423421786435,0.024650286947920905
3093,S17,2,stress,4120.0,4125.0,1.0,0.9854128278106344,0.026522131253392214
3094,S17,2,stress,4125.0,4130.0,0.9884511333731106,0.975072911087008,0.04532197984180382
3095,S17,2,stress,4130.0,4135.0,0.9897323467750827,0.9754770047473973,0.044587264095641434
3096,S17,2,stress,4135.0,4140.0,0.9980964746062885,0.9797645587581758,0.036791711348771364
3097,S17,2,stress,4140.0,4145.0,0.9909984751009938,0.9759269380734625,0.04376920350279557
3098,S17,2,stress,4145.0,4150.0,0.9941999998398731,0.9810655347976929,0.03442630036783139
3099,S17,2,stress,4150.0,4155.0,0.9958092574816653,0.9834936757224397,0.03001149868647318
3100,S17,2,stress,4155.0,4160.0,0.9926409983638804,0.9707878588623555,0.05311298388662643
3101,S17,2,stress,4160.0,4165.0,0.99189360524521,0.9838723684688073,0.029322966420350267
3102,S17,2,stress,4165.0,4170.0,0.9879028860091588,0.9960857181914993,0.007116876015456095
3103,S17,2,stress,4170.0,4175.0,0.9954367990870023,0.9527178522938402,0.085967541283927
3104,S17,2,stress,4175.0,4180.0,0.9986752711903369,0.9760418995390334,0.04356018265630277
3105,S17,2,stress,4180.0,4185.0,1.0,0.9904234544557344,0.01741190098957367
3106,S17,2,stress,4185.0,4190.0,0.984027687099623,0.9830596098128372,0.030800709431204908
3107,S17,2,stress,4190.0,4195.0,0.9941413253203725,0.9650673604468403,0.06351389009665415
3108,S17,2,stress,4195.0,4200.0,0.990192807843412,0.9925358763065979,0.013571133988004032
3109,S17,2,stress,4200.0,4205.0,0.9933186766039532,0.9794733155578679,0.03732124444024038
3110,S17,2,stress,4205.0,4210.0,1.0,0.9625706585162368,0.06805334815229702
3111,S17,2,stress,4210.0,4215.0,1.0,0.9949151882109302,0.009245112343763236
3112,S17,2,stress,4215.0,4220.0,1.0,0.9873292532544438,0.023037721355556814
3113,S17,2,stress,4220.0,4225.0,1.0,0.9885886068019405,0.020747987632835613
3114,S17,2,stress,4225.0,4230.0,0.9930084328224194,0.9831331301538255,0.03066703608395361
3115,S17,2,stress,4230.0,4235.0,0.9969813294504373,0.9909834190123816,0.01639378361385185
3116,S2,1,baseline,310.0,315.0,1.0,0.9788604320872483,0.03843557802318517
3117,S2,1,baseline,315.0,320.0,1.0,0.9918373870862083,0.01484111438871229
3118,S2,1,baseline,320.0,325.0,0.9717856150821333,0.9528966205433334,0.0856425081030302
3119,S2,1,baseline,325.0,330.0,1.0,0.9909484297768372,0.01645740040575046
3120,S2,1,baseline,330.0,335.0,0.974975040781856,0.9725526397486761,0.049904291366043504
3121,S2,1,baseline,335.0,340.0,0.9737510981002745,0.9784540724759401,0.03917441368010913
3122,S2,1,baseline,340.0,345.0,0.9493982297161311,0.9936902302662098,0.011472308606891218
3123,S2,1,baseline,345.0,350.0,1.0,0.9873241525161398,0.023046995425200487
3124,S2,1,baseline,350.0,355.0,1.0,0.9849837049965664,0.02730235455169755
3125,S2,1,baseline,355.0,360.0,1.0,0.9891548300875934,0.019718490749830123
3126,S2,1,baseline,360.0,365.0,1.0,0.9527195701312858,0.0859644179431169
3127,S2,1,baseline,365.0,370.0,0.9741932809645284,0.9930394115970078,0.012655615278167736
3128,S2,1,baseline,370.0,375.0,0.98830381779745,0.9873137370670986,0.02306593260527523
3129,S2,1,baseline,375.0,380.0,1.0,0.9933013678784479,0.012179331130094858
3130,S2,1,baseline,380.0,385.0,0.9818111807411312,0.9867339643247528,0.02412006486408594
3131,S2,1,baseline,385.0,390.0,0.9967101366125216,0.9707289294501293,0.05322012827249216
3132,S2,1,baseline,390.0,395.0,1.0,0.9949759835634415,0.009134575339197206
3133,S2,1,baseline,395.0,400.0,1.0,0.9908774719183766,0.016586414693860754
3134,S2,1,baseline,400.0,405.0,0.9916621347050588,0.9845599952353092,0.028072735935801427
3135,S2,1,baseline,405.0,410.0,0.9853059776874153,0.9954079178605497,0.008349240253545914
3136,S2,1,baseline,410.0,415.0,0.998226553793443,0.9870555112363872,0.02353543411565989
3137,S2,1,baseline,415.0,420.0,0.9982489251320397,0.9931271768250045,0.01249604213635558
3138,S2,1,baseline,420.0,425.0,1.0,0.9780094650923616,0.039982790741160894
3139,S2,1,baseline,425.0,430.0,1.0,0.9920240124308022,0.014501795580359843
3140,S2,1,baseline,430.0,435.0,0.9976462778493748,0.9929675745105211,0.012786228162689095
3141,S2,1,baseline,435.0,440.0,0.9902794452841159,0.9901067652064339,0.017987699624665836
3142,S2,1,baseline,440.0,445.0,0.9895960637676406,0.994092805105687,0.01074035435329659
3143,S2,1,baseline,445.0,450.0,0.8752873101959757,0.9973493373689044,0.004819386601992134
3144,S2,1,baseline,450.0,455.0,0.9856803454087528,0.9950496788449426,0.009000583918286507
3145,S2,1,baseline,455.0,460.0,0.9864698036676257,0.9975744684455876,0.0044100573716590145
3146,S2,1,baseline,460.0,465.0,0.9892063078644376,0.9754994416922649,0.04454646965042766
3147,S2,1,baseline,465.0,470.0,0.9928759231951076,0.9973476001189552,0.0048225452382634525
3148,S2,1,baseline,470.0,475.0,0.9845308320094842,0.9533008060952399,0.08490762528138207
3149,S2,1,baseline,475.0,480.0,1.0,0.9786015111480071,0.03890634336725981
3150,S2,1,baseline,480.0,485.0,0.9767562178199676,0.9825840989820864,0.03166527457802485
3151,S2,1,baseline,485.0,490.0,1.0,0.9907958563938912,0.016734806556561323
3152,S2,1,baseline,490.0,495.0,0.9903498880221092,0.991574751377357,0.015318633859351132
3153,S2,1,baseline,495.0,500.0,0.9815597319742578,0.9959256979755204,0.007407821862690248
3154,S2,1,baseline,500.0,505.0,0.9802225049168354,0.9904703841303557,0.017326574308444233
3155,S2,1,baseline,505.0,510.0,0.9838192985601896,0.9813896861924305,0.03383693419558115
3156,S2,1,baseline,510.0,515.0,0.9863520939222091,0.9968391963887444,0.005746915656828587
3157,S2,1,baseline,515.0,520.0,0.9897020780819695,0.9952812588245603,0.008579529409890424
3158,S2,1,baseline,520.0,525.0,0.9856129682247857,0.99185032114286,0.01481759792207291
3159,S2,1,baseline,525.0,530.0,0.9871553255038332,0.9950476729182534,0.009004231057721301
3160,S2,1,baseline,530.0,535.0,0.9955997089614528,0.974926397089837,0.04558836892756908
3161,S2,1,baseline,535.0,540.0,1.0,0.9716488577824356,0.051547531304662816
3162,S2,1,baseline,540.0,545.0,1.0,0.9944796188142553,0.010037056701354203
3163,S2,1,baseline,545.0,550.0,1.0,0.9930844145744193,0.012573791682874012
3164,S2,1,baseline,550.0,555.0,1.0,0.9951233130360642,0.008866703570792422
3165,S2,1,baseline,555.0,560.0,1.0,0.9949233673440818,0.009230241192578682
3166,S2,1,baseline,560.0,565.0,1.0,0.9933451164931655,0.012099788194244837
3167,S2,1,baseline,565.0,570.0,0.9696753090995647,0.9858779350185931,0.02567648178437632
3168,S2,1,baseline,570.0,575.0,0.9820011877949278,0.995897645939881,0.007458825563852978
3169,S2,1,baseline,575.0,580.0,1.0,0.9959038448084805,0.007447554893672031
3170,S2,1,baseline,580.0,585.0,1.0,0.9745388454367896,0.04629300829674615
3171,S2,1,baseline,585.0,590.0,1.0,0.9967662163792523,0.005879606583177805
3172,S2,1,baseline,590.0,595.0,0.98499324656097,0.9769223566969634,0.04195935146006659
3173,S2,1,baseline,595.0,600.0,0.9980690950735964,0.9901031266131501,0.017994315248817984
3174,S2,1,baseline,600.0,605.0,1.0,0.9949559494281668,0.009171001039696933
3175,S2,1,baseline,605.0,610.0,1.0,0.9940556544970764,0.010807900914406492
3176,S2,1,baseline,610.0,615.0,0.9840171231964258,0.9956544794679172,0.00790094642196906
3177,S2,1,baseline,615.0,620.0,0.9859619127807089,0.991266387869665,0.01587929478242745
3178,S2,1,baseline,620.0,625.0,1.0,0.9827134817089411,0.031430033256470806
3179,S2,1,baseline,625.0,630.0,1.0,0.985662618207017,0.02606796689633307
3180,S2,1,baseline,630.0,635.0,0.9754606202141773,0.996791796829053,0.005833096674449069
3181,S2,1,baseline,635.0,640.0,1.0,0.976877767525979,0.04204042268003813
3182,S2,1,baseline,640.0,645.0,1.0,0.9958711962228448,0.007506915958464041
3183,S2,1,baseline,645.0,650.0,0.9875643123584202,0.9842004537184885,0.028726447784566286
3184,S2,1,baseline,650.0,655.0,0.9858253401548199,0.9901492752602372,0.017910408617750565
3185,S2,1,baseline,655.0,660.0,0.9817969833854087,0.9934856424280705,0.011844286494417586
3186,S2,1,baseline,660.0,665.0,0.9859975421928522,0.9808963347876718,0.0347339367496876
3187,S2,1,baseline,665.0,670.0,0.9797370181612268,0.9826991154249622,0.03145615377279606
3188,S2,1,baseline,670.0,675.0,0.9873578331071652,0.9875894362451232,0.02256466137250345
3189,S2,1,baseline,675.0,680.0,1.0,0.9874193072401889,0.02287398683602033
3190,S2,1,baseline,680.0,685.0,0.9810441926668109,0.9763615255842995,0.04297904439218281
3191,S2,1,baseline,685.0,690.0,0.9782958306593329,0.9967440764704785,0.005919860962766373
3192,S2,1,baseline,690.0,695.0,0.9826360139217896,0.9972654639837024,0.0049718836659955025
3193,S2,1,baseline,695.0,700.0,0.9820820639725668,0.9948639481289903,0.00933827612910868
3194,S2,1,baseline,700.0,705.0,0.9834002180428993,0.9938320671038827,0.01121442344748628
3195,S2,1,baseline,705.0,710.0,0.9884498188211212,0.9910558998883356,0.016262000203026036
3196,S2,1,baseline,710.0,715.0,0.9843436073944403,0.9883278086052008,0.021222166172362528
3197,S2,1,baseline,715.0,720.0,1.0,0.953273685669616,0.08495693514615295
3198,S2,1,baseline,720.0,725.0,0.9966682199416244,0.9846347874784616,0.02793675003916071
3199,S2,1,baseline,725.0,730.0,0.9872363861098827,0.9906245320406182,0.017046305380694175
3200,S2,1,baseline,730.0,735.0,0.9683548159657961,0.9905591719385467,0.017165141929915036
3201,S2,1,baseline,735.0,740.0,1.0,0.9926978218543612,0.013276687537525247
3202,S2,1,baseline,740.0,745.0,0.962532046264884,0.9941398921758651,0.010654741498427121
3203,S2,1,baseline,745.0,750.0,0.9926806086681248,0.9858928720693447,0.02564932351028231
3204,S2,1,baseline,750.0,755.0,0.9959773032381602,0.9858441881251618,0.02573783977243298
3205,S2,1,baseline,755.0,760.0,1.0,0.9939957247997602,0.010916864000436326
3206,S2,1,baseline,760.0,765.0,0.9757025100418868,0.9940571771808464,0.010805132398461408
3207,S2,1,baseline,765.0,770.0,0.971855047144419,0.99253289018622,0.013576563297781768
3208,S2,1,baseline,770.0,775.0,1.0,0.993956510626546,0.0109881624971893
3209,S2,1,baseline,775.0,780.0,1.0,0.9957002225282043,0.007817777221446876
3210,S2,1,baseline,780.0,785.0,1.0,0.985761797095202,0.025887641645087292
3211,S2,1,baseline,785.0,790.0,0.9961581499808212,0.9911985280292923,0.01600267631037767
3212,S2,1,baseline,790.0,795.0,0.9830530695116468,0.9948706872301221,0.009326023217960118
3213,S2,1,baseline,795.0,800.0,0.9866494328582422,0.9765007653243913,0.042725881228379524
3214,S2,1,baseline,800.0,805.0,0.9804843120080536,0.9863862896084226,0.024752200711959257
3215,S2,1,baseline,805.0,810.0,0.9730982890602966,0.9926941834256555,0.013283302862444618
3216,S2,1,baseline,810.0,815.0,0.9960715704426387,0.978248424459681,0.03954831916421648
3217,S2,1,baseline,815.0,820.0,0.9816437563547719,0.9945029943630486,0.009994555703548165
3218,S2,1,baseline,820.0,825.0,0.9816849984568413,0.9975745366853594,0.004409933299346367
3219,S2,1,baseline,825.0,830.0,0.9866441720683083,0.996731363133619,0.005942976120692866
3220,S2,1,baseline,830.0,835.0,0.9824855586783067,0.9882520608060161,0.02135988944360703
3221,S2,1,baseline,835.0,840.0,0.9866304962790874,0.9946165272188288,0.009788132329402233
3222,S2,1,baseline,840.0,845.0,0.9907537716371482,0.9937232818860009,0.011412214752725651
3223,S2,1,baseline,845.0,850.0,0.9907876023684054,0.9947656622640106,0.009516977701798806
3224,S2,1,baseline,850.0,855.0,1.0,0.9916841099913278,0.015119800015767529
3225,S2,1,baseline,855.0,860.0,0.9928656870224006,0.9724849848991262,0.05002730018340719
3226,S2,1,baseline,860.0,865.0,0.9780283504773307,0.9962733958075332,0.00677564398630356
3227,S2,1,baseline,865.0,870.0,1.0,0.9927429963431795,0.013194552103310192
3228,S2,1,baseline,870.0,875.0,0.9918182988674604,0.9953696627856006,0.008418794935271685
3229,S2,1,baseline,875.0,880.0,0.9823284678164594,0.9974722090801018,0.004595983490724031
3230,S2,1,baseline,880.0,885.0,0.9893656349317591,0.995908394894091,0.007439282010743816
3231,S2,1,baseline,885.0,890.0,0.9796382094131226,0.9946438182441328,0.009738512283394968
3232,S2,1,baseline,890.0,895.0,0.9867200001034455,0.9967103833506537,0.0059811211806297965
3233,S2,1,baseline,895.0,900.0,1.0,0.9837185201049654,0.029602690718244687
3234,S2,1,baseline,900.0,905.0,0.9665673399623675,0.9865286916201672,0.024493287963332253
3235,S2,1,baseline,905.0,910.0,1.0,0.9870109103318463,0.023616526669370662
3236,S2,1,baseline,910.0,915.0,0.9643151708525125,0.992081928568507,0.014396493511805762
3237,S2,1,baseline,915.0,920.0,1.0,0.996430408641521,0.006490166106325612
3238,S2,1,baseline,920.0,925.0,0.9876664381507659,0.969385549847753,0.05566263664044914
3239,S2,1,baseline,925.0,930.0,0.9801802972134006,0.99150640023445,0.015442908664636462
3240,S2,1,baseline,930.0,935.0,1.0,0.9931394511657439,0.012473725153192878
3241,S2,1,baseline,935.0,940.0,0.9711465585288537,0.9906906703730354,0.016926053867208725
3242,S2,1,baseline,940.0,945.0,1.0,0.9931129655288689,0.012521880856602375
3243,S2,1,baseline,945.0,950.0,1.0,0.9942346028674345,0.010482540241028458
3244,S2,1,baseline,950.0,955.0,0.9799240180594007,0.9889761826276837,0.020043304313302555
3245,S2,1,baseline,955.0,960.0,0.98073256282426,0.992610394717161,0.013435645968798347
3246,S2,1,baseline,960.0,965.0,0.97905874528481,0.9788939459032513,0.03837464381227037
3247,S2,1,baseline,965.0,970.0,0.9695384068615547,0.994330541985532,0.010308105480851178
3248,S2,1,baseline,970.0,975.0,0.972364709008749,0.9899211936908554,0.018325102380262824
3249,S2,1,baseline,975.0,980.0,0.9841807116490948,0.9954393771141286,0.008292041610675545
3250,S2,1,baseline,980.0,985.0,0.9798466150497188,0.9947157968893459,0.009607642019371214
3251,S2,1,baseline,985.0,990.0,1.0,0.9960769891307422,0.007132747035014161
3252,S2,1,baseline,990.0,995.0,0.969549987496122,0.990094115501565,0.018010699088063804
3253,S2,1,baseline,995.0,1000.0,1.0,0.9889780106364512,0.02003998066099799
3254,S2,1,baseline,1000.0,1005.0,0.9860948378523003,0.9812516047807847,0.03408799130766449
3255,S2,1,baseline,1005.0,1010.0,0.9915421321430404,0.99502016898334,0.009054238212109407
3256,S2,1,baseline,1010.0,1015.0,1.0,0.9905989777203825,0.017092767781122828
3257,S2,1,baseline,1015.0,1020.0,0.9766341714160747,0.9947202441757399,0.009599556044109291
3258,S2,1,baseline,1020.0,1025.0,0.9763376400198354,0.98650043564115,0.0245446624706364
3259,S2,1,baseline,1025.0,1030.0,0.972857022891432,0.989263299918707,0.01952127287507822
3260,S2,1,baseline,1030.0,1035.0,0.9767618259357507,0.9944548614992645,0.010082070001337384
3261,S2,1,baseline,1035.0,1040.0,1.0,0.9891864491803066,0.019661001490351545
3262,S2,1,baseline,1040.0,1045.0,0.9862817837963259,0.9904014690722849,0.017451874414027773
3263,S2,1,baseline,1045.0,1050.0,0.9706701475032596,0.9791024841660536,0.037995483334448014
3264,S2,1,baseline,1050.0,1055.0,0.9645725220504178,0.9724708892941651,0.05005292855606338
3265,S2,1,baseline,1055.0,1060.0,1.0,0.988644916533217,0.02064560630324186
3266,S2,1,baseline,1060.0,1065.0,0.9749340071341593,0.9835958403540122,0.029825744810887095
3267,S2,1,baseline,1065.0,1070.0,1.0,0.9933712504760337,0.012052271861757212
3268,S2,1,baseline,1070.0,1075.0,0.9524200754243503,0.9945906544041088,0.009835173810711436
3269,S2,1,baseline,1075.0,1080.0,1.0,0.9948878280207261,0.009294858144134551
3270,S2,1,baseline,1080.0,1085.0,0.9822660989103089,0.9950083610127334,0.009075707249575678
3271,S2,1,baseline,1085.0,1090.0,0.9807345017541429,0.9952867614014667,0.008569524724606392
3272,S2,1,baseline,1090.0,1095.0,0.9881514577056303,0.9933399923761879,0.01210910477056768
3273,S2,1,baseline,1095.0,1100.0,1.0,0.9959853452406546,0.007299372289719107
3274,S2,1,baseline,1100.0,1105.0,0.9497796072702585,0.9938755509174213,0.011135361968324988
3275,S2,1,baseline,1105.0,1110.0,1.0,0.9930936057417572,0.012557080469532578
3276,S2,1,baseline,1110.0,1115.0,0.9802133832378579,0.9955693354369035,0.008055753751084771
3277,S2,1,baseline,1115.0,1120.0,0.9780519890853847,0.995901681973518,0.007451487320876394
3278,S2,1,baseline,1120.0,1125.0,1.0,0.9957787006248782,0.007675089772948721
3279,S2,1,baseline,1125.0,1130.0,0.9871542494785247,0.9983370030953784,0.003023630735675749
3280,S2,1,baseline,1130.0,1135.0,0.9651279576295537,0.9980456454516915,0.0035533719060154515
3281,S2,1,baseline,1135.0,1140.0,1.0,0.9973361266963732,0.004843406006594131
3282,S2,1,baseline,1140.0,1145.0,0.9937714551058109,0.9955462701202475,0.00809769069045933
3283,S2,1,baseline,1145.0,1150.0,1.0,0.9907821848431049,0.016759663921627706
3284,S2,1,baseline,1150.0,1155.0,0.9816894491291522,0.9888702455801941,0.02023591712692001
3285,S2,1,baseline,1155.0,1160.0,0.9740722933355072,0.9868624428270865,0.023886467587115517
3286,S2,1,baseline,1160.0,1165.0,0.9904632513982303,0.9877595947215747,0.02225528232440986
3287,S2,1,baseline,1165.0,1170.0,1.0,0.9937330609483612,0.011394434639343153
3288,S2,1,baseline,1170.0,1175.0,0.9747484503053297,0.9897177319429484,0.01869503283100287
3289,S2,1,baseline,1175.0,1180.0,0.9814963222234994,0.9858095830921858,0.025800758014207854
3290,S2,1,baseline,1180.0,1185.0,0.9875421541836076,0.990090980293769,0.018016399465874612
3291,S2,1,baseline,1185.0,1190.0,0.9833635889270543,0.9909792398711039,0.0164013820525386
3292,S2,1,baseline,1190.0,1195.0,1.0,0.992069542991459,0.014419012742801936
3293,S2,1,baseline,1195.0,1200.0,0.9705735265674227,0.9866615694431855,0.02425169192148113
3294,S2,1,baseline,1200.0,1205.0,0.9943668816339143,0.9725807824216892,0.049853122869656236
3295,S2,1,baseline,1205.0,1210.0,0.9734763055740384,0.980835342373747,0.03484483204773292
3296,S2,1,baseline,1210.0,1215.0,1.0,0.9864984204822778,0.024548326395858747
3297,S2,1,baseline,1215.0,1220.0,0.9859174671787022,0.9924343936942404,0.013755647828654042
3298,S2,1,baseline,1220.0,1225.0,0.9850598040286266,0.9875825763218387,0.022577133960293372
3299,S2,1,baseline,1225.0,1230.0,0.9870025330912675,0.9940085539422119,0.010893538286887385
3300,S2,1,baseline,1230.0,1235.0,0.9905385843099067,0.9748338152795941,0.04575669949164703
3301,S2,1,baseline,1235.0,1240.0,0.9745378448362577,0.9863634356245152,0.02479375340997232
3302,S2,1,baseline,1240.0,1245.0,1.0,0.9947822941228113,0.009486737958525159
3303,S2,1,baseline,1245.0,1250.0,1.0,0.9886555164976025,0.02062633364072278
3304,S2,1,baseline,1250.0,1255.0,0.9881529630414344,0.9931969786971893,0.012369129641474096
3305,S2,1,baseline,1255.0,1260.0,1.0,0.9942187238090894,0.010511411256201197
3306,S2,1,baseline,1260.0,1265.0,1.0,0.9905136201843661,0.01724796330115291
3307,S2,1,baseline,1265.0,1270.0,0.9864348227624194,0.9956084151869584,0.007984699660075789
3308,S2,1,baseline,1270.0,1275.0,0.9798199782197,0.9963185564723822,0.00669353368657802
3309,S2,1,baseline,1275.0,1280.0,0.9785873340228161,0.9953012565229455,0.00854316995828104
3310,S2,1,baseline,1280.0,1285.0,0.9790101885516718,0.9944401471711324,0.010108823325214079
3311,S2,1,baseline,1285.0,1290.0,0.980178748781571,0.9894500509155129,0.019181725608158673
3312,S2,1,baseline,1290.0,1295.0,0.9773150100876893,0.9923493581100198,0.013910257981782262
3313,S2,1,baseline,1295.0,1300.0,0.9792402333511865,0.9919580851088039,0.014621663438538322
3314,S2,1,baseline,1300.0,1305.0,0.9785620856933758,0.9871474104439135,0.02336834464743004
3315,S2,1,baseline,1305.0,1310.0,0.9788762136293655,0.9873200545701306,0.023054446236126423
3316,S2,1,baseline,1310.0,1315.0,0.9875647836163559,0.9729223121952206,0.04923215964505334
3317,S2,1,baseline,1315.0,1320.0,0.9949638509227994,0.9921713827322645,0.014233849577700861
3318,S2,1,baseline,1320.0,1325.0,0.9736126177337077,0.994701490959365,0.009633652801154838
3319,S2,1,baseline,1325.0,1330.0,0.9858463282963489,0.9813727190387835,0.033867783565848374
3320,S2,1,baseline,1330.0,1335.0,0.9825317551294004,0.9882341582844825,0.02139243948275934
3321,S2,1,baseline,1335.0,1340.0,0.9760400352688047,0.9957069509944034,0.0078055436465395145
3322,S2,1,baseline,1340.0,1345.0,0.9836719547059296,0.9961598529506557,0.0069820855442623755
3323,S2,1,baseline,1345.0,1350.0,1.0,0.9815122157270453,0.03361415322355432
3324,S2,1,baseline,1350.0,1355.0,0.9637212463459155,0.9974202217278443,0.00469050594937418
3325,S2,1,baseline,1355.0,1360.0,0.9784030624423274,0.9944920273934206,0.01001449564832632
3326,S2,1,baseline,1360.0,1365.0,0.9812094702138564,0.9940965931674421,0.010733466968287258
3327,S2,1,baseline,1365.0,1370.0,0.9769529147968573,0.9953340389078598,0.008483565622073072
3328,S2,1,baseline,1370.0,1375.0,0.9821082500623898,0.9971795739297871,0.005128047400387179
3329,S2,1,baseline,1375.0,1380.0,0.9860048049799351,0.9954319306101977,0.008305580708731613
3330,S2,1,baseline,1380.0,1385.0,0.97426042086162,0.9966624722748072,0.00606823222762333
3331,S2,1,baseline,1385.0,1390.0,0.9832394394892943,0.9956750473107032,0.007863550344176113
3332,S2,1,baseline,1390.0,1395.0,0.996296356910775,0.9951693467187661,0.008783005965879834
3333,S2,1,baseline,1395.0,1400.0,0.9955995671320952,0.9807528974854363,0.03499473184466158
3334,S2,1,baseline,1400.0,1405.0,1.0,0.992593376036341,0.013466589024834568
3335,S2,1,baseline,1405.0,1410.0,0.9695130328324663,0.9303785757846847,0.1265844076642096
3336,S2,1,baseline,1410.0,1415.0,0.9805561872823357,0.9891919498784785,0.019651000220948477
3337,S2,1,baseline,1415.0,1420.0,0.9641831502317028,0.9895585143158563,0.01898451942571588
3338,S2,1,baseline,1420.0,1425.0,0.9691781120842634,0.9694572322405131,0.05553230501724912
3339,S2,1,baseline,1425.0,1430.0,1.0,0.9928390357494143,0.013019935001064797
3340,S2,1,baseline,1430.0,1435.0,0.9762024650030164,0.992672581144139,0.01332257973792901
3341,S2,1,baseline,1435.0,1440.0,0.9845096796409998,0.97646428003735,0.042792218113909104
3342,S2,1,baseline,1440.0,1445.0,0.9900778775248859,0.9859115669373466,0.025615332841187975
3343,S2,1,baseline,1445.0,1450.0,0.9700580463172782,0.9788041213564767,0.038537961170042434
3344,S2,2,stress,2275.0,2280.0,0.9724408887744651,0.9894293005591568,0.019219453528805906
3345,S2,2,stress,2280.0,2285.0,0.9784440931986673,0.9953954475604792,0.008371913526401624
3346,S2,2,stress,2285.0,2290.0,1.0,0.985069344176484,0.02714664695184736
3347,S2,2,stress,2290.0,2295.0,0.9798947168600954,0.9775515319169841,0.04081539651457458
3348,S2,2,stress,2295.0,2300.0,1.0,0.9942170628508573,0.010514431180259659
3349,S2,2,stress,2300.0,2305.0,0.9414755537588637,0.9964124606472162,0.006522798823243278
3350,S2,2,stress,2305.0,2310.0,1.0,0.992558805546208,0.013529444461439968
3351,S2,2,stress,2310.0,2315.0,0.9722219851473515,0.9854930558294333,0.026376262128303088
3352,S2,2,stress,2315.0,2320.0,1.0,0.9948571462994011,0.009350643091997863
3353,S2,2,stress,2320.0,2325.0,0.9665755648861377,0.9853874965580398,0.026568188076291403
3354,S2,2,stress,2325.0,2330.0,0.9818485260573835,0.9961841378985985,0.006937931093457346
3355,S2,2,stress,2330.0,2335.0,1.0,0.981631718193402,0.033396876011996486
3356,S2,2,stress,2335.0,2340.0,0.9460747312152332,0.9754224203601976,0.04468650843600458
3357,S2,2,stress,2340.0,2345.0,0.9746830124748823,0.9869897216064125,0.023655051624704642
3358,S2,2,stress,2345.0,2350.0,0.9841227221398454,0.9771839091862569,0.041483801479533115
3359,S2,2,stress,2350.0,2355.0,0.9717217335395074,0.9661308901498138,0.061580199727611466
3360,S2,2,stress,2355.0,2360.0,0.9832978231059234,0.994081136404809,0.01076157017307462
3361,S2,2,stress,2360.0,2365.0,1.0,0.9962885032927238,0.006748175831411518
3362,S2,2,stress,2365.0,2370.0,1.0,0.9880667676005395,0.021696786180837403
3363,S2,2,stress,2370.0,2375.0,1.0,0.9865113829046741,0.024524758355138194
3364,S2,2,stress,2375.0,2380.0,0.9784314481151589,0.9619738929279833,0.06913837649457591
3365,S2,2,stress,2380.0,2385.0,0.9883922746977305,0.9943644797048443,0.010246400536646782
3366,S2,2,stress,2385.0,2390.0,0.975827493078465,0.9638227004068243,0.06577690835122876
3367,S2,2,stress,2390.0,2395.0,0.9902276897277535,0.984750702404154,0.027725995628811125
3368,S2,2,stress,2395.0,2400.0,0.9811490953680232,0.9551940960531384,0.0814652799033849
3369,S2,2,stress,2400.0,2405.0,0.9906353082690738,0.9925231142017321,0.013594337815032454
3370,S2,2,stress,2405.0,2410.0,0.9720234279386106,0.9952504295310178,0.008635582670876678
3371,S2,2,stress,2410.0,2415.0,0.9782721992597099,0.9903237587939231,0.01759316582923084
3372,S2,2,stress,2415.0,2420.0,0.9788791855726051,0.989984632642362,0.018209758832069226
3373,S2,2,stress,2420.0,2425.0,0.9820356396841927,0.9807457783529274,0.0350076757219504
3374,S2,2,stress,2425.0,2430.0,0.9888492580280238,0.9887463586216785,0.020461166142402953
3375,S2,2,stress,2430.0,2435.0,0.9781670312415113,0.9898238419401011,0.018502105563452793
3376,S2,2,stress,2435.0,2440.0,1.0,0.9796165188534582,0.037060874811894386
3377,S2,2,stress,2440.0,2445.0,0.9894903106412449,0.9772894455776395,0.04129191713156482
3378,S2,2,stress,2445.0,2450.0,0.9721199438857091,0.9755480273295876,0.04445813212802273
3379,S2,2,stress,2450.0,2455.0,0.9802900360811051,0.9414208832182489,0.1065074850577295
3380,S2,2,stress,2455.0,2460.0,1.0,0.9373779130803954,0.11385833985382669
3381,S2,2,stress,2460.0,2465.0,1.0,0.9958439258160243,0.007556498516319448
3382,S2,2,stress,2465.0,2470.0,0.9500603757411069,0.9968830468052226,0.0056671876268681335
3383,S2,2,stress,2470.0,2475.0,0.9731966140857197,0.9856324768604858,0.026122769344571403
3384,S2,2,stress,2475.0,2480.0,0.9631745630234527,0.978009117904789,0.039983421991293046
3385,S2,2,stress,2480.0,2485.0,0.959855033439575,0.9938501361985979,0.011181570548003877
3386,S2,2,stress,2485.0,2490.0,0.9908513638948031,0.9456376630523733,0.09884061263204863
3387,S2,2,stress,2490.0,2495.0,0.9657200681264951,0.9287236255064759,0.12959340817004394
3388,S2,2,stress,2495.0,2500.0,0.9801286549494015,0.9959210028399175,0.007416358472877613
3389,S2,2,stress,2500.0,2505.0,0.9543500894938969,0.994660649302098,0.009707910359821917
3390,S2,2,stress,2505.0,2510.0,1.0,0.9791633515124556,0.037884815431898984
3391,S2,2,stress,2510.0,2515.0,0.9633332193936691,0.9700451549266775,0.05446335467876809
3392,S2,2,stress,2515.0,2520.0,0.9659834530407547,0.9423110646029667,0.10488897344915168
3393,S2,2,stress,2520.0,2525.0,0.9307751483236346,0.9806710382771857,0.035143566768753264
3394,S2,2,stress,2525.0,2530.0,0.9872474871557847,0.9910432314428006,0.016285033740362866
3395,S2,2,stress,2530.0,2535.0,0.9778680646437128,0.9800142834746215,0.03633766640977915
3396,S2,2,stress,2535.0,2540.0,0.979498901909657,0.992637024677963,0.013387227858249284
3397,S2,2,stress,2540.0,2545.0,1.0,0.9790445561467058,0.03810080700598958
3398,S2,2,stress,2545.0,2550.0,0.9332749887001391,0.9926501024350918,0.013363450118014963
3399,S2,2,stress,2550.0,2555.0,1.0,0.9973092551431992,0.004892263376001473
3400,S2,2,stress,2555.0,2560.0,0.9570550588767169,0.9939940956980589,0.010919826003529448
3401,S2,2,stress,2560.0,2565.0,1.0,0.9946699531559213,0.009690994261961256
3402,S2,2,stress,2565.0,2570.0,0.9617432747071705,0.992102397512759,0.014359277249529328
3403,S2,2,stress,2570.0,2575.0,0.9667700838222637,0.9870553875440111,0.02353565901088898
3404,S2,2,stress,2575.0,2580.0,0.975211640026164,0.9971184231357619,0.005239230662250974
3405,S2,2,stress,2580.0,2585.0,0.9840974668628023,0.9900920472678594,0.018014459512983017
3406,S2,2,stress,2585.0,2590.0,0.980224304619707,0.9866538221148864,0.02426577797293391
3407,S2,2,stress,2590.0,2595.0,0.9560949714667751,0.9908980834584014,0.016548939166543222
3408,S2,2,stress,2595.0,2600.0,0.9806039315314905,0.9887718325625128,0.020414849886340347
3409,S2,2,stress,2600.0,2605.0,0.9646400533248378,0.9758717828345242,0.043869485755410456
3410,S2,2,stress,2605.0,2610.0,1.0,0.9953244395201037,0.008501019054356846
3411,S2,2,stress,2610.0,2615.0,0.9669880664007796,0.9854169544571691,0.026514628259692547
3412,S2,2,stress,2615.0,2620.0,0.9628263946026976,0.9899129721110715,0.01834005070714274
3413,S2,2,stress,2620.0,2625.0,0.9968197619052104,0.992783382445747,0.01312112282591438
3414,S2,2,stress,2625.0,2630.0,0.9396213280931134,0.9798997625563606,0.03654588626116256
3415,S2,2,stress,2630.0,2635.0,0.9847063115139361,0.9972725756775853,0.004958953313481448
3416,S2,2,stress,2635.0,2640.0,0.970573388481566,0.9883370593824101,0.02120534657743635
3417,S2,2,stress,2640.0,2645.0,0.9712073660557091,0.9262895817699306,0.13401894223649
3418,S2,2,stress,2645.0,2650.0,0.9743710358619034,0.9978476287819464,0.003913402214642857
3419,S2,2,stress,2650.0,2655.0,0.9793843348316319,0.995968704742678,0.007329627740585424
3420,S2,2,stress,2655.0,2660.0,0.9773393874602756,0.9971915862912615,0.0051062067431609445
3421,S2,2,stress,2660.0,2665.0,0.968929489701416,0.9972512800005455,0.004997672726281032
3422,S2,2,stress,2665.0,2670.0,0.9747851303591174,0.9928742775724206,0.012955858959235214
3423,S2,2,stress,2670.0,2675.0,0.9751863281544909,0.9936374046902043,0.011568355108719352
3424,S2,2,stress,2675.0,2680.0,0.9728620889411788,0.9869591896675409,0.023710564240834953
3425,S2,2,stress,2680.0,2685.0,1.0,0.9921348946989141,0.014300191456519843
3426,S2,2,stress,2685.0,2690.0,0.9566997228377415,0.9903736373807326,0.017502477489577152
3427,S2,2,stress,2690.0,2695.0,0.9467454321246315,0.9915055478157753,0.015444458516772211
3428,S2,2,stress,2695.0,2700.0,0.9768093043818956,0.9933755227539023,0.01204450408381403
3429,S2,2,stress,2700.0,2705.0,1.0,0.9696412937447267,0.05519764773686045
3430,S2,2,stress,2705.0,2710.0,0.9731876993767504,0.9799513109459668,0.036452161916423954
3431,S2,2,stress,2710.0,2715.0,0.9821824473670593,0.9873251998528669,0.02304509117660577
3432,S2,2,stress,2715.0,2720.0,0.9982432430149336,0.9640534719189755,0.06535732378368092
3433,S2,2,stress,2720.0,2725.0,0.9986634717686169,0.9926490251314324,0.013365408851941228
3434,S2,2,stress,2725.0,2730.0,0.9811344201549557,0.9903238048944492,0.01759308201009265
3435,S2,2,stress,2730.0,2735.0,1.0,0.9766392494572811,0.04247409189585264
3436,S2,2,stress,2735.0,2740.0,0.9407367717530423,0.9806268766817463,0.03522386057864298
3437,S2,2,stress,2740.0,2745.0,0.9733799252231037,0.998573623802917,0.0025934112674235446
3438,S2,2,stress,2745.0,2750.0,0.9830617772298762,0.993263240326608,0.012248653951622092
3439,S2,2,stress,2750.0,2755.0,0.9765992859906878,0.9918745855460473,0.014773480825368663
3440,S2,2,stress,2755.0,2760.0,0.9421460848582139,0.9841903551497833,0.028744808818576086
3441,S2,2,stress,2760.0,2765.0,0.9515482192186707,0.9851661331232631,0.026970667048612833
3442,S2,2,stress,2765.0,2770.0,1.0,0.9742423332356522,0.04683212138972341
3443,S2,2,stress,2770.0,2775.0,0.9740264009539592,0.9896370039653373,0.01884181097211402
3444,S2,2,stress,2775.0,2780.0,1.0,0.9920310613074068,0.014488979441078798
3445,S2,2,stress,2780.0,2785.0,0.9494289615753669,0.9951001630828431,0.008908794394830818
3446,S2,2,stress,2785.0,2790.0,0.9688923313146339,0.9929335101712873,0.012848163324932452
3447,S2,2,stress,2790.0,2795.0,1.0,0.9903961241763781,0.017461592406585135
3448,S2,2,stress,2795.0,2800.0,0.975054915899561,0.991367182343202,0.01569603210326909
3449,S2,2,stress,2800.0,2805.0,0.9897923415459626,0.9956006008048781,0.007998907627494474
3450,S2,2,stress,2805.0,2810.0,1.0,0.9941473773009455,0.010641132180099083
3451,S2,2,stress,2810.0,2815.0,1.0,0.9964566383870219,0.006442475659960314
3452,S2,2,stress,2815.0,2820.0,0.9788867782262719,0.9972194679300923,0.005055512854377715
3453,S2,2,stress,2820.0,2825.0,0.9227446461479305,0.9950232714435436,0.00904859737537541
3454,S2,2,stress,2825.0,2830.0,0.9547724444585772,0.9755009153107455,0.04454379034409926
3455,S2,2,stress,2830.0,2835.0,0.9805421290613408,0.9930442830017387,0.01264675817865674
3456,S2,2,stress,2835.0,2840.0,0.9689188512364272,0.996316121977376,0.006697960041134816
3457,S2,2,stress,2840.0,2845.0,0.9836366871987006,0.998605773315365,0.0025349576084273116
3458,S2,2,stress,2845.0,2850.0,0.9800425640738978,0.9965757127912112,0.006225976743252648
3459,S2,2,stress,2850.0,2855.0,0.9683082725136953,0.971614922282817,0.0516092322130602
3460,S2,2,stress,2855.0,2860.0,0.9666446250129924,0.9902380048626427,0.017749082067922327
3461,S2,2,stress,2860.0,2865.0,0.9798477222718235,0.9988310963796239,0.0021252793097750336
3462,S2,2,stress,2865.0,2870.0,0.9743523140614292,0.9912401471818488,0.015927005123911236
3463,S2,2,stress,2870.0,2875.0,1.0,0.9957261965023552,0.007770551813899827
3464,S2,2,stress,2875.0,2880.0,1.0,0.9973557655587089,0.004807698984165999
3465,S2,2,stress,2880.0,2885.0,0.9707492852249547,0.9985394792077076,0.0026554923496224275
3466,S2,3,amusement,4765.0,4770.0,1.0,0.9968273916541026,0.005768378810722828
3467,S2,3,amusement,4770.0,4775.0,1.0,0.9774894683958519,0.04092823928026914
3468,S2,3,amusement,4775.0,4780.0,1.0,0.9647536524216245,0.06408426832431931
3469,S2,3,amusement,4780.0,4785.0,1.0,0.9914035172122566,0.015629968704987892
3470,S2,3,amusement,4785.0,4790.0,0.9693673337007509,0.9952862683077459,0.008570421258643662
3471,S2,3,amusement,4790.0,4795.0,0.9754201179837616,0.9973393782837365,0.004837494029570171
3472,S2,3,amusement,4795.0,4800.0,0.9748733619136455,0.9971362803883783,0.005206762930221536
3473,S2,3,amusement,4800.0,4805.0,0.98285797333418,0.9841040913237193,0.02890165213869219
3474,S2,3,amusement,4805.0,4810.0,0.9801169454414682,0.9969126638883825,0.005613338384759121
3475,S2,3,amusement,4810.0,4815.0,1.0,0.9953154811678337,0.008517306967574865
3476,S2,3,amusement,4815.0,4820.0,0.9678762706253269,0.9944711749044697,0.010052409264600595
3477,S2,3,amusement,4820.0,4825.0,0.9774483894802982,0.9898477634243075,0.018458611955804567
3478,S2,3,amusement,4825.0,4830.0,0.9813271434252755,0.9919947935649955,0.014554920790917204
3479,S2,3,amusement,4830.0,4835.0,1.0,0.9968693494424359,0.005692091922844104
3480,S2,3,amusement,4835.0,4840.0,0.9824978474509204,0.9872972849381547,0.023095845566991458
3481,S2,3,amusement,4840.0,4845.0,0.9677256289482168,0.9971573898614223,0.005168382070141309
3482,S2,3,amusement,4845.0,4850.0,0.9779091977439265,0.9930234312819113,0.012684670396525207
3483,S2,3,amusement,4850.0,4855.0,1.0,0.9959411742815933,0.007379683124375954
3484,S2,3,amusement,4855.0,4860.0,1.0,0.9895815596407604,0.018942618834981273
3485,S2,3,amusement,4860.0,4865.0,0.96875213923722,0.9928330176031717,0.013030877085142436
3486,S2,3,amusement,4865.0,4870.0,1.0,0.9896221328262278,0.018868849406858797
3487,S2,3,amusement,4870.0,4875.0,1.0,0.9534831694744306,0.08457605550103549
3488,S2,3,amusement,4875.0,4880.0,1.0,0.9697723400483986,0.05495938173018432
3489,S2,3,amusement,4880.0,4885.0,0.9674671889239536,0.989777170403658,0.018586962902440222
3490,S2,3,amusement,4885.0,4890.0,0.9863684347548003,0.9930791328005677,0.012583394908058949
3491,S2,3,amusement,4890.0,4895.0,0.9708001861999725,0.9911749193303061,0.01604560121762518
3492,S2,3,amusement,4895.0,4900.0,1.0,0.9920723127322186,0.014413976850511817
3493,S2,3,amusement,4900.0,4905.0,0.9707867855383766,0.9946648335686878,0.009700302602385944
3494,S2,3,amusement,4905.0,4910.0,0.9766659488272607,0.9723762233263356,0.050225048497571846
3495,S2,3,amusement,4910.0,4915.0,1.0,0.9911363329552048,0.016115758263264238
3496,S2,3,amusement,4915.0,4920.0,0.9842452221544813,0.9935711382950232,0.01168883946359443
3497,S2,3,amusement,4920.0,4925.0,0.9778650210214376,0.9857441188943357,0.02591978382848074
3498,S2,3,amusement,4925.0,4930.0,0.9819307758868612,0.9833339657456153,0.03030188046251773
3499,S2,3,amusement,4930.0,4935.0,0.9766461997861489,0.9891525529149647,0.019722631063700778
3500,S2,3,amusement,4935.0,4940.0,0.9729872715541642,0.9973247403975496,0.0048641083680918094
3501,S2,3,amusement,4940.0,4945.0,1.0,0.9831789688874641,0.030583692931883292
3502,S2,3,amusement,4945.0,4950.0,0.9731535141587239,0.9717757263331923,0.051316861212377926
3503,S2,3,amusement,4950.0,4955.0,1.0,0.9736273371865185,0.04795029602451174
3504,S2,3,amusement,4955.0,4960.0,0.9685410914698056,0.9953955351676134,0.008371754240703072
3505,S2,3,amusement,4960.0,4965.0,1.0,0.9776892650098348,0.04056497270939156
3506,S2,3,amusement,4965.0,4970.0,1.0,0.9949598346550963,0.009163936990733909
3507,S2,3,amusement,4970.0,4975.0,0.9760002011359127,0.9928454460333151,0.013008279939427268
3508,S2,3,amusement,4975.0,4980.0,0.9726711818575534,0.9913230380782576,0.015776294403168113
3509,S2,3,amusement,4980.0,4985.0,0.9803598228263551,0.9955245087477576,0.008137256822259197
3510,S2,3,amusement,4985.0,4990.0,0.9826927993981582,0.9952192757160714,0.008692225970779479
3511,S2,3,amusement,4990.0,4995.0,0.983182421780267,0.9916675569402928,0.015149896472194946
3512,S2,3,amusement,4995.0,5000.0,1.0,0.988433607063635,0.021029805338845537
3513,S2,3,amusement,5000.0,5005.0,0.9740147429374316,0.9969321177833526,0.0055779676666319646
3514,S2,3,amusement,5005.0,5010.0,0.9911913379029005,0.9950242996276186,0.009046727949784599
3515,S2,3,amusement,5010.0,5015.0,0.9721901572057535,0.9965580201046982,0.006258145264185198
3516,S2,3,amusement,5015.0,5020.0,0.9838447765433425,0.9805070571957699,0.03544171418950943
3517,S2,3,amusement,5020.0,5025.0,0.9548263502429457,0.9821853390331066,0.032390292667079316
3518,S2,3,amusement,5025.0,5030.0,0.9669685430858782,0.9901556469732464,0.017898823685006605
3519,S2,3,amusement,5030.0,5035.0,1.0,0.9960371922098599,0.0072051050729822425
3520,S2,3,amusement,5035.0,5040.0,0.9591170407418148,0.9973467434766978,0.004824102769640554
3521,S2,3,amusement,5040.0,5045.0,0.9782540515426444,0.9873880523098981,0.02293081398200354
3522,S2,3,amusement,5045.0,5050.0,0.9813709487270948,0.9973462333261116,0.004825030316161047
3523,S2,3,amusement,5050.0,5055.0,0.9769336501008394,0.997090560510258,0.005289889981349255
3524,S2,3,amusement,5055.0,5060.0,0.9673276290599235,0.9909473252349874,0.016459408663659456
3525,S2,3,amusement,5060.0,5065.0,0.9801996256837593,0.9855881428615303,0.026203376615399364
3526,S2,3,amusement,5065.0,5070.0,0.9738358801750246,0.9743502923957699,0.046635832007691315
3527,S2,3,amusement,5070.0,5075.0,0.9734985201206385,0.9839414524487669,0.02919735918406028
3528,S2,3,amusement,5075.0,5080.0,0.9704263677806623,0.9977580915347897,0.004076197209473599
3529,S2,3,amusement,5080.0,5085.0,0.9747557224468898,0.9602111809051506,0.07234330744518071
3530,S2,3,amusement,5085.0,5090.0,0.9802457589351351,0.9952018815837005,0.008723851665999293
3531,S2,3,amusement,5090.0,5095.0,0.9738575950931508,0.9626437483045658,0.06792045762806244
3532,S2,3,amusement,5095.0,5100.0,0.9688926531607803,0.9634125183555744,0.06652269389895575
3533,S2,3,amusement,5100.0,5105.0,0.9773470026621737,0.9833027665999041,0.030358606181992612
3534,S2,3,amusement,5105.0,5110.0,0.9734896316500342,0.9935445751953231,0.011737136008503528
3535,S2,3,amusement,5110.0,5115.0,0.9834258589804682,0.996695076160476,0.0060089524354981945
3536,S2,3,amusement,5115.0,5120.0,0.9767958766154085,0.9950080148837248,0.009076336575045826
3537,S2,3,amusement,5120.0,5125.0,0.9938469047363232,0.9891874396781251,0.019659200585227323
3538,S3,1,baseline,355.0,360.0,1.0,0.9644056770968432,0.06471695073301255
3539,S3,1,baseline,360.0,365.0,0.9814655622082846,0.9855633809260056,0.026248398316353446
3540,S3,1,baseline,365.0,370.0,1.0,0.9814616684550233,0.033706057354503334
3541,S3,1,baseline,370.0,375.0,0.9438991370272763,0.9796954482913087,0.03691736674307504
3542,S3,1,baseline,375.0,380.0,0.9852706475646642,0.9334739779703396,0.1209564036902916
3543,S3,1,baseline,380.0,385.0,0.9924625399882017,0.9806458698157736,0.03518932760768461
3544,S3,1,baseline,385.0,390.0,0.9790819907425264,0.9760674905988751,0.043513653456590994
3545,S3,1,baseline,390.0,395.0,0.9829167347173056,0.9878780124646203,0.022039977337054005
3546,S3,1,baseline,395.0,400.0,1.0,0.9817568760220081,0.03316931632362161
3547,S3,1,baseline,400.0,405.0,1.0,0.9778111427730731,0.04034337677623074
3548,S3,1,baseline,405.0,410.0,0.9785995614189857,0.9917454977225599,0.015008185958982154
3549,S3,1,baseline,410.0,415.0,1.0,0.9903724761273673,0.01750458885933208
3550,S3,1,baseline,415.0,420.0,0.9794458268659885,0.9873301754728863,0.023036044594752284
3551,S3,1,baseline,420.0,425.0,1.0,0.9576556865112118,0.07698966088870574
3552,S3,1,baseline,425.0,430.0,0.9877535080798905,0.9876894508196128,0.022382816691613138
3553,S3,1,baseline,430.0,435.0,0.9818902593126032,0.9476923545002969,0.09510480999946022
3554,S3,1,baseline,435.0,440.0,0.9969418096368831,0.992067683820786,0.014422393053116475
3555,S3,1,baseline,440.0,445.0,0.989798299693161,0.9825432295189016,0.03173958269290649
3556,S3,1,baseline,445.0,450.0,1.0,0.9883758138986181,0.021134883820694655
3557,S3,1,baseline,450.0,455.0,0.9795829717070481,0.9935400768209119,0.011745314871069383
3558,S3,1,baseline,455.0,460.0,0.9884318839079064,0.990513186885847,0.017248751116641953
3559,S3,1,baseline,460.0,465.0,1.0,0.9936561648047055,0.0115342458096266
3560,S3,1,baseline,465.0,470.0,0.9956423590788475,0.990916766123972,0.016514970683687423
3561,S3,1,baseline,470.0,475.0,0.9903388529227413,0.9815701135040036,0.03350888453817524
3562,S3,1,baseline,475.0,480.0,0.98210673979026,0.9935366403523465,0.011751562995733874
3563,S3,1,baseline,480.0,485.0,1.0,0.9741324801673603,0.04703185424116305
3564,S3,1,baseline,485.0,490.0,0.9701247903025518,0.9866007812473436,0.024362215913920578
3565,S3,1,baseline,490.0,495.0,0.9775146961173461,0.9914059025760602,0.015625631679890496
3566,S3,1,baseline,495.0,500.0,0.9768536272979577,0.9938772312968014,0.011132306733088291
3567,S3,1,baseline,500.0,505.0,0.978651770094349,0.99219015179927,0.014199724001327565
3568,S3,1,baseline,505.0,510.0,0.9805602092779483,0.986495529487879,0.02455358274931124
3569,S3,1,baseline,510.0,515.0,0.9855635489897253,0.9917192307595042,0.015055944073628681
3570,S3,1,baseline,515.0,520.0,0.9846485296747469,0.9895868129397996,0.018933067382182832
3571,S3,1,baseline,520.0,525.0,0.9823865669894978,0.9948528764432829,0.009358406466758543
3572,S3,1,baseline,525.0,530.0,0.9891136080375798,0.992624448389356,0.01341009383753459
3573,S3,1,baseline,530.0,535.0,0.9825580970687765,0.9918576059398894,0.014804352836564767
3574,S3,1,baseline,535.0,540.0,0.9815223153196633,0.9951252077928803,0.008863258558399537
3575,S3,1,baseline,540.0,545.0,0.978690195376594,0.994425565946242,0.010135334643196627
3576,S3,1,baseline,545.0,550.0,1.0,0.995681143771934,0.00785246586921123
3577,S3,1,baseline,550.0,555.0,1.0,0.984532096254702,0.028123461355087573
3578,S3,1,baseline,555.0,560.0,0.9669342511600008,0.9947185149202769,0.009602700144951274
3579,S3,1,baseline,560.0,565.0,1.0,0.983746485019237,0.029551845419569272
3580,S3,1,baseline,565.0,570.0,1.0,0.9847380217025661,0.027749051449879877
3581,S3,1,baseline,570.0,575.0,1.0,0.9876254429437825,0.02249919464766811
3582,S3,1,baseline,575.0,580.0,0.9793478903445231,0.9755993830630774,0.044364758067132186
3583,S3,1,baseline,580.0,585.0,0.992761290764046,0.9903654158020547,0.01751742581444615
3584,S3,1,baseline,585.0,590.0,0.9645319537238524,0.986314472860337,0.024882776617569095
3585,S3,1,baseline,590.0,595.0,0.9774035299257641,0.98798108259885,0.021852577093000158
3586,S3,1,baseline,595.0,600.0,0.9818214597105851,0.9794845720763321,0.03730077804303245
3587,S3,1,baseline,600.0,605.0,0.9945458347243238,0.9849085980779204,0.0274389125855992
3588,S3,1,baseline,605.0,610.0,0.9741476004338764,0.9895935781086143,0.018920767075246654
3589,S3,1,baseline,610.0,615.0,1.0,0.9887281475148759,0.020494277245680374
3590,S3,1,baseline,615.0,620.0,0.9989270575801001,0.9923761579867019,0.013861530933269486
3591,S3,1,baseline,620.0,625.0,0.9826650735858873,0.9780877159753816,0.03984051640839735
3592,S3,1,baseline,625.0,630.0,0.9843747105124672,0.993148982290279,0.012456395835856197
3593,S3,1,baseline,630.0,635.0,1.0,0.9892359753616473,0.019570953887914164
3594,S3,1,baseline,635.0,640.0,1.0,0.9889710277565429,0.0200526768062859
3595,S3,1,baseline,640.0,645.0,0.9874586763764638,0.9878519016975378,0.022087451459022366
3596,S3,1,baseline,645.0,650.0,1.0,0.9841808533256715,0.028762084862415747
3597,S3,1,baseline,650.0,655.0,1.0,0.9919412519210995,0.014652269234364636
3598,S3,1,baseline,655.0,660.0,1.0,0.9970865256439563,0.005297226101897771
3599,S3,1,baseline,660.0,665.0,1.0,0.9891494595200834,0.019728255418030454
3600,S3,1,baseline,665.0,670.0,0.9837724649922126,0.9892640447443093,0.019519918646710602
3601,S3,1,baseline,670.0,675.0,1.0,0.9914983922590674,0.015457468619877455
3602,S3,1,baseline,675.0,680.0,0.9857889721840473,0.9899950517237277,0.018190815047767744
3603,S3,1,baseline,680.0,685.0,0.9825863628189004,0.9902349001209194,0.017754727052873686
3604,S3,1,baseline,685.0,690.0,1.0,0.9949367061787262,0.009205988765952303
3605,S3,1,baseline,690.0,695.0,0.9930354131047798,0.992751869069264,0.013178419874065542
3606,S3,1,baseline,695.0,700.0,0.9682413133781054,0.9674471364876422,0.05918702456792349
3607,S3,1,baseline,700.0,705.0,0.9809657878512879,0.9856503746471887,0.026090227914202575
3608,S3,1,baseline,705.0,710.0,0.9792144933427012,0.9932573848682491,0.012259300239547232
3609,S3,1,baseline,710.0,715.0,0.9774481438908836,0.9798957195911315,0.0365532371070336
3610,S3,1,baseline,715.0,720.0,1.0,0.983252677283426,0.03044967766649843
3611,S3,1,baseline,720.0,725.0,1.0,0.9719983878343326,0.050912022119395474
3612,S3,1,baseline,725.0,730.0,0.9786142068108328,0.9908904862998187,0.01656275218214812
3613,S3,1,baseline,730.0,735.0,0.9810405265555141,0.9928333423614475,0.013030286615550064
3614,S3,1,baseline,735.0,740.0,0.9840261641051623,0.9903087824808092,0.01762039548943779
3615,S3,1,baseline,740.0,745.0,0.9787206430853643,0.9928101966482661,0.01307236973042521
3616,S3,1,baseline,745.0,750.0,0.9798942568810386,0.9931667355038769,0.012424117265678622
3617,S3,1,baseline,750.0,755.0,1.0,0.9899503617984631,0.018272069457340064
3618,S3,1,baseline,755.0,760.0,1.0,0.9944835028852812,0.010029994754034212
3619,S3,1,baseline,760.0,765.0,0.9789096672358828,0.9877873180418886,0.022204876287475375
3620,S3,1,baseline,765.0,770.0,1.0,0.9884522244524747,0.020995955540955236
3621,S3,1,baseline,770.0,775.0,0.9841622903002374,0.9856919096749097,0.026014709681982384
3622,S3,1,baseline,775.0,780.0,0.980168872727789,0.9864489382125889,0.02463829415892943
3623,S3,1,baseline,780.0,785.0,0.998276294940867,0.9936710943322875,0.011507101214022604
3624,S3,1,baseline,785.0,790.0,1.0,0.9915430890952335,0.015376201645030218
3625,S3,1,baseline,790.0,795.0,0.9895544379234854,0.9834591613616375,0.030074252069750097
3626,S3,1,baseline,795.0,800.0,1.0,0.9913892294650599,0.01565594642716406
3627,S3,1,baseline,800.0,805.0,0.9580219068799891,0.9766843148104871,0.04239215489002342
3628,S3,1,baseline,805.0,810.0,0.9797865553263039,0.9115486624889602,0.16082061365643618
3629,S3,1,baseline,810.0,815.0,0.9943531602675416,0.9902664711894644,0.017697325110064884
3630,S3,1,baseline,815.0,820.0,1.0,0.9824925942646792,0.03183164679149239
3631,S3,1,baseline,820.0,825.0,0.9842757416604913,0.9905041006533877,0.017265271539295336
3632,S3,1,baseline,825.0,830.0,1.0,0.9969091607306384,0.00561970776247553
3633,S3,1,baseline,830.0,835.0,1.0,0.9644983483565341,0.0645484575335743
3634,S3,1,baseline,835.0,840.0,0.9638248311263347,0.9757392499700197,0.04411045459996415
3635,S3,1,baseline,840.0,845.0,0.9965106090421854,0.9831384026476147,0.030657449731609672
3636,S3,1,baseline,845.0,850.0,1.0,0.9933991263491997,0.012001588456000576
3637,S3,1,baseline,850.0,855.0,0.9945553675790503,0.9605692319588679,0.07169230552933133
3638,S3,1,baseline,855.0,860.0,1.0,0.9892780773703822,0.019494404781123388
3639,S3,1,baseline,860.0,865.0,1.0,0.9891108416063379,0.019798469806658486
3640,S3,1,baseline,865.0,870.0,0.9875362884066968,0.9802744217923289,0.035864687650311144
3641,S3,1,baseline,870.0,875.0,0.9804632999594237,0.9755467427512681,0.04446046772496731
3642,S3,1,baseline,875.0,880.0,0.9825326126896397,0.9879744834777158,0.02186457549506237
3643,S3,1,baseline,880.0,885.0,1.0,0.9817743645459931,0.033137519007285274
3644,S3,1,baseline,885.0,890.0,1.0,0.9821018704806714,0.03254205367150663
3645,S3,1,baseline,890.0,895.0,0.9852971506975082,0.9940148398267743,0.010882109405864966
3646,S3,1,baseline,895.0,900.0,0.992837981627247,0.993190391279309,0.012381106764892813
3647,S3,1,baseline,900.0,905.0,0.9824137590414839,0.9940920841645733,0.010741665155321257
3648,S3,1,baseline,905.0,910.0,0.9834378259363534,0.9894974711763784,0.019095506952039265
3649,S3,1,baseline,910.0,915.0,1.0,0.9942175082353775,0.010513621390223006
3650,S3,1,baseline,915.0,920.0,1.0,0.8949483302482414,0.1910030359122885
3651,S3,1,baseline,920.0,925.0,1.0,0.9836493978131333,0.029728367612484943
3652,S3,1,baseline,925.0,930.0,0.9849969322637387,0.9830064206795577,0.03089741694625886
3653,S3,1,baseline,930.0,935.0,1.0,0.9793844066975408,0.03748289691356233
3654,S3,1,baseline,935.0,940.0,1.0,0.9946685739681083,0.009693501876166861
3655,S3,1,baseline,940.0,945.0,1.0,0.9828272020906383,0.031223268926112012
3656,S3,1,baseline,945.0,950.0,0.982025358324959,0.9924936222474607,0.013647959550071606
3657,S3,1,baseline,950.0,955.0,0.9858170560364681,0.9803041512275696,0.03581063413169155
3658,S3,1,baseline,955.0,960.0,0.9829652098301517,0.9926247742480268,0.013409501367224304
3659,S3,1,baseline,960.0,965.0,0.9850131486731971,0.9858961047446475,0.025643445918822626
3660,S3,1,baseline,965.0,970.0,0.9848510680906508,0.985283357324664,0.026757532136974595
3661,S3,1,baseline,970.0,975.0,0.9917769939375861,0.9637478350742696,0.06591302713769152
3662,S3,1,baseline,975.0,980.0,1.0,0.9894627269650125,0.019158678245432055
3663,S3,1,baseline,980.0,985.0,0.9677042551804025,0.9958012700432097,0.007634054466891562
3664,S3,1,baseline,985.0,990.0,1.0,0.9964934828215515,0.006375485778997228
3665,S3,1,baseline,990.0,995.0,1.0,0.9928946116588682,0.012918887892967044
3666,S3,1,baseline,995.0,1000.0,0.9753840991537954,0.991499841089704,0.015454834382356447
3667,S3,1,baseline,1000.0,1005.0,0.9906717788750208,0.9925177284676683,0.0136041300587851
3668,S3,1,baseline,1005.0,1010.0,0.982787742063628,0.993453624220838,0.01190250141665813
3669,S3,1,baseline,1010.0,1015.0,0.9813524759812653,0.9962973825607804,0.006732031707672023
3670,S3,1,baseline,1015.0,1020.0,1.0,0.9936743581332286,0.011501167030493718
3671,S3,1,baseline,1020.0,1025.0,0.9741334684536854,0.9922202298056242,0.014145036717046944
3672,S3,1,baseline,1025.0,1030.0,0.9770208748786713,0.9932721771929596,0.01223240510371017
3673,S3,1,baseline,1030.0,1035.0,1.0,0.9971362538375734,0.005206811204412119
3674,S3,1,baseline,1035.0,1040.0,1.0,0.9942894875333474,0.010382749939368384
3675,S3,1,baseline,1040.0,1045.0,0.9853252105326354,0.9937090268646773,0.011438132973314008
3676,S3,1,baseline,1045.0,1050.0,0.9931681671088358,0.9925800344705973,0.013490846417095716
3677,S3,1,baseline,1050.0,1055.0,0.9830311529140164,0.9936553075687593,0.01153580442043783
3678,S3,1,baseline,1055.0,1060.0,1.0,0.9955489531171804,0.008092812514217677
3679,S3,1,baseline,1060.0,1065.0,1.0,0.993248634565778,0.01227520988040367
3680,S3,1,baseline,1065.0,1070.0,0.9763389711480501,0.9921777155986982,0.014222335275094217
3681,S3,1,baseline,1070.0,1075.0,1.0,0.997771437880058,0.004051931127167355
3682,S3,1,baseline,1075.0,1080.0,0.9840685404531894,0.984887126468232,0.02747795187594213
3683,S3,1,baseline,1080.0,1085.0,0.9864878022743864,0.9880300489345895,0.02176354739165575
3684,S3,1,baseline,1085.0,1090.0,0.9773269743610468,0.9908073969489442,0.016713823729192542
3685,S3,1,baseline,1090.0,1095.0,0.9746137779505015,0.9878356795689163,0.02211694623833428
3686,S3,1,baseline,1095.0,1100.0,0.9788169091258074,0.9737456085037455,0.04773525726591746
3687,S3,1,baseline,1100.0,1105.0,0.9821405452415103,0.9899067175685823,0.018351422602577615
3688,S3,1,baseline,1105.0,1110.0,0.9825389019930859,0.9912115144347378,0.01597906466411316
3689,S3,1,baseline,1110.0,1115.0,0.9770484794179314,0.9896147143531018,0.018882337539814987
3690,S3,1,baseline,1115.0,1120.0,0.9818103176970068,0.985435421823682,0.0264810512296691
3691,S3,1,baseline,1120.0,1125.0,1.0,0.994798543197235,0.00945719418684546
3692,S3,1,baseline,1125.0,1130.0,0.9728474508326836,0.9935031828220118,0.011812394869069565
3693,S3,1,baseline,1130.0,1135.0,0.9806081155994195,0.9928112416730126,0.013070469685431565
3694,S3,1,baseline,1135.0,1140.0,1.0,0.9932088670212926,0.012347514506740662
3695,S3,1,baseline,1140.0,1145.0,0.9745728179771836,0.9888165600096217,0.020333527255233345
3696,S3,1,baseline,1145.0,1150.0,0.9793934840356494,0.9911419795996335,0.016105491637030067
3697,S3,1,baseline,1150.0,1155.0,0.9826365060342539,0.9909022365290396,0.016541388129018834
3698,S3,1,baseline,1155.0,1160.0,0.9857821846228279,0.9899731395793185,0.018230655310330145
3699,S3,1,baseline,1160.0,1165.0,0.9694079032529369,0.99026084792215,0.017707549232454604
3700,S3,1,baseline,1165.0,1170.0,0.9802753200279729,0.9756536792051174,0.04426603780887754
3701,S3,1,baseline,1170.0,1175.0,0.9821062553479737,0.990956422086914,0.016442868932883516
3702,S3,1,baseline,1175.0,1180.0,1.0,0.9715494496144739,0.05172827342822963
3703,S3,1,baseline,1180.0,1185.0,1.0,0.9937985689609736,0.0112753291618662
3704,S3,1,baseline,1185.0,1190.0,0.9762685438439102,0.9918087542632792,0.014893174066765288
3705,S3,1,baseline,1190.0,1195.0,1.0,0.9926138472594785,0.01342936861913008
3706,S3,1,baseline,1195.0,1200.0,0.9699418264431846,0.9937688672502927,0.011329332272195153
3707,S3,1,baseline,1200.0,1205.0,1.0,0.993233068467196,0.012303511877825723
3708,S3,1,baseline,1205.0,1210.0,1.0,0.9832058747054653,0.03053477326279037
3709,S3,1,baseline,1210.0,1215.0,0.9761922499300948,0.9897755582234147,0.01858989413924615
3710,S3,1,baseline,1215.0,1220.0,0.9840443424046538,0.995923475186191,0.007411863297834876
3711,S3,1,baseline,1220.0,1225.0,0.9828005213080905,0.9650683116785936,0.06351216058437513
3712,S3,1,baseline,1225.0,1230.0,1.0,0.9801426772654032,0.03610422315381266
3713,S3,1,baseline,1230.0,1235.0,0.9790878201429719,0.9608323601835402,0.07121389057538151
3714,S3,1,baseline,1235.0,1240.0,1.0,0.9703863739029706,0.05384295654005372
3715,S3,1,baseline,1240.0,1245.0,0.9800078925665936,0.9849024173024084,0.0274501503592578
3716,S3,1,baseline,1245.0,1250.0,0.9971790485129491,0.9914982988526033,0.0154576384498124
3717,S3,1,baseline,1250.0,1255.0,1.0,0.9914368405697558,0.015569380782262384
3718,S3,1,baseline,1255.0,1260.0,0.9700124355943963,0.9865663606014681,0.02442479890642181
3719,S3,1,baseline,1260.0,1265.0,1.0,0.984470745246423,0.02823500864286738
3720,S3,1,baseline,1265.0,1270.0,0.986448318955752,0.9871425377928331,0.023377204013030936
3721,S3,1,baseline,1270.0,1275.0,0.981843468534147,0.9822890183296735,0.03220178485513901
3722,S3,1,baseline,1275.0,1280.0,1.0,0.9924170312438994,0.013787215920183251
3723,S3,1,baseline,1280.0,1285.0,1.0,0.9774922220856452,0.04092323257155411
3724,S3,1,baseline,1285.0,1290.0,0.9828122974728164,0.9891873351355631,0.01965939066261279
3725,S3,1,baseline,1290.0,1295.0,0.9817212466829378,0.992491262276493,0.013652250406376394
3726,S3,1,baseline,1295.0,1300.0,1.0,0.9911904523009161,0.016017359452879833
3727,S3,1,baseline,1300.0,1305.0,1.0,0.9894407519142194,0.01919863288323768
3728,S3,1,baseline,1305.0,1310.0,0.9736964496159287,0.9879997915033729,0.02181856090295847
3729,S3,1,baseline,1310.0,1315.0,0.9818020941032778,0.9834802143386816,0.030035973929669682
3730,S3,1,baseline,1315.0,1320.0,0.9898604461507997,0.9876533249183519,0.022448500148451164
3731,S3,1,baseline,1320.0,1325.0,0.9822088832192823,0.9871015711340343,0.023451688847210522
3732,S3,1,baseline,1325.0,1330.0,0.9814952324381663,0.9716913321633605,0.05147030515752674
3733,S3,1,baseline,1330.0,1335.0,0.9784047988652517,0.9872132116271519,0.023248706132451353
3734,S3,1,baseline,1335.0,1340.0,0.977217464181849,0.9711793609243691,0.05240116195569273
3735,S3,1,baseline,1340.0,1345.0,0.9817027870670996,0.9766517487230937,0.042451365958011716
3736,S3,1,baseline,1345.0,1350.0,0.9737813381167966,0.9925153349113767,0.013608481979315048
3737,S3,1,baseline,1350.0,1355.0,0.9780985364298794,0.9762309245611771,0.04321650079786006
3738,S3,1,baseline,1355.0,1360.0,0.9795801909505585,0.9730518350737256,0.048996663502317205
3739,S3,1,baseline,1360.0,1365.0,0.9872844930056067,0.992395160895617,0.013826980189787529
3740,S3,1,baseline,1365.0,1370.0,0.9827718059374512,0.9939318405896034,0.011033017109811988
3741,S3,1,baseline,1370.0,1375.0,0.9847983018747731,0.983179023381177,0.030583593852405493
3742,S3,1,baseline,1375.0,1380.0,0.9827881449931362,0.9909393195223761,0.01647396450477085
3743,S3,1,baseline,1380.0,1385.0,1.0,0.9848314465980585,0.027579188003530195
3744,S3,1,baseline,1385.0,1390.0,0.9736634347169387,0.9916358937035352,0.015207465993572231
3745,S3,1,baseline,1390.0,1395.0,1.0,0.988605504197769,0.020717265094965433
3746,S3,1,baseline,1395.0,1400.0,1.0,0.9918807929847098,0.014762194573255134
3747,S3,1,baseline,1400.0,1405.0,0.9755027955773521,0.9945986146575494,0.009820700622637648
3748,S3,1,baseline,1405.0,1410.0,0.9720328295895132,0.9888201371331,0.020327023394363524
3749,S3,1,baseline,1410.0,1415.0,1.0,0.991036064263833,0.01629806497484921
3750,S3,1,baseline,1415.0,1420.0,0.9825998695845314,0.9905354964126338,0.01720818834066585
3751,S3,1,baseline,1420.0,1425.0,0.9953436921616325,0.9917926791120792,0.01492240161440144
3752,S3,1,baseline,1425.0,1430.0,0.9773665433142117,0.98392909509488,0.029219827100218164
3753,S3,1,baseline,1430.0,1435.0,0.9822323886677412,0.9940231876162811,0.010866931606761924
3754,S3,1,baseline,1435.0,1440.0,0.9863360337267826,0.9941189409040323,0.010692834719941367
3755,S3,1,baseline,1440.0,1445.0,0.9804923760251387,0.9947244449740604,0.00959191822898104
3756,S3,1,baseline,1445.0,1450.0,0.9769109025266678,0.9938388069001591,0.011202169272438172
3757,S3,1,baseline,1450.0,1455.0,0.9836308681886247,0.9911516832101033,0.016087848708903178
3758,S3,1,baseline,1455.0,1460.0,0.9833892605166614,0.9954131280521701,0.008339767177872564
3759,S3,1,baseline,1460.0,1465.0,0.9787149584370196,0.9907872014204702,0.01675054287187266
3760,S3,1,baseline,1465.0,1470.0,0.9895960483155054,0.9966376698747748,0.0061133275004097536
3761,S3,1,baseline,1470.0,1475.0,0.9749060700635443,0.9904366612299791,0.017387888672765327
3762,S3,1,baseline,1475.0,1480.0,1.0,0.9830421101887403,0.030832526929563123
3763,S3,1,baseline,1480.0,1485.0,0.9712704080904702,0.9932227557367816,0.01232226229676082
3764,S3,1,baseline,1485.0,1490.0,0.9761919407675697,0.9942335824165554,0.010484395606262992
3765,S3,2,stress,2245.0,2250.0,0.9984064683198612,0.9808553259601873,0.034808498254205074
3766,S3,2,stress,2250.0,2255.0,0.9930395999703655,0.9611218505202872,0.07068754450856894
3767,S3,2,stress,2255.0,2260.0,1.0,0.984753735383447,0.027720481121005284
3768,S3,2,stress,2260.0,2265.0,1.0,0.956276816340571,0.079496697562598
3769,S3,2,stress,2265.0,2270.0,0.9827070049633262,0.9544546531277722,0.08280972158586891
3770,S3,2,stress,2270.0,2275.0,0.9853299563301366,0.973449453925604,0.04827372013526552
3771,S3,2,stress,2275.0,2280.0,1.0,0.9770756358091621,0.04168066216515977
3772,S3,2,stress,2280.0,2285.0,0.9825382817712017,0.9823706288380216,0.03205340211268818
3773,S3,2,stress,2285.0,2290.0,0.9837416069567376,0.9928706804682861,0.012962399148570693
3774,S3,2,stress,2290.0,2295.0,0.9841297524031195,0.9139035361563955,0.15653902517019
3775,S3,2,stress,2295.0,2300.0,0.986340716630049,0.9874818042655069,0.02276035588089649
3776,S3,2,stress,2300.0,2305.0,0.9843068832669576,0.9838912220090492,0.02928868725627418
3777,S3,2,stress,2305.0,2310.0,0.9873908475008983,0.9899840371192652,0.01821084160133605
3778,S3,2,stress,2310.0,2315.0,1.0,0.9794756858917937,0.03731693474219351
3779,S3,2,stress,2315.0,2320.0,1.0,0.9848778397510121,0.02749483681634191
3780,S3,2,stress,2320.0,2325.0,0.9731915624280275,0.9737962873610855,0.047643113888935544
3781,S3,2,stress,2325.0,2330.0,1.0,0.9582563030750342,0.07589763077266508
3782,S3,2,stress,2330.0,2335.0,0.9906468204992185,0.9957885098544665,0.007657254810060967
3783,S3,2,stress,2335.0,2340.0,1.0,0.9977717484266189,0.0040513664970565876
3784,S3,2,stress,2340.0,2345.0,1.0,0.9875119449380918,0.02270555465801518
3785,S3,2,stress,2345.0,2350.0,0.9833209287148782,0.9899636401034677,0.018247927084604165
3786,S3,2,stress,2350.0,2355.0,0.9811792865346954,0.9891597652612885,0.019709517706748374
3787,S3,2,stress,2355.0,2360.0,0.9882074781768251,0.9899265274150073,0.018315404699986892
3788,S3,2,stress,2360.0,2365.0,0.99577856993457,0.9961186810479497,0.007056943549182576
3789,S3,2,stress,2365.0,2370.0,0.9957499962980026,0.9840049681982797,0.029081876003127942
3790,S3,2,stress,2370.0,2375.0,0.978152475640366,0.9890377783801367,0.019931312036115107
3791,S3,2,stress,2375.0,2380.0,1.0,0.9815754488705539,0.03349918387172019
3792,S3,2,stress,2380.0,2385.0,0.9762914357946916,0.9870237106943955,0.02359325328291731
3793,S3,2,stress,2385.0,2390.0,0.9905329269159256,0.9944381111207827,0.010112525234940587
3794,S3,2,stress,2390.0,2395.0,0.9924889401282325,0.9933025281073995,0.012177221622910133
3795,S3,2,stress,2395.0,2400.0,0.9874472237136894,0.9919611360832874,0.014616116212204726
3796,S3,2,stress,2400.0,2405.0,1.0,0.9717433637070911,0.051375702350743666
3797,S3,2,stress,2405.0,2410.0,0.9937144316999059,0.9299154969467458,0.1274263691877351
3798,S3,2,stress,2410.0,2415.0,0.986539312423195,0.9755974240123926,0.044368319977468096
3799,S3,2,stress,2415.0,2420.0,0.9875664604983724,0.9797938710740945,0.03673841622891901
3800,S3,2,stress,2420.0,2425.0,0.9807269189831125,0.9776192202763123,0.040692326770341264
3801,S3,2,stress,2425.0,2430.0,0.9986848816860693,0.9695092062528747,0.05543780681295515
3802,S3,2,stress,2430.0,2435.0,0.960575805329554,0.9819808135783836,0.03276215713021173
3803,S3,2,stress,2435.0,2440.0,0.9929829385641404,0.9771611860326885,0.04152511630420271
3804,S3,2,stress,2440.0,2445.0,0.9689914823337639,0.9775004470492654,0.04090827809224466
3805,S3,2,stress,2445.0,2450.0,0.9757354063612369,0.9841064826392127,0.028897304292340466
3806,S3,2,stress,2450.0,2455.0,0.978155810002411,0.9942618561902123,0.010432988745068374
3807,S3,2,stress,2455.0,2460.0,0.9936294496351172,0.987246443310078,0.023188284890767262
3808,S3,2,stress,2460.0,2465.0,1.0,0.9690793554385531,0.05621935374808525
3809,S3,2,stress,2465.0,2470.0,0.9891178256488546,0.9419301435954546,0.10558155709917375
3810,S3,2,stress,2470.0,2475.0,1.0,0.9755650479124924,0.04442718561365006
3811,S3,2,stress,2475.0,2480.0,1.0,0.9876089430270156,0.022529194496335357
3812,S3,2,stress,2480.0,2485.0,0.9862076234009765,0.8840989685681153,0.2107291480579722
3813,S3,2,stress,2485.0,2490.0,0.9904770672135781,0.9897446516986026,0.018646087820722745
3814,S3,2,stress,2490.0,2495.0,0.9703615817125777,0.9940675710710878,0.010786234416203924
3815,S3,2,stress,2495.0,2500.0,0.9825042162951517,0.9959634666556187,0.00733915153523886
3816,S3,2,stress,2500.0,2505.0,0.9876875676660192,0.9917875351989105,0.014931754183799037
3817,S3,2,stress,2505.0,2510.0,0.9850194295139213,0.9980204012575087,0.003599270440893222
3818,S3,2,stress,2510.0,2515.0,0.9842037070889637,0.9895630165842517,0.01897633348317892
3819,S3,2,stress,2515.0,2520.0,1.0,0.9792078633396988,0.03780388483691138
3820,S3,2,stress,2520.0,2525.0,0.9728476802384799,0.9772097064015937,0.041436897451647824
3821,S3,2,stress,2525.0,2530.0,0.9826381754267814,0.9836852005017258,0.02966327181504404
3822,S3,2,stress,2530.0,2535.0,1.0,0.9968767681085975,0.005678603438913808
3823,S3,2,stress,2535.0,2540.0,1.0,0.9923629443177513,0.013885555785906653
3824,S3,2,stress,2540.0,2545.0,0.9778868148767275,0.995767057226139,0.007696259588838485
3825,S3,2,stress,2545.0,2550.0,1.0,0.9868011637736447,0.02399788404791908
3826,S3,2,stress,2550.0,2555.0,0.9750255108122853,0.9923277717548296,0.01394950590030989
3827,S3,2,stress,2555.0,2560.0,0.9815059663178342,0.9749303959764497,0.04558109822463717
3828,S3,2,stress,2560.0,2565.0,0.9799915401122448,0.9813035064938835,0.033993624556575626
3829,S3,2,stress,2565.0,2570.0,0.9855951621975741,0.9508713935370634,0.08932473902352096
3830,S3,2,stress,2570.0,2575.0,0.9845657535421559,0.9880331734432815,0.021757866466761058
3831,S3,2,stress,2575.0,2580.0,0.9855614488268993,0.994062990365794,0.010794562971283714
3832,S3,2,stress,2580.0,2585.0,0.9850276795133527,0.9896425500455686,0.01883172718987543
3833,S3,2,stress,2585.0,2590.0,0.9873801904920982,0.9760541762829968,0.043537861303642345
3834,S3,2,stress,2590.0,2595.0,0.9865347887123566,0.9868263952790186,0.02395200858360257
3835,S3,2,stress,2595.0,2600.0,1.0,0.9809393431330371,0.034655739758114604
3836,S3,2,stress,2600.0,2605.0,0.9784052412727707,0.9804070285705382,0.03562358441720335
3837,S3,2,stress,2605.0,2610.0,1.0,0.9795602819520037,0.0371631237236296
3838,S3,2,stress,2610.0,2615.0,1.0,0.9778813238584709,0.04021577480278005
3839,S3,2,stress,2615.0,2620.0,0.9865496969318305,0.9914980320074247,0.015458123622864434
3840,S3,2,stress,2620.0,2625.0,0.9843269492767003,0.9909621246485925,0.016432500638922713
3841,S3,2,stress,2625.0,2630.0,0.9852261604252374,0.9918035525334872,0.014902631757296022
3842,S3,2,stress,2630.0,2635.0,0.9840687612679204,0.9722597816923575,0.050436760559349994
3843,S3,2,stress,2635.0,2640.0,0.9897590812904148,0.9908682855346449,0.016603117209736774
3844,S3,2,stress,2640.0,2645.0,0.9902661899678834,0.9827100689451058,0.031436238281625825
3845,S3,2,stress,2645.0,2650.0,0.9837351394034524,0.986752026858764,0.02408722389315652
3846,S3,2,stress,2650.0,2655.0,0.9875046918649021,0.9980797175889098,0.0034914225656188535
3847,S3,2,stress,2655.0,2660.0,0.9848501706413196,0.994039776046912,0.010836770823796537
3848,S3,2,stress,2660.0,2665.0,0.9924861446330602,0.993815371723255,0.011244778684990955
3849,S3,2,stress,2665.0,2670.0,0.988448129090259,0.9920760860050251,0.014407116354500118
3850,S3,2,stress,2670.0,2675.0,1.0,0.9922188072581408,0.014147623167016874
3851,S3,2,stress,2675.0,2680.0,1.0,0.9964638724308106,0.006429322853071803
3852,S3,2,stress,2680.0,2685.0,0.9865056990915142,0.9975569945415086,0.0044418281063480225
3853,S3,2,stress,2685.0,2690.0,0.9884140383412653,0.9982027841669074,0.003267665151077494
3854,S3,2,stress,2690.0,2695.0,0.984778091336057,0.9888992781373445,0.02018313065937375
3855,S3,2,stress,2695.0,2700.0,0.9858486496318281,0.9928305790362584,0.013035310843166824
3856,S3,2,stress,2700.0,2705.0,0.9827662668433341,0.9588643974584894,0.07479200462092842
3857,S3,2,stress,2705.0,2710.0,0.9925919669522805,0.9392543170940848,0.11044669619257332
3858,S3,2,stress,2710.0,2715.0,0.9946188911153767,0.9799923059428726,0.036377625558413645
3859,S3,2,stress,2715.0,2720.0,1.0,0.9789439636236463,0.03828370250246121
3860,S3,2,stress,2720.0,2725.0,1.0,0.9883856032899749,0.021117084927318248
3861,S3,2,stress,2725.0,2730.0,0.993835426472764,0.9843250605581371,0.028499889894296297
3862,S3,2,stress,2730.0,2735.0,0.9900519646321854,0.9930148267862042,0.01270031493417433
3863,S3,2,stress,2735.0,2740.0,0.9872334168093843,0.9896479094085127,0.018821982893613597
3864,S3,2,stress,2740.0,2745.0,0.9855207482071241,0.9926155290699323,0.013426310781941305
3865,S3,2,stress,2745.0,2750.0,0.9936162780551713,0.9942033464612625,0.010539370070431984
3866,S3,2,stress,2750.0,2755.0,0.9851600559478169,0.983095111976878,0.03073616004203991
3867,S3,2,stress,2755.0,2760.0,0.9844414718951122,0.9858498721927331,0.025727505104121813
3868,S3,2,stress,2760.0,2765.0,0.9892992222232138,0.982358256104952,0.03207589799099635
3869,S3,2,stress,2765.0,2770.0,0.9980397137644407,0.9837966919596701,0.02946056007332716
3870,S3,2,stress,2770.0,2775.0,1.0,0.9920919781452486,0.014378221554093382
3871,S3,2,stress,2775.0,2780.0,0.9826433925956155,0.9935157502549925,0.011789544990922756
3872,S3,2,stress,2780.0,2785.0,0.992922322701411,0.9873690708252569,0.022965325772260223
3873,S3,2,stress,2785.0,2790.0,0.9854994376786014,0.9939433710167584,0.01101205269680292
3874,S3,2,stress,2790.0,2795.0,0.992050332551537,0.9879348534021546,0.021936630177900922
3875,S3,2,stress,2795.0,2800.0,1.0,0.9752909380460728,0.04492556718895866
3876,S3,2,stress,2800.0,2805.0,1.0,0.9715223252537029,0.05177759044781314
3877,S3,2,stress,2805.0,2810.0,0.9901025631399677,0.988445558184055,0.021008076028991008
3878,S3,2,stress,2810.0,2815.0,0.9811564118637615,0.9807727679222966,0.03495860377764263
3879,S3,2,stress,2815.0,2820.0,0.9859141500156422,0.9951066437668206,0.00889701133305373
3880,S3,2,stress,2820.0,2825.0,0.98364804091627,0.9859282321016176,0.02558503254251357
3881,S3,2,stress,2825.0,2830.0,0.9832653937371734,0.9857459004358944,0.025916544662010262
3882,S3,2,stress,2830.0,2835.0,1.0,0.9769339903888521,0.0419381992929962
3883,S3,2,stress,2835.0,2840.0,0.9934157055346939,0.9923077614091196,0.013985888347055322
3884,S3,2,stress,2840.0,2845.0,0.9854479389767478,0.9965966302233873,0.00618794504838695
3885,S3,2,stress,2845.0,2850.0,0.9873725714973551,0.9727662802458006,0.04951585409854437
3886,S3,2,stress,2850.0,2855.0,0.9854095745720097,0.991598941006856,0.015274652714807475
3887,S3,2,stress,2855.0,2860.0,0.9764996157303062,0.9855632496694218,0.026248636964687985
3888,S3,2,stress,2860.0,2865.0,0.9892061811522351,0.9986953280410751,0.002372130834409284
3889,S3,2,stress,2865.0,2870.0,0.9962927606937911,0.9897896143268639,0.018564337587520303
3890,S3,2,stress,2870.0,2875.0,0.9806865478961752,0.9988705782135254,0.0020534941572265906
3891,S3,2,stress,2875.0,2880.0,0.9959899712174595,0.9954165304186355,0.008333581057026576
3892,S3,3,amusement,5005.0,5010.0,1.0,0.961408944803952,0.07016555490190549
3893,S3,3,amusement,5010.0,5015.0,1.0,0.9896967743023835,0.018733137632029953
3894,S3,3,amusement,5015.0,5020.0,1.0,0.9876105194550862,0.022526328263479632
3895,S3,3,amusement,5020.0,5025.0,1.0,0.9937353710184995,0.011390234511818939
3896,S3,3,amusement,5025.0,5030.0,0.9811019392061965,0.940418379420257,0.10833021923589656
3897,S3,3,amusement,5030.0,5035.0,1.0,0.9716855547349033,0.05148080957290315
3898,S3,3,amusement,5035.0,5040.0,1.0,0.988428170696894,0.021039689642010737
3899,S3,3,amusement,5040.0,5045.0,0.9914165168522694,0.968136054148488,0.05793444700274928
3900,S3,3,amusement,5045.0,5050.0,0.9828870061377243,0.9900051624787809,0.01817243185676199
3901,S3,3,amusement,5050.0,5055.0,0.9815107489356887,0.969925993788241,0.0546800112941076
3902,S3,3,amusement,5055.0,5060.0,1.0,0.9811973174826607,0.03418669548607155
3903,S3,3,amusement,5060.0,5065.0,1.0,0.9927372343241798,0.013205028501491517
3904,S3,3,amusement,5065.0,5070.0,1.0,0.986261336104723,0.02497938890050385
3905,S3,3,amusement,5070.0,5075.0,0.9808529984532587,0.984088242238145,0.028930468657918307
3906,S3,3,amusement,5075.0,5080.0,0.9801637865722549,0.9897801396152108,0.01858156433598029
3907,S3,3,amusement,5080.0,5085.0,1.0,0.9894497363875148,0.0191822974772461
3908,S3,3,amusement,5085.0,5090.0,0.9894418091840796,0.9849396412409561,0.027382470470988914
3909,S3,3,amusement,5090.0,5095.0,1.0,0.9899769450583331,0.01822373625757649
3910,S3,3,amusement,5095.0,5100.0,0.979804142710179,0.9757523976117637,0.044086549796793426
3911,S3,3,amusement,5100.0,5105.0,0.9779754382525297,0.9899498995250602,0.01827290995443602
3912,S3,3,amusement,5105.0,5110.0,0.9794653830741262,0.9859127652903612,0.025613154017525175
3913,S3,3,amusement,5110.0,5115.0,0.9765409645715286,0.9602733754594095,0.07223022643743739
3914,S3,3,amusement,5115.0,5120.0,0.9936067996338265,0.9858819245848514,0.02566922802754316
3915,S3,3,amusement,5120.0,5125.0,1.0,0.9680655564095559,0.05806262470989836
3916,S3,3,amusement,5125.0,5130.0,0.9830395939840079,0.9856327606532682,0.026122253357694202
3917,S3,3,amusement,5130.0,5135.0,0.9885269459349955,0.9851238944151184,0.027047464699784654
3918,S3,3,amusement,5135.0,5140.0,1.0,0.8828852150158435,0.2129359726984665
3919,S3,3,amusement,5140.0,5145.0,0.9823517281040983,0.9626731164312317,0.06786706103412417
3920,S3,3,amusement,5145.0,5150.0,0.982750969664788,0.9581389374742042,0.07611102277417427
3921,S3,3,amusement,5150.0,5155.0,0.9833601168192887,0.9801411350581246,0.0361070271670462
3922,S3,3,amusement,5155.0,5160.0,1.0,0.9471847492505692,0.09602772863532888
3923,S3,3,amusement,5160.0,5165.0,0.9792930831049826,0.9286607339155358,0.12970775651720767
3924,S3,3,amusement,5165.0,5170.0,0.9863173917281413,0.969998139476095,0.054548837316190944
3925,S3,3,amusement,5170.0,5175.0,0.9868672874853271,0.9825865816883617,0.03166076056661525
3926,S3,3,amusement,5175.0,5180.0,0.977852390684996,0.9962651917511431,0.006790560452467236
3927,S3,3,amusement,5180.0,5185.0,0.9540346900372634,0.9869002778058431,0.02381767671664886
3928,S3,3,amusement,5185.0,5190.0,1.0,0.9931316891468269,0.012487837914860151
3929,S3,3,amusement,5190.0,5195.0,1.0,0.9966857255987753,0.006025953456772131
3930,S3,3,amusement,5195.0,5200.0,1.0,0.9678402290140324,0.05847231088357735
3931,S3,3,amusement,5200.0,5205.0,0.9806699598766048,0.9828938001780787,0.031102181494402435
3932,S3,3,amusement,5205.0,5210.0,0.9735393164617224,0.9825756583391048,0.03168062120162774
3933,S3,3,amusement,5210.0,5215.0,0.980968237988091,0.9783660776304517,0.039334404308269726
3934,S3,3,amusement,5215.0,5220.0,0.9847172872365798,0.9619469834076821,0.06918730289512356
3935,S3,3,amusement,5220.0,5225.0,0.9762098684804418,0.9905125558431145,0.01724989846706459
3936,S3,3,amusement,5225.0,5230.0,0.9838412557014649,0.9737428912859536,0.047740197661902586
3937,S3,3,amusement,5230.0,5235.0,0.9983423170558654,0.9930139771447932,0.012701859736739676
3938,S3,3,amusement,5235.0,5240.0,1.0,0.9824291246734052,0.03194704604835427
3939,S3,3,amusement,5240.0,5245.0,0.9981616367012064,0.973293320350822,0.048557599362141775
3940,S3,3,amusement,5245.0,5250.0,0.9792750300250562,0.9635294960283247,0.06631000722122808
3941,S3,3,amusement,5250.0,5255.0,1.0,0.9433976540200146,0.10291335632724603
3942,S3,3,amusement,5255.0,5260.0,1.0,0.9675162276755596,0.05906140422625563
3943,S3,3,amusement,5260.0,5265.0,0.9730949006359065,0.9595409135327386,0.07356197539502095
3944,S3,3,amusement,5265.0,5270.0,0.9959841181458918,0.9738073553886959,0.04762299020237102
3945,S3,3,amusement,5270.0,5275.0,1.0,0.9756889260266188,0.044201952678874876
3946,S3,3,amusement,5275.0,5280.0,1.0,0.9664255347805146,0.06104448221724616
3947,S3,3,amusement,5280.0,5285.0,0.9659033733752131,0.977647649267916,0.04064063769469825
3948,S3,3,amusement,5285.0,5290.0,1.0,0.9781004153067512,0.03981742671499791
3949,S3,3,amusement,5290.0,5295.0,1.0,0.9890485557335389,0.019911716848111317
3950,S3,3,amusement,5295.0,5300.0,0.9862834616882786,0.9598144198610798,0.07306469116167309
3951,S3,3,amusement,5300.0,5305.0,0.9786511172965131,0.9553517234543101,0.08117868462852729
3952,S3,3,amusement,5305.0,5310.0,0.983657114253593,0.9722795752658282,0.050400772243948844
3953,S3,3,amusement,5310.0,5315.0,0.9869837216224631,0.9713784744834002,0.05203913730290875
3954,S3,3,amusement,5315.0,5320.0,0.9671383980266938,0.9728126900123142,0.04943147270488323
3955,S3,3,amusement,5320.0,5325.0,0.9818201549466025,0.9576761879785016,0.07695238549363334
3956,S3,3,amusement,5325.0,5330.0,0.9862954081456565,0.9834665965746212,0.03006073350068889
3957,S3,3,amusement,5330.0,5335.0,0.982279532036453,0.9838331486703287,0.029394275144856895
3958,S3,3,amusement,5335.0,5340.0,0.9838468066103265,0.9773952318022623,0.04109957854134129
3959,S3,3,amusement,5340.0,5345.0,0.986681895217761,0.9791570953816258,0.03789619021522604
3960,S3,3,amusement,5345.0,5350.0,1.0,0.9779778668444219,0.04004024210105119
3961,S3,3,amusement,5350.0,5355.0,0.9866730399277637,0.9861529899510288,0.025176381907220484
3962,S3,3,amusement,5355.0,5360.0,0.9751834240310321,0.9871533484075043,0.02335754834999235
3963,S3,3,amusement,5360.0,5365.0,0.9779976149483631,0.9794905027158887,0.03728999506202061
3964,S3,3,amusement,5365.0,5370.0,1.0,0.9964295491186699,0.006491728875145911
3965,S3,3,amusement,5370.0,5375.0,1.0,0.9936132059977785,0.011612352731311918
3966,S4,1,baseline,290.0,295.0,0.9848174012980613,0.992776526325392,0.01313358849928741
3967,S4,1,baseline,295.0,300.0,0.9849716395074306,0.9959296715411297,0.007400597197946273
3968,S4,1,baseline,300.0,305.0,0.9847298133305284,0.9936559481109339,0.011534639798302087
3969,S4,1,baseline,305.0,310.0,0.985286277751963,0.9931083456050913,0.012530280718016021
3970,S4,1,baseline,310.0,315.0,0.9850173352303204,0.9901284929890626,0.01794819456534088
3971,S4,1,baseline,315.0,320.0,0.9850053321696359,0.9977932724570076,0.004012231896350166
3972,S4,1,baseline,320.0,325.0,0.9859636011864116,0.9958269049194977,0.007587445600913541
3973,S4,1,baseline,325.0,330.0,0.9860124512382006,0.9845607575867055,0.028071349842353814
3974,S4,1,baseline,330.0,335.0,1.0,0.9842493117388023,0.028637615020359563
3975,S4,1,baseline,335.0,340.0,1.0,0.9944540646863957,0.010083518752007796
3976,S4,1,baseline,340.0,345.0,0.9872927247081764,0.9936969737309538,0.011460047761902419
3977,S4,1,baseline,345.0,350.0,0.9896628122575253,0.9954741904179352,0.008228744694663392
3978,S4,1,baseline,350.0,355.0,0.9878190368468708,0.9927540903366581,0.013174381206076334
3979,S4,1,baseline,355.0,360.0,0.9864441641609121,0.9964789091190633,0.006401983419884949
3980,S4,1,baseline,360.0,365.0,0.9932573118656097,0.9969014037084103,0.0056338114392541355
3981,S4,1,baseline,365.0,370.0,0.986289752365616,0.9962911475510206,0.00674336808905359
3982,S4,1,baseline,370.0,375.0,0.9931996123731486,0.9963155042294423,0.006699083219196058
3983,S4,1,baseline,375.0,380.0,0.9832973792691901,0.9954543206612922,0.008264871524923294
3984,S4,1,baseline,380.0,385.0,0.9864928568356485,0.9907162512210337,0.01687954323448427
3985,S4,1,baseline,385.0,390.0,0.9860919659630556,0.9862877151107936,0.02493142707128459
3986,S4,1,baseline,390.0,395.0,0.9906274142559629,0.9918319027131255,0.014851085976135672
3987,S4,1,baseline,395.0,400.0,1.0,0.996185069581055,0.006936237125354629
3988,S4,1,baseline,400.0,405.0,0.9938233808618434,0.9910769654765768,0.01622369913349703
3989,S4,1,baseline,405.0,410.0,0.9879902219970895,0.9957057995847489,0.007807637118638472
3990,S4,1,baseline,410.0,415.0,0.9870466828763329,0.983151116975481,0.030634332771853005
3991,S4,1,baseline,415.0,420.0,0.9833752723602308,0.985848133433519,0.025730666484511167
3992,S4,1,baseline,420.0,425.0,0.9909581790691557,0.9932186307391968,0.012329762292369432
3993,S4,1,baseline,425.0,430.0,0.9901598740075024,0.9970981539402777,0.005276083744949655
3994,S4,1,baseline,430.0,435.0,1.0,0.9943873964357408,0.010204733753198707
3995,S4,1,baseline,435.0,440.0,1.0,0.995266586330052,0.008606206672632554
3996,S4,1,baseline,440.0,445.0,1.0,0.9939956310199958,0.01091703450909861
3997,S4,1,baseline,445.0,450.0,0.9902469842405212,0.9926753982850132,0.013317457663612722
3998,S4,1,baseline,450.0,455.0,0.9863182560251307,0.9840956743750109,0.028916955681798678
3999,S4,1,baseline,455.0,460.0,0.9867787062060106,0.9968653886974248,0.005699293277409699
4000,S4,1,baseline,460.0,465.0,0.9863162228994578,0.9962693117184058,0.006783069602898375
4001,S4,1,baseline,465.0,470.0,0.987442621930649,0.9941632214581515,0.010612324621542947
4002,S4,1,baseline,470.0,475.0,0.9871521267150836,0.9874942054781648,0.022737808221518552
4003,S4,1,baseline,475.0,480.0,0.9866896895358049,0.9751632206602865,0.045157780617660945
4004,S4,1,baseline,480.0,485.0,0.9844950576543788,0.9930954829724459,0.01255366732282587
4005,S4,1,baseline,485.0,490.0,0.9863791983118397,0.9956638774770776,0.007883859132586053
4006,S4,1,baseline,490.0,495.0,0.9865124587152284,0.9900977805089277,0.018004035438313273
4007,S4,1,baseline,495.0,500.0,0.998904378708214,0.9962451582051495,0.0068269850815463155
4008,S4,1,baseline,500.0,505.0,1.0,0.9955510491589414,0.008089001529197561
4009,S4,1,baseline,505.0,510.0,1.0,0.9943722240897621,0.010232319836796289
4010,S4,1,baseline,510.0,515.0,1.0,0.9948086487843439,0.009438820392102103
4011,S4,1,baseline,515.0,520.0,0.9872957096951603,0.9817770337517819,0.03313266590585092
4012,S4,1,baseline,520.0,525.0,0.9866834147269881,0.9940804902385767,0.010762745020769831
4013,S4,1,baseline,525.0,530.0,0.9873274546468173,0.9970678687640147,0.005331147701791421
4014,S4,1,baseline,530.0,535.0,0.9869111195833693,0.9932134719681203,0.012339141876144988
4015,S4,1,baseline,535.0,540.0,0.9886438530036611,0.9940380762817289,0.010839861305947504
4016,S4,1,baseline,540.0,545.0,0.9866762444425582,0.9950931575971276,0.008921531641586272
4017,S4,1,baseline,545.0,550.0,0.9880335329800611,0.991027553821493,0.016313538506376346
4018,S4,1,baseline,550.0,555.0,0.9878060959212862,0.9936626804677786,0.011522399149493386
4019,S4,1,baseline,555.0,560.0,0.9881317451411855,0.993596124562454,0.011643409886447192
4020,S4,1,baseline,560.0,565.0,1.0,0.9947773884367195,0.009495657387782958
4021,S4,1,baseline,565.0,570.0,0.9865018966353564,0.9730605385482167,0.04898083900324254
4022,S4,1,baseline,570.0,575.0,0.9847726649633581,0.9804037555124414,0.03562953543192471
4023,S4,1,baseline,575.0,580.0,0.9864622408049903,0.973073039872475,0.04895810932277287
4024,S4,1,baseline,580.0,585.0,0.986341820292664,0.9933724844916907,0.012050028196926023
4025,S4,1,baseline,585.0,590.0,0.9867246618509807,0.9930004662553593,0.012726424990255775
4026,S4,1,baseline,590.0,595.0,0.9899254658677331,0.9933232659369633,0.0121395164782485
4027,S4,1,baseline,595.0,600.0,0.9876093401947761,0.9924415223456218,0.01374268664432417
4028,S4,1,baseline,600.0,605.0,0.9902808078769638,0.9803727306864227,0.03568594420650432
4029,S4,1,baseline,605.0,610.0,0.9863207611667077,0.9958985285184379,0.007457220875567413
4030,S4,1,baseline,610.0,615.0,0.9854329831289069,0.9869548900870881,0.023718381659839763
4031,S4,1,baseline,615.0,620.0,0.9912276104436422,0.9951799356992408,0.008763753274107618
4032,S4,1,baseline,620.0,625.0,0.9908652005582081,0.9951504036729584,0.00881744786734837
4033,S4,1,baseline,625.0,630.0,0.9870950345024603,0.9927553541221352,0.013172083414299549
4034,S4,1,baseline,630.0,635.0,0.9872001524609627,0.9849471612129403,0.027368797794653982
4035,S4,1,baseline,635.0,640.0,0.985230839276456,0.9945390447938987,0.00992900946563894
4036,S4,1,baseline,640.0,645.0,0.9879347891125303,0.9939095099698905,0.01107361823656309
4037,S4,1,baseline,645.0,650.0,0.9862660388298129,0.9951779287999041,0.008767402181992724
4038,S4,1,baseline,650.0,655.0,0.9882248869024176,0.9937738310631736,0.011320307157866178
4039,S4,1,baseline,655.0,660.0,1.0,0.9853674284760396,0.026604675498109954
4040,S4,1,baseline,660.0,665.0,1.0,0.9930668714404278,0.012605688290131303
4041,S4,1,baseline,665.0,670.0,0.9848305174880883,0.996954967731704,0.00553642230599292
4042,S4,1,baseline,670.0,675.0,0.9880340134864001,0.9825221660036043,0.03177787999344675
4043,S4,1,baseline,675.0,680.0,0.9876529568704655,0.9935981821016213,0.011639668906143054
4044,S4,1,baseline,680.0,685.0,0.9909438864068737,0.99819381381881,0.0032839748748912157
4045,S4,1,baseline,685.0,690.0,0.9875340127444662,0.9866676296129073,0.0242406734310776
4046,S4,1,baseline,690.0,695.0,0.9877986716721432,0.9794892025024653,0.03729235908642689
4047,S4,1,baseline,695.0,700.0,0.985569101971465,0.9894873348361586,0.019113936661529805
4048,S4,1,baseline,700.0,705.0,0.9869964112520494,0.9864922506665608,0.024559544242616756
4049,S4,1,baseline,705.0,710.0,0.992422549489972,0.9902746385285695,0.017682475402601226
4050,S4,1,baseline,710.0,715.0,0.9931469725460771,0.9945323484442892,0.009941184646746884
4051,S4,1,baseline,715.0,720.0,0.995075593347869,0.991032568068902,0.01630442169290556
4052,S4,1,baseline,720.0,725.0,1.0,0.9937924968672711,0.011286369332234583
4053,S4,1,baseline,725.0,730.0,1.0,0.9906770728517096,0.01695077663325527
4054,S4,1,baseline,730.0,735.0,0.9879306727584956,0.9813658182917442,0.03388033037864704
4055,S4,1,baseline,735.0,740.0,0.9913156699364792,0.9934362543182462,0.011934083057734246
4056,S4,1,baseline,740.0,745.0,0.98575224890369,0.9948650421562837,0.009336286988575396
4057,S4,1,baseline,745.0,750.0,1.0,0.9901311208567729,0.017943416624049174
4058,S4,1,baseline,750.0,755.0,0.9870552020908647,0.9936062118496849,0.011625069364209222
4059,S4,1,baseline,755.0,760.0,0.9865091070432236,0.9889252133354816,0.02013597575366993
4060,S4,1,baseline,760.0,765.0,0.9864928238903105,0.99512570370767,0.0088623568951458
4061,S4,1,baseline,765.0,770.0,0.9906372049456413,0.9916544453862008,0.015173735661453268
4062,S4,1,baseline,770.0,775.0,1.0,0.9840149291812839,0.029063765124938582
4063,S4,1,baseline,775.0,780.0,0.9928900986440318,0.9904526263139439,0.017358861247374728
4064,S4,1,baseline,780.0,785.0,0.986521532183088,0.9915204502171551,0.01541736324153625
4065,S4,1,baseline,785.0,790.0,0.9930920918508038,0.9935445653987358,0.011737153820480597
4066,S4,1,baseline,790.0,795.0,0.9856979666768512,0.9954131398248509,0.008339745772998411
4067,S4,1,baseline,795.0,800.0,0.986919164465369,0.9947491628635796,0.009546976611673575
4068,S4,1,baseline,800.0,805.0,0.9887206345251658,0.9933292749868383,0.012128590933021412
4069,S4,1,baseline,805.0,810.0,0.9890399564276042,0.9962578454866444,0.006803917297010404
4070,S4,1,baseline,810.0,815.0,0.9866244656368585,0.9900544044148936,0.01808290106382979
4071,S4,1,baseline,815.0,820.0,0.9843781642380325,0.9939104994664034,0.01107181915199407
4072,S4,1,baseline,820.0,825.0,0.9883327871121691,0.9950214672461497,0.009051877734273505
4073,S4,1,baseline,825.0,830.0,1.0,0.9860940170029482,0.025283605449185394
4074,S4,1,baseline,830.0,835.0,0.9884545670295766,0.9946078174473199,0.009803968277600576
4075,S4,1,baseline,835.0,840.0,0.9861413714240426,0.991960096824567,0.014618005773514851
4076,S4,1,baseline,840.0,845.0,0.9866067489216825,0.9956049653279964,0.007990972130915777
4077,S4,1,baseline,845.0,850.0,0.9886290418656604,0.9944317743520472,0.01012404663264144
4078,S4,1,baseline,850.0,855.0,0.9971415105768311,0.9937397390118659,0.011382292705698393
4079,S4,1,baseline,855.0,860.0,0.9926949151593383,0.9940882047355382,0.010748718662658115
4080,S4,1,baseline,860.0,865.0,0.9906836320320087,0.9916427287520029,0.01519503863272205
4081,S4,1,baseline,865.0,870.0,0.9862594517161107,0.9870362474900798,0.023570459108945858
4082,S4,1,baseline,870.0,875.0,0.9848047648215674,0.99051213600724,0.01725066180501832
4083,S4,1,baseline,875.0,880.0,0.9837838388355333,0.9974759129918189,0.004589249105784042
4084,S4,1,baseline,880.0,885.0,0.9865313243808871,0.9945035739401789,0.009993501926947848
4085,S4,1,baseline,885.0,890.0,0.9960250767179754,0.9943062877861151,0.010352204025245566
4086,S4,1,baseline,890.0,895.0,0.9882189332028747,0.9922649795013203,0.014063673633963094
4087,S4,1,baseline,895.0,900.0,0.9881078088331972,0.9924815353318239,0.013669935760320027
4088,S4,1,baseline,900.0,905.0,0.988016647956031,0.9949433562440047,0.009193897738173543
4089,S4,1,baseline,905.0,910.0,0.9887039930460909,0.9934751331673448,0.011863394241191276
4090,S4,1,baseline,910.0,915.0,1.0,0.991602534733341,0.015268118666652716
4091,S4,1,baseline,915.0,920.0,0.9889803510833217,0.9945487273384814,0.009911404839124782
4092,S4,1,baseline,920.0,925.0,0.9853302492207996,0.9926974828771751,0.013277303859681748
4093,S4,1,baseline,925.0,930.0,0.9852469709499814,0.9887855791050588,0.020389856172620614
4094,S4,1,baseline,930.0,935.0,1.0,0.9905117082830952,0.017251439485281746
4095,S4,1,baseline,935.0,940.0,1.0,0.9939100646834129,0.011072609666522059
4096,S4,1,baseline,940.0,945.0,0.9853874783987226,0.9926630845475819,0.013339846277123918
4097,S4,1,baseline,945.0,950.0,0.9889682756107286,0.9948085021901913,0.009439086926924835
4098,S4,1,baseline,950.0,955.0,0.9915233330129579,0.9926675520392283,0.013331723565039534
4099,S4,1,baseline,955.0,960.0,0.99766896544017,0.9944398132609116,0.010109430434706202
4100,S4,1,baseline,960.0,965.0,1.0,0.9950657467595685,0.00897136952805727
4101,S4,1,baseline,965.0,970.0,0.9893495677012643,0.9940469522084074,0.010823723257441027
4102,S4,1,baseline,970.0,975.0,0.9862016492450132,0.9899544618555518,0.018264614808087564
4103,S4,1,baseline,975.0,980.0,0.9886768520957294,0.9909767580828939,0.01640589439473853
4104,S4,1,baseline,980.0,985.0,0.9877147696907855,0.989237787267313,0.019567659513976418
4105,S4,1,baseline,985.0,990.0,0.9873921010039735,0.9945191295994287,0.009965218910129619
4106,S4,1,baseline,990.0,995.0,0.9875311281039916,0.9801854543991528,0.03602644654699506
4107,S4,1,baseline,995.0,1000.0,0.9957841216263181,0.9878230274063315,0.02213995017030631
4108,S4,1,baseline,1000.0,1005.0,1.0,0.9948844598933781,0.009300982012039969
4109,S4,1,baseline,1005.0,1010.0,0.9874987289462166,0.9940513033011629,0.010815812179704056
4110,S4,1,baseline,1010.0,1015.0,0.9884206206852388,0.9958495919810917,0.007546196398015031
4111,S4,1,baseline,1015.0,1020.0,0.9865737037466294,0.9818102188175952,0.0330723294225542
4112,S4,1,baseline,1020.0,1025.0,0.986286699690313,0.9887309562258868,0.02048917049838784
4113,S4,1,baseline,1025.0,1030.0,0.9969332493549365,0.9949168897632346,0.009242018612300857
4114,S4,1,baseline,1030.0,1035.0,0.9948429355478464,0.9900050287713233,0.018172674961230414
4115,S4,1,baseline,1035.0,1040.0,0.9907403932980166,0.9936734483051137,0.011502821263429566
4116,S4,1,baseline,1040.0,1045.0,0.9970409355276083,0.9886300777317314,0.020672585942306795
4117,S4,1,baseline,1045.0,1050.0,0.9870082598154428,0.9928556844543936,0.012989664628375225
4118,S4,1,baseline,1050.0,1055.0,1.0,0.9936059151229575,0.011625608867350316
4119,S4,1,baseline,1055.0,1060.0,1.0,0.9934132750010316,0.011975863634488089
4120,S4,1,baseline,1060.0,1065.0,0.9878029239773827,0.9944506087154104,0.010089802335617511
4121,S4,1,baseline,1065.0,1070.0,0.9991616604483542,0.9902877759595616,0.017658589164433306
4122,S4,1,baseline,1070.0,1075.0,0.9965332534506066,0.9956449800007501,0.007918218180454455
4123,S4,1,baseline,1075.0,1080.0,0.9855165359206272,0.9928539939644199,0.012992738246509431
4124,S4,1,baseline,1080.0,1085.0,0.9875979822199288,0.985023876809598,0.02722931489163999
4125,S4,1,baseline,1085.0,1090.0,0.9860363639318915,0.9861161292152856,0.025243401426753652
4126,S4,1,baseline,1090.0,1095.0,0.9858198175231685,0.9932038746030927,0.012356591630740498
4127,S4,1,baseline,1095.0,1100.0,0.9872392912521841,0.9935417211187225,0.01174232523868637
4128,S4,1,baseline,1100.0,1105.0,0.9917066694140217,0.9937021379060469,0.011450658352642019
4129,S4,1,baseline,1105.0,1110.0,0.999394416277932,0.9940696359988954,0.010782480002008552
4130,S4,1,baseline,1110.0,1115.0,0.988091604352156,0.9933840127026614,0.012029067813342764
4131,S4,1,baseline,1115.0,1120.0,0.9861801133017025,0.9876546026864437,0.022446176933739077
4132,S4,1,baseline,1120.0,1125.0,0.991742226057925,0.994560537129271,0.00988993249223477
4133,S4,1,baseline,1125.0,1130.0,0.9873024144919367,0.9921651691206961,0.014245147053279925
4134,S4,1,baseline,1130.0,1135.0,1.0,0.9937634542196518,0.011339174146087675
4135,S4,1,baseline,1135.0,1140.0,0.9840698116653102,0.990619966412182,0.017054606523305756
4136,S4,1,baseline,1140.0,1145.0,1.0,0.9911829077633878,0.016031076793840655
4137,S4,1,baseline,1145.0,1150.0,1.0,0.9917039975379183,0.01508364084014877
4138,S4,1,baseline,1150.0,1155.0,0.9882465774004014,0.9882383413252716,0.02138483395405179
4139,S4,1,baseline,1155.0,1160.0,1.0,0.9915695938388462,0.01532801120209786
4140,S4,1,baseline,1160.0,1165.0,0.9851730685653735,0.9917364334799841,0.015024666400028865
4141,S4,1,baseline,1165.0,1170.0,0.9882986671886919,0.9885248691857349,0.02086387420775486
4142,S4,1,baseline,1170.0,1175.0,0.9945708168281641,0.9936182847533301,0.011603118630308927
4143,S4,1,baseline,1175.0,1180.0,0.9972013326118028,0.9927885552398716,0.013111717745688
4144,S4,1,baseline,1180.0,1185.0,1.0,0.9921394747524188,0.014291864086511124
4145,S4,1,baseline,1185.0,1190.0,0.986020514784605,0.9921517073190032,0.014269623056358078
4146,S4,1,baseline,1190.0,1195.0,0.9879879454186794,0.9885014415871998,0.020906469841454972
4147,S4,1,baseline,1195.0,1200.0,0.988809384998721,0.9942150521346662,0.010518087027879782
4148,S4,1,baseline,1200.0,1205.0,0.9896794319116032,0.991484380469694,0.015482944600556303
4149,S4,1,baseline,1205.0,1210.0,0.9887084378092095,0.9923475968741757,0.013913460228771603
4150,S4,1,baseline,1210.0,1215.0,0.9874434558479637,0.9878167240320235,0.022151410850866533
4151,S4,1,baseline,1215.0,1220.0,1.0,0.9901014759889044,0.017997316383810153
4152,S4,1,baseline,1220.0,1225.0,0.9941397037688747,0.9877024831880856,0.0223591214762081
4153,S4,1,baseline,1225.0,1230.0,0.9792222954116278,0.9977337062482692,0.004120534094056283
4154,S4,1,baseline,1230.0,1235.0,0.9854157771370466,0.990898096379679,0.016548915673311005
4155,S4,1,baseline,1235.0,1240.0,1.0,0.9957350013415645,0.0077545430153372515
4156,S4,1,baseline,1240.0,1245.0,1.0,0.9977404356329034,0.004108298849266626
4157,S4,1,baseline,1245.0,1250.0,0.982542198220523,0.9854910912830306,0.026379834030853654
4158,S4,1,baseline,1250.0,1255.0,1.0,0.9981077437016024,0.00344046599708659
4159,S4,1,baseline,1255.0,1260.0,1.0,0.9911238963375459,0.01613837029537121
4160,S4,1,baseline,1260.0,1265.0,1.0,0.9941913113491987,0.01056125209236628
4161,S4,1,baseline,1265.0,1270.0,1.0,0.9956622105755455,0.00788688986264474
4162,S4,1,baseline,1270.0,1275.0,0.9831089662003575,0.9873578743893741,0.022985682928410987
4163,S4,1,baseline,1275.0,1280.0,0.9882711503168787,0.9965135006382635,0.006339089748612
4164,S4,1,baseline,1280.0,1285.0,0.9870134762758579,0.994148322681367,0.01063941330660547
4165,S4,1,baseline,1285.0,1290.0,0.985498172626958,0.9964995932389022,0.00636437592926875
4166,S4,1,baseline,1290.0,1295.0,0.9874170011663087,0.9943765758905898,0.010224407471654888
4167,S4,1,baseline,1295.0,1300.0,0.9880200703850032,0.9943147316011196,0.01033685163432801
4168,S4,1,baseline,1300.0,1305.0,0.9868391467758113,0.9886504196826669,0.020635600576969327
4169,S4,1,baseline,1305.0,1310.0,0.9957878668104766,0.9968833948782416,0.0056665547668335635
4170,S4,1,baseline,1310.0,1315.0,1.0,0.994690871020955,0.009652961780082167
4171,S4,1,baseline,1315.0,1320.0,0.9875471410822679,0.9874550216732096,0.022809051503255146
4172,S4,1,baseline,1320.0,1325.0,0.9854371189144395,0.9945681374718573,0.009876113687532356
4173,S4,1,baseline,1325.0,1330.0,0.9939779719175317,0.9883393139672905,0.021201247332199444
4174,S4,1,baseline,1330.0,1335.0,1.0,0.9940802115543097,0.010763251719437048
4175,S4,1,baseline,1335.0,1340.0,0.9844764265718386,0.9945649101388965,0.0098819815656427
4176,S4,1,baseline,1340.0,1345.0,0.9860104207970204,0.9893019680720399,0.019450967141746
4177,S4,1,baseline,1345.0,1350.0,1.0,0.994177732173642,0.01058594150246908
4178,S4,1,baseline,1350.0,1355.0,0.994800307335286,0.9912924947790605,0.01583182767443573
4179,S4,1,baseline,1355.0,1360.0,0.9938834558212097,0.9899612599385792,0.018252254657128646
4180,S4,1,baseline,1360.0,1365.0,0.9876888612003103,0.9951978183360357,0.008731239389026112
4181,S4,1,baseline,1365.0,1370.0,0.9879844189174297,0.9946282995705995,0.00976672805345563
4182,S4,1,baseline,1370.0,1375.0,0.9860593316642021,0.9942148018081738,0.010518542166956728
4183,S4,1,baseline,1375.0,1380.0,0.9874628394580723,0.9903122260184443,0.017614134511919715
4184,S4,1,baseline,1380.0,1385.0,0.9863255756495478,0.9649316113325876,0.06376070666802265
4185,S4,1,baseline,1385.0,1390.0,0.9881100925048276,0.9880118942726179,0.021796555867967624
4186,S4,1,baseline,1390.0,1395.0,0.9876055058114446,0.9946884641454523,0.009657337917359515
4187,S4,1,baseline,1395.0,1400.0,0.9882905207430265,0.9940771739033036,0.010768774721266049
4188,S4,1,baseline,1400.0,1405.0,0.9865334049811469,0.9969705409902128,0.005508107290522298
4189,S4,1,baseline,1405.0,1410.0,0.986836192227478,0.9922436181112417,0.014102512525015123
4190,S4,1,baseline,1410.0,1415.0,0.9931019583461076,0.9940600381696325,0.010799930600668134
4191,S4,1,baseline,1415.0,1420.0,0.9894298756035204,0.9910157299136457,0.016335036520644178
4192,S4,1,baseline,1420.0,1425.0,0.99447859831777,0.994235873079774,0.010480230764047513
4193,S4,1,baseline,1425.0,1430.0,0.9845387554244601,0.9940983403671073,0.010730290241623348
4194,S4,1,baseline,1430.0,1435.0,0.9949286613302457,0.9946488522168724,0.009729359605686626
4195,S4,1,baseline,1435.0,1440.0,0.9923398168892784,0.9950014944145471,0.009088191973550751
4196,S4,3,amusement,1835.0,1840.0,0.9861707221333194,0.9880356782096666,0.02175331234606062
4197,S4,3,amusement,1840.0,1845.0,0.9867983697964747,0.9850514937033183,0.02717910235760325
4198,S4,3,amusement,1845.0,1850.0,0.9911008460314521,0.9928075955472506,0.013077099004999081
4199,S4,3,amusement,1850.0,1855.0,1.0,0.9913420117307363,0.015741796853206615
4200,S4,3,amusement,1855.0,1860.0,0.9894673314112015,0.9878838094831046,0.02202943730344637
4201,S4,3,amusement,1860.0,1865.0,0.9877805386732728,0.9840464775005962,0.029006404544370624
4202,S4,3,amusement,1865.0,1870.0,0.9887422741786386,0.9846544607417194,0.0279009804696011
4203,S4,3,amusement,1870.0,1875.0,0.9839353959529296,0.9934660629404812,0.011879885562761365
4204,S4,3,amusement,1875.0,1880.0,0.9843963542031234,0.9907622756906531,0.016795862380630924
4205,S4,3,amusement,1880.0,1885.0,0.9900733531224171,0.984130151233118,0.028854270485240148
4206,S4,3,amusement,1885.0,1890.0,0.9861927102328587,0.988095401530106,0.02164472449071631
4207,S4,3,amusement,1890.0,1895.0,0.9754840475911433,0.9913098936800864,0.01580019330893373
4208,S4,3,amusement,1895.0,1900.0,0.9850707929616278,0.9953877494838894,0.008385910029292122
4209,S4,3,amusement,1900.0,1905.0,0.9860521861760027,0.9884472849218822,0.02100493650566875
4210,S4,3,amusement,1905.0,1910.0,0.9331264377077143,0.9878955518880133,0.022008087476339505
4211,S4,3,amusement,1910.0,1915.0,0.978381546354597,0.9964395888802842,0.006473474763119681
4212,S4,3,amusement,1915.0,1920.0,0.9926479907578747,0.9934356240239426,0.011935229047377038
4213,S4,3,amusement,1920.0,1925.0,0.9852378930543645,0.9921845720984057,0.014209868911989703
4214,S4,3,amusement,1925.0,1930.0,0.9859390844596918,0.9868154615196225,0.02397188814614119
4215,S4,3,amusement,1930.0,1935.0,0.9735696450709073,0.9898979896288984,0.01836729158382112
4216,S4,3,amusement,1935.0,1940.0,0.9794471727026036,0.9790250730498049,0.03813623081853648
4217,S4,3,amusement,1940.0,1945.0,0.9885536195915275,0.9702682291807601,0.05405776512589102
4218,S4,3,amusement,1945.0,1950.0,0.9856687944895445,0.9556843324366433,0.08057394102428499
4219,S4,3,amusement,1950.0,1955.0,0.9905091334909082,0.9942931161716304,0.0103761524152176
4220,S4,3,amusement,1955.0,1960.0,0.983038839163032,0.992091465041608,0.014379154469803992
4221,S4,3,amusement,1960.0,1965.0,0.9865697732595264,0.9941789436896951,0.010583738746009232
4222,S4,3,amusement,1965.0,1970.0,0.9864218970320205,0.9955520629543728,0.008087158264776925
4223,S4,3,amusement,1970.0,1975.0,0.9846846321850942,0.9926602389318122,0.013345020123978087
4224,S4,3,amusement,1975.0,1980.0,0.9852410485673,0.995712242995137,0.007795921827023816
4225,S4,3,amusement,1980.0,1985.0,0.9914275896057699,0.9982744725278205,0.0031373226766901008
4226,S4,3,amusement,1985.0,1990.0,0.9914162200342589,0.9927011835468313,0.013270575369397845
4227,S4,3,amusement,1990.0,1995.0,0.9853296360616308,0.9871158144022607,0.023425791995889903
4228,S4,3,amusement,1995.0,2000.0,0.9846147058390802,0.9964724157199691,0.006413789600055997
4229,S4,3,amusement,2000.0,2005.0,0.9847349225551582,0.9892609649137696,0.01952551833860074
4230,S4,3,amusement,2005.0,2010.0,0.9882692242923495,0.9938028543485069,0.011267537548169365
4231,S4,3,amusement,2010.0,2015.0,0.9838818200667744,0.9935387683803836,0.011747693853848036
4232,S4,3,amusement,2015.0,2020.0,0.9835698017235308,0.989182852508981,0.01966754089276189
4233,S4,3,amusement,2020.0,2025.0,0.9837479707419066,0.9931271165316158,0.012496151760698628
4234,S4,3,amusement,2025.0,2030.0,0.983910334065523,0.9947448632688167,0.009554794056696804
4235,S4,3,amusement,2030.0,2035.0,0.9888019018190344,0.9942967489298473,0.010369547400277556
4236,S4,3,amusement,2035.0,2040.0,1.0,0.9906555103046917,0.01698998126419715
4237,S4,3,amusement,2040.0,2045.0,0.9935908662885974,0.9896155361622587,0.01888084334134795
4238,S4,3,amusement,2045.0,2050.0,0.986936125247442,0.9958008302516588,0.007634854087893097
4239,S4,3,amusement,2050.0,2055.0,0.9931713667140334,0.9953047902449215,0.008536745009233841
4240,S4,3,amusement,2055.0,2060.0,0.9616967871139119,0.9946055214882874,0.009808142748568414
4241,S4,3,amusement,2060.0,2065.0,1.0,0.994944426740326,0.009191951381225446
4242,S4,3,amusement,2065.0,2070.0,0.9918688083503406,0.9950620120840827,0.008978159847122198
4243,S4,3,amusement,2070.0,2075.0,0.9859760717078484,0.9900193767010008,0.018146587816362254
4244,S4,3,amusement,2075.0,2080.0,0.9842236859824227,0.99504914606861,0.009001552602527578
4245,S4,3,amusement,2080.0,2085.0,0.9863493796454176,0.9638563551169603,0.06571571796916319
4246,S4,3,amusement,2085.0,2090.0,0.9877900654954814,0.9844425313203733,0.028286306690230398
4247,S4,3,amusement,2090.0,2095.0,0.9891724602033924,0.9947036240622271,0.009629774432314624
4248,S4,3,amusement,2095.0,2100.0,0.9851904794455236,0.9890986334506757,0.01982066645331716
4249,S4,3,amusement,2100.0,2105.0,0.9864674926592139,0.9890484973947882,0.019911822918567235
4250,S4,3,amusement,2105.0,2110.0,0.9873106321235117,0.9907175388382379,0.01687720211229496
4251,S4,3,amusement,2110.0,2115.0,0.9856701256808309,0.9916696231712534,0.015146139688630048
4252,S4,3,amusement,2115.0,2120.0,0.9864398097802809,0.9925385803105486,0.01356621761718426
4253,S4,3,amusement,2120.0,2125.0,0.9858269332957419,0.9930041963318061,0.012719643033079854
4254,S4,3,amusement,2125.0,2130.0,0.9893942180046322,0.9906849314097399,0.016936488345927488
4255,S4,3,amusement,2130.0,2135.0,0.9823750184921346,0.988489510955755,0.020928161898627597
4256,S4,3,amusement,2135.0,2140.0,0.9829904089090915,0.9948553196480323,0.009353964276304872
4257,S4,3,amusement,2140.0,2145.0,0.9824334433012228,0.9924111524643198,0.013797904610327568
4258,S4,3,amusement,2145.0,2150.0,0.9832297241243928,0.9941218937124299,0.010687465977400314
4259,S4,3,amusement,2150.0,2155.0,0.9841784653539015,0.9802894844985433,0.03583730091173959
4260,S4,3,amusement,2155.0,2160.0,0.9848223588953027,0.98399838535123,0.029093844815945662
4261,S4,3,amusement,2160.0,2165.0,0.9825758697938888,0.9908900501300022,0.016563545218177923
4262,S4,3,amusement,2165.0,2170.0,0.986653369537986,0.9902638468294631,0.017702096673703597
4263,S4,3,amusement,2170.0,2175.0,0.9830053757072064,0.9844750172978995,0.028227241276546498
4264,S4,3,amusement,2175.0,2180.0,0.9908956784211433,0.9755575412593351,0.04444083407393622
4265,S4,3,amusement,2180.0,2185.0,0.9846726680272713,0.9957479019427162,0.007731087376879657
4266,S4,3,amusement,2185.0,2190.0,0.9887066243080525,0.9900245624463975,0.018137159188368352
4267,S4,3,amusement,2190.0,2195.0,1.0,0.9918146343026628,0.014882483086067596
4268,S4,3,amusement,2195.0,2200.0,1.0,0.9946561165293775,0.009716151764768265
4269,S4,2,stress,3615.0,3620.0,0.9407575573885877,0.9888073003772122,0.020350362950523167
4270,S4,2,stress,3620.0,3625.0,0.9817067110820792,0.9819388479041127,0.03283845835615903
4271,S4,2,stress,3625.0,3630.0,0.9418296645607195,0.964515769675367,0.06451678240842387
4272,S4,2,stress,3630.0,3635.0,0.9858608714944608,0.9856033557790214,0.02617571676541595
4273,S4,2,stress,3635.0,3640.0,0.9224014360731034,0.9949829131628931,0.009121976067467093
4274,S4,2,stress,3640.0,3645.0,0.9729671612157759,0.9775759719577239,0.04077096007686556
4275,S4,2,stress,3645.0,3650.0,0.9392632420700241,0.9853264574073817,0.026679168350215127
4276,S4,2,stress,3650.0,3655.0,0.9553593121002164,0.9758369550884287,0.04393280893012957
4277,S4,2,stress,3655.0,3660.0,0.9851565901229858,0.9960676547881171,0.00714971856705993
4278,S4,2,stress,3660.0,3665.0,0.980170667887182,0.9855549596202957,0.026263709781280547
4279,S4,2,stress,3665.0,3670.0,0.9913399709489503,0.9578817703956843,0.07657859928057421
4280,S4,2,stress,3670.0,3675.0,1.0,0.9892241535284492,0.019592448130092376
4281,S4,2,stress,3675.0,3680.0,0.9406502514874931,0.996158236584086,0.006985024392570831
4282,S4,2,stress,3680.0,3685.0,0.9797896680991013,0.9847178429637913,0.02778574006583418
4283,S4,2,stress,3685.0,3690.0,0.9858340109439152,0.9844148367637424,0.02833666042955921
4284,S4,2,stress,3690.0,3695.0,0.9819126592807422,0.9821809950381721,0.03239819083968731
4285,S4,2,stress,3695.0,3700.0,1.0,0.994615767880112,0.009789512945251051
4286,S4,2,stress,3700.0,3705.0,0.9873220435215214,0.9913214750313133,0.01577913630670305
4287,S4,2,stress,3705.0,3710.0,0.9619430009691955,0.9828118283895171,0.031251221109969134
4288,S4,2,stress,3710.0,3715.0,1.0,0.9881927907668757,0.021467653151134917
4289,S4,2,stress,3715.0,3720.0,1.0,0.9762020208817594,0.04326905294225577
4290,S4,2,stress,3720.0,3725.0,0.986941305238855,0.9863282197867014,0.024857782205997662
4291,S4,2,stress,3725.0,3730.0,0.9504445794991012,0.9956096209813445,0.007982507306646543
4292,S4,2,stress,3730.0,3735.0,1.0,0.9892016444315908,0.019633373760744064
4293,S4,2,stress,3735.0,3740.0,1.0,0.9932847915361465,0.01220946993427909
4294,S4,2,stress,3740.0,3745.0,0.9756478999777093,0.9862480319392724,0.02500357829223221
4295,S4,2,stress,3745.0,3750.0,0.9840097692526832,0.9952195147172205,0.008691791423235532
4296,S4,2,stress,3750.0,3755.0,0.9650905248004852,0.9849065894088049,0.027442564711263745
4297,S4,2,stress,3755.0,3760.0,0.9798201287767558,0.9406575843080051,0.10789530125817266
4298,S4,2,stress,3760.0,3765.0,0.9940490359092408,0.9682025165271213,0.057813606314325056
4299,S4,2,stress,3765.0,3770.0,0.982392935767877,0.9849238036956609,0.027411266007889453
4300,S4,2,stress,3770.0,3775.0,1.0,0.9925798959413605,0.013491098288435322
4301,S4,2,stress,3775.0,3780.0,0.9843909190627373,0.9698630406666098,0.05479447151525516
4302,S4,2,stress,3780.0,3785.0,0.9830067938781251,0.9925222620028891,0.013595887267474351
4303,S4,2,stress,3785.0,3790.0,1.0,0.9823475953289245,0.03209528122013733
4304,S4,2,stress,3790.0,3795.0,0.9891969182887288,0.9869962174634239,0.023643240975593165
4305,S4,2,stress,3795.0,3800.0,0.9845973812010728,0.9713545664141632,0.052082606519703326
4306,S4,2,stress,3800.0,3805.0,0.9832648497806781,0.9813610665046111,0.03388896999161625
4307,S4,2,stress,3805.0,3810.0,0.9970950477084298,0.962402118921682,0.06835978377876009
4308,S4,2,stress,3810.0,3815.0,1.0,0.9763542392822613,0.04299229221407026
4309,S4,2,stress,3815.0,3820.0,0.987998070553109,0.9711964628523886,0.0523700675411118
4310,S4,2,stress,3820.0,3825.0,0.9855216511141593,0.9696944688458495,0.055100965734819304
4311,S4,2,stress,3825.0,3830.0,0.9789941232165377,0.9883194160063813,0.0212374254429432
4312,S4,2,stress,3830.0,3835.0,0.9905665462988077,0.9800227557663825,0.03632226224294098
4313,S4,2,stress,3835.0,3840.0,1.0,0.9660065035275645,0.0618063572226101
4314,S4,2,stress,3840.0,3845.0,0.9840044041316429,0.9875570445971813,0.022623555277852262
4315,S4,2,stress,3845.0,3850.0,1.0,0.9884564428511438,0.020988285725193342
4316,S4,2,stress,3850.0,3855.0,1.0,0.9801810663046375,0.036034424900659195
4317,S4,2,stress,3855.0,3860.0,0.9785867413630028,0.9882120486120449,0.021432638887191102
4318,S4,2,stress,3860.0,3865.0,0.9870051750100888,0.9902953295821919,0.01764485530510581
4319,S4,2,stress,3865.0,3870.0,0.9800205910161772,0.9842876027671768,0.028567994968769748
4320,S4,2,stress,3870.0,3875.0,0.978266821817367,0.9622968194619215,0.06855123734196109
4321,S4,2,stress,3875.0,3880.0,0.9864467468536866,0.9925697742782402,0.013509501312290477
4322,S4,2,stress,3880.0,3885.0,0.9841812797310714,0.9915462123079528,0.015370523076449621
4323,S4,2,stress,3885.0,3890.0,0.9896712509536165,0.9972662309936227,0.004970489102504163
4324,S4,2,stress,3890.0,3895.0,0.985960915089351,0.9943984789405813,0.01018458374439776
4325,S4,2,stress,3895.0,3900.0,0.9910603898526339,0.9935051552172565,0.011808808695897672
4326,S4,2,stress,3900.0,3905.0,0.9868319500040653,0.983255223027796,0.030445049040370865
4327,S4,2,stress,3905.0,3910.0,0.9875704099137556,0.9892498760964454,0.019545679824644592
4328,S4,2,stress,3910.0,3915.0,0.9825270109975994,0.9807151390490025,0.03506338354726803
4329,S4,2,stress,3915.0,3920.0,0.9859117796224773,0.975364129753137,0.04479249135793264
4330,S4,2,stress,3920.0,3925.0,0.9853301943219819,0.9971765627688842,0.00513352223839247
4331,S4,2,stress,3925.0,3930.0,0.9864221087390264,0.9641448516295013,0.06519117885545234
4332,S4,2,stress,3930.0,3935.0,0.9867279813728419,0.9726176963016615,0.049786006724251895
4333,S4,2,stress,3935.0,3940.0,0.9850138265613937,0.9974811115589339,0.004579797165574838
4334,S4,2,stress,3940.0,3945.0,0.9884006929718949,0.9941426023434148,0.0106498139210642
4335,S4,2,stress,3945.0,3950.0,0.9870693421849405,0.9807870435468486,0.03493264809663876
4336,S4,2,stress,3950.0,3955.0,0.9928024863292231,0.9709774056826146,0.05276835330433726
4337,S4,2,stress,3955.0,3960.0,0.989740051013725,0.9794947372528999,0.03728229590381845
4338,S4,2,stress,3960.0,3965.0,0.9872952737369797,0.9758938685495522,0.04382932990990521
4339,S4,2,stress,3965.0,3970.0,0.9864644070676598,0.9944107622250031,0.010162250499994443
4340,S4,2,stress,3970.0,3975.0,0.985762847835359,0.9953403364619067,0.008472115523806186
4341,S4,2,stress,3975.0,3980.0,0.9863581622883633,0.9893679201625478,0.019331054249913344
4342,S4,2,stress,3980.0,3985.0,0.9897579070012769,0.9971389323299265,0.005201941218315572
4343,S4,2,stress,3985.0,3990.0,0.989356214457111,0.9836543784276153,0.029719311949790588
4344,S4,2,stress,3990.0,3995.0,0.9898219328754804,0.994228808992456,0.010493074559171083
4345,S4,2,stress,3995.0,4000.0,0.9879995848201566,0.9836215998681808,0.029778909330580694
4346,S4,2,stress,4000.0,4005.0,0.984602596029402,0.9824388393232122,0.03192938304870538
4347,S4,2,stress,4005.0,4010.0,0.9858982811537818,0.9912377827533816,0.015931304084760685
4348,S4,2,stress,4010.0,4015.0,0.9860340540967825,0.9881581977387135,0.02153054956597549
4349,S4,2,stress,4015.0,4020.0,0.9870964665032941,0.9826541021843564,0.03153799602844299
4350,S4,2,stress,4020.0,4025.0,0.9880167849483085,0.9933179730555604,0.012149139898981342
4351,S4,2,stress,4025.0,4030.0,0.9874780561752892,0.992354879204612,0.013900219627978225
4352,S4,2,stress,4030.0,4035.0,0.9925216856782385,0.9908083487406132,0.016712093198885235
4353,S4,2,stress,4035.0,4040.0,0.985591041740269,0.9904574222552012,0.017350141354179744
4354,S4,2,stress,4040.0,4045.0,1.0,0.9903081815774528,0.017621488040995156
4355,S4,2,stress,4045.0,4050.0,0.9914937813395782,0.9951905746090941,0.008744409801647122
4356,S4,2,stress,4050.0,4055.0,1.0,0.9875321334674727,0.022668848240958873
4357,S4,2,stress,4055.0,4060.0,0.985213751973152,0.9873082810922797,0.023075852559491242
4358,S4,2,stress,4060.0,4065.0,0.9855040926799145,0.9933629097563519,0.012067436806633062
4359,S4,2,stress,4065.0,4070.0,0.9874180728826784,0.9855926381160491,0.02619520342536542
4360,S4,2,stress,4070.0,4075.0,0.9851873902405058,0.9669663114177842,0.06006125196766523
4361,S4,2,stress,4075.0,4080.0,0.985881092323225,0.9885701186743889,0.020781602410202136
4362,S4,2,stress,4080.0,4085.0,0.9908080200849818,0.9759419414288635,0.04374192467479393
4363,S4,2,stress,4085.0,4090.0,0.9849382050572103,0.9844478061224522,0.028276716140996094
4364,S4,2,stress,4090.0,4095.0,0.9853224862388887,0.9828472446468295,0.031186827914855688
4365,S4,2,stress,4095.0,4100.0,0.9816348047709609,0.9901261891871023,0.01795238329617794
4366,S4,2,stress,4100.0,4105.0,0.9824425222425607,0.9918730768808939,0.014776223852920468
4367,S4,2,stress,4105.0,4110.0,0.9857433447509192,0.9955582697566219,0.0080758731697785
4368,S4,2,stress,4110.0,4115.0,0.9848757067878816,0.9769340161068996,0.041938152532909986
4369,S4,2,stress,4115.0,4120.0,0.9863540477262364,0.9931884633289669,0.012384612129151231
4370,S4,2,stress,4120.0,4125.0,0.9852124339870452,0.989798898761574,0.018547456797138376
4371,S4,2,stress,4125.0,4130.0,0.9865734563207997,0.9865906487058305,0.024380638716672218
4372,S4,2,stress,4130.0,4135.0,0.9837403097728541,0.9904302667764942,0.017399514951828902
4373,S4,2,stress,4135.0,4140.0,0.9852932642825486,0.9942306328221913,0.010489758505106974
4374,S4,2,stress,4140.0,4145.0,0.9860730687794093,0.9933873527096666,0.01202299507333338
4375,S4,2,stress,4145.0,4150.0,1.0,0.9910348770539428,0.016300223538285807
4376,S4,2,stress,4150.0,4155.0,0.9858787143811659,0.965331377567334,0.06303385896848393
4377,S4,2,stress,4155.0,4160.0,0.9847453024808435,0.991933758894652,0.014665892918814812
4378,S4,2,stress,4160.0,4165.0,0.9881987436783995,0.9906792761676426,0.016946770604286357
4379,S4,2,stress,4165.0,4170.0,0.9818734701854457,0.9883941945746337,0.021101464409757076
4380,S4,2,stress,4170.0,4175.0,0.9849249777520404,0.9941806004634197,0.010580726430146136
4381,S4,2,stress,4175.0,4180.0,0.9868640141732489,0.990439137913548,0.017383385611731066
4382,S4,2,stress,4180.0,4185.0,0.9850602587090457,0.99253306405506,0.013576247172618405
4383,S4,2,stress,4185.0,4190.0,0.9850950358487227,0.9957717622783773,0.007687704948405085
4384,S4,2,stress,4190.0,4195.0,0.985765348500039,0.9845848157603134,0.02802760770852102
4385,S4,2,stress,4195.0,4200.0,0.986851222635258,0.990989611882243,0.01638252385046761
4386,S4,2,stress,4200.0,4205.0,0.9908148042456518,0.9961247832722804,0.00704584859585394
4387,S4,2,stress,4205.0,4210.0,0.9868926477296797,0.9973553838507148,0.00480839299870058
4388,S4,2,stress,4210.0,4215.0,1.0,0.9823804613375884,0.0320355248407487
4389,S4,2,stress,4215.0,4220.0,0.9770975909366882,0.9915031289378053,0.015448856476717532
4390,S4,2,stress,4220.0,4225.0,0.9850031489514138,0.9940704249426253,0.010781045558863025
4391,S4,2,stress,4225.0,4230.0,0.986475771721286,0.9922762444462812,0.014043191915852406
4392,S4,2,stress,4230.0,4235.0,0.9917310990813994,0.9961624317963698,0.006977396733873217
4393,S4,2,stress,4235.0,4240.0,0.9817431648564175,0.992523522659982,0.013593595163669184
4394,S4,2,stress,4240.0,4245.0,0.9886818921058902,0.9896459019188399,0.018825632874836427
4395,S5,1,baseline,280.0,285.0,0.9850175310891349,0.9840011420392962,0.029088832655825222
4396,S5,1,baseline,285.0,290.0,0.9849620778969734,0.9925699736465896,0.013509138824382717
4397,S5,1,baseline,290.0,295.0,0.9897440619598324,0.9912478271270095,0.015913041587255608
4398,S5,1,baseline,295.0,300.0,0.989599476197337,0.9981144998832832,0.0034281820303941946
4399,S5,1,baseline,300.0,305.0,0.98386301451115,0.9761725453296939,0.04332264485510199
4400,S5,1,baseline,305.0,310.0,1.0,0.994644455104122,0.009737354356141748
4401,S5,1,baseline,310.0,315.0,0.9856851437885954,0.9957256785717938,0.007771493505829618
4402,S5,1,baseline,315.0,320.0,0.9827333207943064,0.9681590377653475,0.05789265860845904
4403,S5,1,baseline,320.0,325.0,0.9843468517671282,0.9824706752709627,0.03187149950734072
4404,S5,1,baseline,325.0,330.0,0.9849294372070707,0.9790935947131634,0.03801164597606683
4405,S5,1,baseline,330.0,335.0,0.9861178234348204,0.9919580401876174,0.014621745113423302
4406,S5,1,baseline,335.0,340.0,0.9897690452068348,0.981148065379323,0.034276244764867216
4407,S5,1,baseline,340.0,345.0,0.9811058204929836,0.9931809156246072,0.012398335227986827
4408,S5,1,baseline,345.0,350.0,1.0,0.9773894830114231,0.04111003088832176
4409,S5,1,baseline,350.0,355.0,1.0,0.9702475916794799,0.0540952878554911
4410,S5,1,baseline,355.0,360.0,0.9886148485757325,0.9922028266339367,0.014176678847388175
4411,S5,1,baseline,360.0,365.0,0.9836995558736823,0.9902556502442061,0.01771699955598895
4412,S5,1,baseline,365.0,370.0,0.9830391598985214,0.9959407002730389,0.007380544958110998
4413,S5,1,baseline,370.0,375.0,0.9827187296333111,0.9910602340604,0.01625411989018184
4414,S5,1,baseline,375.0,380.0,0.9845168964703072,0.9793243645866745,0.03759206438786478
4415,S5,1,baseline,380.0,385.0,1.0,0.9943961537213919,0.010188811415651275
4416,S5,1,baseline,385.0,390.0,1.0,0.9915549117864884,0.015354705842748312
4417,S5,1,baseline,390.0,395.0,0.9913275142298383,0.9969454419618,0.0055537418876363785
4418,S5,1,baseline,395.0,400.0,0.9840724892212915,0.9828805040222219,0.031126356323232966
4419,S5,1,baseline,400.0,405.0,0.9849302625752914,0.9924088136640934,0.013802156974375902
4420,S5,1,baseline,405.0,410.0,0.9854603578658097,0.9776648063576405,0.040609442986108364
4421,S5,1,baseline,410.0,415.0,0.9910169214977452,0.988127334159747,0.021586665164096366
4422,S5,1,baseline,415.0,420.0,0.9847072616212624,0.9931951324806532,0.012372486398812553
4423,S5,1,baseline,420.0,425.0,0.9849121427345231,0.9918497183831372,0.014818693848841744
4424,S5,1,baseline,425.0,430.0,1.0,0.9904375159424132,0.0173863346501578
4425,S5,1,baseline,430.0,435.0,0.9884887042420677,0.9906923577439584,0.016922985920075656
4426,S5,1,baseline,435.0,440.0,0.9871173775419286,0.9866996859971389,0.024182389096111284
4427,S5,1,baseline,440.0,445.0,0.9863271847982786,0.9936526295519228,0.011540673541958582
4428,S5,1,baseline,445.0,450.0,0.98380404143701,0.9588516944362164,0.0748151010250612
4429,S5,1,baseline,450.0,455.0,1.0,0.9955737330127896,0.008047758158564363
4430,S5,1,baseline,455.0,460.0,0.9846395955543011,0.9982267425439781,0.0032241044654944154
4431,S5,1,baseline,460.0,465.0,0.9884620557722404,0.9790546542707359,0.03808244678048017
4432,S5,1,baseline,465.0,470.0,0.9877836232013275,0.9938858393059868,0.011116655807296883
4433,S5,1,baseline,470.0,475.0,0.9849056891544654,0.9858747465140092,0.025682279065438064
4434,S5,1,baseline,475.0,480.0,0.9855118179099843,0.9866430080387969,0.02428543992946009
4435,S5,1,baseline,480.0,485.0,0.9862179188880786,0.9984521461432232,0.002814279739594243
4436,S5,1,baseline,485.0,490.0,0.9855522213833937,0.9960015837081588,0.007269847803347566
4437,S5,1,baseline,490.0,495.0,0.984387681224283,0.9914891291330235,0.015474310667230052
4438,S5,1,baseline,495.0,500.0,0.9836475972132575,0.9965090412166235,0.006347197787957291
4439,S5,1,baseline,500.0,505.0,0.9832954916817027,0.9982689819143051,0.003147305610354229
4440,S5,1,baseline,505.0,510.0,0.9846851953486986,0.9910187304622187,0.016329580977784423
4441,S5,1,baseline,510.0,515.0,0.9849231883995467,0.9979732798311165,0.003684945761606337
4442,S5,1,baseline,515.0,520.0,0.9837716271945347,0.9926644923548751,0.013337286627500085
4443,S5,1,baseline,520.0,525.0,0.9845679356435049,0.9980332760967057,0.003575861642353514
4444,S5,1,baseline,525.0,530.0,0.9839874814598301,0.9945514664669477,0.00990642460554995
4445,S5,1,baseline,530.0,535.0,0.9825300530648534,0.9947328027528486,0.009576722267548226
4446,S5,1,baseline,535.0,540.0,0.9861831781764789,0.9982572439857289,0.003168647298674796
4447,S5,1,baseline,540.0,545.0,0.9842540783172206,0.9957296934147402,0.007764193791381842
4448,S5,1,baseline,545.0,550.0,0.9872264627109533,0.9956999511645672,0.007818270609877801
4449,S5,1,baseline,550.0,555.0,0.9866777404625078,0.9967416194639223,0.005924328247414073
4450,S5,1,baseline,555.0,560.0,0.9873542533273969,0.9957232592027045,0.007775892358719157
4451,S5,1,baseline,560.0,565.0,0.9838226825743288,0.9975867692285121,0.0043876923117961274
4452,S5,1,baseline,565.0,570.0,0.9883436891787742,0.9982347087273657,0.003209620495698889
4453,S5,1,baseline,570.0,575.0,0.9848023402013034,0.970447436154636,0.05373193426429817
4454,S5,1,baseline,575.0,580.0,0.9844910342885161,0.9959829623169745,0.007303704878228318
4455,S5,1,baseline,580.0,585.0,0.9898975715818363,0.9900233270345538,0.018139405391720567
4456,S5,1,baseline,585.0,590.0,0.987500602590928,0.9974237380403339,0.004684112653938647
4457,S5,1,baseline,590.0,595.0,0.9834804342515615,0.9985470702331991,0.002641690485092456
4458,S5,1,baseline,595.0,600.0,0.9846094434956246,0.9958673673662757,0.007513877515862676
4459,S5,1,baseline,600.0,605.0,0.9837714217079662,0.9963536020410881,0.006629814470748967
4460,S5,1,baseline,605.0,610.0,0.984603207535896,0.967586131495694,0.0589343063714657
4461,S5,1,baseline,610.0,615.0,0.9832591535148649,0.9975063868078264,0.0045338421675882494
4462,S5,1,baseline,615.0,620.0,0.9838354717276732,0.9953755694135651,0.008408055611700093
4463,S5,1,baseline,620.0,625.0,0.9839418537693543,0.9896089465069751,0.018892824532772756
4464,S5,1,baseline,625.0,630.0,0.9853078830220632,0.9882609268548674,0.02134376935478677
4465,S5,1,baseline,630.0,635.0,0.9840006547390585,0.9911608996734826,0.016071091502758955
4466,S5,1,baseline,635.0,640.0,0.9855512244599572,0.9685892423549307,0.057110468445580646
4467,S5,1,baseline,640.0,645.0,0.987013329696052,0.9946808514916314,0.009671179106124849
4468,S5,1,baseline,645.0,650.0,0.982585221610392,0.9751810623805441,0.04512534112628336
4469,S5,1,baseline,650.0,655.0,0.9843145952996051,0.9923826525354904,0.01384972266274474
4470,S5,1,baseline,655.0,660.0,0.9843539892700788,0.997898248916409,0.003821365606529184
4471,S5,1,baseline,660.0,665.0,0.9847062586618256,0.9379348465138201,0.11284573361123626
4472,S5,1,baseline,665.0,670.0,0.983665619787977,0.926230878632485,0.1341256752136637
4473,S5,1,baseline,670.0,675.0,0.9847827073581672,0.9839296714293715,0.029218779219324618
4474,S5,1,baseline,675.0,680.0,0.9840580063424873,0.995538585067304,0.008111663513992793
4475,S5,1,baseline,680.0,685.0,0.9860073595637924,0.9927835517809749,0.013120814943682257
4476,S5,1,baseline,685.0,690.0,1.0,0.9927577896515778,0.013167655178949496
4477,S5,1,baseline,690.0,695.0,1.0,0.9896443007391016,0.018828544110724613
4478,S5,1,baseline,695.0,700.0,1.0,0.9744563269638431,0.04644304188392152
4479,S5,1,baseline,700.0,705.0,1.0,0.9938599237034791,0.011163775084583816
4480,S5,1,baseline,705.0,710.0,0.9870738461586994,0.9805307990531691,0.0353985471760562
4481,S5,1,baseline,710.0,715.0,0.9887577656062371,0.9899617788564641,0.01825131117006554
4482,S5,1,baseline,715.0,720.0,0.9841441075609005,0.9905522773800777,0.017177677490768064
4483,S5,1,baseline,720.0,725.0,0.9884805264008902,0.99256143942853,0.013524655584490917
4484,S5,1,baseline,725.0,730.0,0.990876516509052,0.9975179409448836,0.004512834645666509
4485,S5,1,baseline,730.0,735.0,0.9921148658220337,0.9800679349633894,0.036240118248383184
4486,S5,1,baseline,735.0,740.0,0.9860851522898699,0.9916543058020184,0.01517398945087554
4487,S5,1,baseline,740.0,745.0,0.9845407691749878,0.9952373784886412,0.008659311838834232
4488,S5,1,baseline,745.0,750.0,0.9839582222364046,0.996850196350324,0.005726915726683592
4489,S5,1,baseline,750.0,755.0,0.9845619537025274,0.9949544208977728,0.00917378018586789
4490,S5,1,baseline,755.0,760.0,0.9842025415954933,0.9969877938665177,0.005476738424513503
4491,S5,1,baseline,760.0,765.0,0.9845336812013991,0.9773219013878633,0.04123290656752107
4492,S5,1,baseline,765.0,770.0,0.9880754491826756,0.994118634092573,0.010693392558958148
4493,S5,1,baseline,770.0,775.0,0.9886471186690544,0.999090197572365,0.001654186232063661
4494,S5,1,baseline,775.0,780.0,0.9848230803918437,0.9927313425645841,0.013215740791665561
4495,S5,1,baseline,780.0,785.0,0.9856305755371768,0.9968419892422091,0.005741837741437923
4496,S5,1,baseline,785.0,790.0,0.98789785550699,0.997103642394962,0.005266104736432826
4497,S5,1,baseline,790.0,795.0,0.9847336229639996,0.9895914762372711,0.018924588659507132
4498,S5,1,baseline,795.0,800.0,0.9837138269554708,0.9982963289591515,0.0030975837106336124
4499,S5,1,baseline,800.0,805.0,0.9932029495844976,0.9971075820773003,0.00525894167763572
4500,S5,1,baseline,805.0,810.0,0.9868824971819152,0.997508269878383,0.004530418402940005
4501,S5,1,baseline,810.0,815.0,0.9851771443622463,0.9971846126102735,0.005118886163138997
4502,S5,1,baseline,815.0,820.0,0.9846124844532761,0.9982892810592636,0.003110398074066133
4503,S5,1,baseline,820.0,825.0,0.9845022635054699,0.996387771057085,0.006567688987118332
4504,S5,1,baseline,825.0,830.0,0.9844704978105742,0.9889045802896426,0.02017349038246793
4505,S5,1,baseline,830.0,835.0,0.9921537139012669,0.9910094496349231,0.01634645520923076
4506,S5,1,baseline,835.0,840.0,0.9850287961235206,0.9979194399978775,0.0037828363674953856
4507,S5,1,baseline,840.0,845.0,0.9870665691118312,0.9957276753283069,0.007767863039442373
4508,S5,1,baseline,845.0,850.0,0.9832623335546629,0.9944160659272692,0.010152607404965297
4509,S5,1,baseline,850.0,855.0,1.0,0.9538031531004472,0.08399426709009611
4510,S5,1,baseline,855.0,860.0,1.0,0.977975879286469,0.04004385584278355
4511,S5,1,baseline,860.0,865.0,0.9870750048742154,0.98743729661505,0.02284127888172724
4512,S5,1,baseline,865.0,870.0,0.9847239742197177,0.9976278941662504,0.004312919697726702
4513,S5,1,baseline,870.0,875.0,0.985928041873583,0.995722332513564,0.007777577248065425
4514,S5,1,baseline,875.0,880.0,0.9837070385187034,0.9982283576595277,0.0032211678917680904
4515,S5,1,baseline,880.0,885.0,0.9848540194383041,0.9883136887121768,0.021247838705132905
4516,S5,1,baseline,885.0,890.0,0.9846671635603295,0.9972838858916466,0.004938389287915511
4517,S5,1,baseline,890.0,895.0,0.9853380611484671,0.9945073549773915,0.009986627313833677
4518,S5,1,baseline,895.0,900.0,0.984654758548537,0.9984453787620811,0.0028265840689433775
4519,S5,1,baseline,900.0,905.0,0.9843017156377505,0.9982561608687104,0.0031706166023448765
4520,S5,1,baseline,905.0,910.0,0.9852112518197583,0.998227453926406,0.0032228110428984425
4521,S5,1,baseline,910.0,915.0,0.984979221389504,0.9984441055305742,0.0028288990353198032
4522,S5,1,baseline,915.0,920.0,0.9845154185565524,0.9939186491532761,0.01105700153949822
4523,S5,1,baseline,920.0,925.0,0.984226858505341,0.9911806718540501,0.016035142083545208
4524,S5,1,baseline,925.0,930.0,0.9839027441018353,0.9961854227673486,0.006935594968457424
4525,S5,1,baseline,930.0,935.0,0.9896474172067091,0.9962102878800156,0.0068903856726987185
4526,S5,1,baseline,935.0,940.0,0.9837193169908345,0.997902920490666,0.0038128718351526166
4527,S5,1,baseline,940.0,945.0,0.9827127733476594,0.9938694115226636,0.011146524504247989
4528,S5,1,baseline,945.0,950.0,0.9881885177709273,0.9968546001255902,0.005718908862563368
4529,S5,1,baseline,950.0,955.0,0.9837741293283592,0.994108950265888,0.010710999516567541
4530,S5,1,baseline,955.0,960.0,0.9849136405493881,0.9949454632855064,0.009190066753624783
4531,S5,1,baseline,960.0,965.0,0.9846151200340351,0.9920810018902253,0.014398178381408675
4532,S5,1,baseline,965.0,970.0,0.9839555878406803,0.9901127269302019,0.017976860126905803
4533,S5,1,baseline,970.0,975.0,0.9905527280107363,0.9799645214892161,0.03642814274687984
4534,S5,1,baseline,975.0,980.0,0.9842351996372709,0.9968221813347415,0.005777852118652016
4535,S5,1,baseline,980.0,985.0,0.9836089488982213,0.9956550871168914,0.0078998416056521
4536,S5,1,baseline,985.0,990.0,0.9854908375645874,0.9938497884938879,0.011182202738385504
4537,S5,1,baseline,990.0,995.0,0.9778323750868034,0.991677527174464,0.015131768773701874
4538,S5,1,baseline,995.0,1000.0,1.0,0.9836634661001311,0.029702788908852647
4539,S5,1,baseline,1000.0,1005.0,0.9851827815241065,0.9968406701730392,0.005744236049019823
4540,S5,1,baseline,1005.0,1010.0,0.9837043726232071,0.9876317829458505,0.02248766737118088
4541,S5,1,baseline,1010.0,1015.0,0.9826068104653958,0.9983088951504562,0.0030747360900799264
4542,S5,1,baseline,1015.0,1020.0,0.9830703656879626,0.9972383639787106,0.005021156402344578
4543,S5,1,baseline,1020.0,1025.0,0.9839499385619722,0.998480173857546,0.002763320259007397
4544,S5,1,baseline,1025.0,1030.0,0.9831531019021035,0.9882399010677507,0.021381998058635172
4545,S5,1,baseline,1030.0,1035.0,0.9837861295555284,0.9892088415392268,0.019620288110496615
4546,S5,1,baseline,1035.0,1040.0,0.9875939858156677,0.992811234715048,0.013070482336276723
4547,S5,1,baseline,1040.0,1045.0,0.9880506852717861,0.9808541773863062,0.0348105865703523
4548,S5,1,baseline,1045.0,1050.0,0.9835202541631359,0.9951738025621109,0.00877490443252591
4549,S5,1,baseline,1050.0,1055.0,1.0,0.9860107313809396,0.025435033852837328
4550,S5,1,baseline,1055.0,1060.0,0.9852878833805575,0.9894371708469873,0.01920514391456875
4551,S5,1,baseline,1060.0,1065.0,0.9867660994281329,0.9851005563341146,0.02708989757433719
4552,S5,1,baseline,1065.0,1070.0,0.9848323517451106,0.9865532471207084,0.02444864159871228
4553,S5,1,baseline,1070.0,1075.0,0.9676583924177108,0.9837024117277386,0.029631978676838925
4554,S5,1,baseline,1075.0,1080.0,0.979166802819694,0.9866092801440598,0.024346763374436968
4555,S5,1,baseline,1080.0,1085.0,0.9836341272463406,0.9601622859307442,0.07243220739864704
4556,S5,1,baseline,1085.0,1090.0,0.9876315396328175,0.9901367695784731,0.017933146220958082
4557,S5,1,baseline,1090.0,1095.0,0.9833708720301289,0.9914898258057503,0.015473043989545012
4558,S5,1,baseline,1095.0,1100.0,0.984672388446475,0.9941879467435839,0.010567369557120492
4559,S5,1,baseline,1100.0,1105.0,0.9841229682500231,0.9956218386830673,0.007960293303514075
4560,S5,1,baseline,1105.0,1110.0,0.9907150891123144,0.9917362003381782,0.015025090294221582
4561,S5,1,baseline,1110.0,1115.0,0.9945385519110472,0.9976607264340027,0.004253224665449788
4562,S5,1,baseline,1115.0,1120.0,0.9856118295397216,0.9929054169339755,0.012899241938226695
4563,S5,1,baseline,1120.0,1125.0,0.9828790308943858,0.9927073280775689,0.013259403495329265
4564,S5,1,baseline,1125.0,1130.0,0.9877809951910396,0.9667149211424864,0.0605183251954795
4565,S5,1,baseline,1130.0,1135.0,1.0,0.9761599575503654,0.04334553172660836
4566,S5,1,baseline,1135.0,1140.0,1.0,0.9915844548616499,0.01530099116063639
4567,S5,1,baseline,1140.0,1145.0,0.9858284915132673,0.9915957744512682,0.015280410088603286
4568,S5,1,baseline,1145.0,1150.0,0.9834251186261427,0.9988292212251915,0.002128688681470271
4569,S5,1,baseline,1150.0,1155.0,0.9834263581535179,0.9941706494329487,0.010598819212820704
4570,S5,1,baseline,1155.0,1160.0,0.9827785354397629,0.9649791394183682,0.06367429196660342
4571,S5,1,baseline,1160.0,1165.0,0.9833800236947401,0.9960243685452106,0.007228420826890055
4572,S5,1,baseline,1165.0,1170.0,1.0,0.9936172294863326,0.011605037297577218
4573,S5,1,baseline,1170.0,1175.0,1.0,0.9978835870340239,0.0038480235745020374
4574,S5,1,baseline,1175.0,1180.0,0.9826220466899481,0.994905585842357,0.009262571195714522
4575,S5,1,baseline,1180.0,1185.0,0.9839058374073483,0.9628928715377296,0.06746750629503712
4576,S5,1,baseline,1185.0,1190.0,0.984215689868956,0.9906422680422691,0.017014058104965573
4577,S5,1,baseline,1190.0,1195.0,0.9932662647718113,0.97531178482125,0.044887663961363795
4578,S5,1,baseline,1195.0,1200.0,0.9841465947919903,0.987053022151926,0.023539959723770938
4579,S5,1,baseline,1200.0,1205.0,0.9834064969631289,0.9865893082551398,0.02438307589974608
4580,S5,1,baseline,1205.0,1210.0,0.9825570009529078,0.9697305016899769,0.05503545147276956
4581,S5,1,baseline,1210.0,1215.0,0.9823277341374858,0.9818944295052661,0.032919219081334494
4582,S5,1,baseline,1215.0,1220.0,0.9825310871185561,0.9904424671674854,0.017377332422754084
4583,S5,1,baseline,1220.0,1225.0,1.0,0.9696479682264703,0.05518551231550884
4584,S5,1,baseline,1225.0,1230.0,0.9835531672806032,0.9968984056029335,0.005639262540121195
4585,S5,1,baseline,1230.0,1235.0,0.9832989496567291,0.9940600555530141,0.01079989899451987
4586,S5,1,baseline,1235.0,1240.0,0.9823623322441576,0.9838344413131321,0.029391924885214468
4587,S5,1,baseline,1240.0,1245.0,0.9848426824238069,0.9912611999288328,0.015888727402122188
4588,S5,1,baseline,1245.0,1250.0,0.9845220189372091,0.9956093416997169,0.007983015091423983
4589,S5,1,baseline,1250.0,1255.0,0.9837021340947572,0.9856474703585674,0.026095508438968303
4590,S5,1,baseline,1255.0,1260.0,0.9871997266463933,0.9944125205449832,0.010159053554576131
4591,S5,1,baseline,1260.0,1265.0,0.9847565090193892,0.9927324648385647,0.013213700293518848
4592,S5,1,baseline,1265.0,1270.0,0.9837461772056956,0.9950285607385487,0.009038980475365995
4593,S5,1,baseline,1270.0,1275.0,0.9843076303224216,0.9832147400925613,0.030518654377161666
4594,S5,1,baseline,1275.0,1280.0,0.9841366503080096,0.9954114204133895,0.008342871975655796
4595,S5,1,baseline,1280.0,1285.0,0.9821328335222318,0.9931945227230541,0.012373595048992835
4596,S5,1,baseline,1285.0,1290.0,1.0,0.9952224139245776,0.008686520137132005
4597,S5,1,baseline,1290.0,1295.0,1.0,0.9860069021333862,0.025441996121116146
4598,S5,1,baseline,1295.0,1300.0,0.9838801346339042,0.9627297035535669,0.06776417535715111
4599,S5,1,baseline,1300.0,1305.0,0.984683501740076,0.9969671074036097,0.005514350175255032
4600,S5,1,baseline,1305.0,1310.0,0.9830065405399527,0.9751465267413595,0.045188133197528346
4601,S5,1,baseline,1310.0,1315.0,0.9834319719415486,0.9921615462046451,0.014251734173372462
4602,S5,1,baseline,1315.0,1320.0,0.9864303837151961,0.9855007197069472,0.026362327805550825
4603,S5,1,baseline,1320.0,1325.0,0.9890511281257337,0.9956896173648093,0.007837059336710533
4604,S5,1,baseline,1325.0,1330.0,0.9861502651517212,0.9798771819396914,0.03658694192783373
4605,S5,1,baseline,1330.0,1335.0,1.0,0.9894873307664802,0.019113944060945375
4606,S5,1,baseline,1335.0,1340.0,1.0,0.995629119020933,0.007947056325576738
4607,S5,1,baseline,1340.0,1345.0,0.9850004253530077,0.9852875262966232,0.02674995218795795
4608,S5,1,baseline,1345.0,1350.0,0.9870422789810365,0.9889340028104503,0.02011999489009039
4609,S5,1,baseline,1350.0,1355.0,0.9862312103962464,0.990457218960827,0.01735051098031464
4610,S5,1,baseline,1355.0,1360.0,0.9830903540127723,0.994239269142638,0.01047405610429456
4611,S5,1,baseline,1360.0,1365.0,0.9839632328541034,0.9845371070461473,0.02811435082518687
4612,S5,1,baseline,1365.0,1370.0,0.9847228370579457,0.9744444335074189,0.04646466635014758
4613,S5,1,baseline,1370.0,1375.0,0.9832751736073326,0.9797686491761501,0.03678427422518187
4614,S5,1,baseline,1375.0,1380.0,0.9852830070452094,0.9944509077616348,0.010089258615209713
4615,S5,1,baseline,1380.0,1385.0,0.9923982510881474,0.9795981355981356,0.03709429891248077
4616,S5,1,baseline,1385.0,1390.0,0.9841885423687701,0.9931454644607849,0.01246279188948227
4617,S5,1,baseline,1390.0,1395.0,0.9837320518161898,0.9954800459348185,0.008218098300329983
4618,S5,1,baseline,1395.0,1400.0,0.9836266134059573,0.9970865994145741,0.005297091973501572
4619,S5,1,baseline,1400.0,1405.0,0.9842375679226758,0.9942751046353067,0.010408900663078705
4620,S5,1,baseline,1405.0,1410.0,0.9866508086059269,0.9862499886929148,0.025000020558336944
4621,S5,1,baseline,1410.0,1415.0,0.9851885882708731,0.989146393519313,0.019733829964885496
4622,S5,1,baseline,1415.0,1420.0,0.9840390877019363,0.9918477654993001,0.014822244546727367
4623,S5,1,baseline,1420.0,1425.0,0.9842203654045734,0.9797277877313626,0.03685856776115915
4624,S5,1,baseline,1425.0,1430.0,0.9846704664889232,0.9946011331008591,0.009816121634801556
4625,S5,1,baseline,1430.0,1435.0,0.9841220811875561,0.9897542599480036,0.018628618276357135
4626,S5,1,baseline,1435.0,1440.0,0.9836420466031073,0.9945021473146471,0.009996095791550868
4627,S5,1,baseline,1440.0,1445.0,0.9832078566937716,0.992460806920789,0.013707623780383614
4628,S5,1,baseline,1445.0,1450.0,0.9843856219369188,0.9934844368015505,0.01184647854263557
4629,S5,1,baseline,1450.0,1455.0,0.9907222702342153,0.9888628993148842,0.020249273972937725
4630,S5,1,baseline,1455.0,1460.0,0.9842984689311048,0.9866339301027045,0.024301945267810054
4631,S5,1,baseline,1460.0,1465.0,0.9845490367545036,0.9965197226437978,0.006327777011276695
4632,S5,1,baseline,1465.0,1470.0,0.9833840136163112,0.9939969558753148,0.010914625681245887
4633,S5,1,baseline,1470.0,1475.0,0.9831319843012837,0.9893910323530957,0.01928903208528087
4634,S5,3,amusement,1865.0,1870.0,1.0,0.9841954393471946,0.02873556482328291
4635,S5,3,amusement,1870.0,1875.0,0.9889320043860554,0.9785376449954784,0.0390224636445849
4636,S5,3,amusement,1875.0,1880.0,0.9861584500000471,0.985595287196779,0.026190386914947465
4637,S5,3,amusement,1880.0,1885.0,1.0,0.9770831300074634,0.04166703635006651
4638,S5,3,amusement,1885.0,1890.0,1.0,0.995726180857891,0.007770580258380052
4639,S5,3,amusement,1890.0,1895.0,0.9839619478554676,0.9923776894996743,0.013858746364228406
4640,S5,3,amusement,1895.0,1900.0,0.9852476639677142,0.9918883685242001,0.01474842086509084
4641,S5,3,amusement,1900.0,1905.0,0.9823226273452083,0.9840215925738558,0.02905164986571689
4642,S5,3,amusement,1905.0,1910.0,0.9842492035699231,0.9794126338810782,0.03743157476167594
4643,S5,3,amusement,1910.0,1915.0,0.9824111298402748,0.9856684659175778,0.02605733469531326
4644,S5,3,amusement,1915.0,1920.0,0.9829294409984798,0.9730289660715938,0.049038243506193104
4645,S5,3,amusement,1920.0,1925.0,0.9823803774813837,0.9855298546882341,0.026309355112301928
4646,S5,3,amusement,1925.0,1930.0,0.98352765232399,0.985917504981086,0.025604536398025422
4647,S5,3,amusement,1930.0,1935.0,0.9830331894711432,0.9678921897225183,0.0583778368681484
4648,S5,3,amusement,1935.0,1940.0,1.0,0.967021718247554,0.05996051227717476
4649,S5,3,amusement,1940.0,1945.0,1.0,0.9768662299093953,0.042061400164735946
4650,S5,3,amusement,1945.0,1950.0,0.9815751836453452,0.9863783098276213,0.024766709404324867
4651,S5,3,amusement,1950.0,1955.0,0.9812004578065715,0.9894546950740659,0.01917328168351656
4652,S5,3,amusement,1955.0,1960.0,0.9809297748402332,0.9786892115040449,0.03874688817446381
4653,S5,3,amusement,1960.0,1965.0,1.0,0.9939985042077544,0.010911810531355872
4654,S5,3,amusement,1965.0,1970.0,1.0,0.9881614194367467,0.021524691933187734
4655,S5,3,amusement,1970.0,1975.0,0.983089725936315,0.9700692047783219,0.054419627675778286
4656,S5,3,amusement,1975.0,1980.0,0.9827403300244787,0.9883386253672728,0.02120249933223134
4657,S5,3,amusement,1980.0,1985.0,1.0,0.932431404626055,0.12285199158899092
4658,S5,3,amusement,1985.0,1990.0,0.9887329676644283,0.985270859981072,0.026780254579869375
4659,S5,3,amusement,1990.0,1995.0,0.9824894451657737,0.9925696998101563,0.013509636708806937
4660,S5,3,amusement,1995.0,2000.0,0.9830623932160335,0.9772588323494493,0.041347577546455704
4661,S5,3,amusement,2000.0,2005.0,0.9868156358051388,0.9734894511756831,0.0482009978623944
4662,S5,3,amusement,2005.0,2010.0,0.983506330883156,0.9836241384044309,0.029774293810125835
4663,S5,3,amusement,2010.0,2015.0,1.0,0.9897497396283117,0.01863683703943323
4664,S5,3,amusement,2015.0,2020.0,1.0,0.9887150154267996,0.020518153769455174
4665,S5,3,amusement,2020.0,2025.0,0.9825494180049054,0.9808921464794182,0.03474155185560332
4666,S5,3,amusement,2025.0,2030.0,0.9818802041527821,0.9857180438018789,0.02596719308749313
4667,S5,3,amusement,2030.0,2035.0,0.9887006321144874,0.9690621560442192,0.05625062537414677
4668,S5,3,amusement,2035.0,2040.0,0.9843768123228106,0.9924073362475778,0.013804843186222108
4669,S5,3,amusement,2040.0,2045.0,0.9804642521172031,0.9838956977069317,0.02928054962376059
4670,S5,3,amusement,2045.0,2050.0,0.9824852714941439,0.9794839345986799,0.03730193709330943
4671,S5,3,amusement,2050.0,2055.0,0.9811532714393919,0.9676302445050526,0.05885410089990441
4672,S5,3,amusement,2055.0,2060.0,0.9824974690961857,0.9648765589429837,0.063860801921848
4673,S5,3,amusement,2060.0,2065.0,0.9819792673761238,0.9894222662515308,0.019232243179035
4674,S5,3,amusement,2065.0,2070.0,0.9825175616348805,0.9857162284000995,0.025970493818000845
4675,S5,3,amusement,2070.0,2075.0,0.9814798458326647,0.9822914292794422,0.03219740131010513
4676,S5,3,amusement,2075.0,2080.0,0.9833211195633199,0.9670611102265416,0.059888890497197075
4677,S5,3,amusement,2080.0,2085.0,0.9807994134777804,0.9782663223978474,0.03951577745845931
4678,S5,3,amusement,2085.0,2090.0,0.9829951365574785,0.9728827157325408,0.04930415321356203
4679,S5,3,amusement,2090.0,2095.0,0.9859369091288265,0.9792901019064719,0.03765436017005119
4680,S5,3,amusement,2095.0,2100.0,0.9837049028399409,0.9858407246566041,0.025744136987992536
4681,S5,3,amusement,2100.0,2105.0,1.0,0.9895893069010806,0.018928532907126327
4682,S5,3,amusement,2105.0,2110.0,1.0,0.9792178074363003,0.0377858046612722
4683,S5,3,amusement,2110.0,2115.0,0.984974976272107,0.9702473294080523,0.05409576471263257
4684,S5,3,amusement,2115.0,2120.0,0.9829050244928479,0.9675476433156984,0.05900428488054846
4685,S5,3,amusement,2120.0,2125.0,0.9828555152358001,0.9596323191751792,0.07339578331785623
4686,S5,3,amusement,2125.0,2130.0,0.9830213910321585,0.9716202489711563,0.05159954732517037
4687,S5,3,amusement,2130.0,2135.0,0.9852001814552113,0.9736182275758332,0.04796685895303059
4688,S5,3,amusement,2135.0,2140.0,0.9877272681225429,0.9684571217237321,0.057350687775032785
4689,S5,3,amusement,2140.0,2145.0,0.9825467110587495,0.9928619273944037,0.01297831382835676
4690,S5,3,amusement,2145.0,2150.0,0.9829038363152759,0.9752489802501063,0.045001854090715936
4691,S5,3,amusement,2150.0,2155.0,0.9820818035148436,0.9878332365821885,0.022121388032384514
4692,S5,3,amusement,2155.0,2160.0,0.9829500898616065,0.9951421109164749,0.008832525606409555
4693,S5,3,amusement,2160.0,2165.0,0.988446366120138,0.9915018147888961,0.015451245838370741
4694,S5,3,amusement,2165.0,2170.0,0.9813360999643541,0.981844885586731,0.03300929893321663
4695,S5,3,amusement,2170.0,2175.0,1.0,0.9903531952630358,0.017539644976298587
4696,S5,3,amusement,2175.0,2180.0,1.0,0.9806198774950305,0.035236586372671914
4697,S5,3,amusement,2180.0,2185.0,0.9824372080689209,0.9547645298988656,0.08224630927479008
4698,S5,3,amusement,2185.0,2190.0,1.0,0.9739042362771202,0.0474468431325089
4699,S5,3,amusement,2190.0,2195.0,1.0,0.9812727949918929,0.03404946365110407
4700,S5,3,amusement,2195.0,2200.0,0.9820161923769017,0.9733166506605226,0.04851518061723175
4701,S5,3,amusement,2200.0,2205.0,0.989521835866535,0.9792038361336921,0.037811207029650726
4702,S5,3,amusement,2205.0,2210.0,0.984296695980165,0.981167125412423,0.034241590159231096
4703,S5,3,amusement,2210.0,2215.0,0.9815865547859999,0.9762021687398923,0.04326878410928703
4704,S5,3,amusement,2215.0,2220.0,0.9797596620927832,0.9905026786116184,0.01726785706978463
4705,S5,3,amusement,2220.0,2225.0,0.9819920183096544,0.9703053430294026,0.05399028540108617
4706,S5,3,amusement,2225.0,2230.0,0.9841299414836162,0.9615057656346659,0.0699895170278804
4707,S5,3,amusement,2230.0,2235.0,0.9843097721217268,0.9723265591899228,0.05031534692741328
4708,S5,2,stress,3605.0,3610.0,0.9886837685885611,0.9347140734197268,0.11870168469140607
4709,S5,2,stress,3610.0,3615.0,0.9838388221379113,0.9774762418135832,0.04095228761166688
4710,S5,2,stress,3615.0,3620.0,1.0,0.8965339297347213,0.1881201277550521
4711,S5,2,stress,3620.0,3625.0,0.9783279190331139,0.9560390908511371,0.0799289257252052
4712,S5,2,stress,3625.0,3630.0,0.9812161933577433,0.8840042714973326,0.21090132455030428
4713,S5,2,stress,3630.0,3635.0,0.9792021645861767,0.9614907512890507,0.07001681583808965
4714,S5,2,stress,3635.0,3640.0,0.9787035652108981,0.9777852471931707,0.04039045964878071
4715,S5,2,stress,3640.0,3645.0,0.97736669958134,0.9612307564471556,0.07048953373244428
4716,S5,2,stress,3645.0,3650.0,0.9809376721896148,0.9736020226177411,0.04799632251319806
4717,S5,2,stress,3650.0,3655.0,0.9784214234385256,0.9556569301083002,0.0806237634394543
4718,S5,2,stress,3655.0,3660.0,0.9771334912094787,0.9608386629843597,0.0712024309375278
4719,S5,2,stress,3660.0,3665.0,1.0,0.9519248073218074,0.08740944123307738
4720,S5,2,stress,3665.0,3670.0,1.0,0.926612720835394,0.13343141666292008
4721,S5,2,stress,3670.0,3675.0,0.9754975328764566,0.9739928541848848,0.0472857196638458
4722,S5,2,stress,3675.0,3680.0,0.9948237486280336,0.962172993519274,0.06877637541950211
4723,S5,2,stress,3680.0,3685.0,0.9773182427486874,0.9646922931176853,0.06419583069511768
4724,S5,2,stress,3685.0,3690.0,0.9886838575928352,0.9601855980754264,0.07238982168104323
4725,S5,2,stress,3690.0,3695.0,1.0,0.9565264270283924,0.07904285994837773
4726,S5,2,stress,3695.0,3700.0,0.9824061205079788,0.9655431746196659,0.06264877341878933
4727,S5,2,stress,3700.0,3705.0,0.9740332316773562,0.9657297155346607,0.06230960811879878
4728,S5,2,stress,3705.0,3710.0,0.9813907222952661,0.9587303344749594,0.07503575550007412
4729,S5,2,stress,3710.0,3715.0,0.9793290388213384,0.9153376675182172,0.15393151360324162
4730,S5,2,stress,3715.0,3720.0,0.980528103560675,0.9847930639236258,0.0276489746843168
4731,S5,2,stress,3720.0,3725.0,0.9849420874165712,0.9953479791966884,0.008458219642384766
4732,S5,2,stress,3725.0,3730.0,0.9857077898824947,0.9391159359657666,0.11069829824406095
4733,S5,2,stress,3730.0,3735.0,0.9812362621317934,0.9011482191867337,0.17973051056957515
4734,S5,2,stress,3735.0,3740.0,0.976740047261632,0.9810688261114229,0.03442031616104923
4735,S5,2,stress,3740.0,3745.0,0.9828470243893851,0.9293916257649937,0.1283788622454661
4736,S5,2,stress,3745.0,3750.0,0.9927970840292368,0.9296228454016213,0.12795846290614316
4737,S5,2,stress,3750.0,3755.0,0.9901598070335309,0.9778773893533379,0.040222928448476664
4738,S5,2,stress,3755.0,3760.0,0.9932883460254496,0.9783791832743738,0.039310575864774926
4739,S5,2,stress,3760.0,3765.0,0.9899648953202538,0.9802385816771353,0.035929851496117646
4740,S5,2,stress,3765.0,3770.0,0.9786528296176727,0.9772482544511276,0.04136681008885901
4741,S5,2,stress,3770.0,3775.0,0.98323895299776,0.979975934418335,0.036407391966663594
4742,S5,2,stress,3775.0,3780.0,0.9709289921679987,0.925172051598526,0.13605081527540747
4743,S5,2,stress,3780.0,3785.0,1.0,0.9206463494578663,0.14427936462206126
4744,S5,2,stress,3785.0,3790.0,0.9724472234890638,0.9827827853166387,0.03130402669702073
4745,S5,2,stress,3790.0,3795.0,0.9854298766933781,0.9340295796090679,0.11994621889260397
4746,S5,2,stress,3795.0,3800.0,0.9854765825158508,0.9914626274119098,0.015522495614709295
4747,S5,2,stress,3800.0,3805.0,0.9830647157636194,0.9882443256897435,0.021373953291375546
4748,S5,2,stress,3805.0,3810.0,0.9873098665213514,0.9726074439086794,0.049804647438765004
4749,S5,2,stress,3810.0,3815.0,0.982306944474243,0.970058954855866,0.05443826389842535
4750,S5,2,stress,3815.0,3820.0,0.9843376551684606,0.9744231656084918,0.04650333525728748
4751,S5,2,stress,3820.0,3825.0,0.9607861279004531,0.9465110281889791,0.09725267602003804
4752,S5,2,stress,3825.0,3830.0,0.9701836225265986,0.9671447597611236,0.059736800434320864
4753,S5,2,stress,3830.0,3835.0,0.9763670774232952,0.9233887033154118,0.13929326669925124
4754,S5,2,stress,3835.0,3840.0,0.9747236116802201,0.9750825847088862,0.045304391438388845
4755,S5,2,stress,3840.0,3845.0,0.9683248950717112,0.9578453844589829,0.07664475552912185
4756,S5,2,stress,3845.0,3850.0,0.9794295243296502,0.9234349434939149,0.1392091936474277
4757,S5,2,stress,3850.0,3855.0,1.0,0.9863162737696756,0.024879502236953482
4758,S5,2,stress,3855.0,3860.0,1.0,0.9399222839820852,0.10923221094166335
4759,S5,2,stress,3860.0,3865.0,0.9738550911735987,0.9797658367763831,0.036789387679303565
4760,S5,2,stress,3865.0,3870.0,0.9749236801603476,0.9387704764584667,0.1113264064391516
4761,S5,2,stress,3870.0,3875.0,1.0,0.9025922760784648,0.17710495258460948
4762,S5,2,stress,3875.0,3880.0,1.0,0.9778039034642931,0.040356539155830734
4763,S5,2,stress,3880.0,3885.0,1.0,0.9419438993953727,0.10555654655386787
4764,S5,2,stress,3885.0,3890.0,1.0,0.9392440335894398,0.11046539347374593
4765,S5,2,stress,3890.0,3895.0,0.9823475474126543,0.9701969724987498,0.05418732272954607
4766,S5,2,stress,3895.0,3900.0,1.0,0.964402005586003,0.0647236262072674
4767,S5,2,stress,3900.0,3905.0,0.984407288058672,0.9422636353395744,0.10497520847350113
4768,S5,2,stress,3905.0,3910.0,0.9806814204470238,0.9792992270408902,0.037637769016563405
4769,S5,2,stress,3910.0,3915.0,0.9819755859541734,0.9875794285496968,0.0225828571823696
4770,S5,2,stress,3915.0,3920.0,0.978905748181458,0.970647762809179,0.05336770398331088
4771,S5,2,stress,3920.0,3925.0,0.9828465573687287,0.9559138522791719,0.08015663221968736
4772,S5,2,stress,3925.0,3930.0,0.979735468840612,0.9705327799157446,0.0535767637895555
4773,S5,2,stress,3930.0,3935.0,1.0,0.9854143113207927,0.026519433962195325
4774,S5,2,stress,3935.0,3940.0,1.0,0.9851793033942466,0.02694672110136988
4775,S5,2,stress,3940.0,3945.0,1.0,0.9527648464356269,0.08588209738976953
4776,S5,2,stress,3945.0,3950.0,0.9925798620195319,0.9656792091511981,0.06240143790691281
4777,S5,2,stress,3950.0,3955.0,0.98268590679182,0.9621939122973768,0.06873834127749669
4778,S5,2,stress,3955.0,3960.0,0.9779158139945102,0.9722201775994364,0.05050876800102491
4779,S5,2,stress,3960.0,3965.0,0.9775279847090771,0.9405264494379424,0.1081337282946503
4780,S5,2,stress,3965.0,3970.0,0.978438127043117,0.8617951562332345,0.25128153412139176
4781,S5,2,stress,3970.0,3975.0,0.9775294483616079,0.9654970920859611,0.0627325598437073
4782,S5,2,stress,3975.0,3980.0,0.9776740090437487,0.9516987263056917,0.08782049762601529
4783,S5,2,stress,3980.0,3985.0,0.9850719284328806,0.9857651270636711,0.025881587156961528
4784,S5,2,stress,3985.0,3990.0,0.9860434701595636,0.9866097926469226,0.024345831551049968
4785,S5,2,stress,3990.0,3995.0,0.9803152666820134,0.9701971861117578,0.05418693434225856
4786,S5,2,stress,3995.0,4000.0,0.9822694157100338,0.9853856708196636,0.026571507600611926
4787,S5,2,stress,4000.0,4005.0,0.9813590289331928,0.9894975485388295,0.019095366293037482
4788,S5,2,stress,4005.0,4010.0,0.9771966638441805,0.9895969365245918,0.018914660864378565
4789,S5,2,stress,4010.0,4015.0,0.9802681252145039,0.9777683292632977,0.040421219521276815
4790,S5,2,stress,4015.0,4020.0,0.9788969302802913,0.980550996318136,0.03536182487611623
4791,S5,2,stress,4020.0,4025.0,0.9841153793068813,0.9913763535320317,0.015679357214488016
4792,S5,2,stress,4025.0,4030.0,1.0,0.9869625351222258,0.02370448159595305
4793,S5,2,stress,4030.0,4035.0,1.0,0.9871354101647414,0.023390163336833813
4794,S5,2,stress,4035.0,4040.0,1.0,0.977308478403538,0.04125731199356737
4795,S5,2,stress,4040.0,4045.0,1.0,0.9880329757246971,0.021758225955096196
4796,S5,2,stress,4045.0,4050.0,0.98298171878501,0.9873437411235289,0.023011379775402362
4797,S5,2,stress,4050.0,4055.0,0.9801923290573077,0.9402277518094249,0.10867681489195505
4798,S5,2,stress,4055.0,4060.0,0.9792672975932842,0.9641657193961797,0.06515323746149156
4799,S5,2,stress,4060.0,4065.0,0.9738285370464278,0.9470960595861064,0.09618898257071572
4800,S5,2,stress,4065.0,4070.0,0.9725792505033005,0.9426165932172841,0.10433346687766555
4801,S5,2,stress,4070.0,4075.0,0.9780928222824247,0.9449209229408273,0.10014377647122329
4802,S5,2,stress,4075.0,4080.0,0.986733002419571,0.9858561265429404,0.025716133558290194
4803,S5,2,stress,4080.0,4085.0,0.9805691923972486,0.986081338408259,0.02530665743952941
4804,S5,2,stress,4085.0,4090.0,0.9823831489880127,0.947028931159788,0.09631103425493093
4805,S5,2,stress,4090.0,4095.0,0.9716615640005268,0.9779805513698285,0.04003536114576619
4806,S5,2,stress,4095.0,4100.0,0.9772993113391569,0.9891807365256233,0.019671388135230543
4807,S5,2,stress,4100.0,4105.0,0.9800565229870559,0.9919762880077363,0.014588567258661499
4808,S5,2,stress,4105.0,4110.0,0.9843869369061318,0.9895386607825534,0.0190206167589938
4809,S5,2,stress,4110.0,4115.0,0.9839269006608314,0.9860347739192816,0.025391320146760977
4810,S5,2,stress,4115.0,4120.0,0.9785388320222347,0.977258298284498,0.04134854857364011
4811,S5,2,stress,4120.0,4125.0,0.9788595259905571,0.9859810618654048,0.02548897842653687
4812,S5,2,stress,4125.0,4130.0,0.9770969179652131,0.9863616009199538,0.024797089236447804
4813,S5,2,stress,4130.0,4135.0,0.9725956923217222,0.9866444652683315,0.024282790421215682
4814,S5,2,stress,4135.0,4140.0,0.9787903615268091,0.9953903654702598,0.008381153690436934
4815,S5,2,stress,4140.0,4145.0,0.9819345940236877,0.9873296389759951,0.023037020043645287
4816,S5,2,stress,4145.0,4150.0,0.9737387095697746,0.9819915832255641,0.03274257595351993
4817,S5,2,stress,4150.0,4155.0,0.9745969003737169,0.9729117149765829,0.049251427315303846
4818,S5,2,stress,4155.0,4160.0,0.9755285084851739,0.9891302362756023,0.019763206771632444
4819,S5,2,stress,4160.0,4165.0,0.9761412878039785,0.9899121181125179,0.018341603431785976
4820,S5,2,stress,4165.0,4170.0,0.9794920534038516,0.976323030937382,0.04304903465930538
4821,S5,2,stress,4170.0,4175.0,0.9877935655883043,0.9930432645948681,0.012648609827512754
4822,S5,2,stress,4175.0,4180.0,0.9812671464994333,0.9929991197730064,0.012728873139988663
4823,S5,2,stress,4180.0,4185.0,1.0,0.9915960945055367,0.015279828171751659
4824,S5,2,stress,4185.0,4190.0,1.0,0.985448231090081,0.026457761654398348
4825,S5,2,stress,4190.0,4195.0,0.9743045745806042,0.9861147122411846,0.025245977743301
4826,S5,2,stress,4195.0,4200.0,0.9727859711724737,0.9951459962269567,0.008825461405533641
4827,S5,2,stress,4200.0,4205.0,0.9762472504031982,0.9827330754005099,0.03139440836270946
4828,S5,2,stress,4205.0,4210.0,1.0,0.9784754815325751,0.03913548812259089
4829,S5,2,stress,4210.0,4215.0,1.0,0.9836677841755437,0.029694937862647847
4830,S5,2,stress,4215.0,4220.0,0.984905731533284,0.9644407216674631,0.0646532333318855
4831,S5,2,stress,4220.0,4225.0,0.9848341044860353,0.9897672964495678,0.018604915546240268
4832,S5,2,stress,4225.0,4230.0,0.9849122963942203,0.99442388264341,0.010138395193800146
4833,S5,2,stress,4230.0,4235.0,0.9795632200285624,0.9815255289280334,0.03358994740357595
4834,S5,2,stress,4235.0,4240.0,1.0,0.9425171588559003,0.10451425662563604
4835,S5,2,stress,4240.0,4245.0,1.0,0.9588823676153204,0.07475933160850846
4836,S6,1,baseline,645.0,650.0,0.9875919897643659,0.9942836546242593,0.010393355228619722
4837,S6,1,baseline,650.0,655.0,0.990208106144031,0.9906370781268221,0.01702349431486877
4838,S6,1,baseline,655.0,660.0,0.9913277465355237,0.9753528826108369,0.044812940707569415
4839,S6,1,baseline,660.0,665.0,0.9880377250575917,0.9705243250804967,0.05359213621727901
4840,S6,1,baseline,665.0,670.0,1.0,0.9873517461558148,0.02299682517124588
4841,S6,1,baseline,670.0,675.0,1.0,0.9918783522442176,0.014766632283240797
4842,S6,1,baseline,675.0,680.0,1.0,0.9796661720953939,0.0369705961901929
4843,S6,1,baseline,680.0,685.0,1.0,0.9884143427918408,0.021064831287562258
4844,S6,1,baseline,685.0,690.0,1.0,0.997639046918005,0.004292641967263742
4845,S6,1,baseline,690.0,695.0,1.0,0.9889353071517368,0.020117623360478773
4846,S6,1,baseline,695.0,700.0,0.9876055790679945,0.995272746426304,0.008595006497629057
4847,S6,1,baseline,700.0,705.0,0.9892707640051375,0.9845975399961013,0.028004472734361407
4848,S6,1,baseline,705.0,710.0,0.9946802809801915,0.995250778770574,0.008634947689865448
4849,S6,1,baseline,710.0,715.0,0.9958702049961479,0.9928159475983533,0.013061913457539594
4850,S6,1,baseline,715.0,720.0,0.9896949579414297,0.9846019729586772,0.02799641280240518
4851,S6,1,baseline,720.0,725.0,0.9903577671069151,0.9968630745693339,0.00570350078302927
4852,S6,1,baseline,725.0,730.0,0.9871896049736346,0.9884297574471603,0.02103680464152675
4853,S6,1,baseline,730.0,735.0,0.9876193115190262,0.9805599148960658,0.03534560927988052
4854,S6,1,baseline,735.0,740.0,0.987005721103718,0.9850963842437515,0.02709748319317925
4855,S6,1,baseline,740.0,745.0,0.9889623250710409,0.9949036347615754,0.00926611861531773
4856,S6,1,baseline,745.0,750.0,0.9879296383744023,0.9904380193763922,0.017385419315650786
4857,S6,1,baseline,750.0,755.0,0.9900025435717856,0.9630604797242555,0.06716276413771727
4858,S6,1,baseline,755.0,760.0,0.988122707997296,0.982551122877672,0.031725231131505736
4859,S6,1,baseline,760.0,765.0,0.9882389832542472,0.9970861216447755,0.005297960645862792
4860,S6,1,baseline,765.0,770.0,0.993452201084207,0.9969543308351547,0.005537580299719013
4861,S6,1,baseline,770.0,775.0,0.9934372981492566,0.9915786557293786,0.015311535037493258
4862,S6,1,baseline,775.0,780.0,0.9880988720161895,0.9806841507407265,0.03511972592595204
4863,S6,1,baseline,780.0,785.0,0.9894484975172572,0.9902376620814353,0.017749705306481196
4864,S6,1,baseline,785.0,790.0,0.9875660404783329,0.9921656845518398,0.014244209905745708
4865,S6,1,baseline,790.0,795.0,0.9886383042497245,0.9902843472889311,0.017664823111034535
4866,S6,1,baseline,795.0,800.0,0.9885603359303212,0.9902510860054472,0.017725298171914188
4867,S6,1,baseline,800.0,805.0,0.9874024934403427,0.9943443887874803,0.010282929477308704
4868,S6,1,baseline,805.0,810.0,0.9896221392181389,0.9941657676915681,0.01060769510624019
4869,S6,1,baseline,810.0,815.0,0.989598800560899,0.990653226207969,0.016994134167329193
4870,S6,1,baseline,815.0,820.0,0.9938769973461016,0.9870935166370638,0.023466333387156705
4871,S6,1,baseline,820.0,825.0,0.9882465472926948,0.9953454024831565,0.008462904576079112
4872,S6,1,baseline,825.0,830.0,1.0,0.9948758419789026,0.009316650947450066
4873,S6,1,baseline,830.0,835.0,0.9847560045093976,0.982664656406163,0.031518806534249426
4874,S6,1,baseline,835.0,840.0,0.988842155278055,0.9872349843707453,0.02320911932591771
4875,S6,1,baseline,840.0,845.0,0.9908320299313532,0.9809467284179962,0.034642311967279474
4876,S6,1,baseline,845.0,850.0,0.9870341246914044,0.9952495433791719,0.00863719385605103
4877,S6,1,baseline,850.0,855.0,0.9871342798249667,0.9937696009095662,0.011327998346243153
4878,S6,1,baseline,855.0,860.0,0.9919156533360833,0.9926388919010478,0.013383832907185762
4879,S6,1,baseline,860.0,865.0,0.9883601822808702,0.991501150129245,0.015452454310463553
4880,S6,1,baseline,865.0,870.0,0.9969258086260595,0.9896281119624597,0.01885797825007313
4881,S6,1,baseline,870.0,875.0,0.9886076655905077,0.9922458929598998,0.014098376436545691
4882,S6,1,baseline,875.0,880.0,0.9904271716056587,0.9866712110924689,0.024234161650056808
4883,S6,1,baseline,880.0,885.0,1.0,0.9911779175598887,0.01604014989111148
4884,S6,1,baseline,885.0,890.0,0.9961660917640281,0.9911571021435857,0.016077996102571667
4885,S6,1,baseline,890.0,895.0,0.9929778056691898,0.9916185932331802,0.015238921394217812
4886,S6,1,baseline,895.0,900.0,1.0,0.9860126778701959,0.025431494781462373
4887,S6,1,baseline,900.0,905.0,0.9884571130378637,0.9915820680210263,0.015305330870861241
4888,S6,1,baseline,905.0,910.0,0.9877021160291195,0.9914084512264869,0.015620997770023742
4889,S6,1,baseline,910.0,915.0,1.0,0.9842191906720545,0.02869238059626461
4890,S6,1,baseline,915.0,920.0,1.0,0.9858479666225453,0.02573096977719046
4891,S6,1,baseline,920.0,925.0,0.9896302758311204,0.9868903301263707,0.023835763406598803
4892,S6,1,baseline,925.0,930.0,0.9960635422158602,0.9859531592510251,0.02553971045268151
4893,S6,1,baseline,930.0,935.0,0.9875723549997509,0.9959652921390985,0.0073358324743664
4894,S6,1,baseline,935.0,940.0,0.9909326301103123,0.9840905324042726,0.028926304719504258
4895,S6,1,baseline,940.0,945.0,0.9902916497222111,0.991207393504751,0.015986557264089415
4896,S6,1,baseline,945.0,950.0,0.9884242083084166,0.9940826469884234,0.010758823657411824
4897,S6,1,baseline,950.0,955.0,0.9954276067072179,0.9837023562000851,0.02963207963620895
4898,S6,1,baseline,955.0,960.0,0.9904551164763932,0.9557129349841214,0.08052193639250681
4899,S6,1,baseline,960.0,965.0,1.0,0.9936351274697854,0.011572495509481136
4900,S6,1,baseline,965.0,970.0,1.0,0.9879959852890845,0.021825481292573907
4901,S6,1,baseline,970.0,975.0,0.9899069159242976,0.9865663475026571,0.024424822722441453
4902,S6,1,baseline,975.0,980.0,1.0,0.9843883248172607,0.028384863968616912
4903,S6,1,baseline,980.0,985.0,0.982149897547628,0.9890391667450928,0.019928787736194886
4904,S6,1,baseline,985.0,990.0,0.9986960608593703,0.9958435952446971,0.007557099555096279
4905,S6,1,baseline,990.0,995.0,0.9878140741200756,0.9865597450043362,0.02443682726484348
4906,S6,1,baseline,995.0,1000.0,0.9882631540752297,0.995317772472319,0.008513140959419956
4907,S6,1,baseline,1000.0,1005.0,0.9996586022532357,0.9879759048673133,0.02186199115033927
4908,S6,1,baseline,1005.0,1010.0,1.0,0.9960607143179412,0.00716233760374352
4909,S6,1,baseline,1010.0,1015.0,0.9875817149788207,0.9898373352431951,0.01847757228509997
4910,S6,1,baseline,1015.0,1020.0,0.9893829209397644,0.9817210337487141,0.033234484093247356
4911,S6,1,baseline,1020.0,1025.0,0.9884006922547449,0.9913218414162801,0.015778470152217897
4912,S6,1,baseline,1025.0,1030.0,0.9905221736437094,0.9942785217180887,0.010402687785293489
4913,S6,1,baseline,1030.0,1035.0,0.9874184932417038,0.9912419746559098,0.015923682443800432
4914,S6,1,baseline,1035.0,1040.0,0.9884748923315887,0.9917769573716555,0.014950986596989896
4915,S6,1,baseline,1040.0,1045.0,0.9900311394198814,0.9942937332701831,0.01037503041784912
4916,S6,1,baseline,1045.0,1050.0,0.990133135681356,0.9921130210000788,0.014339961818038406
4917,S6,1,baseline,1050.0,1055.0,0.9943338897508273,0.9872401109996509,0.02319979818245311
4918,S6,1,baseline,1055.0,1060.0,0.9871137346974291,0.9937476353510257,0.011367935725407797
4919,S6,1,baseline,1060.0,1065.0,1.0,0.9882228277589999,0.021413040438182075
4920,S6,1,baseline,1065.0,1070.0,1.0,0.9904071002139267,0.017441635974678807
4921,S6,1,baseline,1070.0,1075.0,0.9900136237934017,0.9843344714539928,0.028482779174558742
4922,S6,1,baseline,1075.0,1080.0,0.9901275637620678,0.977329686702028,0.04121875145085828
4923,S6,1,baseline,1080.0,1085.0,0.9866694174960875,0.9915469773724497,0.015369132050091465
4924,S6,1,baseline,1085.0,1090.0,0.9866043034170078,0.9936254784395229,0.011590039200867498
4925,S6,1,baseline,1090.0,1095.0,0.9884168408748905,0.995604418357491,0.007991966622743658
4926,S6,1,baseline,1095.0,1100.0,0.9864811552958948,0.9959114937372162,0.007433647750515977
4927,S6,1,baseline,1100.0,1105.0,0.9869022927906234,0.9955230760132401,0.008139861794109195
4928,S6,1,baseline,1105.0,1110.0,0.9939859610676729,0.9947045695312104,0.009628055397799385
4929,S6,1,baseline,1110.0,1115.0,1.0,0.9896472936475966,0.018823102458915282
4930,S6,1,baseline,1115.0,1120.0,0.9853547926502562,0.9853376792741497,0.02665876495609141
4931,S6,1,baseline,1120.0,1125.0,0.9855243818129404,0.9871736422691224,0.023320650419777728
4932,S6,1,baseline,1125.0,1130.0,0.989005121891981,0.9583733574276572,0.07568480467698702
4933,S6,1,baseline,1130.0,1135.0,0.988776115606278,0.9946729014616364,0.009685633706115792
4934,S6,1,baseline,1135.0,1140.0,0.9909915061518587,0.994918832294861,0.009238486736616402
4935,S6,1,baseline,1140.0,1145.0,0.9877798855334414,0.9957391692907336,0.007746964925938843
4936,S6,1,baseline,1145.0,1150.0,0.9875961549370744,0.9918220225200891,0.014869049963474322
4937,S6,1,baseline,1150.0,1155.0,0.9896826801161466,0.9872223903517987,0.023232017542184385
4938,S6,1,baseline,1155.0,1160.0,0.9892264443460707,0.994998336297167,0.009093934005151044
4939,S6,1,baseline,1160.0,1165.0,0.9906037344568245,0.9901200130440928,0.017963612647103958
4940,S6,1,baseline,1165.0,1170.0,0.9856572832220064,0.9934143785296377,0.011973857218840695
4941,S6,1,baseline,1170.0,1175.0,0.9887473858319855,0.9907482223347306,0.016821413936853755
4942,S6,1,baseline,1175.0,1180.0,0.9884490312081347,0.9873918231065761,0.022923957988043628
4943,S6,1,baseline,1180.0,1185.0,0.9867040003055354,0.9854563492598352,0.026443001345754516
4944,S6,1,baseline,1185.0,1190.0,0.9863860533624887,0.9879790939581079,0.02185619280344007
4945,S6,1,baseline,1190.0,1195.0,0.9880112408468713,0.9949768807481463,0.00913294409427966
4946,S6,1,baseline,1195.0,1200.0,0.9880441874017935,0.9885633183124345,0.020793966704664518
4947,S6,1,baseline,1200.0,1205.0,0.9913438094541984,0.9906537920802305,0.016993105308671826
4948,S6,1,baseline,1205.0,1210.0,1.0,0.9942424915245012,0.01046819722817983
4949,S6,1,baseline,1210.0,1215.0,0.9841294975153374,0.9898780001959704,0.01840363600732662
4950,S6,1,baseline,1215.0,1220.0,0.9898334866385353,0.9951959737859077,0.008734593116531351
4951,S6,1,baseline,1220.0,1225.0,0.9925265420144647,0.9925083002914508,0.013621272197362179
4952,S6,1,baseline,1225.0,1230.0,0.9880292850799212,0.9929730922636304,0.01277619588430837
4953,S6,1,baseline,1230.0,1235.0,1.0,0.9942830769297839,0.010394405582211115
4954,S6,1,baseline,1235.0,1240.0,0.9894480458788243,0.9876659996048471,0.022425455263914627
4955,S6,1,baseline,1240.0,1245.0,0.9877127940337533,0.9874073787392008,0.022895675019634874
4956,S6,1,baseline,1245.0,1250.0,0.9882016077519471,0.9920481047498046,0.014457991363991498
4957,S6,1,baseline,1250.0,1255.0,1.0,0.9922322484331241,0.014123184667047291
4958,S6,1,baseline,1255.0,1260.0,0.9891855047736182,0.9902172328508789,0.017786849362038244
4959,S6,1,baseline,1260.0,1265.0,0.9879694885299329,0.9833737941002088,0.03022946527234772
4960,S6,1,baseline,1265.0,1270.0,0.9877765585967223,0.9883557608236835,0.021171343956939332
4961,S6,1,baseline,1270.0,1275.0,0.9860299548158349,0.9952340742234453,0.008665319593735944
4962,S6,1,baseline,1275.0,1280.0,0.9881842501773538,0.9879657428503876,0.021880467544749982
4963,S6,1,baseline,1280.0,1285.0,0.9865401044943332,0.9913085154124113,0.01580269925016148
4964,S6,1,baseline,1285.0,1290.0,0.9898653796896865,0.9908648810382934,0.016609307203103094
4965,S6,1,baseline,1290.0,1295.0,0.993194987674636,0.992850236047429,0.012999570822856639
4966,S6,1,baseline,1295.0,1300.0,0.9868391378734425,0.990743233815693,0.016830483971467258
4967,S6,1,baseline,1300.0,1305.0,0.9864979237337954,0.9896701587427446,0.018781529558646266
4968,S6,1,baseline,1305.0,1310.0,1.0,0.9949121920954589,0.009250559826438586
4969,S6,1,baseline,1310.0,1315.0,1.0,0.9916730330121788,0.01513993997785674
4970,S6,1,baseline,1315.0,1320.0,0.9874126166213579,0.9887381375050763,0.020476113627134158
4971,S6,1,baseline,1320.0,1325.0,0.9859405390293724,0.989556191942683,0.01898874192239487
4972,S6,1,baseline,1325.0,1330.0,0.9874087075835907,0.9917357349575238,0.015025936440865945
4973,S6,1,baseline,1330.0,1335.0,0.9898644758166121,0.9950510454103145,0.00899809925397361
4974,S6,1,baseline,1335.0,1340.0,0.9875137019964944,0.9865022412787594,0.024541379493164813
4975,S6,1,baseline,1340.0,1345.0,0.9953800232769766,0.9948856148890304,0.00929888201994475
4976,S6,1,baseline,1345.0,1350.0,0.9884579354596223,0.992099050504117,0.014365362719787594
4977,S6,1,baseline,1350.0,1355.0,0.9954078022062537,0.9980721202850129,0.0035052358454311754
4978,S6,1,baseline,1355.0,1360.0,1.0,0.9948859769881959,0.009298223657825467
4979,S6,1,baseline,1360.0,1365.0,0.9883018078057153,0.9826816513676526,0.031487906604268145
4980,S6,1,baseline,1365.0,1370.0,1.0,0.987931302363309,0.021943086612165614
4981,S6,1,baseline,1370.0,1375.0,1.0,0.943134997277636,0.10339091404066214
4982,S6,1,baseline,1375.0,1380.0,1.0,0.9906425502194112,0.017013545055616218
4983,S6,1,baseline,1380.0,1385.0,0.9876575540253494,0.9875683019659847,0.02260308733457356
4984,S6,1,baseline,1385.0,1390.0,0.9885176955118705,0.9912491486450921,0.015910638827105302
4985,S6,1,baseline,1390.0,1395.0,1.0,0.9844638620475774,0.028247523549859207
4986,S6,1,baseline,1395.0,1400.0,0.9883856690328328,0.9873057931164331,0.023080376151939995
4987,S6,1,baseline,1400.0,1405.0,0.9901917470688704,0.9797370824270455,0.03684166831446286
4988,S6,1,baseline,1405.0,1410.0,0.9916908068255594,0.9962135194438737,0.006884510102047846
4989,S6,1,baseline,1410.0,1415.0,0.9887824228127197,0.9934956419238605,0.01182610559298114
4990,S6,1,baseline,1415.0,1420.0,0.9888334082386052,0.9994049593735328,0.0010818920481223612
4991,S6,1,baseline,1420.0,1425.0,0.9875034708181275,0.9815914384826478,0.03347011184973113
4992,S6,1,baseline,1425.0,1430.0,0.9897027120404622,0.985910646609375,0.025617006164772804
4993,S6,1,baseline,1430.0,1435.0,1.0,0.9879511510587482,0.021906998075003323
4994,S6,1,baseline,1435.0,1440.0,0.9855877508390796,0.9589145797361418,0.07470076411610574
4995,S6,1,baseline,1440.0,1445.0,0.9871441855611849,0.9953574647433001,0.00844097319399982
4996,S6,1,baseline,1445.0,1450.0,0.9889307759817076,0.9889650775232568,0.020063495412260497
4997,S6,1,baseline,1450.0,1455.0,1.0,0.9942308360042773,0.01048938908313238
4998,S6,1,baseline,1455.0,1460.0,0.9806623637829314,0.986651522608617,0.0242699588934239
4999,S6,1,baseline,1460.0,1465.0,0.9881341962054471,0.9716631624866534,0.05152152275153955
5000,S6,1,baseline,1465.0,1470.0,0.9909458700267387,0.9847250623254906,0.027772613953653335
5001,S6,1,baseline,1470.0,1475.0,0.9874101952659115,0.9878989143302652,0.022001973944972417
5002,S6,1,baseline,1475.0,1480.0,0.9876613398731384,0.990281515059044,0.01766997261992008
5003,S6,1,baseline,1480.0,1485.0,0.9919004203942687,0.9909106328093009,0.016526122164907363
5004,S6,1,baseline,1485.0,1490.0,0.9882612282123815,0.985577585817748,0.026222571240458292
5005,S6,1,baseline,1490.0,1495.0,0.9937112555184445,0.983375627445404,0.030226131917447656
5006,S6,1,baseline,1495.0,1500.0,0.9881198588926525,0.9955753908195868,0.00804474396438776
5007,S6,1,baseline,1500.0,1505.0,0.9934207503811777,0.9946710281084863,0.009689039802752436
5008,S6,1,baseline,1505.0,1510.0,0.9885579374846549,0.9970840874490137,0.005301659183611477
5009,S6,1,baseline,1510.0,1515.0,0.988859320876818,0.9954308590692069,0.008307528965078605
5010,S6,1,baseline,1515.0,1520.0,0.9846975185391357,0.9957295285110976,0.0077644936161862296
5011,S6,1,baseline,1520.0,1525.0,0.9916462987526842,0.9935283166016697,0.011766697087873213
5012,S6,1,baseline,1525.0,1530.0,0.9881168706053454,0.9814052454438922,0.03380864464746894
5013,S6,1,baseline,1530.0,1535.0,1.0,0.9893640027594377,0.019338176801022587
5014,S6,1,baseline,1535.0,1540.0,1.0,0.9842357380495033,0.02866229445544876
5015,S6,1,baseline,1540.0,1545.0,0.9888898609590643,0.984764843814085,0.02770028397439095
5016,S6,1,baseline,1545.0,1550.0,0.9911845016132399,0.9874186387094315,0.022875202346488228
5017,S6,1,baseline,1550.0,1555.0,0.9870607131057265,0.9857136192793323,0.025975237673941443
5018,S6,1,baseline,1555.0,1560.0,1.0,0.9847315496301878,0.027760818854203888
5019,S6,1,baseline,1560.0,1565.0,0.9845332537143213,0.9812558328522258,0.03408030390504393
5020,S6,1,baseline,1565.0,1570.0,0.9935584497298137,0.981529639606449,0.03358247344282014
5021,S6,1,baseline,1570.0,1575.0,1.0,0.9906146675116787,0.01706424088785701
5022,S6,1,baseline,1575.0,1580.0,0.9887541164481748,0.9895572540946036,0.0189868107370843
5023,S6,1,baseline,1580.0,1585.0,0.9871493012532015,0.9800011653408935,0.03636151756201187
5024,S6,1,baseline,1585.0,1590.0,0.9879505631922096,0.9879626307119016,0.021886125978360864
5025,S6,1,baseline,1590.0,1595.0,0.9888216135852889,0.9859374614253498,0.025568251953909726
5026,S6,1,baseline,1595.0,1600.0,0.9883823650288107,0.9873248180906813,0.023045785289670644
5027,S6,1,baseline,1600.0,1605.0,1.0,0.9892957984746038,0.01946218459162944
5028,S6,1,baseline,1605.0,1610.0,1.0,0.9913460489188106,0.015734456511253412
5029,S6,1,baseline,1610.0,1615.0,0.9907101734857879,0.9886881885407803,0.020566929925854092
5030,S6,1,baseline,1615.0,1620.0,0.9890218355982493,0.9886468908013568,0.020642016724805676
5031,S6,1,baseline,1620.0,1625.0,0.988378789988613,0.9759875908796212,0.043658925673416046
5032,S6,1,baseline,1625.0,1630.0,0.9864406009820209,0.9893724756950442,0.019322771463556328
5033,S6,1,baseline,1630.0,1635.0,0.9893888687724978,0.9937461077961471,0.01137071309791433
5034,S6,1,baseline,1635.0,1640.0,0.9948602056848209,0.9933247182610356,0.012136875889026217
5035,S6,1,baseline,1640.0,1645.0,1.0,0.971494383476682,0.05182839367876012
5036,S6,1,baseline,1645.0,1650.0,0.9884150320781909,0.9788312603628053,0.038488617522172364
5037,S6,1,baseline,1650.0,1655.0,0.9874706391824488,0.982525143256936,0.031772466805571276
5038,S6,1,baseline,1655.0,1660.0,0.9879503695708824,0.9933851669747364,0.012026969136842964
5039,S6,1,baseline,1660.0,1665.0,0.9882601935932663,0.992696735875604,0.013278662044356543
5040,S6,1,baseline,1665.0,1670.0,0.989367768927652,0.9893108132551192,0.01943488499069267
5041,S6,1,baseline,1670.0,1675.0,0.9921548113865851,0.9874246528164465,0.022864267606460875
5042,S6,1,baseline,1675.0,1680.0,0.9881758548083519,0.9936024927185434,0.011631831420830123
5043,S6,1,baseline,1680.0,1685.0,0.9879630053892626,0.9885361487116961,0.020843365978734263
5044,S6,1,baseline,1685.0,1690.0,0.9895127458959035,0.9946590355182525,0.009710844512268387
5045,S6,1,baseline,1690.0,1695.0,0.9884191780745358,0.9883683839361328,0.02114839284339505
5046,S6,1,baseline,1695.0,1700.0,0.9901333045917037,0.9815774774412784,0.03349549556131204
5047,S6,1,baseline,1700.0,1705.0,0.9881075327724445,0.9907662132619777,0.01678870316004056
5048,S6,1,baseline,1705.0,1710.0,1.0,0.9686755526950628,0.05695354055443158
5049,S6,1,baseline,1710.0,1715.0,0.9824383883584245,0.9902671379671573,0.01769611278698703
5050,S6,1,baseline,1715.0,1720.0,0.9879510481538788,0.9938802437872429,0.011126829477740201
5051,S6,1,baseline,1720.0,1725.0,0.9877003524464493,0.9900271607873057,0.018132434932171527
5052,S6,1,baseline,1725.0,1730.0,0.9888180035257024,0.9894019722385694,0.019269141384419455
5053,S6,1,baseline,1730.0,1735.0,0.9955633822459837,0.9869409310040924,0.023743761810741226
5054,S6,1,baseline,1735.0,1740.0,0.9930354269574403,0.9890075091650814,0.019986346972579495
5055,S6,1,baseline,1740.0,1745.0,1.0,0.9881852804707716,0.021481308234960937
5056,S6,1,baseline,1745.0,1750.0,0.9806731987582716,0.993154822084348,0.01244577802845838
5057,S6,1,baseline,1750.0,1755.0,0.9887798438565178,0.990438668847293,0.017384238459467093
5058,S6,1,baseline,1755.0,1760.0,0.987620940949888,0.9886526708431684,0.02063150755787573
5059,S6,1,baseline,1760.0,1765.0,0.9854824300022639,0.9844108706056687,0.028343871626057116
5060,S6,1,baseline,1765.0,1770.0,0.9871258460610663,0.9929135045398745,0.01288453720022836
5061,S6,1,baseline,1770.0,1775.0,0.987477526739558,0.9963657042480982,0.006607810458003398
5062,S6,1,baseline,1775.0,1780.0,0.9921967582313491,0.9906759884662828,0.01695274824312213
5063,S6,1,baseline,1780.0,1785.0,0.9917025204949981,0.977903605626711,0.040175262496889436
5064,S6,1,baseline,1785.0,1790.0,0.9882287599323932,0.9840553922704254,0.028990195871953988
5065,S6,1,baseline,1790.0,1795.0,0.9918753648081677,0.9825955862292906,0.031644388674017074
5066,S6,1,baseline,1795.0,1800.0,0.9874251736761208,0.9941448199627405,0.010645781885926433
5067,S6,1,baseline,1800.0,1805.0,0.986831237186644,0.9913766314094854,0.01567885198275395
5068,S6,1,baseline,1805.0,1810.0,0.9931374439989983,0.9958316389620774,0.00757883825076843
5069,S6,1,baseline,1810.0,1815.0,0.9941565284524585,0.9899605514521559,0.018253542814261947
5070,S6,1,baseline,1815.0,1820.0,0.9879214711442731,0.9901341262573733,0.01793795225932138
5071,S6,2,stress,2445.0,2450.0,0.9913874553791407,0.994099288801624,0.010728565815229001
5072,S6,2,stress,2450.0,2455.0,1.0,0.9893300930711686,0.01939983077969373
5073,S6,2,stress,2455.0,2460.0,0.968531805899627,0.9859376333938952,0.02556793928382693
5074,S6,2,stress,2460.0,2465.0,0.9830482735530255,0.9984537379073422,0.0028113856230141403
5075,S6,2,stress,2465.0,2470.0,0.9714230484760783,0.9964402525898182,0.006472268018512388
5076,S6,2,stress,2470.0,2475.0,0.9774598707253981,0.999250173271264,0.0013633213249747507
5077,S6,2,stress,2475.0,2480.0,0.9728671634749346,0.9967136709571676,0.005975143714240789
5078,S6,2,stress,2480.0,2485.0,1.0,0.9988294847352159,0.0021282095723348317
5079,S6,2,stress,2485.0,2490.0,0.9822092839565468,0.9974963424382974,0.004552104657641172
5080,S6,2,stress,2490.0,2495.0,1.0,0.9724739671407869,0.05004733247129652
5081,S6,2,stress,2495.0,2500.0,0.974340708089812,0.9737142623177173,0.04779225033142334
5082,S6,2,stress,2500.0,2505.0,0.9719989636955733,0.9939354192318253,0.011026510487590591
5083,S6,2,stress,2505.0,2510.0,0.9817987369723403,0.9948537818763061,0.009356760224897863
5084,S6,2,stress,2510.0,2515.0,0.9779181946799126,0.9964948712418404,0.00637296137847191
5085,S6,2,stress,2515.0,2520.0,0.9953624733430199,0.9955116258121277,0.008160680341585892
5086,S6,2,stress,2520.0,2525.0,1.0,0.9895838632911562,0.018938430379716147
5087,S6,2,stress,2525.0,2530.0,0.9758576149954583,0.9762124647749393,0.0432500640455651
5088,S6,2,stress,2530.0,2535.0,0.9881044458259726,0.9977586656265671,0.0040751534062419235
5089,S6,2,stress,2535.0,2540.0,1.0,0.9913450397396293,0.015736291382492145
5090,S6,2,stress,2540.0,2545.0,0.9833106546949312,0.9738356468634077,0.04757155115744047
5091,S6,2,stress,2545.0,2550.0,0.9816157752119656,0.9851954120385453,0.02691743265719046
5092,S6,2,stress,2550.0,2555.0,0.9833723635870675,0.9979250705064147,0.0037725990792460843
5093,S6,2,stress,2555.0,2560.0,0.9726890733931216,0.9843865438852188,0.02838810202687497
5094,S6,2,stress,2560.0,2565.0,0.9816394986652451,0.9952165906305366,0.008697107944479006
5095,S6,2,stress,2565.0,2570.0,0.9547977355415642,0.9936564354236557,0.011533753775171641
5096,S6,2,stress,2570.0,2575.0,0.9624718054267257,0.9871379771292133,0.02338549612870315
5097,S6,2,stress,2575.0,2580.0,0.9851773244796428,0.9673663572014033,0.05933389599744872
5098,S6,2,stress,2580.0,2585.0,0.9804372975744254,0.9970893857061216,0.005292025988869785
5099,S6,2,stress,2585.0,2590.0,0.9798778531624578,0.99230303814586,0.013994476098436482
5100,S6,2,stress,2590.0,2595.0,1.0,0.9976983173861009,0.004184877479816495
5101,S6,2,stress,2595.0,2600.0,1.0,0.9934375203856081,0.011931781117076158
5102,S6,2,stress,2600.0,2605.0,0.9765747542260859,0.9970377192124771,0.005385965068223633
5103,S6,2,stress,2605.0,2610.0,0.9600649070140611,0.9758961200929732,0.0438252361945941
5104,S6,2,stress,2610.0,2615.0,0.9864717890032415,0.9829970695917798,0.030914418924037023
5105,S6,2,stress,2615.0,2620.0,0.9712407610731973,0.9907132623273398,0.016884977586654935
5106,S6,2,stress,2620.0,2625.0,0.9798170466558719,0.9979630430588817,0.0037035580747603993
5107,S6,2,stress,2625.0,2630.0,0.9732417602814154,0.9878625337342508,0.022068120483180572
5108,S6,2,stress,2630.0,2635.0,0.9884596708038543,0.9921683734434157,0.014239321011971536
5109,S6,2,stress,2635.0,2640.0,0.9768169680545449,0.9928652355875822,0.01297229893166869
5110,S6,2,stress,2640.0,2645.0,0.982434654653004,0.9986401422747937,0.002472468591284299
5111,S6,2,stress,2645.0,2650.0,0.9898895809850523,0.9888391149648901,0.020292518245654614
5112,S6,2,stress,2650.0,2655.0,0.9732081820631309,0.992092924137397,0.01437650156836918
5113,S6,2,stress,2655.0,2660.0,0.98722317924535,0.9973114263381055,0.004888315748898934
5114,S6,2,stress,2660.0,2665.0,0.9827091513488811,0.9855337228916679,0.026302322015149246
5115,S6,2,stress,2665.0,2670.0,0.9869696293122875,0.9918329442067297,0.014849192351400458
5116,S6,2,stress,2670.0,2675.0,0.9851330457306742,0.9932769507190051,0.012223725965445477
5117,S6,2,stress,2675.0,2680.0,0.9838848256295271,0.9934951561652048,0.01182698879053671
5118,S6,2,stress,2680.0,2685.0,0.9856225706834708,0.9923606557335809,0.01388971684803495
5119,S6,2,stress,2685.0,2690.0,0.9875470465585912,0.9856946058251552,0.02600980759062676
5120,S6,2,stress,2690.0,2695.0,0.9841713588192056,0.9855641753076698,0.026246953986054762
5121,S6,2,stress,2695.0,2700.0,0.9748946032940489,0.9916297781484726,0.015218585184595424
5122,S6,2,stress,2700.0,2705.0,1.0,0.9948719932130476,0.009323648703549856
5123,S6,2,stress,2705.0,2710.0,1.0,0.9784587229403854,0.03916595829020835
5124,S6,2,stress,2710.0,2715.0,0.9926604008254044,0.9982122766228059,0.0032504061403529714
5125,S6,2,stress,2715.0,2720.0,0.9598384643290697,0.9985874645013972,0.0025682463610961995
5126,S6,2,stress,2720.0,2725.0,0.9808683392175999,0.9946087617741417,0.009802251319742305
5127,S6,2,stress,2725.0,2730.0,0.9562179489230541,0.9582865552679714,0.07584262678550664
5128,S6,2,stress,2730.0,2735.0,0.982694090075097,0.991307758561417,0.015804075342878476
5129,S6,2,stress,2735.0,2740.0,1.0,0.9964025906099583,0.006540744345530506
5130,S6,2,stress,2740.0,2745.0,0.9651138502348476,0.9983650913343356,0.0029725612102990163
5131,S6,2,stress,2745.0,2750.0,0.9880188920751934,0.9905504127055316,0.01718106780812443
5132,S6,2,stress,2750.0,2755.0,0.987230526076251,0.9905416052719256,0.017197081323771835
5133,S6,2,stress,2755.0,2760.0,0.9876935087993226,0.9845719548701193,0.028050991145237913
5134,S6,2,stress,2760.0,2765.0,0.9876057364645251,0.9860135539417536,0.025429901924084532
5135,S6,2,stress,2765.0,2770.0,0.9891603339366384,0.9929919333044919,0.012741939446378501
5136,S6,2,stress,2770.0,2775.0,0.987076699405024,0.9878144717134145,0.02215550597561017
5137,S6,2,stress,2775.0,2780.0,0.9899318764752963,0.9883117082754145,0.021251439499246606
5138,S6,2,stress,2780.0,2785.0,0.9888003460126786,0.9907870165889419,0.01675087892919691
5139,S6,2,stress,2785.0,2790.0,0.9893820774734667,0.9551912561514173,0.08147044336105955
5140,S6,2,stress,2790.0,2795.0,0.986479251037277,0.9901223102490155,0.017959435910880728
5141,S6,2,stress,2795.0,2800.0,0.9841633061014394,0.990345877097889,0.01755295073111107
5142,S6,2,stress,2800.0,2805.0,0.9840552146471209,0.9945440853229888,0.009919844867293262
5143,S6,2,stress,2805.0,2810.0,0.9883301658069008,0.9966719288145731,0.006051038518958001
5144,S6,2,stress,2810.0,2815.0,0.9839209840583943,0.9915326625054457,0.015395159081007893
5145,S6,2,stress,2815.0,2820.0,0.9967557598896362,0.9961440060480948,0.007010898094372914
5146,S6,2,stress,2820.0,2825.0,1.0,0.9964342575526186,0.006483168086147923
5147,S6,2,stress,2825.0,2830.0,0.9761858871963798,0.9982670354292535,0.003150844674084692
5148,S6,2,stress,2830.0,2835.0,0.9852409426263165,0.9981746447178139,0.0033188277857930516
5149,S6,2,stress,2835.0,2840.0,0.9913686140577133,0.9937958909271736,0.011280198314229857
5150,S6,2,stress,2840.0,2845.0,1.0,0.9974223899835128,0.004686563666340554
5151,S6,2,stress,2845.0,2850.0,0.981489082358709,0.9931403705470008,0.012472053550907757
5152,S6,2,stress,2850.0,2855.0,1.0,0.9874116273243732,0.022887950319321407
5153,S6,2,stress,2855.0,2860.0,0.9797997661882714,0.9931370814866225,0.012478033660686476
5154,S6,2,stress,2860.0,2865.0,0.9722994526949839,0.9970070166713259,0.005441787870316894
5155,S6,2,stress,2865.0,2870.0,0.9855173496532605,0.9963976276268012,0.006549767951270802
5156,S6,2,stress,2870.0,2875.0,0.9812100635239843,0.9936408737683577,0.01156204769389522
5157,S6,2,stress,2875.0,2880.0,0.9824792219271233,0.9905725287262381,0.017140856861385292
5158,S6,2,stress,2880.0,2885.0,0.9866852120580577,0.992086046299667,0.014389006727878085
5159,S6,2,stress,2885.0,2890.0,0.9802000555714152,0.9880472200980479,0.021732327094458503
5160,S6,2,stress,2890.0,2895.0,0.9879334142771621,0.9867118625002491,0.024160249999547318
5161,S6,2,stress,2895.0,2900.0,1.0,0.9698767393210961,0.05476956487073434
5162,S6,2,stress,2900.0,2905.0,1.0,0.9918838859884376,0.014756570930113776
5163,S6,2,stress,2905.0,2910.0,0.9836911529597735,0.9936369632410389,0.011569157743565607
5164,S6,2,stress,2910.0,2915.0,0.9878634171681315,0.9853219374488158,0.026687386456698697
5165,S6,2,stress,2915.0,2920.0,0.9677105616035582,0.9925442421171196,0.013555923423419212
5166,S6,2,stress,2920.0,2925.0,0.9939256838519295,0.9881765847693806,0.02149711860112618
5167,S6,2,stress,2925.0,2930.0,0.9838682187134324,0.987934256194847,0.02193771600936909
5168,S6,2,stress,2930.0,2935.0,0.9869148511648012,0.9978845219891499,0.0038463236560912053
5169,S6,2,stress,2935.0,2940.0,0.9702549852176958,0.9973517260020532,0.00481504363263038
5170,S6,2,stress,2940.0,2945.0,0.9808475470011279,0.9982871616092943,0.003114251619464946
5171,S6,2,stress,2945.0,2950.0,0.9902430439384674,0.9962263721899705,0.006861141472781031
5172,S6,2,stress,2950.0,2955.0,0.9877307983572227,0.9882050664501636,0.021445333726975255
5173,S6,2,stress,2955.0,2960.0,1.0,0.9907870417392812,0.016750833201306884
5174,S6,2,stress,2960.0,2965.0,1.0,0.9971383798051079,0.00520294580889476
5175,S6,2,stress,2965.0,2970.0,0.995537579121535,0.9940178538856024,0.010876629298904832
5176,S6,2,stress,2970.0,2975.0,0.9652629655645699,0.9991891914470854,0.0014741973689356605
5177,S6,2,stress,2975.0,2980.0,0.9796481092665743,0.9959100269955967,0.0074363145534604705
5178,S6,2,stress,2980.0,2985.0,0.9803243371114697,0.9988868408366232,0.0020239257515942107
5179,S6,2,stress,2985.0,2990.0,0.9927249512248918,0.9981167459736444,0.0034240982297374396
5180,S6,2,stress,2990.0,2995.0,0.9862501438636095,0.9933096629786662,0.01216424912969782
5181,S6,2,stress,2995.0,3000.0,0.98892801171925,0.9963700556235717,0.006599898866233145
5182,S6,2,stress,3000.0,3005.0,0.9865549667860865,0.9986924406674245,0.002377380604682708
5183,S6,2,stress,3005.0,3010.0,0.9849523764980938,0.9945398635222116,0.009927520868706208
5184,S6,2,stress,3010.0,3015.0,0.9916440420031284,0.9943800289943672,0.010218129101150657
5185,S6,2,stress,3015.0,3020.0,0.9885321517256503,0.9969994144209793,0.00545561014367417
5186,S6,2,stress,3020.0,3025.0,0.9951221176389894,0.996013224323689,0.007248683047838357
5187,S6,2,stress,3025.0,3030.0,1.0,0.9952652458433895,0.0086086439211099
5188,S6,2,stress,3030.0,3035.0,0.980425773976514,0.9927108094309196,0.013253073761964365
5189,S6,2,stress,3035.0,3040.0,0.9906572473009653,0.9955228116987886,0.00814034236583896
5190,S6,2,stress,3040.0,3045.0,0.989666271123993,0.9953692519001502,0.008419541999727088
5191,S6,2,stress,3045.0,3050.0,0.9873494112656078,0.9956202160419896,0.007963243560019042
5192,S6,2,stress,3050.0,3055.0,1.0,0.9979294450996969,0.0037646452732784104
5193,S6,2,stress,3055.0,3060.0,0.9789527747629291,0.9828074475080535,0.03125918634899372
5194,S6,2,stress,3060.0,3065.0,0.9854364070104855,0.9364161349479609,0.11560702736734388
5195,S6,2,stress,3065.0,3070.0,1.0,0.9894305162301094,0.01921724321798311
5196,S6,2,stress,3070.0,3075.0,1.0,0.9985489005424029,0.0026383626501768603
5197,S6,2,stress,3075.0,3080.0,0.9862291011070234,0.9917677901010495,0.014967654361728144
5198,S6,2,stress,3080.0,3085.0,1.0,0.992045602663016,0.014462540612698194
5199,S6,2,stress,3085.0,3090.0,0.9849290164097876,0.9972093777041464,0.005073858719733751
5200,S6,3,amusement,5555.0,5560.0,1.0,0.9870404597202886,0.023562800508566066
5201,S6,3,amusement,5560.0,5565.0,0.9875164899056242,0.9863150137261105,0.024881793225253804
5202,S6,3,amusement,5565.0,5570.0,1.0,0.9860878190775855,0.02529487440439006
5203,S6,3,amusement,5570.0,5575.0,1.0,0.9818732081375501,0.03295780338627258
5204,S6,3,amusement,5575.0,5580.0,0.9872054912744916,0.983206259694372,0.030534073282960244
5205,S6,3,amusement,5580.0,5585.0,0.9888982004345589,0.9823038624045541,0.032174795628083314
5206,S6,3,amusement,5585.0,5590.0,0.9880943224685599,0.9927202582104431,0.0132358941628308
5207,S6,3,amusement,5590.0,5595.0,0.9880694892134793,0.9916428167411859,0.015194878652389261
5208,S6,3,amusement,5595.0,5600.0,0.9872079961924057,0.9946410126226146,0.009743613413428219
5209,S6,3,amusement,5600.0,5605.0,0.9870062992068428,0.9958770721089067,0.007496232529260444
5210,S6,3,amusement,5605.0,5610.0,0.9865784881842083,0.9954895554090133,0.008200808347248413
5211,S6,3,amusement,5610.0,5615.0,1.0,0.9922515533609602,0.014088084798254411
5212,S6,3,amusement,5615.0,5620.0,1.0,0.9888471371853425,0.020277932390286718
5213,S6,3,amusement,5620.0,5625.0,1.0,0.975637251749133,0.04429590591066741
5214,S6,3,amusement,5625.0,5630.0,1.0,0.9699389870725073,0.05465638714089589
5215,S6,3,amusement,5630.0,5635.0,1.0,0.9636812425085477,0.06603410452991322
5216,S6,3,amusement,5635.0,5640.0,0.9718898570379754,0.9882715447761303,0.021324464043399584
5217,S6,3,amusement,5640.0,5645.0,0.9886661188602315,0.9897174049480026,0.01869562736726793
5218,S6,3,amusement,5645.0,5650.0,0.9869155107262174,0.9902986818005364,0.017638760362661172
5219,S6,3,amusement,5650.0,5655.0,0.9885673431984474,0.9913248183474648,0.01577305755006411
5220,S6,3,amusement,5655.0,5660.0,0.9870307460080889,0.9930376998874666,0.012658727477333605
5221,S6,3,amusement,5660.0,5665.0,0.9876530292361819,0.9962361186453483,0.00684342064482148
5222,S6,3,amusement,5665.0,5670.0,0.9707854302735048,0.9924101180082199,0.013799785439600514
5223,S6,3,amusement,5670.0,5675.0,1.0,0.9859947134606135,0.025464157344339218
5224,S6,3,amusement,5675.0,5680.0,0.9904592414972562,0.9876828864366931,0.022394751933285197
5225,S6,3,amusement,5680.0,5685.0,0.9904583485718282,0.9931017271655258,0.012542314244498809
5226,S6,3,amusement,5685.0,5690.0,0.9878719572393039,0.9934802449597411,0.011854100073198252
5227,S6,3,amusement,5690.0,5695.0,0.988219786085798,0.9907206498410015,0.016871545743633552
5228,S6,3,amusement,5695.0,5700.0,1.0,0.9655456007130385,0.06264436233993015
5229,S6,3,amusement,5700.0,5705.0,1.0,0.9864716599314958,0.024596981942735106
5230,S6,3,amusement,5705.0,5710.0,1.0,0.9763004230143699,0.043090139973873
5231,S6,3,amusement,5710.0,5715.0,1.0,0.9872881394315105,0.023112473760890113
5232,S6,3,amusement,5715.0,5720.0,1.0,0.978311715897066,0.0394332438235166
5233,S6,3,amusement,5720.0,5725.0,1.0,0.9961080484554072,0.007076275535623134
5234,S6,3,amusement,5725.0,5730.0,0.987602548857319,0.9895480506336325,0.019003544302486443
5235,S6,3,amusement,5730.0,5735.0,0.9875039770070446,0.9695507153871541,0.05536233565971979
5236,S6,3,amusement,5735.0,5740.0,1.0,0.9905835919567165,0.017120741896878917
5237,S6,3,amusement,5740.0,5745.0,1.0,0.9933935448775713,0.012011736586234011
5238,S6,3,amusement,5745.0,5750.0,0.9872395448091302,0.9870116420891761,0.023615196201498042
5239,S6,3,amusement,5750.0,5755.0,0.9879380103780291,0.9925510706415721,0.013543507924414416
5240,S6,3,amusement,5755.0,5760.0,1.0,0.9856441007488606,0.026101635002071855
5241,S6,3,amusement,5760.0,5765.0,0.9861081715984531,0.9949720382783895,0.00914174858474641
5242,S6,3,amusement,5765.0,5770.0,0.9877981928060786,0.9937625852556731,0.011340754080594278
5243,S6,3,amusement,5770.0,5775.0,0.9883694197631213,0.9895693764196656,0.01896477014606283
5244,S6,3,amusement,5775.0,5780.0,0.9874771964939448,0.9911170778188609,0.016150767602071188
5245,S6,3,amusement,5780.0,5785.0,1.0,0.9879390960084744,0.02192891634822846
5246,S6,3,amusement,5785.0,5790.0,1.0,0.977434785242588,0.0410276631952946
5247,S6,3,amusement,5790.0,5795.0,0.9888705037027908,0.9942883175227246,0.010384877231409666
5248,S6,3,amusement,5795.0,5800.0,0.9897255575468141,0.9985023008706035,0.0027230893261755004
5249,S6,3,amusement,5800.0,5805.0,0.9866785287171594,0.9974078314230472,0.00471303377627772
5250,S6,3,amusement,5805.0,5810.0,0.9878548394324201,0.9971318041133144,0.0052149016121559675
5251,S6,3,amusement,5810.0,5815.0,0.9964196109053167,0.9893594434776458,0.019346466404280428
5252,S6,3,amusement,5815.0,5820.0,1.0,0.9815727921924853,0.03350401419548131
5253,S6,3,amusement,5820.0,5825.0,0.9859884378149776,0.9946365573698979,0.009751713872913218
5254,S6,3,amusement,5825.0,5830.0,0.9913556436471483,0.9810188822584118,0.03451112316652415
5255,S6,3,amusement,5830.0,5835.0,0.9866889282517386,0.9897239852668456,0.018683663151190116
5256,S6,3,amusement,5835.0,5840.0,0.9985447414946904,0.9927614910105138,0.01316092543542972
5257,S6,3,amusement,5840.0,5845.0,0.9940729333162769,0.9816291302150786,0.03340158142712984
5258,S6,3,amusement,5845.0,5850.0,1.0,0.9805181347971688,0.035421573096056765
5259,S6,3,amusement,5850.0,5855.0,0.9817544595859005,0.9963536960057342,0.006629643625937825
5260,S6,3,amusement,5855.0,5860.0,0.9871172249599075,0.9922182762128375,0.014148588703931774
5261,S6,3,amusement,5860.0,5865.0,0.9876882596365207,0.9947740355213148,0.009501753597609576
5262,S6,3,amusement,5865.0,5870.0,0.9873483183786735,0.9914322807400455,0.015577671381735344
5263,S6,3,amusement,5870.0,5875.0,0.9915768215799848,0.9841812568839079,0.028761351120167436
5264,S6,3,amusement,5875.0,5880.0,0.9898146597485338,0.9978965740132855,0.0038244108849358133
5265,S6,3,amusement,5880.0,5885.0,1.0,0.9844664611251905,0.02824279795419928
5266,S6,3,amusement,5885.0,5890.0,0.9781419863967539,0.9855917494367483,0.0261968192059121
5267,S6,3,amusement,5890.0,5895.0,0.9872172509923046,0.9847003858311927,0.027817480306922316
5268,S6,3,amusement,5895.0,5900.0,0.9859932815791927,0.9670529720375678,0.05990368720442223
5269,S6,3,amusement,5900.0,5905.0,1.0,0.9948579945090834,0.009349100892575788
5270,S6,3,amusement,5905.0,5910.0,1.0,0.9931001585898862,0.01254516620020715
5271,S6,3,amusement,5910.0,5915.0,0.9889345938187899,0.9922565587199563,0.014078984145533985
5272,S6,3,amusement,5915.0,5920.0,0.9872815392964214,0.9888260524188457,0.020316268329371407
5273,S7,1,baseline,105.0,110.0,0.9889076640105832,0.9885330650081501,0.02084897271245462
5274,S7,1,baseline,110.0,115.0,0.9857594900253543,0.9880390888436945,0.021747111193282865
5275,S7,1,baseline,115.0,120.0,0.9887945783370508,0.9884928617473256,0.020922069550317262
5276,S7,1,baseline,120.0,125.0,0.9904990851074499,0.9805790833901131,0.03531075747252188
5277,S7,1,baseline,125.0,130.0,1.0,0.9949256823888137,0.009226032020338592
5278,S7,1,baseline,130.0,135.0,0.991125650570978,0.9946275913159581,0.009768015789166947
5279,S7,1,baseline,135.0,140.0,1.0,0.9912472636882055,0.015914066021444555
5280,S7,1,baseline,140.0,145.0,0.9859773592393748,0.9878853266454541,0.022026678826446953
5281,S7,1,baseline,145.0,150.0,0.9963216212214214,0.9935243557023534,0.011773898722993817
5282,S7,1,baseline,150.0,155.0,0.9893321291393843,0.9967055374591274,0.005989931892495731
5283,S7,1,baseline,155.0,160.0,0.9895314015121263,0.9927032886258065,0.01326674795307923
5284,S7,1,baseline,160.0,165.0,0.9875322571008582,0.9944877659183238,0.010022243784866205
5285,S7,1,baseline,165.0,170.0,0.9958622184470016,0.9478342465173589,0.09484682451389292
5286,S7,1,baseline,170.0,175.0,0.9907243348751549,0.9873094710654935,0.02307368897183024
5287,S7,1,baseline,175.0,180.0,1.0,0.9848296937708481,0.02758237496209457
5288,S7,1,baseline,180.0,185.0,1.0,0.993866557374314,0.011151713864883681
5289,S7,1,baseline,185.0,190.0,0.9872198981408971,0.9890635133324865,0.019884521213661032
5290,S7,1,baseline,190.0,195.0,0.9857941196229373,0.9923183458847613,0.013966643845888686
5291,S7,1,baseline,195.0,200.0,0.9857838912679532,0.9951582668296204,0.008803151218872185
5292,S7,1,baseline,200.0,205.0,0.9858107059308746,0.995152090371263,0.00881438114315824
5293,S7,1,baseline,205.0,210.0,1.0,0.9951451724273832,0.008826959222939733
5294,S7,1,baseline,210.0,215.0,0.9973526827552105,0.991373292892312,0.015684922013978066
5295,S7,1,baseline,215.0,220.0,0.9886482752091283,0.9940127667422658,0.010885878650425947
5296,S7,1,baseline,220.0,225.0,1.0,0.9927256849178738,0.013226027422047445
5297,S7,1,baseline,225.0,230.0,1.0,0.9892553942438309,0.019535646829398425
5298,S7,1,baseline,230.0,235.0,0.9870548864268639,0.9959096649921244,0.007436972741592299
5299,S7,1,baseline,235.0,240.0,1.0,0.9930904842614576,0.012562755888258993
5300,S7,1,baseline,240.0,245.0,1.0,0.9871898538315484,0.023291174851730195
5301,S7,1,baseline,245.0,250.0,0.9863540322871405,0.9869266254185973,0.02376977196618688
5302,S7,1,baseline,250.0,255.0,0.9869827854715039,0.9846694192016974,0.027873783269641184
5303,S7,1,baseline,255.0,260.0,0.9892623171104442,0.9564825746277714,0.07912259158587016
5304,S7,1,baseline,260.0,265.0,0.9862302485105783,0.9930069409359559,0.012714652843716777
5305,S7,1,baseline,265.0,270.0,0.9854061612698716,0.9864709902571276,0.024598199532495566
5306,S7,1,baseline,270.0,275.0,0.9875176038096335,0.98982123542222,0.01850684468687268
5307,S7,1,baseline,275.0,280.0,1.0,0.9915647917214148,0.01533674232470058
5308,S7,1,baseline,280.0,285.0,1.0,0.9864796455335114,0.024582462666342852
5309,S7,1,baseline,285.0,290.0,0.9858522586528632,0.987710977833888,0.022343676665658216
5310,S7,1,baseline,290.0,295.0,1.0,0.9909469560888136,0.016460079838520672
5311,S7,1,baseline,295.0,300.0,1.0,0.9946714947624886,0.009688191340929811
5312,S7,1,baseline,300.0,305.0,0.9852617923684256,0.9945387670472863,0.009929514459479384
5313,S7,1,baseline,305.0,310.0,0.9877716213948993,0.9931322429444767,0.012486831010042696
5314,S7,1,baseline,310.0,315.0,0.9993902645034115,0.9885411418795118,0.020834287491796777
5315,S7,1,baseline,315.0,320.0,1.0,0.9911806272415056,0.016035223197262544
5316,S7,1,baseline,320.0,325.0,0.9927247864735773,0.9923439674901098,0.013920059108891636
5317,S7,1,baseline,325.0,330.0,0.9957332014940994,0.9886338920377509,0.020665650840452906
5318,S7,1,baseline,330.0,335.0,0.9933485994478389,0.9931593385081117,0.01243756634888779
5319,S7,1,baseline,335.0,340.0,0.9960610740772231,0.9937326963507198,0.011395097544145907
5320,S7,1,baseline,340.0,345.0,0.9858793887733528,0.994182500689089,0.010577271474383582
5321,S7,1,baseline,345.0,350.0,0.9878058402440568,0.9926759999645187,0.013316363700875248
5322,S7,1,baseline,350.0,355.0,0.9866265594555195,0.9911924696442791,0.01601369155585615
5323,S7,1,baseline,355.0,360.0,0.9861751635943673,0.9832159502255189,0.030516454135420198
5324,S7,1,baseline,360.0,365.0,0.9859080898410464,0.9946485593432628,0.009729892103158813
5325,S7,1,baseline,365.0,370.0,0.9874812478712084,0.9866138047983053,0.024338536730354125
5326,S7,1,baseline,370.0,375.0,0.9949577515895469,0.9769071235332523,0.041987048121359456
5327,S7,1,baseline,375.0,380.0,0.9865130219992368,0.990669849508198,0.01696390998509479
5328,S7,1,baseline,380.0,385.0,0.9935444024820618,0.9919290609871165,0.014674434568879258
5329,S7,1,baseline,385.0,390.0,0.986877902647224,0.9869215956742727,0.023778916955867806
5330,S7,1,baseline,390.0,395.0,0.9860420385810873,0.9831943854157257,0.03055566288049886
5331,S7,1,baseline,395.0,400.0,0.9918585751762309,0.9614641538665007,0.07006517478818064
5332,S7,1,baseline,400.0,405.0,1.0,0.9759367855543206,0.04375129899214426
5333,S7,1,baseline,405.0,410.0,0.9995612632761247,0.9923622482306464,0.013886821398824536
5334,S7,1,baseline,410.0,415.0,1.0,0.9825871494756864,0.031659728226024766
5335,S7,1,baseline,415.0,420.0,0.9887203743866284,0.9795083457542024,0.03725755317417747
5336,S7,1,baseline,420.0,425.0,1.0,0.9961220372733628,0.007050841321158788
5337,S7,1,baseline,425.0,430.0,1.0,0.9931920966150163,0.012378006154516128
5338,S7,1,baseline,430.0,435.0,0.9742896574900102,0.9872548646662918,0.02317297333401516
5339,S7,1,baseline,435.0,440.0,1.0,0.986871846712374,0.02386936961386554
5340,S7,1,baseline,440.0,445.0,0.9847994433567273,0.9885307416879507,0.020853196930998883
5341,S7,1,baseline,445.0,450.0,0.986479741596191,0.993638771441818,0.011565870105785456
5342,S7,1,baseline,450.0,455.0,0.9866976028406675,0.986362270058297,0.0247958726212782
5343,S7,1,baseline,455.0,460.0,0.993575191261828,0.9925786688792111,0.013493329310525454
5344,S7,1,baseline,460.0,465.0,0.9919877692200758,0.9977271139795472,0.004132520037187096
5345,S7,1,baseline,465.0,470.0,0.9888018608059802,0.9959855946580238,0.007298918803593108
5346,S7,1,baseline,470.0,475.0,0.998062903459442,0.9929009512380784,0.012907361385312042
5347,S7,1,baseline,475.0,480.0,0.9864784103067572,0.9890442959105514,0.019919461980815723
5348,S7,1,baseline,480.0,485.0,0.9859251065929604,0.9938408985298235,0.011198366309412093
5349,S7,1,baseline,485.0,490.0,0.9870215091811211,0.9881106734622753,0.02161695734131774
5350,S7,1,baseline,490.0,495.0,0.9915658184971663,0.9950918515335718,0.008923906302596655
5351,S7,1,baseline,495.0,500.0,0.9875651163403688,0.9953318520344194,0.008487541755601034
5352,S7,1,baseline,500.0,505.0,0.9858812337400418,0.9864228542371252,0.024685719568863604
5353,S7,1,baseline,505.0,510.0,0.9860009227799662,0.9900181437890692,0.018148829474420033
5354,S7,1,baseline,510.0,515.0,0.9860124329150934,0.9776517429039064,0.04063319472017033
5355,S7,1,baseline,515.0,520.0,0.9859134859281169,0.9741560052059908,0.046989081443653206
5356,S7,1,baseline,520.0,525.0,0.9872181915713201,0.983025155697304,0.030863353277629273
5357,S7,1,baseline,525.0,530.0,0.9869589029948213,0.965924121368152,0.061956142966996586
5358,S7,1,baseline,530.0,535.0,0.9911927963789428,0.9892900002380474,0.019472726839913888
5359,S7,1,baseline,535.0,540.0,0.987067398257666,0.9951108677602478,0.008889331345003913
5360,S7,1,baseline,540.0,545.0,0.9866701479437353,0.997659314060362,0.004255792617523822
5361,S7,1,baseline,545.0,550.0,0.9869865874005603,0.9926239073185137,0.013411077602702638
5362,S7,1,baseline,550.0,555.0,0.9881630135241417,0.990462501720216,0.017340905963243537
5363,S7,1,baseline,555.0,560.0,0.9917555828266866,0.9910322774716094,0.016304950051619516
5364,S7,1,baseline,560.0,565.0,0.9890066651437992,0.9945032342890265,0.009994119474497454
5365,S7,1,baseline,565.0,570.0,0.986987479322371,0.9938545181395144,0.011173603382701063
5366,S7,1,baseline,570.0,575.0,0.9852432050351276,0.995585760968748,0.008025889147730987
5367,S7,1,baseline,575.0,580.0,1.0,0.9912465819990577,0.015915305456258952
5368,S7,1,baseline,580.0,585.0,1.0,0.9899923155830439,0.01819578984901099
5369,S7,1,baseline,585.0,590.0,0.9953457816079078,0.985309667548071,0.026709695367143533
5370,S7,1,baseline,590.0,595.0,0.9924798972078396,0.9886795186980528,0.020582693276267654
5371,S7,1,baseline,595.0,600.0,0.9939411172333669,0.993942152109758,0.011014268891349316
5372,S7,1,baseline,600.0,605.0,0.9867208322423592,0.9730021475951618,0.049087004372433345
5373,S7,1,baseline,605.0,610.0,0.9856103418929063,0.9863072440435963,0.024895919920734037
5374,S7,1,baseline,610.0,615.0,0.9870902694025674,0.9418906718121491,0.1056533239779107
5375,S7,1,baseline,615.0,620.0,0.988634296117201,0.9871093120169179,0.023437614514694907
5376,S7,1,baseline,620.0,625.0,1.0,0.9930621042918164,0.012614355833061206
5377,S7,1,baseline,625.0,630.0,1.0,0.9696937648369324,0.05510224575103218
5378,S7,1,baseline,630.0,635.0,0.9900666530601064,0.9810869999994303,0.03438727272830881
5379,S7,1,baseline,635.0,640.0,0.9885124847974607,0.9526598098824706,0.08607307294096263
5380,S7,1,baseline,640.0,645.0,0.9850764542941828,0.9905512176758173,0.01717960422578683
5381,S7,1,baseline,645.0,650.0,0.9874246245890788,0.9874632557512577,0.02279408045225878
5382,S7,1,baseline,650.0,655.0,0.9858772980325634,0.9862962347949711,0.02491593673641638
5383,S7,1,baseline,655.0,660.0,0.9843752869265786,0.9942324887571299,0.010486384077945892
5384,S7,1,baseline,660.0,665.0,0.9941279310341746,0.9947460632574276,0.00955261225922252
5385,S7,1,baseline,665.0,670.0,0.9867309571304027,0.9905023766639294,0.01726840606558312
5386,S7,1,baseline,670.0,675.0,0.995415377840755,0.9904942119612272,0.017283250979587172
5387,S7,1,baseline,675.0,680.0,0.9885177897753836,0.9735860232249451,0.048025412318281696
5388,S7,1,baseline,680.0,685.0,0.9875483523990951,0.9941398945409767,0.010654737198224197
5389,S7,1,baseline,685.0,690.0,0.9945504641679774,0.9860231634886056,0.025412430020716987
5390,S7,1,baseline,690.0,695.0,0.9826607365454207,0.9812308925089301,0.03412564998376336
5391,S7,1,baseline,695.0,700.0,0.9956316705992854,0.9816766149718441,0.033315245505737986
5392,S7,1,baseline,700.0,705.0,0.9829945375953195,0.9801056382389199,0.03617156683832729
5393,S7,1,baseline,705.0,710.0,0.9861561352980759,0.9549901419495874,0.08183610554620492
5394,S7,1,baseline,710.0,715.0,0.9863605172862823,0.9797007912016118,0.03690765236070581
5395,S7,1,baseline,715.0,720.0,0.9908041658612787,0.9918759383681051,0.014771021148899806
5396,S7,1,baseline,720.0,725.0,1.0,0.9851215854380777,0.027051662839858753
5397,S7,1,baseline,725.0,730.0,0.9875590956199204,0.9761525802550965,0.043358944990733735
5398,S7,1,baseline,730.0,735.0,0.9865316674599143,0.9681002815059949,0.05799948817091829
5399,S7,1,baseline,735.0,740.0,1.0,0.9823769613373468,0.03204188847755141
5400,S7,1,baseline,740.0,745.0,1.0,0.9960118533612716,0.0072511757067789
5401,S7,1,baseline,745.0,750.0,0.9968768622084692,0.9906298155512814,0.017036698997670414
5402,S7,1,baseline,750.0,755.0,0.9906606158066465,0.9935241223728608,0.011774322958435007
5403,S7,1,baseline,755.0,760.0,0.9953504618287018,0.993315739563202,0.012153200794178231
5404,S7,1,baseline,760.0,765.0,0.998819627039984,0.9885771003442636,0.020768908464975325
5405,S7,1,baseline,765.0,770.0,1.0,0.9822611649810649,0.032252427307154725
5406,S7,1,baseline,770.0,775.0,1.0,0.9866260054026632,0.024316353813339554
5407,S7,1,baseline,775.0,780.0,0.992115321748842,0.9927944316567079,0.013101033351440194
5408,S7,1,baseline,780.0,785.0,0.9882809594313976,0.9871277283107427,0.02340413034410453
5409,S7,1,baseline,785.0,790.0,0.989607230061626,0.9940200749703183,0.01087259096305771
5410,S7,1,baseline,790.0,795.0,0.9866389150036685,0.9890281514046997,0.01994881562781886
5411,S7,1,baseline,795.0,800.0,0.9872538783614788,0.9924147466434601,0.013791369739163716
5412,S7,1,baseline,800.0,805.0,0.9857528885459403,0.98651664770448,0.024515185991854767
5413,S7,1,baseline,805.0,810.0,0.9861114503640154,0.9957547619391252,0.007718614656136191
5414,S7,1,baseline,810.0,815.0,0.9867992672346346,0.9950876079808975,0.00893162185291365
5415,S7,1,baseline,815.0,820.0,0.9858222632290115,0.992455705209756,0.013716899618625586
5416,S7,1,baseline,820.0,825.0,0.9878544975594096,0.9925143140182668,0.01361033814860567
5417,S7,1,baseline,825.0,830.0,0.9885121703226808,0.9805035051422109,0.035448172468707746
5418,S7,1,baseline,830.0,835.0,0.994653424787657,0.9956768325551795,0.007860304445128394
5419,S7,1,baseline,835.0,840.0,0.9891374495794788,0.9880760427110624,0.021679922343522777
5420,S7,1,baseline,840.0,845.0,0.9866116535799697,0.976846036974969,0.04209811459096549
5421,S7,1,baseline,845.0,850.0,0.9853433083050226,0.9736940948952777,0.04782891837222247
5422,S7,1,baseline,850.0,855.0,0.9859816581280648,0.9789800186632243,0.0382181478850468
5423,S7,1,baseline,855.0,860.0,0.9869521143337605,0.9913074293029907,0.01580467399456259
5424,S7,1,baseline,860.0,865.0,0.9848568515031381,0.986351238228115,0.02481593049433655
5425,S7,1,baseline,865.0,870.0,0.9960060751985511,0.9885143772260228,0.020882950498140696
5426,S7,1,baseline,870.0,875.0,0.988501477210826,0.9873800209350339,0.022945416481756804
5427,S7,1,baseline,875.0,880.0,0.9856206518287016,0.985268393220299,0.026784739599456462
5428,S7,1,baseline,880.0,885.0,0.9876810764866789,0.9862894373533946,0.02492829572110067
5429,S7,1,baseline,885.0,890.0,0.9936711657780392,0.9733238302609424,0.04850212679828666
5430,S7,1,baseline,890.0,895.0,1.0,0.9906652439077424,0.016972283804104992
5431,S7,1,baseline,895.0,900.0,1.0,0.9900224546122405,0.018140991614108384
5432,S7,1,baseline,900.0,905.0,0.9926262868007841,0.9939765483004452,0.010951730362827084
5433,S7,1,baseline,905.0,910.0,0.9872302613849714,0.9962784161017744,0.006766516178592047
5434,S7,1,baseline,910.0,915.0,0.9889596742789643,0.9946204169976858,0.009781060004207746
5435,S7,1,baseline,915.0,920.0,0.9887395688521289,0.9927312603081053,0.013215890348899454
5436,S7,1,baseline,920.0,925.0,0.9862371183071243,0.9907228793989729,0.016867492001867455
5437,S7,1,baseline,925.0,930.0,1.0,0.9927475906084997,0.013186198893636777
5438,S7,1,baseline,930.0,935.0,1.0,0.9920010781559301,0.014543494261945246
5439,S7,1,baseline,935.0,940.0,0.9868505609783972,0.9925589839669182,0.013529120060148897
5440,S7,1,baseline,940.0,945.0,0.9862798833219114,0.9905703718565613,0.01714477844261608
5441,S7,1,baseline,945.0,950.0,0.9875309575019029,0.9905215464674555,0.017233551877353852
5442,S7,1,baseline,950.0,955.0,0.985789872941416,0.9944329077374887,0.010121985931838802
5443,S7,1,baseline,955.0,960.0,1.0,0.9887185457039371,0.020511735083750943
5444,S7,1,baseline,960.0,965.0,1.0,0.9920595888257335,0.01443711122593894
5445,S7,1,baseline,965.0,970.0,1.0,0.9962400644740874,0.006836246410750067
5446,S7,1,baseline,970.0,975.0,1.0,0.9525674112985887,0.0862410703662026
5447,S7,1,baseline,975.0,980.0,0.9891235276045264,0.9815211270591329,0.03359795080157676
5448,S7,1,baseline,980.0,985.0,0.9873211770079351,0.9846904540035253,0.027835538175408736
5449,S7,1,baseline,985.0,990.0,0.9858506429726334,0.9725683537629362,0.0498757204310253
5450,S7,1,baseline,990.0,995.0,0.9884611490114877,0.9727667673744351,0.049514968410117925
5451,S7,1,baseline,995.0,1000.0,0.9882180493937811,0.988227106548651,0.02140526082063457
5452,S7,1,baseline,1000.0,1005.0,1.0,0.982917974530441,0.031058228126470744
5453,S7,1,baseline,1005.0,1010.0,0.9982499716575378,0.9910812835478411,0.016215848094834413
5454,S7,1,baseline,1010.0,1015.0,0.9836817098417023,0.9915497665113517,0.015364060888451603
5455,S7,1,baseline,1015.0,1020.0,0.9881567537449942,0.9803807303760912,0.03567139931619784
5456,S7,1,baseline,1020.0,1025.0,0.9881592908535539,0.9919914790915543,0.014560947106264993
5457,S7,1,baseline,1025.0,1030.0,0.9878761357794119,0.9809650881118126,0.03460893070579533
5458,S7,1,baseline,1030.0,1035.0,0.9855048060877202,0.9947050487784193,0.009627184039238039
5459,S7,1,baseline,1035.0,1040.0,1.0,0.9913870803488682,0.015659853911148755
5460,S7,1,baseline,1040.0,1045.0,1.0,0.9897003443122285,0.018726646705039353
5461,S7,1,baseline,1045.0,1050.0,0.9898071045750833,0.9947164934237516,0.009606375593179119
5462,S7,1,baseline,1050.0,1055.0,0.9869877315624103,0.9805837640675503,0.03530224714990859
5463,S7,1,baseline,1055.0,1060.0,0.9871437439079498,0.9905805954589606,0.017126190074617322
5464,S7,1,baseline,1060.0,1065.0,0.9833686768771365,0.9882889782839446,0.021292766756464365
5465,S7,1,baseline,1065.0,1070.0,0.9929749947813269,0.9943677503376753,0.010240453931499574
5466,S7,1,baseline,1070.0,1075.0,0.9891676101598414,0.9912314038215153,0.015942902142699635
5467,S7,1,baseline,1075.0,1080.0,0.9868048075464042,0.993805117338842,0.01126342302028711
5468,S7,1,baseline,1080.0,1085.0,0.9863735687239338,0.988209341204076,0.021437561447134528
5469,S7,1,baseline,1085.0,1090.0,0.9946348188625603,0.9842503859386,0.028635661929818257
5470,S7,1,baseline,1090.0,1095.0,0.9874350535957014,0.9929066397375195,0.01289701865905574
5471,S7,1,baseline,1095.0,1100.0,0.9865294393315902,0.99274147561604,0.013197317061745734
5472,S7,1,baseline,1100.0,1105.0,0.9863498378575091,0.9917313801768206,0.015033854223962513
5473,S7,1,baseline,1105.0,1110.0,0.990195569628993,0.9937114488845833,0.01143372930075795
5474,S7,1,baseline,1110.0,1115.0,0.9874676789083267,0.9954816247454634,0.008215227735521127
5475,S7,1,baseline,1115.0,1120.0,0.9866724668255897,0.9910526109858084,0.016267980025802813
5476,S7,1,baseline,1120.0,1125.0,0.9941386563552209,0.9940266711686845,0.010860597875119058
5477,S7,1,baseline,1125.0,1130.0,0.9865372071283776,0.9730155194588297,0.049062691893037046
5478,S7,1,baseline,1130.0,1135.0,0.9925090736948314,0.9848481476060365,0.02754882253447935
5479,S7,1,baseline,1135.0,1140.0,0.9867606915712885,0.9833058545841342,0.030352991665210504
5480,S7,1,baseline,1140.0,1145.0,0.9867978879500506,0.9919473664703562,0.014641151872079646
5481,S7,1,baseline,1145.0,1150.0,0.9840101957961257,0.9928987361146207,0.01291138888250785
5482,S7,1,baseline,1150.0,1155.0,0.9869878791541219,0.9926921697578226,0.013286964076686343
5483,S7,1,baseline,1155.0,1160.0,0.9876634758265467,0.9945972755084533,0.009823135439175984
5484,S7,1,baseline,1160.0,1165.0,0.9862239039710905,0.9928584139944363,0.012984701828297916
5485,S7,1,baseline,1165.0,1170.0,0.9893430280971696,0.9851050692354377,0.027081692299204246
5486,S7,1,baseline,1170.0,1175.0,0.9873941097764956,0.989493530752118,0.019102671359785627
5487,S7,1,baseline,1175.0,1180.0,0.9920842691450834,0.9932712344624062,0.012234119159261488
5488,S7,1,baseline,1180.0,1185.0,0.9929469635339484,0.9931127724226014,0.012522231958906803
5489,S7,1,baseline,1185.0,1190.0,0.9851941118683869,0.9871181844916335,0.023421482742484692
5490,S7,1,baseline,1190.0,1195.0,0.9886196959340012,0.9894641017780381,0.019156178585385212
5491,S7,1,baseline,1195.0,1200.0,1.0,0.9825048290689848,0.03180940169275493
5492,S7,1,baseline,1200.0,1205.0,0.9867821534660383,0.9856448334216166,0.02610030286978828
5493,S7,1,baseline,1205.0,1210.0,0.9906858391787295,0.9940050575438042,0.0108998953749017
5494,S7,1,baseline,1210.0,1215.0,0.9976069164036672,0.9891322322758125,0.019759577680341124
5495,S7,1,baseline,1215.0,1220.0,0.99547613461498,0.9938733729295075,0.011139321946350209
5496,S7,1,baseline,1220.0,1225.0,0.9894236731611747,0.9930322281502202,0.01266867609050894
5497,S7,1,baseline,1225.0,1230.0,0.9878219242061681,0.9790713882551401,0.038052021354290984
5498,S7,1,baseline,1230.0,1235.0,0.9989965235358279,0.9925528453790349,0.013540281129027658
5499,S7,1,baseline,1235.0,1240.0,0.9856910419463978,0.9814063062256908,0.03380671595328962
5500,S7,1,baseline,1240.0,1245.0,0.9848552888999385,0.9948932780002717,0.009284949090415363
5501,S7,1,baseline,1245.0,1250.0,0.9923947823235169,0.9930726728342234,0.012595140301412193
5502,S7,1,baseline,1250.0,1255.0,0.985225638496034,0.9915579874220999,0.015349113778000393
5503,S7,1,baseline,1255.0,1260.0,0.984851636777612,0.9928898911448427,0.012927470645740706
5504,S7,1,baseline,1260.0,1265.0,0.984553965024901,0.9664162077530305,0.061061440449035435
5505,S7,1,baseline,1265.0,1270.0,0.9868589520723018,0.9941249966681172,0.010681824239787209
5506,S7,1,baseline,1270.0,1275.0,0.9898607543211014,0.9930576781155005,0.012622403426363027
5507,S7,1,baseline,1275.0,1280.0,0.9969293527814583,0.9889829908116119,0.02003092579706922
5508,S7,1,baseline,1280.0,1285.0,0.9865189230265152,0.9888838524626329,0.020211177340667682
5509,S7,3,amusement,1555.0,1560.0,0.9903158823014622,0.9904956771349103,0.01728058702743585
5510,S7,3,amusement,1560.0,1565.0,0.9892517880079781,0.9918894760032828,0.014746407266758764
5511,S7,3,amusement,1565.0,1570.0,0.9871162534394826,0.9909583515326255,0.016439360849772145
5512,S7,3,amusement,1570.0,1575.0,0.9856480069159486,0.9845768471477963,0.02804209609491593
5513,S7,3,amusement,1575.0,1580.0,0.9917929313777577,0.9896373734688115,0.01884113914761544
5514,S7,3,amusement,1580.0,1585.0,0.9888721162032414,0.9941323036651977,0.010668538790549803
5515,S7,3,amusement,1585.0,1590.0,0.9921321951889527,0.9868895865199785,0.023837115418220978
5516,S7,3,amusement,1590.0,1595.0,0.9942553205058796,0.9878008189394354,0.022180329201026684
5517,S7,3,amusement,1595.0,1600.0,0.9924882294501141,0.9919882978227115,0.014566731231433643
5518,S7,3,amusement,1600.0,1605.0,0.9875219139038818,0.9906735566241702,0.0169571697742362
5519,S7,3,amusement,1605.0,1610.0,0.9884816112117981,0.994889483874869,0.009291847500238398
5520,S7,3,amusement,1610.0,1615.0,0.9863757774574079,0.992736187391392,0.013206932015651152
5521,S7,3,amusement,1615.0,1620.0,0.9866556818535006,0.9869320612787267,0.02375988858413337
5522,S7,3,amusement,1620.0,1625.0,0.992255785763628,0.9937199817349083,0.01141821502743964
5523,S7,3,amusement,1625.0,1630.0,0.986826362255965,0.9899721964870363,0.018232370023570456
5524,S7,3,amusement,1630.0,1635.0,0.9986454109557916,0.9911649908997386,0.016063652909566035
5525,S7,3,amusement,1635.0,1640.0,0.9841227766823012,0.9927452661563423,0.01319042517028674
5526,S7,3,amusement,1640.0,1645.0,0.9875077276378967,0.9870099878219059,0.02361820396017108
5527,S7,3,amusement,1645.0,1650.0,0.9870284506118504,0.9960930672730159,0.007103514049062086
5528,S7,3,amusement,1650.0,1655.0,0.9882985348854507,0.9916821195030141,0.015123419085429064
5529,S7,3,amusement,1655.0,1660.0,0.9870164338908334,0.9903545684644741,0.01753714824641086
5530,S7,3,amusement,1660.0,1665.0,0.9929067010948325,0.993433343651591,0.01193937517892542
5531,S7,3,amusement,1665.0,1670.0,1.0,0.993130950885716,0.012489180207789352
5532,S7,3,amusement,1670.0,1675.0,1.0,0.9946655875000288,0.009698931818129504
5533,S7,3,amusement,1675.0,1680.0,0.9856971212606087,0.9843948318809133,0.0283730329437942
5534,S7,3,amusement,1680.0,1685.0,0.989712945299383,0.9935986378577655,0.01163884025860834
5535,S7,3,amusement,1685.0,1690.0,1.0,0.9888065818196952,0.020351669418736045
5536,S7,3,amusement,1690.0,1695.0,1.0,0.993368852441207,0.012056631925078165
5537,S7,3,amusement,1695.0,1700.0,0.9893320821267998,0.9931988923613735,0.012365650252048535
5538,S7,3,amusement,1700.0,1705.0,0.9870579438778941,0.997779291536474,0.0040376517518653015
5539,S7,3,amusement,1705.0,1710.0,0.9876749649952701,0.9941644041314563,0.010610174306442963
5540,S7,3,amusement,1710.0,1715.0,0.9879398866946772,0.9820434866828367,0.032648206031206224
5541,S7,3,amusement,1715.0,1720.0,0.9873498374943597,0.9935747087203206,0.011682347781235352
5542,S7,3,amusement,1720.0,1725.0,0.9868999231834559,0.9949278536968389,0.00922208418756586
5543,S7,3,amusement,1725.0,1730.0,0.9927197776234877,0.9937589189194409,0.011347420146471325
5544,S7,3,amusement,1730.0,1735.0,0.9861485357113723,0.9903590255885897,0.017529044384382242
5545,S7,3,amusement,1735.0,1740.0,0.9886118583701379,0.9946426174535652,0.00974069553897236
5546,S7,3,amusement,1740.0,1745.0,0.9904691841351096,0.9941959902557937,0.010552744989466172
5547,S7,3,amusement,1745.0,1750.0,1.0,0.9920817978293786,0.014396731219311908
5548,S7,3,amusement,1750.0,1755.0,1.0,0.9902171256743426,0.017787044228468274
5549,S7,3,amusement,1755.0,1760.0,1.0,0.9945459470496099,0.00991645990980031
5550,S7,3,amusement,1760.0,1765.0,1.0,0.985912685370046,0.025613299327189507
5551,S7,3,amusement,1765.0,1770.0,0.9862168196225025,0.9926806389610487,0.01330792916172946
5552,S7,3,amusement,1770.0,1775.0,1.0,0.9949599168084393,0.00916378762101937
5553,S7,3,amusement,1775.0,1780.0,1.0,0.989605590816975,0.018898925787318204
5554,S7,3,amusement,1780.0,1785.0,0.986722325090704,0.9915388553823496,0.01538389930481908
5555,S7,3,amusement,1785.0,1790.0,0.9929627583296197,0.9921174433306033,0.01433192121708491
5556,S7,3,amusement,1790.0,1795.0,0.9872555253332722,0.9881182756323894,0.021603135213837468
5557,S7,3,amusement,1795.0,1800.0,0.9878734227202066,0.9848632734993588,0.02752132091025674
5558,S7,3,amusement,1800.0,1805.0,0.9878919161626774,0.9927728892309675,0.013140201398240783
5559,S7,3,amusement,1805.0,1810.0,0.9881402405784349,0.9736285873978969,0.04794802291291472
5560,S7,3,amusement,1810.0,1815.0,0.9879948282029791,0.9923546956117963,0.013900553433097464
5561,S7,3,amusement,1815.0,1820.0,1.0,0.9953318483408695,0.008487548471146432
5562,S7,3,amusement,1820.0,1825.0,1.0,0.9939214341507137,0.011051937907793382
5563,S7,3,amusement,1825.0,1830.0,1.0,0.9925946212210421,0.013464325052650597
5564,S7,3,amusement,1830.0,1835.0,0.9885178814405953,0.995500664058296,0.008180610803098374
5565,S7,3,amusement,1835.0,1840.0,1.0,0.9927563193676379,0.013170328422476816
5566,S7,3,amusement,1840.0,1845.0,0.9879023940758407,0.993102906688899,0.012540169656547214
5567,S7,3,amusement,1845.0,1850.0,0.9846836438099258,0.9817156645917422,0.03324424619683252
5568,S7,3,amusement,1850.0,1855.0,1.0,0.9890901142994999,0.019836155819091213
5569,S7,3,amusement,1855.0,1860.0,1.0,0.9918256828409941,0.014862394834556139
5570,S7,3,amusement,1860.0,1865.0,0.9865906257373042,0.9965356367203448,0.006298842326645875
5571,S7,3,amusement,1865.0,1870.0,0.9915215131488637,0.9927072351319002,0.013259572487454215
5572,S7,3,amusement,1870.0,1875.0,0.9948045682845308,0.9925013243668317,0.013633955696669761
5573,S7,3,amusement,1875.0,1880.0,0.988073041065813,0.9922293904373891,0.014128381022929086
5574,S7,3,amusement,1880.0,1885.0,1.0,0.991743584701611,0.015011664178889283
5575,S7,3,amusement,1885.0,1890.0,0.9876394491405137,0.9936023998835966,0.011632000211642719
5576,S7,3,amusement,1890.0,1895.0,0.9863548918853352,0.9932809732501862,0.012216412272388878
5577,S7,3,amusement,1895.0,1900.0,0.9914971981903297,0.9950939619901298,0.008920069108855183
5578,S7,3,amusement,1900.0,1905.0,0.9897192026044704,0.9957168266159269,0.007787587971042257
5579,S7,3,amusement,1905.0,1910.0,0.9845218185618235,0.9927945189973622,0.013100874550250614
5580,S7,3,amusement,1910.0,1915.0,0.9993751665048896,0.9943305980603971,0.010308003526550587
5581,S7,3,amusement,1915.0,1920.0,1.0,0.989823670291051,0.01850241765263477
5582,S7,2,stress,3100.0,3105.0,0.9949517373815677,0.9712252169273228,0.05231778740486789
5583,S7,2,stress,3105.0,3110.0,0.9942417894685325,0.9671295683695598,0.059764421146255076
5584,S7,2,stress,3110.0,3115.0,0.9893880046748452,0.937516705597329,0.11360598982303843
5585,S7,2,stress,3115.0,3120.0,0.9843860837399074,0.9428184056490772,0.10396653518349606
5586,S7,2,stress,3120.0,3125.0,0.9939468991937724,0.9499830815322179,0.09093985175960378
5587,S7,2,stress,3125.0,3130.0,1.0,0.9822505889627247,0.032271656431409834
5588,S7,2,stress,3130.0,3135.0,1.0,0.9881787913358471,0.021493106662096192
5589,S7,2,stress,3135.0,3140.0,0.9895599807237891,0.9884858047812477,0.020934900397731392
5590,S7,2,stress,3140.0,3145.0,0.9866743578087875,0.9652143895727789,0.06324656441312927
5591,S7,2,stress,3145.0,3150.0,0.9917348442237868,0.9676391648898262,0.05883788201849813
5592,S7,2,stress,3150.0,3155.0,0.994465314530857,0.9892979326203728,0.019458304326595118
5593,S7,2,stress,3155.0,3160.0,0.9863797662916979,0.9635998637180327,0.06618206596721314
5594,S7,2,stress,3160.0,3165.0,0.9854797300764082,0.9846025441951669,0.027995374190605552
5595,S7,2,stress,3165.0,3170.0,0.9836510510807629,0.9817879113884935,0.0331128883845572
5596,S7,2,stress,3170.0,3175.0,1.0,0.9706229685462224,0.053412784461413974
5597,S7,2,stress,3175.0,3180.0,0.991458261287517,0.9711834673379529,0.052393695749176655
5598,S7,2,stress,3180.0,3185.0,0.9863356678411783,0.9887939194988686,0.020374691820238745
5599,S7,2,stress,3185.0,3190.0,0.9867955759419106,0.9194564299735695,0.1464428545935102
5600,S7,2,stress,3190.0,3195.0,0.9870898853121093,0.963296526488387,0.06673358820293261
5601,S7,2,stress,3195.0,3200.0,0.9870637440663539,0.9527272170130661,0.08595051452169807
5602,S7,2,stress,3200.0,3205.0,0.9909729961048466,0.9616897393812291,0.06965501930685626
5603,S7,2,stress,3205.0,3210.0,0.9856150602751924,0.97187647596984,0.05113368005483664
5604,S7,2,stress,3210.0,3215.0,0.9847696000301537,0.9846444522306601,0.027919177762436305
5605,S7,2,stress,3215.0,3220.0,0.9961336545817301,0.9871786073075999,0.023311623077091084
5606,S7,2,stress,3220.0,3225.0,0.9829630858379228,0.9126739588968951,0.15877462018746363
5607,S7,2,stress,3225.0,3230.0,0.9883700522941133,0.9857166967006035,0.025969642362539423
5608,S7,2,stress,3230.0,3235.0,0.9864995484064902,0.9648904398533695,0.0638355639029646
5609,S7,2,stress,3235.0,3240.0,0.908,0.9713123110408612,0.05215943447116172
5610,S7,2,stress,3240.0,3245.0,1.0,0.976352830407252,0.042994853804996395
5611,S7,2,stress,3245.0,3250.0,0.9869556782233267,0.9660019652212679,0.06181460868860404
5612,S7,2,stress,3250.0,3255.0,0.9923407549067789,0.9649328052328898,0.06375853594020049
5613,S7,2,stress,3255.0,3260.0,0.9878620118557776,0.9815206508356125,0.033598816662523026
5614,S7,2,stress,3260.0,3265.0,0.9822740125300751,0.9724754673128351,0.05004460488575472
5615,S7,2,stress,3265.0,3270.0,0.9852249301487362,0.9431446814741744,0.10337330641059216
5616,S7,2,stress,3270.0,3275.0,0.9892335550737043,0.9097473483349705,0.16409573030005364
5617,S7,2,stress,3275.0,3280.0,0.9817611333399552,0.9865925955914667,0.024377098924605947
5618,S7,2,stress,3280.0,3285.0,0.983699289174129,0.9739358778041072,0.04738931308344156
5619,S7,2,stress,3285.0,3290.0,0.9930156473549713,0.9497942360232337,0.09128320723048441
5620,S7,2,stress,3290.0,3295.0,0.9887589408887127,0.9869986057613951,0.023638898615645425
5621,S7,2,stress,3295.0,3300.0,0.9832861102023636,0.9865679477120297,0.024421913250854996
5622,S7,2,stress,3300.0,3305.0,0.9892447580983056,0.9785626346731118,0.03897702786706969
5623,S7,2,stress,3305.0,3310.0,0.9884050061480009,0.9481938891190345,0.09419292887448293
5624,S7,2,stress,3310.0,3315.0,0.9854722250428383,0.9850685845280389,0.02714802813083852
5625,S7,2,stress,3315.0,3320.0,0.9817120410317303,0.9885807339008381,0.02076230199847625
5626,S7,2,stress,3320.0,3325.0,0.9871076837859324,0.9921197348785955,0.014327754766189962
5627,S7,2,stress,3325.0,3330.0,1.0,0.9699464954748618,0.05464273550025152
5628,S7,2,stress,3330.0,3335.0,0.9905207924122644,0.9396485503582148,0.10972990843960952
5629,S7,2,stress,3335.0,3340.0,0.9853663785333165,0.9664497043464191,0.061000537551965495
5630,S7,2,stress,3340.0,3345.0,0.9744551338646047,0.9785133892910156,0.0390665649254261
5631,S7,2,stress,3345.0,3350.0,0.9854900125176939,0.9819169442151703,0.0328782832451452
5632,S7,2,stress,3350.0,3355.0,1.0,0.9694907348531687,0.05547139117605719
5633,S7,2,stress,3355.0,3360.0,1.0,0.9810887600287377,0.034384072675022276
5634,S7,2,stress,3360.0,3365.0,1.0,0.9669719190110833,0.060051056343485065
5635,S7,2,stress,3365.0,3370.0,1.0,0.9789187719196646,0.03832950560060974
5636,S7,2,stress,3370.0,3375.0,0.9848172464216669,0.9620330517765803,0.06903081495167236
5637,S7,2,stress,3375.0,3380.0,1.0,0.9539195016531388,0.08378272426702041
5638,S7,2,stress,3380.0,3385.0,1.0,0.9646726348884802,0.06423157293003612
5639,S7,2,stress,3385.0,3390.0,0.9860443513323982,0.968287691061831,0.05765874352394385
5640,S7,2,stress,3390.0,3395.0,0.9791617342778438,0.9881863659557688,0.021479334625874834
5641,S7,2,stress,3395.0,3400.0,0.986505837462158,0.9937272969966093,0.011404914551619384
5642,S7,2,stress,3400.0,3405.0,0.993596074738178,0.9899480504195113,0.01827627196452491
5643,S7,2,stress,3405.0,3410.0,0.9866132903911783,0.9908384803503096,0.0166573084539825
5644,S7,2,stress,3410.0,3415.0,0.9916284825937669,0.9831698702092861,0.030600235983116005
5645,S7,2,stress,3415.0,3420.0,1.0,0.9949608039989695,0.009162174547328119
5646,S7,2,stress,3420.0,3425.0,0.9822859958613863,0.9946571729623779,0.009714230977494638
5647,S7,2,stress,3425.0,3430.0,0.9863581459823173,0.9921557320556502,0.014262305353363194
5648,S7,2,stress,3430.0,3435.0,0.9879713370272688,0.9929072075895491,0.01289598620081989
5649,S7,2,stress,3435.0,3440.0,0.9870426031764189,0.9831544206918117,0.03062832601488794
5650,S7,2,stress,3440.0,3445.0,0.9884068347875168,0.9851654183452345,0.02697196664502833
5651,S7,2,stress,3445.0,3450.0,0.9886697939096963,0.9451371269162041,0.09975067833417452
5652,S7,2,stress,3450.0,3455.0,0.9901152826386319,0.993728872382285,0.011402050214027482
5653,S7,2,stress,3455.0,3460.0,0.9922148197073978,0.9926885183184675,0.013293603057331798
5654,S7,2,stress,3460.0,3465.0,0.9889734795057162,0.9908778772910101,0.01658567765270915
5655,S7,2,stress,3465.0,3470.0,1.0,0.9816466723208714,0.033369686689324815
5656,S7,2,stress,3470.0,3475.0,0.9880820780821498,0.9728603757659726,0.049344771334595104
5657,S7,2,stress,3475.0,3480.0,0.9913023266242327,0.9960659178791478,0.00715287658336796
5658,S7,2,stress,3480.0,3485.0,0.9938043731092489,0.9948796024859405,0.009309813661926469
5659,S7,2,stress,3485.0,3490.0,1.0,0.9910875273988147,0.016204495638518935
5660,S7,2,stress,3490.0,3495.0,0.9894296700475181,0.9849394089351018,0.027382892845269454
5661,S7,2,stress,3495.0,3500.0,0.9885295836449902,0.9810329916424583,0.03448546974098484
5662,S7,2,stress,3500.0,3505.0,0.9899381425281165,0.9884116613429641,0.021069706649156174
5663,S7,2,stress,3505.0,3510.0,0.9912151423546991,0.98166828177942,0.03333039676469095
5664,S7,2,stress,3510.0,3515.0,0.987346847988095,0.9902305832063973,0.017762575988368723
5665,S7,2,stress,3515.0,3520.0,0.9970413592319787,0.9959222006292452,0.007414180674099818
5666,S7,2,stress,3520.0,3525.0,0.9892619306530248,0.9840224729131599,0.02905004924880033
5667,S7,2,stress,3525.0,3530.0,0.9943655458129583,0.9974058023508452,0.004716722998463355
5668,S7,2,stress,3530.0,3535.0,0.9882147623061843,0.9889775112366761,0.020040888660589
5669,S7,2,stress,3535.0,3540.0,0.9853839407649847,0.9949899170678984,0.009109241694730392
5670,S7,2,stress,3540.0,3545.0,0.9844332542942079,0.9968641204883815,0.005701599112033863
5671,S7,2,stress,3545.0,3550.0,1.0,0.9936304495709463,0.011581000780097567
5672,S7,2,stress,3550.0,3555.0,1.0,0.998397412348476,0.00291379573004361
5673,S7,2,stress,3555.0,3560.0,0.9842518092659415,0.9955175881948706,0.008149839645690118
5674,S7,2,stress,3560.0,3565.0,0.9790690792726365,0.9867304455973507,0.024126462550271597
5675,S7,2,stress,3565.0,3570.0,0.9973094111744216,0.9697414963718516,0.05501546114208799
5676,S7,2,stress,3570.0,3575.0,0.998900595135132,0.99377466065854,0.01131879880265445
5677,S7,2,stress,3575.0,3580.0,0.9858798628287665,0.9795674888862469,0.037150020206823814
5678,S7,2,stress,3580.0,3585.0,0.9925090520446438,0.9933339352895922,0.012120117655286982
5679,S7,2,stress,3585.0,3590.0,0.9900262016384662,0.9972254579372704,0.005044621932235699
5680,S7,2,stress,3590.0,3595.0,0.9891067331809622,0.9917262049962159,0.015043263643244011
5681,S7,2,stress,3595.0,3600.0,0.98621987837798,0.9957349068460146,0.007754714825427835
5682,S7,2,stress,3600.0,3605.0,0.9924837607928615,0.9903319747559385,0.017578227716475762
5683,S7,2,stress,3605.0,3610.0,0.9894858067213053,0.9905682565403442,0.017148624472101647
5684,S7,2,stress,3610.0,3615.0,0.9873690642350728,0.9919867474901343,0.014569550017937674
5685,S7,2,stress,3615.0,3620.0,0.9897863461753358,0.9908100834508549,0.016708939180263935
5686,S7,2,stress,3620.0,3625.0,0.9864592651720049,0.9893360884908216,0.01938893001668826
5687,S7,2,stress,3625.0,3630.0,0.9887890916563153,0.9954429961224669,0.008285461595514697
5688,S7,2,stress,3630.0,3635.0,0.9802261697508227,0.9938090336463965,0.011256302461097566
5689,S7,2,stress,3635.0,3640.0,0.9850185050933662,0.9862753059474871,0.02495398918638725
5690,S7,2,stress,3640.0,3645.0,0.9902482641784587,0.9818401868666515,0.03301784206063373
5691,S7,2,stress,3645.0,3650.0,0.987302776659847,0.9832094722719913,0.030528232232743296
5692,S7,2,stress,3650.0,3655.0,0.98829083073054,0.9874962743046818,0.02273404671876033
5693,S7,2,stress,3655.0,3660.0,0.9866051328963416,0.9827633556803035,0.03133935330853909
5694,S7,2,stress,3660.0,3665.0,0.9851175497649284,0.9954765760319584,0.008224407214621013
5695,S7,2,stress,3665.0,3670.0,0.9821474400433402,0.986525902709108,0.024498358710712712
5696,S7,2,stress,3670.0,3675.0,1.0,0.9883659448171294,0.021152827605219658
5697,S7,2,stress,3675.0,3680.0,1.0,0.9965942921836368,0.006192196029751478
5698,S7,2,stress,3680.0,3685.0,0.978427411808864,0.9932405551531147,0.012289899721609661
5699,S7,2,stress,3685.0,3690.0,0.9867838029522626,0.9920386693757268,0.014475146589587647
5700,S7,2,stress,3690.0,3695.0,0.9906725048625833,0.9865599277102377,0.024436495072295096
5701,S7,2,stress,3695.0,3700.0,1.0,0.9750075013885753,0.04544090656622697
5702,S7,2,stress,3700.0,3705.0,1.0,0.993358585738414,0.012075298657429226
5703,S7,2,stress,3705.0,3710.0,0.9844983883044515,0.9865683114155386,0.02442125197174815
5704,S7,2,stress,3710.0,3715.0,0.9916640975565669,0.9908786684956656,0.016584239098789647
5705,S7,2,stress,3715.0,3720.0,0.9827747332808908,0.9900874943599121,0.01802273752743285
5706,S7,2,stress,3720.0,3725.0,1.0,0.9931840844279975,0.012392573767277378
5707,S7,2,stress,3725.0,3730.0,1.0,0.9824050946792475,0.031990736946822584
5708,S7,2,stress,3730.0,3735.0,0.9843389686251612,0.9978080931241908,0.003985285228744214
5709,S8,1,baseline,160.0,165.0,0.9875644267638231,0.985383522753227,0.02657541317595077
5710,S8,1,baseline,165.0,170.0,0.9851305045634874,0.9947870910452534,0.009478016281357577
5711,S8,1,baseline,170.0,175.0,0.9851841966865494,0.9960343849602518,0.007210209163178582
5712,S8,1,baseline,175.0,180.0,0.9860714527291699,0.9901686301503023,0.017875217908541158
5713,S8,1,baseline,180.0,185.0,0.9852621257239055,0.9980209813944825,0.0035982156463957196
5714,S8,1,baseline,185.0,190.0,0.9861042499844848,0.9931162684408357,0.012515875562117031
5715,S8,1,baseline,190.0,195.0,0.9867290544598117,0.9850298678601477,0.02721842207245876
5716,S8,1,baseline,195.0,200.0,0.9859613585968335,0.9972031442360192,0.005085192298146826
5717,S8,1,baseline,200.0,205.0,0.9859531987375261,0.9918066802786931,0.014896944947830624
5718,S8,1,baseline,205.0,210.0,0.9898358985232163,0.9854851315469095,0.026390669914710126
5719,S8,1,baseline,210.0,215.0,0.9850640773876255,0.9930385425189743,0.012657195420047082
5720,S8,1,baseline,215.0,220.0,0.9982771391764103,0.9931779397398055,0.01240374592762656
5721,S8,1,baseline,220.0,225.0,1.0,0.9935604999566565,0.011708181896988235
5722,S8,1,baseline,225.0,230.0,0.9849522755361413,0.9914149485997019,0.01560918436417826
5723,S8,1,baseline,230.0,235.0,0.9856867931741958,0.9950859921190609,0.00893455978352557
5724,S8,1,baseline,235.0,240.0,0.9890476451360725,0.9915111224688467,0.015434322783915053
5725,S8,1,baseline,240.0,245.0,0.984126112660794,0.9929017274607568,0.012905950071351422
5726,S8,1,baseline,245.0,250.0,0.9989474397153352,0.9892725849781201,0.019504390948872574
5727,S8,1,baseline,250.0,255.0,0.9832836611136692,0.9759460107290971,0.04373452594709608
5728,S8,1,baseline,255.0,260.0,0.984112541223525,0.9923511906908706,0.013906926016598783
5729,S8,1,baseline,260.0,265.0,0.9855604328270023,0.9884646208807903,0.020973416580381137
5730,S8,1,baseline,265.0,270.0,0.9954570761248118,0.992507636572902,0.013622478958360313
5731,S8,1,baseline,270.0,275.0,0.9840030977709441,0.9938991864122235,0.011092388341411965
5732,S8,1,baseline,275.0,280.0,0.9854063263501237,0.9930975984100325,0.01254982107266817
5733,S8,1,baseline,280.0,285.0,0.9858395224663367,0.9804791903882124,0.03549238111234103
5734,S8,1,baseline,285.0,290.0,0.9812776797880163,0.9940790824536174,0.010765304629786743
5735,S8,1,baseline,290.0,295.0,0.9926878042347772,0.9921455133244741,0.014280884864592636
5736,S8,1,baseline,295.0,300.0,0.9867926113461013,0.9957302228188305,0.007763231238489993
5737,S8,1,baseline,300.0,305.0,0.9855946874385825,0.9976985124647055,0.004184522791444479
5738,S8,1,baseline,305.0,310.0,0.9853228663866286,0.991910596540786,0.014708006289480302
5739,S8,1,baseline,310.0,315.0,1.0,0.9929603318931344,0.012799396557937494
5740,S8,1,baseline,315.0,320.0,0.9833797428829195,0.9936405038134006,0.011562720339271698
5741,S8,1,baseline,320.0,325.0,0.9847490897463848,0.9935745365732687,0.011682660775875455
5742,S8,1,baseline,325.0,330.0,0.9878282928442673,0.9891790605404878,0.01967443538093153
5743,S8,1,baseline,330.0,335.0,0.985955609863526,0.9922045643194679,0.014173519419149369
5744,S8,1,baseline,335.0,340.0,0.9992466321123197,0.9840092255220985,0.029074135414366414
5745,S8,1,baseline,340.0,345.0,1.0,0.9881102072568537,0.021617804987538788
5746,S8,1,baseline,345.0,350.0,0.9863678105837765,0.9953291443677301,0.008492464785945291
5747,S8,1,baseline,350.0,355.0,0.9863325782185379,0.9938517125637061,0.011178704429625522
5748,S8,1,baseline,355.0,360.0,0.9874243158529641,0.9925763782337875,0.013497494120386214
5749,S8,1,baseline,360.0,365.0,1.0,0.9874012000313346,0.022906909033937096
5750,S8,1,baseline,365.0,370.0,1.0,0.9943986468920607,0.010184278378071412
5751,S8,1,baseline,370.0,375.0,0.9872440252754111,0.993777369392618,0.011313873831603611
5752,S8,1,baseline,375.0,380.0,0.9857900486667671,0.9921633991107066,0.014248365253260798
5753,S8,1,baseline,380.0,385.0,1.0,0.9953169616317121,0.008514615215068995
5754,S8,1,baseline,385.0,390.0,0.9823865270663596,0.9908689640648363,0.016601883518479844
5755,S8,1,baseline,390.0,395.0,0.9862428590233061,0.9927591414798482,0.01316519730936696
5756,S8,1,baseline,395.0,400.0,0.9867575462775564,0.9934862769313879,0.011843132852022166
5757,S8,1,baseline,400.0,405.0,0.9855497991046178,0.9938251063368495,0.011227079387546551
5758,S8,1,baseline,405.0,410.0,0.9853309408041885,0.9859734149030337,0.025502881994484125
5759,S8,1,baseline,410.0,415.0,0.9867457662011805,0.9883448766866558,0.021191133296989618
5760,S8,1,baseline,415.0,420.0,0.9851085930446131,0.9938826353041497,0.011122481265182565
5761,S8,1,baseline,420.0,425.0,0.9945061182906432,0.9931121643970102,0.012523337459981378
5762,S8,1,baseline,425.0,430.0,1.0,0.9942913929643178,0.010379285519422255
5763,S8,1,baseline,430.0,435.0,0.9851681216347046,0.9919617878967981,0.014614931096730581
5764,S8,1,baseline,435.0,440.0,0.9866319799893666,0.9935323172279775,0.011759423221859237
5765,S8,1,baseline,440.0,445.0,0.9852307068861342,0.9853432596850407,0.02664861875447178
5766,S8,1,baseline,445.0,450.0,0.9862122280417411,0.9942067700624273,0.010533145341041291
5767,S8,1,baseline,450.0,455.0,0.9870029781022184,0.992038073486669,0.01447623002423821
5768,S8,1,baseline,455.0,460.0,0.9895822002816418,0.99567157903492,0.0078698563001455
5769,S8,1,baseline,460.0,465.0,0.986050251665986,0.9901707928691883,0.017871285692385122
5770,S8,1,baseline,465.0,470.0,0.9880394274739526,0.9936136921792982,0.011611468764912513
5771,S8,1,baseline,470.0,475.0,0.9870130680050541,0.9824202246561422,0.031963227897923226
5772,S8,1,baseline,475.0,480.0,0.9852595583600222,0.9951433836029224,0.008830211631050298
5773,S8,1,baseline,480.0,485.0,0.9895817275647084,0.9845245701921623,0.028137145105159668
5774,S8,1,baseline,485.0,490.0,0.9790103008066599,0.9851775472543101,0.026949914083072637
5775,S8,1,baseline,490.0,495.0,0.9847706999429503,0.9959638220960652,0.00733850527988171
5776,S8,1,baseline,495.0,500.0,0.9848172008864507,0.9933669395641334,0.012060109883394003
5777,S8,1,baseline,500.0,505.0,1.0,0.9883560243361058,0.021170864843444197
5778,S8,1,baseline,505.0,510.0,1.0,0.9908121220793866,0.0167052325829336
5779,S8,1,baseline,510.0,515.0,0.9856722088045219,0.9945197638495198,0.009964065728146012
5780,S8,1,baseline,515.0,520.0,0.9835972511674463,0.9862302261706246,0.02503595241704619
5781,S8,1,baseline,520.0,525.0,0.9864286022037128,0.9952824727293543,0.008577322310264986
5782,S8,1,baseline,525.0,530.0,0.9846674909559473,0.9921968314852179,0.014187579117785723
5783,S8,1,baseline,530.0,535.0,0.9869426653197044,0.9950363193970524,0.009024873823541165
5784,S8,1,baseline,535.0,540.0,0.9881463296308352,0.9956393095690568,0.007928528056260346
5785,S8,1,baseline,540.0,545.0,0.9868943692374411,0.9967346964529531,0.005936915540085527
5786,S8,1,baseline,545.0,550.0,0.9857169179380338,0.9890728518642422,0.01986754206501409
5787,S8,1,baseline,550.0,555.0,0.9841847381387203,0.9817464571371433,0.03318825975064888
5788,S8,1,baseline,555.0,560.0,0.9849821989865158,0.9945316795052708,0.009942400899507887
5789,S8,1,baseline,560.0,565.0,0.9875904714713907,0.9930204656682033,0.012690062421448404
5790,S8,1,baseline,565.0,570.0,0.8805634050149005,0.98644342034702,0.024648326641781893
5791,S8,1,baseline,570.0,575.0,0.9469293388938973,0.9939127936807717,0.011067647853142425
5792,S8,1,baseline,575.0,580.0,0.9862033537633867,0.969572205797292,0.05532326218674195
5793,S8,1,baseline,580.0,585.0,0.9913449697373743,0.9914087404161647,0.015620471970609909
5794,S8,1,baseline,585.0,590.0,1.0,0.9865623566343407,0.024432078846653337
5795,S8,1,baseline,590.0,595.0,0.9858808007840869,0.985753594235039,0.02590255593629291
5796,S8,1,baseline,595.0,600.0,0.9846234679223013,0.9942536702656155,0.010447872244335637
5797,S8,1,baseline,600.0,605.0,0.9861574185319527,0.9947304101513366,0.009581072452115452
5798,S8,1,baseline,605.0,610.0,0.9833044030060368,0.9953627413046477,0.008431379446095231
5799,S8,1,baseline,610.0,615.0,0.9857396215271182,0.996005024329651,0.0072635921279074755
5800,S8,1,baseline,615.0,620.0,0.9826243347642608,0.9929062356387455,0.012897753384099004
5801,S8,1,baseline,620.0,625.0,0.9861734858476956,0.9956997261705252,0.007818679689954465
5802,S8,1,baseline,625.0,630.0,0.9933521785521345,0.9914353286744206,0.015572129682871638
5803,S8,1,baseline,630.0,635.0,0.9872620640466852,0.9955172738857947,0.008150411116737201
5804,S8,1,baseline,635.0,640.0,1.0,0.9941605102050262,0.010617254172679894
5805,S8,1,baseline,640.0,645.0,0.9851024302248989,0.9809617500782555,0.03461499985771742
5806,S8,1,baseline,645.0,650.0,0.9840714840589242,0.9925284995876791,0.013584546204220047
5807,S8,1,baseline,650.0,655.0,0.9837746796576542,0.9947600752879637,0.009527135840066083
5808,S8,1,baseline,655.0,660.0,0.9885799536763367,0.995379552481499,0.008400813670002037
5809,S8,1,baseline,660.0,665.0,0.9840630456966961,0.9925888199620605,0.013474872796253696
5810,S8,1,baseline,665.0,670.0,0.9824433937214486,0.9965702325426247,0.006235940831591647
5811,S8,1,baseline,670.0,675.0,0.9843010183735371,0.9788733918021202,0.038412014905236075
5812,S8,1,baseline,675.0,680.0,0.9855062329260917,0.9919817016257275,0.014578724316858995
5813,S8,1,baseline,680.0,685.0,0.9859691612035872,0.9914831183188393,0.015485239420292481
5814,S8,1,baseline,685.0,690.0,0.9860995929523886,0.986262418751799,0.024977420451274643
5815,S8,1,baseline,690.0,695.0,0.9832046719210576,0.9916438498683788,0.01519300023931149
5816,S8,1,baseline,695.0,700.0,0.9860647726877049,0.9903793722378837,0.017492050476575195
5817,S8,1,baseline,700.0,705.0,0.985209757530855,0.9939555853939752,0.010989844738227188
5818,S8,1,baseline,705.0,710.0,0.9827740778933668,0.9933017199921654,0.012178690923335607
5819,S8,1,baseline,710.0,715.0,1.0,0.9906358700450577,0.01702569082716808
5820,S8,1,baseline,715.0,720.0,0.9876372162145973,0.9916220058770924,0.015232716587104839
5821,S8,1,baseline,720.0,725.0,1.0,0.9933226100298522,0.012140709036632412
5822,S8,1,baseline,725.0,730.0,0.9873742362136796,0.9910455824035178,0.016280759266331178
5823,S8,1,baseline,730.0,735.0,1.0,0.9879305998425079,0.02194436392271296
5824,S8,1,baseline,735.0,740.0,0.9857162774028351,0.9909926462965468,0.016377006733551275
5825,S8,1,baseline,740.0,745.0,0.985469837588129,0.9788696286377034,0.03841885702235735
5826,S8,1,baseline,745.0,750.0,0.986469177370752,0.9836491334485447,0.029728848275373407
5827,S8,1,baseline,750.0,755.0,0.9865946316625005,0.9928659014063608,0.012971088352071274
5828,S8,1,baseline,755.0,760.0,0.9839101887430013,0.9941037635329459,0.01072042994009836
5829,S8,1,baseline,760.0,765.0,0.9863050498983956,0.995604013866161,0.007992702061525369
5830,S8,1,baseline,765.0,770.0,0.986832896088824,0.9841180422978608,0.028876286731162198
5831,S8,1,baseline,770.0,775.0,0.9883765250226895,0.9926208597822583,0.013416618577712074
5832,S8,1,baseline,775.0,780.0,0.98418813006052,0.9946631375623864,0.009703386250206584
5833,S8,1,baseline,780.0,785.0,0.9832438920847338,0.9934767225719658,0.011860504414607813
5834,S8,1,baseline,785.0,790.0,0.9862565634198651,0.9955304366721522,0.008126478777905182
5835,S8,1,baseline,790.0,795.0,1.0,0.9957333725775548,0.0077575044044458485
5836,S8,1,baseline,795.0,800.0,1.0,0.9782894977236898,0.039473640502382466
5837,S8,1,baseline,800.0,805.0,0.9851706521422016,0.9903943438923919,0.01746482928656019
5838,S8,1,baseline,805.0,810.0,0.9860895574723224,0.9512541049742664,0.08862890004678839
5839,S8,1,baseline,810.0,815.0,0.9848558582517541,0.9898555055960605,0.018444535279890137
5840,S8,1,baseline,815.0,820.0,0.9863759347721545,0.9894462349817679,0.019188663669513103
5841,S8,1,baseline,820.0,825.0,0.9969332183496141,0.9963094674468997,0.006710059187455028
5842,S8,1,baseline,825.0,830.0,0.9847614785852892,0.9942684793806498,0.010420946580636936
5843,S8,1,baseline,830.0,835.0,0.9860205159348241,0.9917783563542122,0.014948442992341555
5844,S8,1,baseline,835.0,840.0,0.9849609737717463,0.9959800969147405,0.007308914700471966
5845,S8,1,baseline,840.0,845.0,0.9859048463111323,0.9814294899792086,0.03376456367416618
5846,S8,1,baseline,845.0,850.0,0.9849897777189842,0.995680808162297,0.007853076068551233
5847,S8,1,baseline,850.0,855.0,0.9857747471106515,0.9947829101575638,0.009485617895338751
5848,S8,1,baseline,855.0,860.0,0.9859997665099278,0.9981089554479265,0.00343826282195186
5849,S8,1,baseline,860.0,865.0,0.992508757003088,0.9623123587675753,0.06852298405895431
5850,S8,1,baseline,865.0,870.0,0.9878297158806874,0.9884128099468614,0.02106761827843401
5851,S8,1,baseline,870.0,875.0,0.9858795900459314,0.9938436596020674,0.011193346178059364
5852,S8,1,baseline,875.0,880.0,0.9884560806725057,0.9961060580758323,0.007079894407577833
5853,S8,1,baseline,880.0,885.0,0.987905411570961,0.990345237155771,0.017554114262234695
5854,S8,1,baseline,885.0,890.0,0.9860036029840372,0.9972671079419648,0.004968894650973309
5855,S8,1,baseline,890.0,895.0,0.9857328925986341,0.9877841574703663,0.022210622781152115
5856,S8,1,baseline,895.0,900.0,0.9907719795081025,0.9954820980976593,0.008214367095164916
5857,S8,1,baseline,900.0,905.0,0.9868871499113356,0.9962840163064244,0.006756333988319561
5858,S8,1,baseline,905.0,910.0,0.9846039026014861,0.9985697450284765,0.0026004635845883963
5859,S8,1,baseline,910.0,915.0,0.9842921846506949,0.9702871362545176,0.05402338862814982
5860,S8,1,baseline,915.0,920.0,0.9910183955765918,0.9903533023399143,0.017539450291065236
5861,S8,1,baseline,920.0,925.0,1.0,0.9909748872628465,0.016409295885733474
5862,S8,1,baseline,925.0,930.0,0.9857001448426571,0.9948321805365199,0.009396035388145672
5863,S8,1,baseline,930.0,935.0,0.9851603308143412,0.9919361081632723,0.014661621521323321
5864,S8,1,baseline,935.0,940.0,0.9834814487115,0.9946892257216231,0.009655953233412652
5865,S8,1,baseline,940.0,945.0,0.9857032558644584,0.9817641140233018,0.03315615632126963
5866,S8,1,baseline,945.0,950.0,0.9858942368177469,0.9944191174432659,0.010147059194062055
5867,S8,1,baseline,950.0,955.0,0.9842378782282977,0.9934531392310897,0.011903383216200672
5868,S8,1,baseline,955.0,960.0,0.9868937497114779,0.9849972806760174,0.02727767149815009
5869,S8,1,baseline,960.0,965.0,0.9845048766338955,0.9914013816797864,0.01563385149129734
5870,S8,1,baseline,965.0,970.0,0.9854546238225839,0.9929436161171765,0.012829788877861077
5871,S8,1,baseline,970.0,975.0,0.984267553592389,0.9950659082468261,0.008971075914861905
5872,S8,1,baseline,975.0,980.0,1.0,0.9934715622091139,0.011869886892520148
5873,S8,1,baseline,980.0,985.0,0.9891347846598743,0.9916899094725113,0.015109255504524804
5874,S8,1,baseline,985.0,990.0,0.9852173105483752,0.9837129919171532,0.029612741968812435
5875,S8,1,baseline,990.0,995.0,0.9852930061610506,0.9929120682885006,0.0128871485663625
5876,S8,1,baseline,995.0,1000.0,0.9839459026298464,0.9933538021706048,0.012083996053445959
5877,S8,1,baseline,1000.0,1005.0,0.9863814886770422,0.9965317285435422,0.006305948102650533
5878,S8,1,baseline,1005.0,1010.0,0.9950101816351515,0.9931241752361815,0.012501499570579416
5879,S8,1,baseline,1010.0,1015.0,0.9844739147579844,0.985253305947269,0.026812171004965316
5880,S8,1,baseline,1015.0,1020.0,1.0,0.9923265281119131,0.013951767069248795
5881,S8,1,baseline,1020.0,1025.0,1.0,0.9733524916457896,0.04845001518947362
5882,S8,1,baseline,1025.0,1030.0,1.0,0.9939168486717544,0.01106027514226457
5883,S8,1,baseline,1030.0,1035.0,0.9795359223758554,0.995586229095138,0.008025038008839929
5884,S8,1,baseline,1035.0,1040.0,1.0,0.9952859042265123,0.008571083224523015
5885,S8,1,baseline,1040.0,1045.0,1.0,0.9922994473455746,0.014001004826227943
5886,S8,1,baseline,1045.0,1050.0,0.9846251869646078,0.9941794301071925,0.01058285435055919
5887,S8,1,baseline,1050.0,1055.0,0.9846675842103052,0.9952517886479086,0.00863311154925692
5888,S8,1,baseline,1055.0,1060.0,0.9830379023826707,0.9893095012625721,0.019437270431687095
5889,S8,1,baseline,1060.0,1065.0,0.9817373665410768,0.9929527575620141,0.012813168069065422
5890,S8,1,baseline,1065.0,1070.0,0.9838095494987772,0.9943789314621334,0.010220124614303112
5891,S8,1,baseline,1070.0,1075.0,0.9853324439995294,0.9950977761202418,0.008913134326833147
5892,S8,1,baseline,1075.0,1080.0,0.986448252948423,0.9950035891448326,0.009084383373031652
5893,S8,1,baseline,1080.0,1085.0,0.9831915296707633,0.9940743550467592,0.010773899914983464
5894,S8,1,baseline,1085.0,1090.0,0.9846995021591562,0.9949313304818619,0.009215762760251144
5895,S8,1,baseline,1090.0,1095.0,0.985300890400354,0.9973016230138205,0.004906139974871917
5896,S8,1,baseline,1095.0,1100.0,0.9854613429085539,0.9860434760586088,0.025375498075256762
5897,S8,1,baseline,1100.0,1105.0,0.9858629263195519,0.9968012915175852,0.005815833604390439
5898,S8,1,baseline,1105.0,1110.0,0.983593211392725,0.9898983258582903,0.018366680257654082
5899,S8,1,baseline,1110.0,1115.0,0.9867033461795843,0.9979526533364742,0.003722448479138002
5900,S8,1,baseline,1115.0,1120.0,0.983926882040008,0.9970685584759689,0.005329893680056817
5901,S8,1,baseline,1120.0,1125.0,0.9856053620297767,0.9934326535939342,0.01194062982921085
5902,S8,1,baseline,1125.0,1130.0,0.9846698496438234,0.988969710740023,0.020055071381776268
5903,S8,1,baseline,1130.0,1135.0,0.9790060251311024,0.9911088845248397,0.01616566450029164
5904,S8,1,baseline,1135.0,1140.0,1.0,0.9907536303263316,0.01681158122485194
5905,S8,1,baseline,1140.0,1145.0,1.0,0.9860798286785812,0.02530940240257969
5906,S8,1,baseline,1145.0,1150.0,0.9858324426352253,0.9940689520793244,0.010783723492137557
5907,S8,1,baseline,1150.0,1155.0,0.9853785979164174,0.9979386345854278,0.0037479371174040203
5908,S8,1,baseline,1155.0,1160.0,0.9849588880714475,0.9977743144834146,0.004046700939246165
5909,S8,1,baseline,1160.0,1165.0,0.9858628668004221,0.9957789063280749,0.007674715767136729
5910,S8,1,baseline,1165.0,1170.0,0.9846600757278519,0.9886057421269074,0.02071683249653203
5911,S8,1,baseline,1170.0,1175.0,0.9847053515625658,0.9960226402419343,0.007231563196483267
5912,S8,1,baseline,1175.0,1180.0,0.9860244504192277,0.9957851779621893,0.007663312796019561
5913,S8,1,baseline,1180.0,1185.0,0.9868194491944863,0.9756822208650544,0.044214143881719535
5914,S8,1,baseline,1185.0,1190.0,0.9879195860238982,0.9857654923729902,0.025880922958200044
5915,S8,1,baseline,1190.0,1195.0,0.983714184337036,0.9887595209390208,0.020437234656325902
5916,S8,1,baseline,1195.0,1200.0,0.9857397533956264,0.9838552917602539,0.029354014981356834
5917,S8,1,baseline,1200.0,1205.0,0.9860789911303871,0.9864845890910234,0.024573474379957445
5918,S8,1,baseline,1205.0,1210.0,0.9852439713691883,0.9935006585927062,0.011816984376897793
5919,S8,1,baseline,1210.0,1215.0,0.9845572992528789,0.9945851560997669,0.009845170727696674
5920,S8,1,baseline,1215.0,1220.0,0.9870543624937442,0.9879040588987995,0.021992620184001204
5921,S8,1,baseline,1220.0,1225.0,0.9962549385580487,0.9924838047095887,0.013665809618929646
5922,S8,1,baseline,1225.0,1230.0,0.9937663566152338,0.993875933899222,0.011134665637778238
5923,S8,1,baseline,1230.0,1235.0,1.0,0.9957463169238785,0.007733969229311899
5924,S8,1,baseline,1235.0,1240.0,0.9856924282877503,0.9929101180828117,0.012890694394887969
5925,S8,1,baseline,1240.0,1245.0,0.9865482533978729,0.991344241004493,0.01573774362819457
5926,S8,1,baseline,1245.0,1250.0,0.9839715941722653,0.9892282441561346,0.01958501062520971
5927,S8,1,baseline,1250.0,1255.0,0.9863644851606185,0.9935788685266485,0.011674784497002887
5928,S8,1,baseline,1255.0,1260.0,0.9828250623558433,0.9902792627817005,0.017674067669635533
5929,S8,1,baseline,1260.0,1265.0,0.9865635251622876,0.9904941293908975,0.01728340110745932
5930,S8,1,baseline,1265.0,1270.0,0.9853867192280948,0.993452367359533,0.011904786619030817
5931,S8,1,baseline,1270.0,1275.0,0.9852526257171694,0.9770194989397059,0.04178272920053502
5932,S8,1,baseline,1275.0,1280.0,0.9871188312855212,0.9780755451607301,0.03986264516230896
5933,S8,1,baseline,1280.0,1285.0,0.987497754348262,0.9972197924988151,0.005054922729427254
5934,S8,1,baseline,1285.0,1290.0,0.9846159368575006,0.9960986531652594,0.007093357881346582
5935,S8,1,baseline,1290.0,1295.0,0.9867181270623471,0.9852518697022072,0.026814782359623337
5936,S8,1,baseline,1295.0,1300.0,0.9854508587564994,0.9921615932474537,0.014251648640993373
5937,S8,1,baseline,1300.0,1305.0,0.9858581381173847,0.9968797359891559,0.005673207292443892
5938,S8,1,baseline,1305.0,1310.0,0.9865166515776773,0.9915801844066496,0.015308755624273378
5939,S8,1,baseline,1310.0,1315.0,0.9945389931676965,0.9825484005239196,0.031730180865600845
5940,S8,1,baseline,1315.0,1320.0,1.0,0.9892779202270177,0.01949469049633174
5941,S8,1,baseline,1320.0,1325.0,0.985069530628373,0.9928805505423828,0.012944453559303949
5942,S8,3,amusement,1665.0,1670.0,0.9852105437102451,0.9971853319643627,0.005117578246613684
5943,S8,3,amusement,1670.0,1675.0,0.9925120488541256,0.9952371872269998,0.008659659587272947
5944,S8,3,amusement,1675.0,1680.0,0.9836453928266059,0.9912244253114493,0.015955590342819796
5945,S8,3,amusement,1680.0,1685.0,0.9855645020634769,0.9941752404983122,0.010590471821250622
5946,S8,3,amusement,1685.0,1690.0,0.9828056720089466,0.9945246224818705,0.009955231851144873
5947,S8,3,amusement,1690.0,1695.0,0.9919408120283487,0.9953944043899088,0.00837381020016585
5948,S8,3,amusement,1695.0,1700.0,0.9801414782181128,0.9839368599795351,0.029205709128118304
5949,S8,3,amusement,1700.0,1705.0,0.9848911389737902,0.9941181143633477,0.010694337521186138
5950,S8,3,amusement,1705.0,1710.0,0.9850983090582286,0.9950573858680531,0.008986571148994359
5951,S8,3,amusement,1710.0,1715.0,0.987173669477901,0.9926011980886984,0.013452367111457645
5952,S8,3,amusement,1715.0,1720.0,0.9899942192920453,0.989773856168995,0.018592988783645546
5953,S8,3,amusement,1720.0,1725.0,1.0,0.9908509221712345,0.016634686961391892
5954,S8,3,amusement,1725.0,1730.0,0.9863833023968519,0.9955519427804049,0.00808737676290015
5955,S8,3,amusement,1730.0,1735.0,0.9833571143418314,0.9962433144709051,0.0068303373256272965
5956,S8,3,amusement,1735.0,1740.0,0.9851394362465745,0.9930359693349249,0.012661873936500371
5957,S8,3,amusement,1740.0,1745.0,1.0,0.9929831621576721,0.012757886986050897
5958,S8,3,amusement,1745.0,1750.0,0.9841602646619027,0.9934715078709491,0.011869985689183736
5959,S8,3,amusement,1750.0,1755.0,1.0,0.9849174223862167,0.027422868388696862
5960,S8,3,amusement,1755.0,1760.0,0.9943625504309892,0.9965931054718176,0.0061943536876046465
5961,S8,3,amusement,1760.0,1765.0,0.9832636781778047,0.9951327184774801,0.008849602768218159
5962,S8,3,amusement,1765.0,1770.0,0.9871208142211706,0.9976108485362085,0.0043439117523482226
5963,S8,3,amusement,1770.0,1775.0,0.9878707265751614,0.9937992242555758,0.011274137717135242
5964,S8,3,amusement,1775.0,1780.0,0.9849433597381105,0.9887105979881567,0.020526185476078585
5965,S8,3,amusement,1780.0,1785.0,0.9867398306605644,0.9905011473260601,0.0172706412253454
5966,S8,3,amusement,1785.0,1790.0,0.9853797653103317,0.9938284165366493,0.011221060842455737
5967,S8,3,amusement,1790.0,1795.0,0.9872346598312952,0.9927680917245936,0.013148924137102896
5968,S8,3,amusement,1795.0,1800.0,0.9847336698723236,0.9912818010126421,0.01585127088610522
5969,S8,3,amusement,1800.0,1805.0,0.9874673087834795,0.9891190054913956,0.01978362637928076
5970,S8,3,amusement,1805.0,1810.0,0.9871985148534287,0.9932450043536778,0.012281810266040496
5971,S8,3,amusement,1810.0,1815.0,0.9859005154098242,0.9876162129501174,0.022515976454332075
5972,S8,3,amusement,1815.0,1820.0,0.9862315813607548,0.9880443863166835,0.02173747942421187
5973,S8,3,amusement,1820.0,1825.0,0.9869891152786627,0.9867459589016596,0.02409825654243706
5974,S8,3,amusement,1825.0,1830.0,0.9912722984523665,0.9903466105274907,0.017551617222744224
5975,S8,3,amusement,1830.0,1835.0,0.9895304276744142,0.9941620281284893,0.01061449431183765
5976,S8,3,amusement,1835.0,1840.0,0.9868566023791857,0.9690781375098734,0.05622156816386664
5977,S8,3,amusement,1840.0,1845.0,0.9978747549394413,0.9834383073034156,0.03011216853924443
5978,S8,3,amusement,1845.0,1850.0,0.9804860122191554,0.9827658748600843,0.03133477298166511
5979,S8,3,amusement,1850.0,1855.0,0.9862769881239458,0.9837661566069291,0.02951607889649249
5980,S8,3,amusement,1855.0,1860.0,0.9880503699573792,0.9838322960309691,0.029395825398237926
5981,S8,3,amusement,1860.0,1865.0,0.9846656598848921,0.9928669916142898,0.012969106155836714
5982,S8,3,amusement,1865.0,1870.0,0.9873564804701086,0.9800294637447446,0.03631006591864613
5983,S8,3,amusement,1870.0,1875.0,0.9859733280669251,0.9921784223420942,0.014221050287101734
5984,S8,3,amusement,1875.0,1880.0,0.9855891236413363,0.9867166367831768,0.024151569485133067
5985,S8,3,amusement,1880.0,1885.0,0.9850231592255858,0.9851581845420434,0.02698511901446657
5986,S8,3,amusement,1885.0,1890.0,0.986021310105774,0.9933921837626838,0.01201421134057498
5987,S8,3,amusement,1890.0,1895.0,0.9840695853510877,0.9888196197749526,0.020327964045541044
5988,S8,3,amusement,1895.0,1900.0,0.9864976470270315,0.9906053594253204,0.017081164681235744
5989,S8,3,amusement,1900.0,1905.0,0.9845534629799051,0.9788509450818987,0.03845282712382054
5990,S8,3,amusement,1905.0,1910.0,1.0,0.9835722495216137,0.029868637233429647
5991,S8,3,amusement,1910.0,1915.0,1.0,0.9939453848624906,0.011008391159108056
5992,S8,3,amusement,1915.0,1920.0,0.989233949583749,0.9899993410861505,0.01818301620699919
5993,S8,3,amusement,1920.0,1925.0,0.9863405531519329,0.9968666003661226,0.005697090243413454
5994,S8,3,amusement,1925.0,1930.0,1.0,0.9933131000133977,0.012157999975640632
5995,S8,3,amusement,1930.0,1935.0,1.0,0.9935549272937239,0.011718314011411332
5996,S8,3,amusement,1935.0,1940.0,0.9867195212430226,0.990852918603033,0.016631057085394564
5997,S8,3,amusement,1940.0,1945.0,0.9864850994215159,0.9816442904217475,0.03337401741500459
5998,S8,3,amusement,1945.0,1950.0,0.9948862025144748,0.9764405574306516,0.042835350126087975
5999,S8,3,amusement,1950.0,1955.0,1.0,0.9960390171493652,0.00720178700115427
6000,S8,3,amusement,1955.0,1960.0,0.9954129577894726,0.9933800932591061,0.012036194074352767
6001,S8,3,amusement,1960.0,1965.0,0.9849052800737761,0.990264212345106,0.01770143209980753
6002,S8,3,amusement,1965.0,1970.0,0.9867321670811735,0.990615309758972,0.017063073165505215
6003,S8,3,amusement,1970.0,1975.0,0.9861523537754795,0.9887936642901587,0.020375155836075205
6004,S8,3,amusement,1975.0,1980.0,0.9859189343162064,0.9808852862888262,0.034754024929406956
6005,S8,3,amusement,1980.0,1985.0,0.9874245417186674,0.9898803946103583,0.018399282526621246
6006,S8,3,amusement,1985.0,1990.0,0.9857153078692055,0.9801156408776115,0.036153380222524435
6007,S8,3,amusement,1990.0,1995.0,0.9957546938946377,0.9876744899970598,0.022410018187164097
6008,S8,3,amusement,1995.0,2000.0,0.9810789231630792,0.99249873616467,0.013638661518782055
6009,S8,3,amusement,2000.0,2005.0,0.9861459678304546,0.9934886009564055,0.011838907351990047
6010,S8,3,amusement,2005.0,2010.0,0.9908363945494304,0.9906464339393048,0.01700648374671849
6011,S8,3,amusement,2010.0,2015.0,1.0,0.992093367825337,0.014375694863023968
6012,S8,3,amusement,2015.0,2020.0,0.9805040174910348,0.9917053433837286,0.015081193847766027
6013,S8,3,amusement,2020.0,2025.0,0.9910676991054334,0.990154109429372,0.01790161921932371
6014,S8,3,amusement,2025.0,2030.0,1.0,0.992054947770237,0.014445549508660194
6015,S8,2,stress,3295.0,3300.0,0.9878427062204895,0.9939205269788765,0.011053587311133787
6016,S8,2,stress,3300.0,3305.0,0.989856480605998,0.9838248343995202,0.029409392000872423
6017,S8,2,stress,3305.0,3310.0,0.9816010903042841,0.9840369388612473,0.029023747525005115
6018,S8,2,stress,3310.0,3315.0,0.959791168506669,0.9894816786858609,0.019124220571162216
6019,S8,2,stress,3315.0,3320.0,0.9961178338282991,0.9918583990046319,0.01480291090066922
6020,S8,2,stress,3320.0,3325.0,0.9878714766204058,0.9877494630165569,0.022273703606260405
6021,S8,2,stress,3325.0,3330.0,0.9912824193923997,0.9835340592158297,0.0299380741530369
6022,S8,2,stress,3330.0,3335.0,0.9696777745702535,0.9881986567380796,0.02145698774894642
6023,S8,2,stress,3335.0,3340.0,0.984103755658464,0.9923839866297666,0.01384729703678814
6024,S8,2,stress,3340.0,3345.0,0.9800864883749699,0.9954477087598572,0.008276893163896265
6025,S8,2,stress,3345.0,3350.0,0.9877201153820683,0.9962711536857858,0.006779720571298474
6026,S8,2,stress,3350.0,3355.0,1.0,0.987699673123023,0.022364230685412788
6027,S8,2,stress,3355.0,3360.0,0.9785457606813537,0.9768058024813591,0.04217126821571097
6028,S8,2,stress,3360.0,3365.0,0.9859075169136702,0.994309748074663,0.010345912591522007
6029,S8,2,stress,3365.0,3370.0,0.9890779292405594,0.9908977625803939,0.016549522581102063
6030,S8,2,stress,3370.0,3375.0,0.9822241648536961,0.9915205174666686,0.015417240969693524
6031,S8,2,stress,3375.0,3380.0,1.0,0.9988829405370612,0.0020310172053434627
6032,S8,2,stress,3380.0,3385.0,1.0,0.9697414662093538,0.05501551598299341
6033,S8,2,stress,3385.0,3390.0,0.9901591350713719,0.9713539058882865,0.052083807475842764
6034,S8,2,stress,3390.0,3395.0,0.9864936710244782,0.9954007470989981,0.008362278001821741
6035,S8,2,stress,3395.0,3400.0,0.9798745184153007,0.99556105334628,0.008070812097672648
6036,S8,2,stress,3400.0,3405.0,0.9852582017435602,0.998796237527569,0.002188659040783963
6037,S8,2,stress,3405.0,3410.0,0.9870905635808802,0.9884132686659719,0.02106678424368766
6038,S8,2,stress,3410.0,3415.0,0.9894538048006998,0.9953362890401753,0.00847947447240854
6039,S8,2,stress,3415.0,3420.0,0.9827261514544117,0.9982213689081938,0.003233874712375107
6040,S8,2,stress,3420.0,3425.0,1.0,0.9899393155236964,0.018292153593279386
6041,S8,2,stress,3425.0,3430.0,1.0,0.9892723015089975,0.01950490634727728
6042,S8,2,stress,3430.0,3435.0,1.0,0.9843749172595557,0.028409241346262187
6043,S8,2,stress,3435.0,3440.0,1.0,0.997848868564269,0.003911148064965419
6044,S8,2,stress,3440.0,3445.0,1.0,0.9929133749106438,0.012884772889738726
6045,S8,2,stress,3445.0,3450.0,0.9887270466729696,0.9816669282634658,0.03333285770278966
6046,S8,2,stress,3450.0,3455.0,0.9916992144367583,0.995414905024824,0.008336536318501883
6047,S8,2,stress,3455.0,3460.0,0.9785258763178174,0.9932976546332866,0.012186082484933424
6048,S8,2,stress,3460.0,3465.0,0.9869186281508606,0.9970718727844197,0.005323867664691688
6049,S8,2,stress,3465.0,3470.0,0.9891890513349038,0.9901360076241725,0.017934531592413695
6050,S8,2,stress,3470.0,3475.0,0.9899914975595189,0.9972722753899288,0.004959499291038763
6051,S8,2,stress,3475.0,3480.0,0.982583755579917,0.9968836977802624,0.0056660040358865885
6052,S8,2,stress,3480.0,3485.0,0.9887113140755066,0.9950543170375354,0.008992150840844754
6053,S8,2,stress,3485.0,3490.0,1.0,0.9792964808202902,0.0376427621449271
6054,S8,2,stress,3490.0,3495.0,0.9473474489982955,0.9778731185949685,0.040230693463693665
6055,S8,2,stress,3495.0,3500.0,0.9820258549876296,0.9927592196068191,0.013165055260329003
6056,S8,2,stress,3500.0,3505.0,1.0,0.9810388266390475,0.034474860656277244
6057,S8,2,stress,3505.0,3510.0,1.0,0.9679335473891806,0.05830264111058091
6058,S8,2,stress,3510.0,3515.0,0.9836038871931969,0.9632564212267161,0.06680650686051633
6059,S8,2,stress,3515.0,3520.0,0.9895516225424593,0.9959513919877816,0.007361105476760924
6060,S8,2,stress,3520.0,3525.0,0.9868519026509777,0.9826333227932562,0.031575776739534406
6061,S8,2,stress,3525.0,3530.0,0.9863414577093891,0.9882627585388837,0.02134043902021141
6062,S8,2,stress,3530.0,3535.0,0.9887317516257087,0.987348753620088,0.02300226614529468
6063,S8,2,stress,3535.0,3540.0,0.9929168569483334,0.9927989783095104,0.013092766709981224
6064,S8,2,stress,3540.0,3545.0,0.9762277857028127,0.9912043126219943,0.015992158869101377
6065,S8,2,stress,3545.0,3550.0,0.9820658131244436,0.9941158669411485,0.01069842374336646
6066,S8,2,stress,3550.0,3555.0,0.9824042581848959,0.9906916271072255,0.016924314350499264
6067,S8,2,stress,3555.0,3560.0,0.9868815704474334,0.9953952734738509,0.008372230047543878
6068,S8,2,stress,3560.0,3565.0,1.0,0.9824223381643324,0.03195938515575933
6069,S8,2,stress,3565.0,3570.0,0.9852045975132822,0.9734389258383163,0.04829286211215222
6070,S8,2,stress,3570.0,3575.0,0.986618147767447,0.9943341549936109,0.010301536375252942
6071,S8,2,stress,3575.0,3580.0,0.9873568798452325,0.9842669714985548,0.028605506366263883
6072,S8,2,stress,3580.0,3585.0,0.9803732821150049,0.9977822617562238,0.004032251352320464
6073,S8,2,stress,3585.0,3590.0,0.9960443902608948,0.9922295768990321,0.014128042001759909
6074,S8,2,stress,3590.0,3595.0,0.9887099846343984,0.9923459470208476,0.013916459962095458
6075,S8,2,stress,3595.0,3600.0,0.9853374726632961,0.9933503259454914,0.012090316462742806
6076,S8,2,stress,3600.0,3605.0,1.0,0.9942066045676725,0.010533446240595528
6077,S8,2,stress,3605.0,3610.0,1.0,0.982640646589855,0.03156246074571821
6078,S8,2,stress,3610.0,3615.0,0.985032566665196,0.9894726812276293,0.019140579586128692
6079,S8,2,stress,3615.0,3620.0,0.9820882223285197,0.9928274213898447,0.013041052018464342
6080,S8,2,stress,3620.0,3625.0,1.0,0.9750710232343489,0.04532541230118388
6081,S8,2,stress,3625.0,3630.0,0.9855065352708365,0.9923410647206996,0.013925336871455264
6082,S8,2,stress,3630.0,3635.0,0.9857853961494633,0.9955615147349375,0.008069973209204717
6083,S8,2,stress,3635.0,3640.0,0.9870388864908476,0.9989915071045086,0.001833623446347985
6084,S8,2,stress,3640.0,3645.0,1.0,0.9978842420129479,0.003846832703731373
6085,S8,2,stress,3645.0,3650.0,0.9599639122576498,0.9798012138537175,0.03672506572051359
6086,S8,2,stress,3650.0,3655.0,0.982510276050007,0.9876379416039021,0.022476469811087214
6087,S8,2,stress,3655.0,3660.0,0.9868825669697812,0.9884052043591991,0.021081446619638258
6088,S8,2,stress,3660.0,3665.0,0.9903902436612233,0.9944561642365153,0.010079701388153957
6089,S8,2,stress,3665.0,3670.0,0.9895907482737369,0.9984721653081101,0.002777881257981708
6090,S8,2,stress,3670.0,3675.0,0.9829736625613876,0.9804695061890227,0.035509988747231325
6091,S8,2,stress,3675.0,3680.0,0.9883189698767332,0.9967424747706324,0.005922773144304944
6092,S8,2,stress,3680.0,3685.0,1.0,0.9882634886544608,0.021339111537344198
6093,S8,2,stress,3685.0,3690.0,1.0,0.9978088795491948,0.003983855365100388
6094,S8,2,stress,3690.0,3695.0,0.9874900147294501,0.9913145818545128,0.015791669355431154
6095,S8,2,stress,3695.0,3700.0,0.9817859055206646,0.9958444670850197,0.007555514390873296
6096,S8,2,stress,3700.0,3705.0,0.9894447938883492,0.9987904854097354,0.002199117436844741
6097,S8,2,stress,3705.0,3710.0,0.9867760860431676,0.9921865023229919,0.014206359412741995
6098,S8,2,stress,3710.0,3715.0,0.9864671977677345,0.9893666477149428,0.019333367791013086
6099,S8,2,stress,3715.0,3720.0,1.0,0.9964528906762844,0.006449289679482998
6100,S8,2,stress,3720.0,3725.0,0.9841785827182904,0.995205105231427,0.008717990488314746
6101,S8,2,stress,3725.0,3730.0,0.9902070112477431,0.9896112151785581,0.018888699675349015
6102,S8,2,stress,3730.0,3735.0,0.9862222326059233,0.9946151752547026,0.009790590445995341
6103,S8,2,stress,3735.0,3740.0,0.9957252881890265,0.9778740910227286,0.04022892541322075
6104,S8,2,stress,3740.0,3745.0,0.9885831286085524,0.9985264944610746,0.0026791009798643813
6105,S8,2,stress,3745.0,3750.0,0.9925552827131872,0.9926429058134996,0.013376534884546184
6106,S8,2,stress,3750.0,3755.0,0.9791157018704503,0.9974859195686498,0.0045710553297276186
6107,S8,2,stress,3755.0,3760.0,0.9983396598026593,0.9790427492648976,0.03810409224564065
6108,S8,2,stress,3760.0,3765.0,0.9735424194528974,0.9827751907469053,0.0313178350056267
6109,S8,2,stress,3765.0,3770.0,1.0,0.989270146818215,0.019508823966881774
6110,S8,2,stress,3770.0,3775.0,1.0,0.9902620203149322,0.017705417609214305
6111,S8,2,stress,3775.0,3780.0,1.0,0.9979427322073362,0.0037404868957523593
6112,S8,2,stress,3780.0,3785.0,1.0,0.9966339396870996,0.006120109659819199
6113,S8,2,stress,3785.0,3790.0,0.9930766137255311,0.9919346320583486,0.014664305348457338
6114,S8,2,stress,3790.0,3795.0,1.0,0.996424174615907,0.0065015006983507205
6115,S8,2,stress,3795.0,3800.0,0.9805776669607488,0.9657280878915042,0.062312567469992516
6116,S8,2,stress,3800.0,3805.0,0.9815004531757844,0.981256043248703,0.03407992136599464
6117,S8,2,stress,3805.0,3810.0,0.9498167182362944,0.9798676794315453,0.03660421921537219
6118,S8,2,stress,3810.0,3815.0,0.9874920140212583,0.991706460806818,0.015079162169422023
6119,S8,2,stress,3815.0,3820.0,1.0,0.9961769544406862,0.006950991926025294
6120,S8,2,stress,3820.0,3825.0,1.0,0.9944570186671005,0.010078147877999198
6121,S8,2,stress,3825.0,3830.0,0.985361686329848,0.9982250292897754,0.0032272194731356014
6122,S8,2,stress,3830.0,3835.0,0.9919095918497678,0.9758423983069426,0.04392291216919518
6123,S8,2,stress,3835.0,3840.0,1.0,0.9960453818284059,0.007190214857444228
6124,S8,2,stress,3840.0,3845.0,0.9815240129625743,0.997877448131832,0.003859185214851059
6125,S8,2,stress,3845.0,3850.0,0.9960714507346068,0.9872581169826413,0.023167060031561312
6126,S8,2,stress,3850.0,3855.0,0.984323188423827,0.9838687692495172,0.029329510455423563
6127,S8,2,stress,3855.0,3860.0,1.0,0.9777499077591993,0.040454713165092124
6128,S8,2,stress,3860.0,3865.0,0.9888473237751719,0.9969131514170539,0.005612451968993102
6129,S8,2,stress,3865.0,3870.0,0.9868094364945917,0.9746982071157588,0.04600325978952935
6130,S8,2,stress,3870.0,3875.0,0.9875605926508833,0.9887208452707936,0.020507554053102596
6131,S8,2,stress,3875.0,3880.0,0.9948918289389852,0.9896232998764012,0.018866727497452367
6132,S8,2,stress,3880.0,3885.0,0.9757197567085167,0.9919211346586798,0.014688846075127817
6133,S8,2,stress,3885.0,3890.0,0.9680570746330055,0.9965220203703629,0.006323599326613164
6134,S8,2,stress,3890.0,3895.0,0.9869228588896469,0.9986395454953367,0.0024735536448423556
6135,S8,2,stress,3895.0,3900.0,1.0,0.9919061450169868,0.014716099969115173
6136,S8,2,stress,3900.0,3905.0,1.0,0.9947931265346184,0.00946704266433018
6137,S8,2,stress,3905.0,3910.0,1.0,0.9870523593129705,0.023541164885508115
6138,S8,2,stress,3910.0,3915.0,1.0,0.9949183689992007,0.009239329092362464
6139,S8,2,stress,3915.0,3920.0,0.9887314535051905,0.9891016503498264,0.01981518118213384
6140,S8,2,stress,3920.0,3925.0,0.991943315539664,0.9902262775136657,0.017770404520608185
6141,S8,2,stress,3925.0,3930.0,0.990389197034693,0.9971322125484328,0.005214159002849624
6142,S8,2,stress,3930.0,3935.0,0.9900037708921521,0.992423294982048,0.013775827305367305
6143,S8,2,stress,3935.0,3940.0,1.0,0.9798309151851787,0.03667106329967525
6144,S8,2,stress,3940.0,3945.0,1.0,0.9824119346913631,0.031978300561158066
6145,S8,2,stress,3945.0,3950.0,0.9866880443174928,0.9935042134907219,0.011810520925960384
6146,S8,2,stress,3950.0,3955.0,0.9806666758881987,0.9906701206399615,0.016963417018251794
6147,S8,2,stress,3955.0,3960.0,1.0,0.9925520003462673,0.013541817552241387
6148,S9,1,baseline,80.0,85.0,0.9811362407533307,0.996775980861059,0.0058618529798927736
6149,S9,1,baseline,85.0,90.0,0.9740530298678023,0.9952753256001277,0.008590317090677278
6150,S9,1,baseline,90.0,95.0,0.9758823652436469,0.992435063338502,0.013754430293632734
6151,S9,1,baseline,95.0,100.0,0.9763926099649048,0.9926323951793787,0.013395645128402371
6152,S9,1,baseline,100.0,105.0,0.9743124062944937,0.9950924573582005,0.008922804803272042
6153,S9,1,baseline,105.0,110.0,0.9778236455056033,0.9952927208042146,0.008558689446882756
6154,S9,1,baseline,110.0,115.0,0.9816627706034242,0.9981977355440736,0.0032768444653208427
6155,S9,1,baseline,115.0,120.0,1.0,0.9945835037789412,0.009848174947379837
6156,S9,1,baseline,120.0,125.0,1.0,0.9876762217827757,0.022406869485862343
6157,S9,1,baseline,125.0,130.0,0.9754405501941829,0.985756560951047,0.025897161907187532
6158,S9,1,baseline,130.0,135.0,0.9796511628534447,0.9942218103946969,0.010505799282369294
6159,S9,1,baseline,135.0,140.0,0.9766624408141343,0.9957996497038877,0.007637000538386075
6160,S9,1,baseline,140.0,145.0,0.9735184950595879,0.9777430831094216,0.04046712161923367
6161,S9,1,baseline,145.0,150.0,0.9727110255209871,0.9888159964698802,0.02033455187294517
6162,S9,1,baseline,150.0,155.0,1.0,0.9867444255749924,0.02410104440910476
6163,S9,1,baseline,155.0,160.0,0.998901508286258,0.9893057188370469,0.01944414756900586
6164,S9,1,baseline,160.0,165.0,0.9857388275503244,0.9940012783597734,0.01090676661859389
6165,S9,1,baseline,165.0,170.0,0.9805922382025329,0.9898506063293386,0.018453443037566006
6166,S9,1,baseline,170.0,175.0,0.973249011116252,0.9783249777754062,0.03940913131744341
6167,S9,1,baseline,175.0,180.0,0.9742556261022671,0.9837000070963335,0.029636350733938957
6168,S9,1,baseline,180.0,185.0,0.9699985150628125,0.9876465597943465,0.022460800373915634
6169,S9,1,baseline,185.0,190.0,0.9848110477448722,0.9866281869398772,0.024312387382041417
6170,S9,1,baseline,190.0,195.0,1.0,0.9833548250955142,0.030263954371792266
6171,S9,1,baseline,195.0,200.0,1.0,0.9904894460059548,0.017291916352809453
6172,S9,1,baseline,200.0,205.0,1.0,0.9885335588840507,0.02084807475627133
6173,S9,1,baseline,205.0,210.0,1.0,0.9860426219702929,0.025377050963103703
6174,S9,1,baseline,210.0,215.0,0.9862920847820973,0.9901692973945655,0.017874004737153802
6175,S9,1,baseline,215.0,220.0,0.9782679854720265,0.990466822411532,0.01733305016085104
6176,S9,1,baseline,220.0,225.0,0.9649563050927532,0.9594366186574228,0.07375160244104974
6177,S9,1,baseline,225.0,230.0,0.982063884313701,0.9577144568422999,0.07688280574127308
6178,S9,1,baseline,230.0,235.0,0.9717356898989471,0.9954368215223359,0.008296688141207594
6179,S9,1,baseline,235.0,240.0,0.974903407743981,0.991924183166921,0.014683303332871043
6180,S9,1,baseline,240.0,245.0,0.9744213237131559,0.9731955723487797,0.04873532300221889
6181,S9,1,baseline,245.0,250.0,0.9751858693658817,0.9773302940233322,0.0412176472303051
6182,S9,1,baseline,250.0,255.0,0.9706420354544983,0.9951063929428179,0.00889746737669492
6183,S9,1,baseline,255.0,260.0,0.9842665964730464,0.9916126156154716,0.015249789790051801
6184,S9,1,baseline,260.0,265.0,1.0,0.9855766800552683,0.026224218081330537
6185,S9,1,baseline,265.0,270.0,1.0,0.9837417077284432,0.029560531402830496
6186,S9,1,baseline,270.0,275.0,0.9719819859527203,0.9874553526320646,0.022808449759882665
6187,S9,1,baseline,275.0,280.0,0.97063633739344,0.9876400764669415,0.02247258824192456
6188,S9,1,baseline,280.0,285.0,0.9773852363682702,0.9836963294522243,0.02964303735959232
6189,S9,1,baseline,285.0,290.0,0.9710397757519741,0.9924380730898166,0.01374895801851544
6190,S9,1,baseline,290.0,295.0,0.9709512900789571,0.9867777570120992,0.024040441796183174
6191,S9,1,baseline,295.0,300.0,0.9827897310170713,0.9891154148150743,0.019790154881683168
6192,S9,1,baseline,300.0,305.0,0.9852937949809968,0.9909545787846896,0.016446220391473323
6193,S9,1,baseline,305.0,310.0,0.9732807937934552,0.9867802680451845,0.024035876281482967
6194,S9,1,baseline,310.0,315.0,0.9710916234123241,0.9978515572994167,0.003906259455606111
6195,S9,1,baseline,315.0,320.0,0.974794522604157,0.9938706317592425,0.011144305892286512
6196,S9,1,baseline,320.0,325.0,0.9752500867869165,0.981635195272873,0.03339055404932188
6197,S9,1,baseline,325.0,330.0,0.7434563517632908,0.9763747245624717,0.042955046250051705
6198,S9,1,baseline,330.0,335.0,0.9514952816151101,0.9976633887254682,0.004248384135512586
6199,S9,1,baseline,335.0,340.0,0.9807161720380344,0.9897418941632925,0.018651101521286323
6200,S9,1,baseline,340.0,345.0,0.9749104249021874,0.9654264067140168,0.06286107870178789
6201,S9,1,baseline,345.0,350.0,0.9714761933141584,0.9852191800370644,0.026874218114428562
6202,S9,1,baseline,350.0,355.0,0.9719577754825482,0.9942920880487058,0.010378021729625996
6203,S9,1,baseline,355.0,360.0,0.9748645965929116,0.9817206558660425,0.03323517115265006
6204,S9,1,baseline,360.0,365.0,0.9719260967868268,0.9892565843557437,0.019533482989557184
6205,S9,1,baseline,365.0,370.0,0.9706192863121533,0.992974750957814,0.012773180076702117
6206,S9,1,baseline,370.0,375.0,0.9703133900537309,0.9943315204082901,0.010306326530381778
6207,S9,1,baseline,375.0,380.0,0.9765853786475702,0.9939073117008932,0.011077615089285177
6208,S9,1,baseline,380.0,385.0,0.9800478022081223,0.9931678222463356,0.01242214137029901
6209,S9,1,baseline,385.0,390.0,1.0,0.9947835488879104,0.009484456567435554
6210,S9,1,baseline,390.0,395.0,0.9941983771237879,0.99416392604743,0.010611043550127248
6211,S9,1,baseline,395.0,400.0,0.9694120198700382,0.992860873379876,0.012980230218407132
6212,S9,1,baseline,400.0,405.0,0.9710084593914843,0.9939868824526685,0.010932940995148084
6213,S9,1,baseline,405.0,410.0,0.9712076391656255,0.9925181095719673,0.013603437141877938
6214,S9,1,baseline,410.0,415.0,0.9711080229391015,0.9906233108299907,0.01704852576365353
6215,S9,1,baseline,415.0,420.0,0.9667469723746304,0.9828123064066367,0.031250351987933266
6216,S9,1,baseline,420.0,425.0,0.9910985637670905,0.9913731385724396,0.01568520259556447
6217,S9,1,baseline,425.0,430.0,0.970241864598001,0.9850216265228171,0.027233406322150936
6218,S9,1,baseline,430.0,435.0,0.9724885488854907,0.988931975335501,0.020123681208180047
6219,S9,1,baseline,435.0,440.0,0.9730380457933476,0.9936740228677161,0.011501776604152601
6220,S9,1,baseline,440.0,445.0,0.9694951293922884,0.9928537852925685,0.012993117649875489
6221,S9,1,baseline,445.0,450.0,0.9708004375352031,0.9888267120780359,0.02031506894902588
6222,S9,1,baseline,450.0,455.0,0.9694889729788432,0.9887663329681717,0.020424849148778925
6223,S9,1,baseline,455.0,460.0,0.9711387870451933,0.9988890415226761,0.0020199245042252043
6224,S9,1,baseline,460.0,465.0,0.9767386779851184,0.9947378417629367,0.009567560431024124
6225,S9,1,baseline,465.0,470.0,0.9714946209963689,0.9865913394969423,0.024379382732832373
6226,S9,1,baseline,470.0,475.0,0.9737002610663613,0.9860089055230687,0.02543835359442054
6227,S9,1,baseline,475.0,480.0,0.9737528298418281,0.9887511647710594,0.020452427688982915
6228,S9,1,baseline,480.0,485.0,0.9712723053004166,0.9963086979249831,0.006711458318212476
6229,S9,1,baseline,485.0,490.0,0.9738693013039915,0.989522159060098,0.019050619890730914
6230,S9,1,baseline,490.0,495.0,0.9971713006201288,0.9901688875049373,0.017874749991023408
6231,S9,1,baseline,495.0,500.0,0.9739204223269359,0.9906128051962213,0.017067626915961278
6232,S9,1,baseline,500.0,505.0,0.9709900249076047,0.9872787026928582,0.02312963146753076
6233,S9,1,baseline,505.0,510.0,0.9749947949182852,0.983336917766406,0.030296513151989155
6234,S9,1,baseline,510.0,515.0,0.9762365241315608,0.9902062737068948,0.017806775078373062
6235,S9,1,baseline,515.0,520.0,1.0,0.9889062289880715,0.02017049274896108
6236,S9,1,baseline,520.0,525.0,0.9729168747944732,0.9845071859580716,0.02816875280350643
6237,S9,1,baseline,525.0,530.0,0.9771605949623642,0.9922048156641434,0.01417306242883005
6238,S9,1,baseline,530.0,535.0,0.9721693252105594,0.9910043775254678,0.01635567722642233
6239,S9,1,baseline,535.0,540.0,0.974353086107094,0.9935101011839071,0.01179981602925989
6240,S9,1,baseline,540.0,545.0,0.9810666421412877,0.9881439968346755,0.021556369391499092
6241,S9,1,baseline,545.0,550.0,1.0,0.9889270482119312,0.02013263961467045
6242,S9,1,baseline,550.0,555.0,0.973934351016316,0.9854408662649508,0.026471152245544055
6243,S9,1,baseline,555.0,560.0,0.9817136073827001,0.9944980480324781,0.01000354903185812
6244,S9,1,baseline,560.0,565.0,0.9729641058142612,0.989952577187148,0.018268041477912837
6245,S9,1,baseline,565.0,570.0,0.9722703270059203,0.9901691678031308,0.01787424035794393
6246,S9,1,baseline,570.0,575.0,0.972754859493549,0.9911033859367646,0.016175661933155238
6247,S9,1,baseline,575.0,580.0,0.9725896411477946,0.9916753103447282,0.015135799373221487
6248,S9,1,baseline,580.0,585.0,0.9725552929837021,0.9907994070368509,0.016728350842089266
6249,S9,1,baseline,585.0,590.0,0.9592914157630168,0.9839994734487321,0.02909186645685069
6250,S9,1,baseline,590.0,595.0,0.9643072332956049,0.9918229068805011,0.01486744203545266
6251,S9,1,baseline,595.0,600.0,0.9748071543429531,0.9229461198019548,0.14009796399644586
6252,S9,1,baseline,600.0,605.0,0.9565487507529296,0.9951095348095416,0.00889175489174268
6253,S9,1,baseline,605.0,610.0,1.0,0.996301394570104,0.00672473714526561
6254,S9,1,baseline,610.0,615.0,1.0,0.9981259210724014,0.00340741623199759
6255,S9,1,baseline,615.0,620.0,0.9686601667150787,0.9963470641086565,0.006641701620624462
6256,S9,1,baseline,620.0,625.0,0.9612662678091669,0.9958255823335402,0.007589850302654041
6257,S9,1,baseline,625.0,630.0,0.9633799782774657,0.995615265554123,0.007972244447048955
6258,S9,1,baseline,630.0,635.0,0.966613332270763,0.9873989639488641,0.022910974638428897
6259,S9,1,baseline,635.0,640.0,0.9610758626048606,0.9937575022064964,0.01134999598818857
6260,S9,1,baseline,640.0,645.0,0.9612302451213022,0.9879278769869031,0.021949314569267173
6261,S9,1,baseline,645.0,650.0,0.9567013106664309,0.9884395501600058,0.02101899970908044
6262,S9,1,baseline,650.0,655.0,1.0,0.9950041309504702,0.009083398271872543
6263,S9,1,baseline,655.0,660.0,1.0,0.9917992982731876,0.014910366776022749
6264,S9,1,baseline,660.0,665.0,1.0,0.9918483482335012,0.014821185029997875
6265,S9,1,baseline,665.0,670.0,0.9766178028131628,0.9969483199274587,0.005548509222802352
6266,S9,1,baseline,670.0,675.0,0.9722238107819495,0.9965121802309209,0.006341490489234931
6267,S9,1,baseline,675.0,680.0,0.97282535060828,0.9954867767875875,0.008205860386204546
6268,S9,1,baseline,680.0,685.0,0.9851080905624626,0.9945829630191012,0.00984915814708876
6269,S9,1,baseline,685.0,690.0,0.9747033465043377,0.9618662368053417,0.06933411489937887
6270,S9,1,baseline,690.0,695.0,0.9810693892998107,0.9871366195414191,0.02338796447014722
6271,S9,1,baseline,695.0,700.0,0.9635938946810175,0.9692862957099728,0.055843098709140275
6272,S9,1,baseline,700.0,705.0,0.9662972078649833,0.9582412214059619,0.07592505198916041
6273,S9,1,baseline,705.0,710.0,0.9673335967046275,0.9842800022310918,0.028581814125287642
6274,S9,1,baseline,710.0,715.0,0.9624340683243877,0.9751386099394024,0.045202527382904756
6275,S9,1,baseline,715.0,720.0,0.9685214593156705,0.979635658864688,0.037026074791476606
6276,S9,1,baseline,720.0,725.0,1.0,0.9919214994864995,0.014688182751818941
6277,S9,1,baseline,725.0,730.0,1.0,0.9836874018143464,0.029659269428460925
6278,S9,1,baseline,730.0,735.0,0.9951336168539535,0.9854426564461702,0.026467897370599635
6279,S9,1,baseline,735.0,740.0,0.9733744632755722,0.9927519516185264,0.013178269784497628
6280,S9,1,baseline,740.0,745.0,0.9725890507839937,0.9955274766031406,0.008131860721562682
6281,S9,1,baseline,745.0,750.0,0.9744009774715959,0.993032325088812,0.012668499838523903
6282,S9,1,baseline,750.0,755.0,0.9756821658133531,0.9922858723292145,0.01402568667415542
6283,S9,1,baseline,755.0,760.0,0.9718661315355284,0.99036279929524,0.017522183099563722
6284,S9,1,baseline,760.0,765.0,0.971631280053499,0.9847974292828177,0.0276410376676043
6285,S9,1,baseline,765.0,770.0,1.0,0.9737944720604936,0.04764641443546628
6286,S9,1,baseline,770.0,775.0,1.0,0.9944606843792245,0.010071482946864425
6287,S9,1,baseline,775.0,780.0,1.0,0.982523759299722,0.03177498309141458
6288,S9,1,baseline,780.0,785.0,1.0,0.9975602409787159,0.0044359254932439425
6289,S9,1,baseline,785.0,790.0,0.9735015146818968,0.9900563588076343,0.01807934762248295
6290,S9,1,baseline,790.0,795.0,0.9745213726151619,0.9949561348352571,0.009170663935896033
6291,S9,1,baseline,795.0,800.0,0.974000648871262,0.9820006827417862,0.03272603137857043
6292,S9,1,baseline,800.0,805.0,0.971844347779523,0.9886278401618911,0.020676654251107335
6293,S9,1,baseline,805.0,810.0,0.9706915962325001,0.9769994993010807,0.04181909217985344
6294,S9,1,baseline,810.0,815.0,0.9744635673838696,0.9631404240579406,0.06701741080374449
6295,S9,1,baseline,815.0,820.0,0.9720203133111252,0.973756128203783,0.04771613053857651
6296,S9,1,baseline,820.0,825.0,0.9746274558143919,0.9948742939407049,0.009319465562354837
6297,S9,1,baseline,825.0,830.0,0.9714899003851458,0.9952291600154897,0.00867425451729147
6298,S9,1,baseline,830.0,835.0,0.9880080871725946,0.9952497583845479,0.008636802937185916
6299,S9,1,baseline,835.0,840.0,0.9799314007687768,0.987933442248581,0.021939195911670834
6300,S9,1,baseline,840.0,845.0,0.9750111309495677,0.9942172601936863,0.010514072375116089
6301,S9,1,baseline,845.0,850.0,0.972233309242275,0.9880485092323361,0.021729983213934607
6302,S9,1,baseline,850.0,855.0,0.9990791643511403,0.9884216683397073,0.021051512109623235
6303,S9,1,baseline,855.0,860.0,0.9890658223549856,0.988671552227588,0.02059717776802218
6304,S9,1,baseline,860.0,865.0,1.0,0.9864218070090696,0.02468762361987363
6305,S9,1,baseline,865.0,870.0,1.0,0.9964466846758262,0.00646057331667979
6306,S9,1,baseline,870.0,875.0,0.9638399883989005,0.9628957963042721,0.06746218853768715
6307,S9,1,baseline,875.0,880.0,1.0,0.9889253332177579,0.020135757785895072
6308,S9,1,baseline,880.0,885.0,0.9585464852951958,0.9917152793041046,0.015063128537991672
6309,S9,1,baseline,885.0,890.0,0.9690239343231981,0.9548776410633963,0.08204065261200656
6310,S9,1,baseline,890.0,895.0,0.9720946302436541,0.9895210073050182,0.019052713990876186
6311,S9,1,baseline,895.0,900.0,0.9681863866531788,0.9911716522904881,0.016051541290021586
6312,S9,1,baseline,900.0,905.0,0.9770866239148742,0.9928815478480373,0.012942640276296137
6313,S9,1,baseline,905.0,910.0,0.9705928524807633,0.9937227018628785,0.011413269340221115
6314,S9,1,baseline,910.0,915.0,0.9760653613138713,0.9971182580983304,0.005239530730308353
6315,S9,1,baseline,915.0,920.0,0.9716334778776633,0.9952943317556833,0.008555760444212144
6316,S9,1,baseline,920.0,925.0,1.0,0.9827965102259333,0.031279072316484954
6317,S9,1,baseline,925.0,930.0,0.9709287777214244,0.9946991152659386,0.009637972243747914
6318,S9,1,baseline,930.0,935.0,0.9786806043784001,0.9915581586493385,0.015348802455748111
6319,S9,1,baseline,935.0,940.0,0.9835286514231147,0.9969690900223718,0.005510745413869776
6320,S9,1,baseline,940.0,945.0,0.9764174329945849,0.994695673405134,0.009644230172483786
6321,S9,1,baseline,945.0,950.0,0.9835971535648493,0.9884353956344913,0.021026553391834076
6322,S9,1,baseline,950.0,955.0,0.9710962156369144,0.9878049033084442,0.022172903075556354
6323,S9,1,baseline,955.0,960.0,0.9732183992740239,0.9869551363714786,0.02371793387003889
6324,S9,1,baseline,960.0,965.0,0.976195960772889,0.99850936552735,0.0027102444957273664
6325,S9,1,baseline,965.0,970.0,1.0,0.9894201793117685,0.019236037614966603
6326,S9,1,baseline,970.0,975.0,0.975296097409665,0.9867822374781312,0.02403229549430686
6327,S9,1,baseline,975.0,980.0,0.9765755637238173,0.9914945966104698,0.015464369799145738
6328,S9,1,baseline,980.0,985.0,0.9747858775552131,0.9864261566791848,0.02467971512875501
6329,S9,1,baseline,985.0,990.0,0.9724917347254329,0.9976881244849722,0.004203410027323372
6330,S9,1,baseline,990.0,995.0,0.9758577614956001,0.9967473392874484,0.0059139285682756814
6331,S9,1,baseline,995.0,1000.0,0.9733593801546802,0.9814955811032109,0.033644397994162134
6332,S9,1,baseline,1000.0,1005.0,0.9766592583013786,0.9871178242093726,0.023422137801140795
6333,S9,1,baseline,1005.0,1010.0,0.9792763535345138,0.9981258158169259,0.003407607605589337
6334,S9,1,baseline,1010.0,1015.0,0.9479473642597211,0.9956782003203741,0.007857817599320041
6335,S9,1,baseline,1015.0,1020.0,0.9664203937094212,0.9803399696893058,0.035745509655807736
6336,S9,1,baseline,1020.0,1025.0,0.9916844954617766,0.9150107319180893,0.15452594196711048
6337,S9,1,baseline,1025.0,1030.0,1.0,0.9824996197292295,0.031818873219582836
6338,S9,1,baseline,1030.0,1035.0,0.971705872359126,0.9914308237817391,0.015580320396838073
6339,S9,1,baseline,1035.0,1040.0,0.96436649732202,0.9881105564425268,0.02161717010449676
6340,S9,1,baseline,1040.0,1045.0,0.9781739430311899,0.9717997938023155,0.051273102177608186
6341,S9,1,baseline,1045.0,1050.0,0.9740097730243166,0.991015298202669,0.016335821449692704
6342,S9,1,baseline,1050.0,1055.0,1.0,0.9924406915440784,0.013744197192584752
6343,S9,1,baseline,1055.0,1060.0,1.0,0.9850382957471544,0.02720309864153765
6344,S9,1,baseline,1060.0,1065.0,1.0,0.9887742050085135,0.020410536348157315
6345,S9,1,baseline,1065.0,1070.0,1.0,0.9897215704951945,0.018688053645101132
6346,S9,1,baseline,1070.0,1075.0,1.0,0.9882913868180074,0.02128838760362301
6347,S9,1,baseline,1075.0,1080.0,1.0,0.995165295228079,0.008790372312583807
6348,S9,1,baseline,1080.0,1085.0,0.9904330777304101,0.9741466533905334,0.047006084744484845
6349,S9,1,baseline,1085.0,1090.0,0.9686731498006415,0.9854391115556667,0.026474342626060635
6350,S9,1,baseline,1090.0,1095.0,0.9920536710189992,0.9904253814645569,0.017408397337169385
6351,S9,1,baseline,1095.0,1100.0,0.9729463455872402,0.9890461378023978,0.019916113086549513
6352,S9,1,baseline,1100.0,1105.0,0.9727890494818126,0.9915566372766151,0.015351568587972497
6353,S9,1,baseline,1105.0,1110.0,0.9712784501403802,0.9942388669962312,0.010474787279579732
6354,S9,1,baseline,1110.0,1115.0,0.9756977516920641,0.9916366011556934,0.015206179716921236
6355,S9,1,baseline,1115.0,1120.0,0.97263995726688,0.9916157273232655,0.015244132139517334
6356,S9,1,baseline,1120.0,1125.0,1.0,0.9919045960264377,0.01471891631556796
6357,S9,1,baseline,1125.0,1130.0,1.0,0.9937040978126426,0.01144709488610453
6358,S9,1,baseline,1130.0,1135.0,1.0,0.9915339811817616,0.015392761487706215
6359,S9,1,baseline,1135.0,1140.0,0.9970167963694552,0.9792811018963916,0.037670723824742416
6360,S9,1,baseline,1140.0,1145.0,1.0,0.9947925964730022,0.009468006412723272
6361,S9,1,baseline,1145.0,1150.0,1.0,0.9896993309586175,0.01872848916615
6362,S9,1,baseline,1150.0,1155.0,0.971425998941346,0.994557865940181,0.009894789199671124
6363,S9,1,baseline,1155.0,1160.0,0.9726043901359989,0.99519964993112,0.008727909216145698
6364,S9,1,baseline,1160.0,1165.0,0.9734203548565344,0.9916182176368826,0.015239604296577103
6365,S9,1,baseline,1165.0,1170.0,1.0,0.9902914615524347,0.017651888086482402
6366,S9,1,baseline,1170.0,1175.0,0.9724144786787299,0.9920047491840254,0.014536819665408561
6367,S9,1,baseline,1175.0,1180.0,0.9642059212212467,0.9962141292444597,0.0068834013737098495
6368,S9,1,baseline,1180.0,1185.0,0.9853481743655037,0.9921760175479757,0.014225422640044276
6369,S9,1,baseline,1185.0,1190.0,0.9662514477108084,0.9847299933143674,0.027763648519332117
6370,S9,1,baseline,1190.0,1195.0,0.967427985316736,0.9900171048617947,0.01815071843310071
6371,S9,1,baseline,1195.0,1200.0,0.9754623121875866,0.9870525933869667,0.02354073929642433
6372,S9,1,baseline,1200.0,1205.0,0.9771711574065312,0.9905937849719062,0.017102209141989
6373,S9,1,baseline,1205.0,1210.0,0.9832585488891098,0.9940147672732373,0.010882241321386968
6374,S9,1,baseline,1210.0,1215.0,0.9577650258071617,0.987585564474651,0.022571700955180123
6375,S9,1,baseline,1215.0,1220.0,0.936870446384844,0.9961212363057648,0.007052297625882433
6376,S9,1,baseline,1220.0,1225.0,0.972465823655422,0.9944337346148935,0.010120482518375358
6377,S9,1,baseline,1225.0,1230.0,0.9773385026354717,0.9707814822677856,0.05312457769493535
6378,S9,1,baseline,1230.0,1235.0,0.9747974718932271,0.9890311373714145,0.019943386597428177
6379,S9,1,baseline,1235.0,1240.0,1.0,0.9945865267191645,0.009842678692428343
6380,S9,1,baseline,1240.0,1245.0,1.0,0.9961086810105848,0.0070751254353006434
6381,S9,1,baseline,1245.0,1250.0,0.972790122678599,0.9896471940549074,0.018823283536532138
6382,S9,1,baseline,1250.0,1255.0,1.0,0.9918525464521442,0.014813551905192691
6383,S9,2,stress,1875.0,1880.0,0.9916858050577899,0.9780043830776157,0.03999203076797138
6384,S9,2,stress,1880.0,1885.0,0.9774609256926242,0.9828748400040319,0.03113665453812376
6385,S9,2,stress,1885.0,1890.0,0.979078516331375,0.9813770416401735,0.03385992429059385
6386,S9,2,stress,1890.0,1895.0,1.0,0.9923661298034709,0.01387976399368922
6387,S9,2,stress,1895.0,1900.0,1.0,0.9730217662679546,0.04905133405826455
6388,S9,2,stress,1900.0,1905.0,0.978697868227599,0.9665530897559678,0.0608125640800585
6389,S9,2,stress,1905.0,1910.0,0.9713724328028914,0.9781440434506277,0.039738102817040696
6390,S9,2,stress,1910.0,1915.0,0.9764745906306391,0.9919246964621415,0.014682370068833555
6391,S9,2,stress,1915.0,1920.0,0.9782087901251477,0.9628931353848207,0.0674670265730536
6392,S9,2,stress,1920.0,1925.0,1.0,0.9899301915821059,0.0183087425779893
6393,S9,2,stress,1925.0,1930.0,1.0,0.9988137616419106,0.0021567970147079374
6394,S9,2,stress,1930.0,1935.0,0.9703395703353636,0.9970447232684121,0.005373230421068879
6395,S9,2,stress,1935.0,1940.0,0.9694685196032258,0.9926204055177157,0.01341744451324407
6396,S9,2,stress,1940.0,1945.0,0.988467904980228,0.9745814524519052,0.04621554099653603
6397,S9,2,stress,1945.0,1950.0,0.9897356646485211,0.9855496010451086,0.026273452645257284
6398,S9,2,stress,1950.0,1955.0,0.9765126303326351,0.987548777119506,0.022638587055443683
6399,S9,2,stress,1955.0,1960.0,0.9729413709603638,0.9983689934410307,0.0029654664708532916
6400,S9,2,stress,1960.0,1965.0,1.0,0.9893034269390875,0.01944831465620482
6401,S9,2,stress,1965.0,1970.0,1.0,0.989047200444775,0.019914181009500046
6402,S9,2,stress,1970.0,1975.0,1.0,0.988733041664458,0.0204853787918947
6403,S9,2,stress,1975.0,1980.0,0.9638988054015056,0.9971143638066902,0.005246611260563588
6404,S9,2,stress,1980.0,1985.0,0.9824442093090057,0.9862831892148551,0.024939655972990634
6405,S9,2,stress,1985.0,1990.0,0.9701903197522248,0.9800573657102913,0.03625933507219765
6406,S9,2,stress,1990.0,1995.0,1.0,0.9824334877160659,0.031939113243516865
6407,S9,2,stress,1995.0,2000.0,0.9653297580317042,0.9787932749064523,0.03855768198826868
6408,S9,2,stress,2000.0,2005.0,0.9662094273498457,0.9805675640469611,0.035331701732798
6409,S9,2,stress,2005.0,2010.0,0.9846375673909663,0.9989210086036833,0.0019618025387579015
6410,S9,2,stress,2010.0,2015.0,0.9950496160978303,0.9963492371059652,0.006637750716426992
6411,S9,2,stress,2015.0,2020.0,1.0,0.9951713272992777,0.008779404910404253
6412,S9,2,stress,2020.0,2025.0,1.0,0.9938492238475645,0.011183229368064648
6413,S9,2,stress,2025.0,2030.0,0.9652377346103185,0.9957622932853514,0.007704921299361284
6414,S9,2,stress,2030.0,2035.0,0.9841357600169961,0.9795340923283589,0.037210741221165966
6415,S9,2,stress,2035.0,2040.0,0.9599800275281299,0.9877134954269091,0.022339099223801822
6416,S9,2,stress,2040.0,2045.0,0.968798057975037,0.984099608990052,0.028909801836269344
6417,S9,2,stress,2045.0,2050.0,0.951051272051898,0.984169670910312,0.02878241652670533
6418,S9,2,stress,2050.0,2055.0,0.9554122524084107,0.9804696098632169,0.03550980024869652
6419,S9,2,stress,2055.0,2060.0,0.9585561142663742,0.9933635879278728,0.012066203767504252
6420,S9,2,stress,2060.0,2065.0,0.9537216852233686,0.9961347895300154,0.0070276553999721846
6421,S9,2,stress,2065.0,2070.0,0.9677867437558892,0.9909851732051842,0.016390594172392407
6422,S9,2,stress,2070.0,2075.0,1.0,0.9938857535610621,0.011116811707160014
6423,S9,2,stress,2075.0,2080.0,1.0,0.9783135246563297,0.039429955170309665
6424,S9,2,stress,2080.0,2085.0,0.9623151092637281,0.9660632617878204,0.06170316038578118
6425,S9,2,stress,2085.0,2090.0,0.9653139321727984,0.9962627125654275,0.006795068062859103
6426,S9,2,stress,2090.0,2095.0,0.9666716397603101,0.9983392138420313,0.0030196111963067818
6427,S9,2,stress,2095.0,2100.0,0.9674593310070491,0.9946736739286024,0.009684229220723145
6428,S9,2,stress,2100.0,2105.0,0.9598552296717608,0.9749185182940592,0.04560269401080143
6429,S9,2,stress,2105.0,2110.0,0.956274548578619,0.9745898665450361,0.04620024264538891
6430,S9,2,stress,2110.0,2115.0,0.9667851297144593,0.979436432366859,0.037388304787529414
6431,S9,2,stress,2115.0,2120.0,0.9650029771186406,0.9790845231785816,0.038028139675306306
6432,S9,2,stress,2120.0,2125.0,0.9545526518823005,0.9934665179577313,0.011879058258670479
6433,S9,2,stress,2125.0,2130.0,0.9732645431659336,0.9780952315689897,0.039826851692746024
6434,S9,2,stress,2130.0,2135.0,0.9640888968844419,0.9822730775255695,0.03223076813532817
6435,S9,2,stress,2135.0,2140.0,0.9441077133322693,0.9818421547483975,0.03301426409382271
6436,S9,2,stress,2140.0,2145.0,0.9506065848113872,0.9930751594733935,0.012590619139284491
6437,S9,2,stress,2145.0,2150.0,0.9994869058146263,0.9967176817629284,0.005967851340130494
6438,S9,2,stress,2150.0,2155.0,0.9514374039729852,0.9654472991155141,0.06282309251724719
6439,S9,2,stress,2155.0,2160.0,0.9442347273229018,0.9933389197876106,0.012111054931617191
6440,S9,2,stress,2160.0,2165.0,0.9474990431418746,0.9910305235838868,0.016308138938387947
6441,S9,2,stress,2165.0,2170.0,0.9696559429863497,0.9897725849610508,0.018595300070816688
6442,S9,2,stress,2170.0,2175.0,1.0,0.9975161907358263,0.004516016843952223
6443,S9,2,stress,2175.0,2180.0,0.9725414351848272,0.9863758889906074,0.024771110926168696
6444,S9,2,stress,2180.0,2185.0,0.9724104679965411,0.9835039003766068,0.029992908406169444
6445,S9,2,stress,2185.0,2190.0,1.0,0.9851163001829175,0.027061272394695496
6446,S9,2,stress,2190.0,2195.0,1.0,0.9693981350109577,0.05563975452553139
6447,S9,2,stress,2195.0,2200.0,0.9994377349351136,0.9926315754543611,0.013397135537525518
6448,S9,2,stress,2200.0,2205.0,0.9660616457631653,0.9894719927391908,0.019141831383289554
6449,S9,2,stress,2205.0,2210.0,0.9664718598921322,0.991785510063981,0.01493543624730726
6450,S9,2,stress,2210.0,2215.0,1.0,0.988983552854378,0.020029903901131005
6451,S9,2,stress,2215.0,2220.0,0.97432178362348,0.973885163097161,0.04748152164152566
6452,S9,2,stress,2220.0,2225.0,0.9788748522400336,0.9914811515038424,0.015488815447559437
6453,S9,2,stress,2225.0,2230.0,0.9772690489401933,0.975106295097022,0.04526128164177845
6454,S9,2,stress,2230.0,2235.0,0.9927399032799108,0.9247234507420349,0.13686645319630028
6455,S9,2,stress,2235.0,2240.0,0.9669626389613097,0.9541910735664971,0.08328895715182351
6456,S9,2,stress,2240.0,2245.0,1.0,0.9913065502770173,0.01580627222360505
6457,S9,2,stress,2245.0,2250.0,1.0,0.9881797741729372,0.021491319685568614
6458,S9,2,stress,2250.0,2255.0,0.9559099365718127,0.9884150680683521,0.021063512602996277
6459,S9,2,stress,2255.0,2260.0,0.9671786828991853,0.9877023814902546,0.022359306381355436
6460,S9,2,stress,2260.0,2265.0,0.9628744842743203,0.9944715498575425,0.010051727531740941
6461,S9,2,stress,2265.0,2270.0,0.9687092238412212,0.9898748279330205,0.01840940375814459
6462,S9,2,stress,2270.0,2275.0,1.0,0.9910662151634344,0.01624324515739223
6463,S9,2,stress,2275.0,2280.0,1.0,0.9958636081276029,0.007520712495267586
6464,S9,2,stress,2280.0,2285.0,0.978088416329806,0.9883497988698768,0.021182183872951496
6465,S9,2,stress,2285.0,2290.0,1.0,0.985706869486491,0.025987510024561754
6466,S9,2,stress,2290.0,2295.0,1.0,0.990780991405976,0.01676183380731639
6467,S9,2,stress,2295.0,2300.0,0.9729752460957425,0.996016678382448,0.0072424029410037205
6468,S9,2,stress,2300.0,2305.0,0.9563487399577552,0.9887429037593116,0.020467447710342573
6469,S9,2,stress,2305.0,2310.0,0.9904937581645006,0.9921407812596221,0.01428948861886918
6470,S9,2,stress,2310.0,2315.0,0.9551677685719663,0.9941355071127878,0.01066271434038598
6471,S9,2,stress,2315.0,2320.0,0.9920673511195681,0.9916383674511173,0.01520296827069586
6472,S9,2,stress,2320.0,2325.0,0.9724293856707703,0.986730364645046,0.024126609736279968
6473,S9,2,stress,2325.0,2330.0,0.9679098602156546,0.9886788527985348,0.020583904002663928
6474,S9,2,stress,2330.0,2335.0,0.9701500047158391,0.9789271642063426,0.03831424689755904
6475,S9,2,stress,2335.0,2340.0,0.9698237488859929,0.9765969323889367,0.042551032020115204
6476,S9,2,stress,2340.0,2345.0,0.9749475733250003,0.9883988199599214,0.02109305461832468
6477,S9,2,stress,2345.0,2350.0,0.9668095785023272,0.9826275815444494,0.0315862153737283
6478,S9,2,stress,2350.0,2355.0,0.971243496143846,0.992848848784669,0.013002093118783763
6479,S9,2,stress,2355.0,2360.0,0.9319999999999999,0.9846376536118859,0.02793153888748027
6480,S9,2,stress,2360.0,2365.0,1.0,0.9839789737159343,0.029129138698301485
6481,S9,2,stress,2365.0,2370.0,0.9778522129272397,0.9903033816148967,0.01763021524564241
6482,S9,2,stress,2370.0,2375.0,0.9768093490952509,0.9654876794998934,0.0627496736365575
6483,S9,2,stress,2375.0,2380.0,0.9753169876339312,0.9918242129976633,0.014865067276975959
6484,S9,2,stress,2380.0,2385.0,0.9709310888781628,0.991828567626815,0.014857149769427388
6485,S9,2,stress,2385.0,2390.0,0.9566875656028312,0.9827266641293515,0.031406065219361096
6486,S9,2,stress,2390.0,2395.0,0.9455898698961143,0.9935335047402061,0.011757264108716466
6487,S9,2,stress,2395.0,2400.0,0.9508389079925225,0.990502623350189,0.017267957545111044
6488,S9,2,stress,2400.0,2405.0,0.9699251731010172,0.993241570030214,0.012288054490520223
6489,S9,2,stress,2405.0,2410.0,0.9665661472838775,0.9901027543189063,0.01799499214744323
6490,S9,2,stress,2410.0,2415.0,0.9639574321001401,0.9739340290959226,0.04739267437105001
6491,S9,2,stress,2415.0,2420.0,0.9667967327721746,0.9940176724929439,0.0108769591037383
6492,S9,2,stress,2420.0,2425.0,0.9686140096854061,0.9896934381675939,0.018739203331647334
6493,S9,2,stress,2425.0,2430.0,0.9687859336491756,0.9919571100666742,0.014623436242410663
6494,S9,2,stress,2430.0,2435.0,0.955093405126974,0.96824618592949,0.05773420740092728
6495,S9,2,stress,2435.0,2440.0,0.9679690587446336,0.9923089376790071,0.013983749674532487
6496,S9,2,stress,2440.0,2445.0,1.0,0.9908127110309455,0.01670416176191728
6497,S9,2,stress,2445.0,2450.0,0.9870453660914463,0.9934409010984233,0.01192563436650315
6498,S9,2,stress,2450.0,2455.0,0.9783515681830418,0.9910100589588484,0.01634534734754856
6499,S9,2,stress,2455.0,2460.0,1.0,0.9851342588362575,0.027028620297713794
6500,S9,2,stress,2460.0,2465.0,1.0,0.989454953342835,0.01917281210393667
6501,S9,2,stress,2465.0,2470.0,0.9143977949631688,0.9942130054630784,0.010521808248948548
6502,S9,2,stress,2470.0,2475.0,1.0,0.9793948628782332,0.03746388567593978
6503,S9,2,stress,2475.0,2480.0,1.0,0.9758699280817489,0.043872858033184026
6504,S9,2,stress,2480.0,2485.0,0.9619446406577513,0.9893839213979168,0.019301961094696812
6505,S9,2,stress,2485.0,2490.0,0.9672941030550054,0.9819934850019543,0.03273911817826498
6506,S9,2,stress,2490.0,2495.0,1.0,0.985938369961509,0.025566600069983788
6507,S9,2,stress,2495.0,2500.0,0.9737473659723935,0.987488618546331,0.022747966279398277
6508,S9,2,stress,2500.0,2505.0,0.9677369626937364,0.990474975948674,0.01731822554786582
6509,S9,2,stress,2505.0,2510.0,0.9999283310684677,0.988522142159785,0.020868832436754668
6510,S9,2,stress,2510.0,2515.0,1.0,0.9836592819533279,0.02971039644849471
6511,S9,3,amusement,4060.0,4065.0,1.0,0.9774625024696888,0.04097726823692942
6512,S9,3,amusement,4065.0,4070.0,0.9733552215327836,0.9673953333869858,0.05928121202366248
6513,S9,3,amusement,4070.0,4075.0,0.9673288743598271,0.9688712553251542,0.05659771759062885
6514,S9,3,amusement,4075.0,4080.0,0.9703844378548263,0.9840338868155638,0.029029296698975002
6515,S9,3,amusement,4080.0,4085.0,1.0,0.9889193582818174,0.020146621305786688
6516,S9,3,amusement,4085.0,4090.0,0.9663111336336075,0.9684308716738996,0.05739841513836439
6517,S9,3,amusement,4090.0,4095.0,0.9650417015760585,0.9876130497260396,0.022521727770837226
6518,S9,3,amusement,4095.0,4100.0,0.9724185054647195,0.9736231094900827,0.0479579827453042
6519,S9,3,amusement,4100.0,4105.0,0.9693279705955969,0.9772551931394935,0.04135419429183005
6520,S9,3,amusement,4105.0,4110.0,0.9653941730252426,0.98867022625109,0.02059958863438205
6521,S9,3,amusement,4110.0,4115.0,0.9749751262442722,0.9834342261133575,0.030119588884804593
6522,S9,3,amusement,4115.0,4120.0,0.9682832425001965,0.993556200930394,0.0117159983083746
6523,S9,3,amusement,4120.0,4125.0,0.961002718836379,0.9614029794239201,0.07017640104741805
6524,S9,3,amusement,4125.0,4130.0,1.0,0.9385302123849355,0.11176325020920844
6525,S9,3,amusement,4130.0,4135.0,0.9678350374866164,0.9635735785353783,0.06622985720840327
6526,S9,3,amusement,4135.0,4140.0,0.9691654154041511,0.9789705668342696,0.03823533302860095
6527,S9,3,amusement,4140.0,4145.0,0.9750260111558584,0.9550629823866199,0.08170366838796367
6528,S9,3,amusement,4145.0,4150.0,0.9708428358364974,0.9729198248077151,0.04923668216779078
6529,S9,3,amusement,4150.0,4155.0,0.9700229609280244,0.9787490838368806,0.038638029387489704
6530,S9,3,amusement,4155.0,4160.0,0.9735286694816482,0.9771676377784566,0.041513385857351634
6531,S9,3,amusement,4160.0,4165.0,0.9749245593837785,0.96159594178332,0.06982556039396366
6532,S9,3,amusement,4165.0,4170.0,0.9715534999124333,0.988150410952731,0.021544707358671013
6533,S9,3,amusement,4170.0,4175.0,0.9676322178828141,0.9837090624308793,0.029619886489310514
6534,S9,3,amusement,4175.0,4180.0,1.0,0.9694861297475967,0.05547976409527881
6535,S9,3,amusement,4180.0,4185.0,1.0,0.988607768627568,0.020713147949876318
6536,S9,3,amusement,4185.0,4190.0,0.9685744142333156,0.9832783736499635,0.030402957000066372
6537,S9,3,amusement,4190.0,4195.0,0.9730799638662307,0.9892212232283084,0.019597775948530162
6538,S9,3,amusement,4195.0,4200.0,0.9691897390449341,0.9558808031116579,0.0802167216151676
6539,S9,3,amusement,4200.0,4205.0,0.9668689669555758,0.9589570101051834,0.0746236179905758
6540,S9,3,amusement,4205.0,4210.0,0.9724427162603976,0.9600604350006283,0.07261739090794862
6541,S9,3,amusement,4210.0,4215.0,0.9671364885058964,0.9585126145874254,0.07543160984104483
6542,S9,3,amusement,4215.0,4220.0,0.972281889906896,0.9626278819749581,0.06794930550007622
6543,S9,3,amusement,4220.0,4225.0,0.9620946563915964,0.9727644655395864,0.04951915356438866
6544,S9,3,amusement,4225.0,4230.0,0.9675409510324947,0.9560927049740984,0.07983144550163951
6545,S9,3,amusement,4230.0,4235.0,0.9664093168825802,0.9715987395015364,0.0516386554517521
6546,S9,3,amusement,4235.0,4240.0,0.975901576899669,0.980518524000231,0.03542086545412543
6547,S9,3,amusement,4240.0,4245.0,0.966980763264477,0.9507053898926929,0.08962656383146753
6548,S9,3,amusement,4245.0,4250.0,0.9754745703701483,0.9696289987422619,0.05522000228679667
6549,S9,3,amusement,4250.0,4255.0,0.9668785384607044,0.9422144528564409,0.10506463117010763
6550,S9,3,amusement,4255.0,4260.0,0.9703432558204081,0.9915906671856478,0.015289696026094828
6551,S9,3,amusement,4260.0,4265.0,0.9669242115327614,0.9663671077625922,0.06115071315892345
6552,S9,3,amusement,4265.0,4270.0,1.0,0.9660414080512554,0.06174289445226314
6553,S9,3,amusement,4270.0,4275.0,0.9740063786890948,0.9687395482662198,0.05683718497050955
6554,S9,3,amusement,4275.0,4280.0,1.0,0.9637452699586389,0.06591769098429306
6555,S9,3,amusement,4280.0,4285.0,0.9829058286686391,0.9282960182008759,0.1303708759984074
6556,S9,3,amusement,4285.0,4290.0,0.9663525033520209,0.9681844099417645,0.057846527378610006
6557,S9,3,amusement,4290.0,4295.0,0.9670693905377437,0.9649821737440831,0.0636687750107578
6558,S9,3,amusement,4295.0,4300.0,0.9679547930122318,0.9510686314049441,0.08896612471828368
6559,S9,3,amusement,4300.0,4305.0,0.9706655246955186,0.9674649419908399,0.05915465092574569
6560,S9,3,amusement,4305.0,4310.0,0.9659365959560742,0.9875388762946027,0.02265658855526791
6561,S9,3,amusement,4310.0,4315.0,0.9970147518801387,0.9519852527886388,0.08729954038429334
6562,S9,3,amusement,4315.0,4320.0,0.9946489437863736,0.9387718391125539,0.11132392888626574
6563,S9,3,amusement,4320.0,4325.0,0.9682693282865352,0.9607551148168958,0.07135433669655326
6564,S9,3,amusement,4325.0,4330.0,0.967250145958927,0.9598086148921046,0.07307524565071906
6565,S9,3,amusement,4330.0,4335.0,0.9699339241772099,0.9577367709115707,0.0768422347062352
6566,S9,3,amusement,4335.0,4340.0,0.9740818556988216,0.9440151815724311,0.10179057895921614
6567,S9,3,amusement,4340.0,4345.0,0.9710315031476835,0.9626079552067053,0.06798553598780885
6568,S9,3,amusement,4345.0,4350.0,0.9661938452131613,0.9734294538999304,0.0483100838183086
6569,S9,3,amusement,4350.0,4355.0,0.9644706021159668,0.9624404741621326,0.06829004697794072
6570,S9,3,amusement,4355.0,4360.0,0.9661665505236288,0.9438425318081751,0.10210448762149994
6571,S9,3,amusement,4360.0,4365.0,0.9724061597230708,0.9627634678429922,0.06770278574001441
6572,S9,3,amusement,4365.0,4370.0,0.9692112914262028,0.9422906881941459,0.10492602146518949
6573,S9,3,amusement,4370.0,4375.0,0.908,0.9448163019746789,0.10033399640967469
6574,S9,3,amusement,4375.0,4380.0,1.0,0.9858999983466739,0.025636366642411354
6575,S9,3,amusement,4380.0,4385.0,0.976849834281286,0.957727364373576,0.07685933750258915
6576,S9,3,amusement,4385.0,4390.0,0.9716977890055946,0.982155838363808,0.032443930247621953
6577,S9,3,amusement,4390.0,4395.0,0.9674628237194993,0.9596705107787575,0.07332634403862277
6578,S9,3,amusement,4395.0,4400.0,0.9682710429612944,0.9531946174772425,0.08510069549592288
6579,S9,3,amusement,4400.0,4405.0,0.9678226572602661,0.9601203914487269,0.07250837918413298
6580,S9,3,amusement,4405.0,4410.0,1.0,0.9618284697022759,0.06940278235949869
6581,S9,3,amusement,4410.0,4415.0,1.0,0.9611687231768844,0.07060232149657404
6582,S9,3,amusement,4415.0,4420.0,0.9723970708391445,0.9502609119179366,0.09043470560375189
6583,S9,3,amusement,4420.0,4425.0,0.9668914031046899,0.9933968006677867,0.012005816967660692
6584,S9,3,amusement,4425.0,4430.0,0.9692183903071228,0.9522953669479552,0.08673569645826336
