window_idx,subject_id,label,label_name,start_seconds,end_seconds
0,S10,1,baseline,95.0,100.0
1,S10,1,baseline,100.0,105.0
2,S10,1,baseline,105.0,110.0
3,S10,1,baseline,110.0,115.0
4,S10,1,baseline,115.0,120.0
5,S10,1,baseline,120.0,125.0
6,S10,1,baseline,125.0,130.0
7,S10,1,baseline,130.0,135.0
8,S10,1,baseline,135.0,140.0
9,S10,1,baseline,140.0,145.0
10,S10,1,baseline,145.0,150.0
11,S10,1,baseline,150.0,155.0
12,S10,1,baseline,155.0,160.0
13,S10,1,baseline,160.0,165.0
14,S10,1,baseline,165.0,170.0
15,S10,1,baseline,170.0,175.0
16,S10,1,baseline,175.0,180.0
17,S10,1,baseline,180.0,185.0
18,S10,1,baseline,185.0,190.0
19,S10,1,baseline,190.0,195.0
20,S10,1,baseline,195.0,200.0
21,S10,1,baseline,200.0,205.0
22,S10,1,baseline,205.0,210.0
23,S10,1,baseline,210.0,215.0
24,S10,1,baseline,215.0,220.0
25,S10,1,baseline,220.0,225.0
26,S10,1,baseline,225.0,230.0
27,S10,1,baseline,230.0,235.0
28,S10,1,baseline,235.0,240.0
29,S10,1,baseline,240.0,245.0
30,S10,1,baseline,245.0,250.0
31,S10,1,baseline,250.0,255.0
32,S10,1,baseline,255.0,260.0
33,S10,1,baseline,260.0,265.0
34,S10,1,baseline,265.0,270.0
35,S10,1,baseline,270.0,275.0
36,S10,1,baseline,275.0,280.0
37,S10,1,baseline,280.0,285.0
38,S10,1,baseline,285.0,290.0
39,S10,1,baseline,290.0,295.0
40,S10,1,baseline,295.0,300.0
41,S10,1,baseline,300.0,305.0
42,S10,1,baseline,305.0,310.0
43,S10,1,baseline,310.0,315.0
44,S10,1,baseline,315.0,320.0
45,S10,1,baseline,320.0,325.0
46,S10,1,baseline,325.0,330.0
47,S10,1,baseline,330.0,335.0
48,S10,1,baseline,335.0,340.0
49,S10,1,baseline,340.0,345.0
50,S10,1,baseline,345.0,350.0
51,S10,1,baseline,350.0,355.0
52,S10,1,baseline,355.0,360.0
53,S10,1,baseline,360.0,365.0
54,S10,1,baseline,365.0,370.0
55,S10,1,baseline,370.0,375.0
56,S10,1,baseline,375.0,380.0
57,S10,1,baseline,380.0,385.0
58,S10,1,baseline,385.0,390.0
59,S10,1,baseline,390.0,395.0
60,S10,1,baseline,395.0,400.0
61,S10,1,baseline,400.0,405.0
62,S10,1,baseline,405.0,410.0
63,S10,1,baseline,410.0,415.0
64,S10,1,baseline,415.0,420.0
65,S10,1,baseline,420.0,425.0
66,S10,1,baseline,425.0,430.0
67,S10,1,baseline,430.0,435.0
68,S10,1,baseline,435.0,440.0
69,S10,1,baseline,440.0,445.0
70,S10,1,baseline,445.0,450.0
71,S10,1,baseline,450.0,455.0
72,S10,1,baseline,455.0,460.0
73,S10,1,baseline,460.0,465.0
74,S10,1,baseline,465.0,470.0
75,S10,1,baseline,470.0,475.0
76,S10,1,baseline,475.0,480.0
77,S10,1,baseline,480.0,485.0
78,S10,1,baseline,485.0,490.0
79,S10,1,baseline,490.0,495.0
80,S10,1,baseline,495.0,500.0
81,S10,1,baseline,500.0,505.0
82,S10,1,baseline,505.0,510.0
83,S10,1,baseline,510.0,515.0
84,S10,1,baseline,515.0,520.0
85,S10,1,baseline,520.0,525.0
86,S10,1,baseline,525.0,530.0
87,S10,1,baseline,530.0,535.0
88,S10,1,baseline,535.0,540.0
89,S10,1,baseline,540.0,545.0
90,S10,1,baseline,545.0,550.0
91,S10,1,baseline,550.0,555.0
92,S10,1,baseline,555.0,560.0
93,S10,1,baseline,560.0,565.0
94,S10,1,baseline,565.0,570.0
95,S10,1,baseline,570.0,575.0
96,S10,1,baseline,575.0,580.0
97,S10,1,baseline,580.0,585.0
98,S10,1,baseline,585.0,590.0
99,S10,1,baseline,590.0,595.0
100,S10,1,baseline,595.0,600.0
101,S10,1,baseline,600.0,605.0
102,S10,1,baseline,605.0,610.0
103,S10,1,baseline,610.0,615.0
104,S10,1,baseline,615.0,620.0
105,S10,1,baseline,620.0,625.0
106,S10,1,baseline,625.0,630.0
107,S10,1,baseline,630.0,635.0
108,S10,1,baseline,635.0,640.0
109,S10,1,baseline,640.0,645.0
110,S10,1,baseline,645.0,650.0
111,S10,1,baseline,650.0,655.0
112,S10,1,baseline,655.0,660.0
113,S10,1,baseline,660.0,665.0
114,S10,1,baseline,665.0,670.0
115,S10,1,baseline,670.0,675.0
116,S10,1,baseline,675.0,680.0
117,S10,1,baseline,680.0,685.0
118,S10,1,baseline,685.0,690.0
119,S10,1,baseline,690.0,695.0
120,S10,1,baseline,695.0,700.0
121,S10,1,baseline,700.0,705.0
122,S10,1,baseline,705.0,710.0
123,S10,1,baseline,710.0,715.0
124,S10,1,baseline,715.0,720.0
125,S10,1,baseline,720.0,725.0
126,S10,1,baseline,725.0,730.0
127,S10,1,baseline,730.0,735.0
128,S10,1,baseline,735.0,740.0
129,S10,1,baseline,740.0,745.0
130,S10,1,baseline,745.0,750.0
131,S10,1,baseline,750.0,755.0
132,S10,1,baseline,755.0,760.0
133,S10,1,baseline,760.0,765.0
134,S10,1,baseline,765.0,770.0
135,S10,1,baseline,770.0,775.0
136,S10,1,baseline,775.0,780.0
137,S10,1,baseline,780.0,785.0
138,S10,1,baseline,785.0,790.0
139,S10,1,baseline,790.0,795.0
140,S10,1,baseline,795.0,800.0
141,S10,1,baseline,800.0,805.0
142,S10,1,baseline,805.0,810.0
143,S10,1,baseline,810.0,815.0
144,S10,1,baseline,815.0,820.0
145,S10,1,baseline,820.0,825.0
146,S10,1,baseline,825.0,830.0
147,S10,1,baseline,830.0,835.0
148,S10,1,baseline,835.0,840.0
149,S10,1,baseline,840.0,845.0
150,S10,1,baseline,845.0,850.0
151,S10,1,baseline,850.0,855.0
152,S10,1,baseline,855.0,860.0
153,S10,1,baseline,860.0,865.0
154,S10,1,baseline,865.0,870.0
155,S10,1,baseline,870.0,875.0
156,S10,1,baseline,875.0,880.0
157,S10,1,baseline,880.0,885.0
158,S10,1,baseline,885.0,890.0
159,S10,1,baseline,890.0,895.0
160,S10,1,baseline,895.0,900.0
161,S10,1,baseline,900.0,905.0
162,S10,1,baseline,905.0,910.0
163,S10,1,baseline,910.0,915.0
164,S10,1,baseline,915.0,920.0
165,S10,1,baseline,920.0,925.0
166,S10,1,baseline,925.0,930.0
167,S10,1,baseline,930.0,935.0
168,S10,1,baseline,935.0,940.0
169,S10,1,baseline,940.0,945.0
170,S10,1,baseline,945.0,950.0
171,S10,1,baseline,950.0,955.0
172,S10,1,baseline,955.0,960.0
173,S10,1,baseline,960.0,965.0
174,S10,1,baseline,965.0,970.0
175,S10,1,baseline,970.0,975.0
176,S10,1,baseline,975.0,980.0
177,S10,1,baseline,980.0,985.0
178,S10,1,baseline,985.0,990.0
179,S10,1,baseline,990.0,995.0
180,S10,1,baseline,995.0,1000.0
181,S10,1,baseline,1000.0,1005.0
182,S10,1,baseline,1005.0,1010.0
183,S10,1,baseline,1010.0,1015.0
184,S10,1,baseline,1015.0,1020.0
185,S10,1,baseline,1020.0,1025.0
186,S10,1,baseline,1025.0,1030.0
187,S10,1,baseline,1030.0,1035.0
188,S10,1,baseline,1035.0,1040.0
189,S10,1,baseline,1040.0,1045.0
190,S10,1,baseline,1045.0,1050.0
191,S10,1,baseline,1050.0,1055.0
192,S10,1,baseline,1055.0,1060.0
193,S10,1,baseline,1060.0,1065.0
194,S10,1,baseline,1065.0,1070.0
195,S10,1,baseline,1070.0,1075.0
196,S10,1,baseline,1075.0,1080.0
197,S10,1,baseline,1080.0,1085.0
198,S10,1,baseline,1085.0,1090.0
199,S10,1,baseline,1090.0,1095.0
200,S10,1,baseline,1095.0,1100.0
201,S10,1,baseline,1100.0,1105.0
202,S10,1,baseline,1105.0,1110.0
203,S10,1,baseline,1110.0,1115.0
204,S10,1,baseline,1115.0,1120.0
205,S10,1,baseline,1120.0,1125.0
206,S10,1,baseline,1125.0,1130.0
207,S10,1,baseline,1130.0,1135.0
208,S10,1,baseline,1135.0,1140.0
209,S10,1,baseline,1140.0,1145.0
210,S10,1,baseline,1145.0,1150.0
211,S10,1,baseline,1150.0,1155.0
212,S10,1,baseline,1155.0,1160.0
213,S10,1,baseline,1160.0,1165.0
214,S10,1,baseline,1165.0,1170.0
215,S10,1,baseline,1170.0,1175.0
216,S10,1,baseline,1175.0,1180.0
217,S10,1,baseline,1180.0,1185.0
218,S10,1,baseline,1185.0,1190.0
219,S10,1,baseline,1190.0,1195.0
220,S10,1,baseline,1195.0,1200.0
221,S10,1,baseline,1200.0,1205.0
222,S10,1,baseline,1205.0,1210.0
223,S10,1,baseline,1210.0,1215.0
224,S10,1,baseline,1215.0,1220.0
225,S10,1,baseline,1220.0,1225.0
226,S10,1,baseline,1225.0,1230.0
227,S10,1,baseline,1230.0,1235.0
228,S10,1,baseline,1235.0,1240.0
229,S10,1,baseline,1240.0,1245.0
230,S10,1,baseline,1245.0,1250.0
231,S10,1,baseline,1250.0,1255.0
232,S10,1,baseline,1255.0,1260.0
233,S10,1,baseline,1260.0,1265.0
234,S10,1,baseline,1265.0,1270.0
235,S10,3,amusement,1600.0,1605.0
236,S10,3,amusement,1605.0,1610.0
237,S10,3,amusement,1610.0,1615.0
238,S10,3,amusement,1615.0,1620.0
239,S10,3,amusement,1620.0,1625.0
240,S10,3,amusement,1625.0,1630.0
241,S10,3,amusement,1630.0,1635.0
242,S10,3,amusement,1635.0,1640.0
243,S10,3,amusement,1640.0,1645.0
244,S10,3,amusement,1645.0,1650.0
245,S10,3,amusement,1650.0,1655.0
246,S10,3,amusement,1655.0,1660.0
247,S10,3,amusement,1660.0,1665.0
248,S10,3,amusement,1665.0,1670.0
249,S10,3,amusement,1670.0,1675.0
250,S10,3,amusement,1675.0,1680.0
251,S10,3,amusement,1680.0,1685.0
252,S10,3,amusement,1685.0,1690.0
253,S10,3,amusement,1690.0,1695.0
254,S10,3,amusement,1695.0,1700.0
255,S10,3,amusement,1700.0,1705.0
256,S10,3,amusement,1705.0,1710.0
257,S10,3,amusement,1710.0,1715.0
258,S10,3,amusement,1715.0,1720.0
259,S10,3,amusement,1720.0,1725.0
260,S10,3,amusement,1725.0,1730.0
261,S10,3,amusement,1730.0,1735.0
262,S10,3,amusement,1735.0,1740.0
263,S10,3,amusement,1740.0,1745.0
264,S10,3,amusement,1745.0,1750.0
265,S10,3,amusement,1750.0,1755.0
266,S10,3,amusement,1755.0,1760.0
267,S10,3,amusement,1760.0,1765.0
268,S10,3,amusement,1765.0,1770.0
269,S10,3,amusement,1770.0,1775.0
270,S10,3,amusement,1775.0,1780.0
271,S10,3,amusement,1780.0,1785.0
272,S10,3,amusement,1785.0,1790.0
273,S10,3,amusement,1790.0,1795.0
274,S10,3,amusement,1795.0,1800.0
275,S10,3,amusement,1800.0,1805.0
276,S10,3,amusement,1805.0,1810.0
277,S10,3,amusement,1810.0,1815.0
278,S10,3,amusement,1815.0,1820.0
279,S10,3,amusement,1820.0,1825.0
280,S10,3,amusement,1825.0,1830.0
281,S10,3,amusement,1830.0,1835.0
282,S10,3,amusement,1835.0,1840.0
283,S10,3,amusement,1840.0,1845.0
284,S10,3,amusement,1845.0,1850.0
285,S10,3,amusement,1850.0,1855.0
286,S10,3,amusement,1855.0,1860.0
287,S10,3,amusement,1860.0,1865.0
288,S10,3,amusement,1865.0,1870.0
289,S10,3,amusement,1870.0,1875.0
290,S10,3,amusement,1875.0,1880.0
291,S10,3,amusement,1880.0,1885.0
292,S10,3,amusement,1885.0,1890.0
293,S10,3,amusement,1890.0,1895.0
294,S10,3,amusement,1895.0,1900.0
295,S10,3,amusement,1900.0,1905.0
296,S10,3,amusement,1905.0,1910.0
297,S10,3,amusement,1910.0,1915.0
298,S10,3,amusement,1915.0,1920.0
299,S10,3,amusement,1920.0,1925.0
300,S10,3,amusement,1925.0,1930.0
301,S10,3,amusement,1930.0,1935.0
302,S10,3,amusement,1935.0,1940.0
303,S10,3,amusement,1940.0,1945.0
304,S10,3,amusement,1945.0,1950.0
305,S10,3,amusement,1950.0,1955.0
306,S10,3,amusement,1955.0,1960.0
307,S10,3,amusement,1960.0,1965.0
308,S10,2,stress,3195.0,3200.0
309,S10,2,stress,3200.0,3205.0
310,S10,2,stress,3205.0,3210.0
311,S10,2,stress,3210.0,3215.0
312,S10,2,stress,3215.0,3220.0
313,S10,2,stress,3220.0,3225.0
314,S10,2,stress,3225.0,3230.0
315,S10,2,stress,3230.0,3235.0
316,S10,2,stress,3235.0,3240.0
317,S10,2,stress,3240.0,3245.0
318,S10,2,stress,3245.0,3250.0
319,S10,2,stress,3250.0,3255.0
320,S10,2,stress,3255.0,3260.0
321,S10,2,stress,3260.0,3265.0
322,S10,2,stress,3265.0,3270.0
323,S10,2,stress,3270.0,3275.0
324,S10,2,stress,3275.0,3280.0
325,S10,2,stress,3280.0,3285.0
326,S10,2,stress,3285.0,3290.0
327,S10,2,stress,3290.0,3295.0
328,S10,2,stress,3295.0,3300.0
329,S10,2,stress,3300.0,3305.0
330,S10,2,stress,3305.0,3310.0
331,S10,2,stress,3310.0,3315.0
332,S10,2,stress,3315.0,3320.0
333,S10,2,stress,3320.0,3325.0
334,S10,2,stress,3325.0,3330.0
335,S10,2,stress,3330.0,3335.0
336,S10,2,stress,3335.0,3340.0
337,S10,2,stress,3340.0,3345.0
338,S10,2,stress,3345.0,3350.0
339,S10,2,stress,3350.0,3355.0
340,S10,2,stress,3355.0,3360.0
341,S10,2,stress,3360.0,3365.0
342,S10,2,stress,3365.0,3370.0
343,S10,2,stress,3370.0,3375.0
344,S10,2,stress,3375.0,3380.0
345,S10,2,stress,3380.0,3385.0
346,S10,2,stress,3385.0,3390.0
347,S10,2,stress,3390.0,3395.0
348,S10,2,stress,3395.0,3400.0
349,S10,2,stress,3400.0,3405.0
350,S10,2,stress,3405.0,3410.0
351,S10,2,stress,3410.0,3415.0
352,S10,2,stress,3415.0,3420.0
353,S10,2,stress,3420.0,3425.0
354,S10,2,stress,3425.0,3430.0
355,S10,2,stress,3430.0,3435.0
356,S10,2,stress,3435.0,3440.0
357,S10,2,stress,3440.0,3445.0
358,S10,2,stress,3445.0,3450.0
359,S10,2,stress,3450.0,3455.0
360,S10,2,stress,3455.0,3460.0
361,S10,2,stress,3460.0,3465.0
362,S10,2,stress,3465.0,3470.0
363,S10,2,stress,3470.0,3475.0
364,S10,2,stress,3475.0,3480.0
365,S10,2,stress,3480.0,3485.0
366,S10,2,stress,3485.0,3490.0
367,S10,2,stress,3490.0,3495.0
368,S10,2,stress,3495.0,3500.0
369,S10,2,stress,3500.0,3505.0
370,S10,2,stress,3505.0,3510.0
371,S10,2,stress,3510.0,3515.0
372,S10,2,stress,3515.0,3520.0
373,S10,2,stress,3520.0,3525.0
374,S10,2,stress,3525.0,3530.0
375,S10,2,stress,3530.0,3535.0
376,S10,2,stress,3535.0,3540.0
377,S10,2,stress,3540.0,3545.0
378,S10,2,stress,3545.0,3550.0
379,S10,2,stress,3550.0,3555.0
380,S10,2,stress,3555.0,3560.0
381,S10,2,stress,3560.0,3565.0
382,S10,2,stress,3565.0,3570.0
383,S10,2,stress,3570.0,3575.0
384,S10,2,stress,3575.0,3580.0
385,S10,2,stress,3580.0,3585.0
386,S10,2,stress,3585.0,3590.0
387,S10,2,stress,3590.0,3595.0
388,S10,2,stress,3595.0,3600.0
389,S10,2,stress,3600.0,3605.0
390,S10,2,stress,3605.0,3610.0
391,S10,2,stress,3610.0,3615.0
392,S10,2,stress,3615.0,3620.0
393,S10,2,stress,3620.0,3625.0
394,S10,2,stress,3625.0,3630.0
395,S10,2,stress,3630.0,3635.0
396,S10,2,stress,3635.0,3640.0
397,S10,2,stress,3640.0,3645.0
398,S10,2,stress,3645.0,3650.0
399,S10,2,stress,3650.0,3655.0
400,S10,2,stress,3655.0,3660.0
401,S10,2,stress,3660.0,3665.0
402,S10,2,stress,3665.0,3670.0
403,S10,2,stress,3670.0,3675.0
404,S10,2,stress,3675.0,3680.0
405,S10,2,stress,3680.0,3685.0
406,S10,2,stress,3685.0,3690.0
407,S10,2,stress,3690.0,3695.0
408,S10,2,stress,3695.0,3700.0
409,S10,2,stress,3700.0,3705.0
410,S10,2,stress,3705.0,3710.0
411,S10,2,stress,3710.0,3715.0
412,S10,2,stress,3715.0,3720.0
413,S10,2,stress,3720.0,3725.0
414,S10,2,stress,3725.0,3730.0
415,S10,2,stress,3730.0,3735.0
416,S10,2,stress,3735.0,3740.0
417,S10,2,stress,3740.0,3745.0
418,S10,2,stress,3745.0,3750.0
419,S10,2,stress,3750.0,3755.0
420,S10,2,stress,3755.0,3760.0
421,S10,2,stress,3760.0,3765.0
422,S10,2,stress,3765.0,3770.0
423,S10,2,stress,3770.0,3775.0
424,S10,2,stress,3775.0,3780.0
425,S10,2,stress,3780.0,3785.0
426,S10,2,stress,3785.0,3790.0
427,S10,2,stress,3790.0,3795.0
428,S10,2,stress,3795.0,3800.0
429,S10,2,stress,3800.0,3805.0
430,S10,2,stress,3805.0,3810.0
431,S10,2,stress,3810.0,3815.0
432,S10,2,stress,3815.0,3820.0
433,S10,2,stress,3820.0,3825.0
434,S10,2,stress,3825.0,3830.0
435,S10,2,stress,3830.0,3835.0
436,S10,2,stress,3835.0,3840.0
437,S10,2,stress,3840.0,3845.0
438,S10,2,stress,3845.0,3850.0
439,S10,2,stress,3850.0,3855.0
440,S10,2,stress,3855.0,3860.0
441,S10,2,stress,3860.0,3865.0
442,S10,2,stress,3865.0,3870.0
443,S10,2,stress,3870.0,3875.0
444,S10,2,stress,3875.0,3880.0
445,S10,2,stress,3880.0,3885.0
446,S10,2,stress,3885.0,3890.0
447,S10,2,stress,3890.0,3895.0
448,S10,2,stress,3895.0,3900.0
449,S10,2,stress,3900.0,3905.0
450,S10,2,stress,3905.0,3910.0
451,S10,2,stress,3910.0,3915.0
452,S11,1,baseline,90.0,95.0
453,S11,1,baseline,95.0,100.0
454,S11,1,baseline,100.0,105.0
455,S11,1,baseline,105.0,110.0
456,S11,1,baseline,110.0,115.0
457,S11,1,baseline,115.0,120.0
458,S11,1,baseline,120.0,125.0
459,S11,1,baseline,125.0,130.0
460,S11,1,baseline,130.0,135.0
461,S11,1,baseline,135.0,140.0
462,S11,1,baseline,140.0,145.0
463,S11,1,baseline,145.0,150.0
464,S11,1,baseline,150.0,155.0
465,S11,1,baseline,155.0,160.0
466,S11,1,baseline,160.0,165.0
467,S11,1,baseline,165.0,170.0
468,S11,1,baseline,170.0,175.0
469,S11,1,baseline,175.0,180.0
470,S11,1,baseline,180.0,185.0
471,S11,1,baseline,185.0,190.0
472,S11,1,baseline,190.0,195.0
473,S11,1,baseline,195.0,200.0
474,S11,1,baseline,200.0,205.0
475,S11,1,baseline,205.0,210.0
476,S11,1,baseline,210.0,215.0
477,S11,1,baseline,215.0,220.0
478,S11,1,baseline,220.0,225.0
479,S11,1,baseline,225.0,230.0
480,S11,1,baseline,230.0,235.0
481,S11,1,baseline,235.0,240.0
482,S11,1,baseline,240.0,245.0
483,S11,1,baseline,245.0,250.0
484,S11,1,baseline,250.0,255.0
485,S11,1,baseline,255.0,260.0
486,S11,1,baseline,260.0,265.0
487,S11,1,baseline,265.0,270.0
488,S11,1,baseline,270.0,275.0
489,S11,1,baseline,275.0,280.0
490,S11,1,baseline,280.0,285.0
491,S11,1,baseline,285.0,290.0
492,S11,1,baseline,290.0,295.0
493,S11,1,baseline,295.0,300.0
494,S11,1,baseline,300.0,305.0
495,S11,1,baseline,305.0,310.0
496,S11,1,baseline,310.0,315.0
497,S11,1,baseline,315.0,320.0
498,S11,1,baseline,320.0,325.0
499,S11,1,baseline,325.0,330.0
500,S11,1,baseline,330.0,335.0
501,S11,1,baseline,335.0,340.0
502,S11,1,baseline,340.0,345.0
503,S11,1,baseline,345.0,350.0
504,S11,1,baseline,350.0,355.0
505,S11,1,baseline,355.0,360.0
506,S11,1,baseline,360.0,365.0
507,S11,1,baseline,365.0,370.0
508,S11,1,baseline,370.0,375.0
509,S11,1,baseline,375.0,380.0
510,S11,1,baseline,380.0,385.0
511,S11,1,baseline,385.0,390.0
512,S11,1,baseline,390.0,395.0
513,S11,1,baseline,395.0,400.0
514,S11,1,baseline,400.0,405.0
515,S11,1,baseline,405.0,410.0
516,S11,1,baseline,410.0,415.0
517,S11,1,baseline,415.0,420.0
518,S11,1,baseline,420.0,425.0
519,S11,1,baseline,425.0,430.0
520,S11,1,baseline,430.0,435.0
521,S11,1,baseline,435.0,440.0
522,S11,1,baseline,440.0,445.0
523,S11,1,baseline,445.0,450.0
524,S11,1,baseline,450.0,455.0
525,S11,1,baseline,455.0,460.0
526,S11,1,baseline,460.0,465.0
527,S11,1,baseline,465.0,470.0
528,S11,1,baseline,470.0,475.0
529,S11,1,baseline,475.0,480.0
530,S11,1,baseline,480.0,485.0
531,S11,1,baseline,485.0,490.0
532,S11,1,baseline,490.0,495.0
533,S11,1,baseline,495.0,500.0
534,S11,1,baseline,500.0,505.0
535,S11,1,baseline,505.0,510.0
536,S11,1,baseline,510.0,515.0
537,S11,1,baseline,515.0,520.0
538,S11,1,baseline,520.0,525.0
539,S11,1,baseline,525.0,530.0
540,S11,1,baseline,530.0,535.0
541,S11,1,baseline,535.0,540.0
542,S11,1,baseline,540.0,545.0
543,S11,1,baseline,545.0,550.0
544,S11,1,baseline,550.0,555.0
545,S11,1,baseline,555.0,560.0
546,S11,1,baseline,560.0,565.0
547,S11,1,baseline,565.0,570.0
548,S11,1,baseline,570.0,575.0
549,S11,1,baseline,575.0,580.0
550,S11,1,baseline,580.0,585.0
551,S11,1,baseline,585.0,590.0
552,S11,1,baseline,590.0,595.0
553,S11,1,baseline,595.0,600.0
554,S11,1,baseline,600.0,605.0
555,S11,1,baseline,605.0,610.0
556,S11,1,baseline,610.0,615.0
557,S11,1,baseline,615.0,620.0
558,S11,1,baseline,620.0,625.0
559,S11,1,baseline,625.0,630.0
560,S11,1,baseline,630.0,635.0
561,S11,1,baseline,635.0,640.0
562,S11,1,baseline,640.0,645.0
563,S11,1,baseline,645.0,650.0
564,S11,1,baseline,650.0,655.0
565,S11,1,baseline,655.0,660.0
566,S11,1,baseline,660.0,665.0
567,S11,1,baseline,665.0,670.0
568,S11,1,baseline,670.0,675.0
569,S11,1,baseline,675.0,680.0
570,S11,1,baseline,680.0,685.0
571,S11,1,baseline,685.0,690.0
572,S11,1,baseline,690.0,695.0
573,S11,1,baseline,695.0,700.0
574,S11,1,baseline,700.0,705.0
575,S11,1,baseline,705.0,710.0
576,S11,1,baseline,710.0,715.0
577,S11,1,baseline,715.0,720.0
578,S11,1,baseline,720.0,725.0
579,S11,1,baseline,725.0,730.0
580,S11,1,baseline,730.0,735.0
581,S11,1,baseline,735.0,740.0
582,S11,1,baseline,740.0,745.0
583,S11,1,baseline,745.0,750.0
584,S11,1,baseline,750.0,755.0
585,S11,1,baseline,755.0,760.0
586,S11,1,baseline,760.0,765.0
587,S11,1,baseline,765.0,770.0
588,S11,1,baseline,770.0,775.0
589,S11,1,baseline,775.0,780.0
590,S11,1,baseline,780.0,785.0
591,S11,1,baseline,785.0,790.0
592,S11,1,baseline,790.0,795.0
593,S11,1,baseline,795.0,800.0
594,S11,1,baseline,800.0,805.0
595,S11,1,baseline,805.0,810.0
596,S11,1,baseline,810.0,815.0
597,S11,1,baseline,815.0,820.0
598,S11,1,baseline,820.0,825.0
599,S11,1,baseline,825.0,830.0
600,S11,1,baseline,830.0,835.0
601,S11,1,baseline,835.0,840.0
602,S11,1,baseline,840.0,845.0
603,S11,1,baseline,845.0,850.0
604,S11,1,baseline,850.0,855.0
605,S11,1,baseline,855.0,860.0
606,S11,1,baseline,860.0,865.0
607,S11,1,baseline,865.0,870.0
608,S11,1,baseline,870.0,875.0
609,S11,1,baseline,875.0,880.0
610,S11,1,baseline,880.0,885.0
611,S11,1,baseline,885.0,890.0
612,S11,1,baseline,890.0,895.0
613,S11,1,baseline,895.0,900.0
614,S11,1,baseline,900.0,905.0
615,S11,1,baseline,905.0,910.0
616,S11,1,baseline,910.0,915.0
617,S11,1,baseline,915.0,920.0
618,S11,1,baseline,920.0,925.0
619,S11,1,baseline,925.0,930.0
620,S11,1,baseline,930.0,935.0
621,S11,1,baseline,935.0,940.0
622,S11,1,baseline,940.0,945.0
623,S11,1,baseline,945.0,950.0
624,S11,1,baseline,950.0,955.0
625,S11,1,baseline,955.0,960.0
626,S11,1,baseline,960.0,965.0
627,S11,1,baseline,965.0,970.0
628,S11,1,baseline,970.0,975.0
629,S11,1,baseline,975.0,980.0
630,S11,1,baseline,980.0,985.0
631,S11,1,baseline,985.0,990.0
632,S11,1,baseline,990.0,995.0
633,S11,1,baseline,995.0,1000.0
634,S11,1,baseline,1000.0,1005.0
635,S11,1,baseline,1005.0,1010.0
636,S11,1,baseline,1010.0,1015.0
637,S11,1,baseline,1015.0,1020.0
638,S11,1,baseline,1020.0,1025.0
639,S11,1,baseline,1025.0,1030.0
640,S11,1,baseline,1030.0,1035.0
641,S11,1,baseline,1035.0,1040.0
642,S11,1,baseline,1040.0,1045.0
643,S11,1,baseline,1045.0,1050.0
644,S11,1,baseline,1050.0,1055.0
645,S11,1,baseline,1055.0,1060.0
646,S11,1,baseline,1060.0,1065.0
647,S11,1,baseline,1065.0,1070.0
648,S11,1,baseline,1070.0,1075.0
649,S11,1,baseline,1075.0,1080.0
650,S11,1,baseline,1080.0,1085.0
651,S11,1,baseline,1085.0,1090.0
652,S11,1,baseline,1090.0,1095.0
653,S11,1,baseline,1095.0,1100.0
654,S11,1,baseline,1100.0,1105.0
655,S11,1,baseline,1105.0,1110.0
656,S11,1,baseline,1110.0,1115.0
657,S11,1,baseline,1115.0,1120.0
658,S11,1,baseline,1120.0,1125.0
659,S11,1,baseline,1125.0,1130.0
660,S11,1,baseline,1130.0,1135.0
661,S11,1,baseline,1135.0,1140.0
662,S11,1,baseline,1140.0,1145.0
663,S11,1,baseline,1145.0,1150.0
664,S11,1,baseline,1150.0,1155.0
665,S11,1,baseline,1155.0,1160.0
666,S11,1,baseline,1160.0,1165.0
667,S11,1,baseline,1165.0,1170.0
668,S11,1,baseline,1170.0,1175.0
669,S11,1,baseline,1175.0,1180.0
670,S11,1,baseline,1180.0,1185.0
671,S11,1,baseline,1185.0,1190.0
672,S11,1,baseline,1190.0,1195.0
673,S11,1,baseline,1195.0,1200.0
674,S11,1,baseline,1200.0,1205.0
675,S11,1,baseline,1205.0,1210.0
676,S11,1,baseline,1210.0,1215.0
677,S11,1,baseline,1215.0,1220.0
678,S11,1,baseline,1220.0,1225.0
679,S11,1,baseline,1225.0,1230.0
680,S11,1,baseline,1230.0,1235.0
681,S11,1,baseline,1235.0,1240.0
682,S11,1,baseline,1240.0,1245.0
683,S11,1,baseline,1245.0,1250.0
684,S11,1,baseline,1250.0,1255.0
685,S11,1,baseline,1255.0,1260.0
686,S11,1,baseline,1260.0,1265.0
687,S11,2,stress,1910.0,1915.0
688,S11,2,stress,1915.0,1920.0
689,S11,2,stress,1920.0,1925.0
690,S11,2,stress,1925.0,1930.0
691,S11,2,stress,1930.0,1935.0
692,S11,2,stress,1935.0,1940.0
693,S11,2,stress,1940.0,1945.0
694,S11,2,stress,1945.0,1950.0
695,S11,2,stress,1950.0,1955.0
696,S11,2,stress,1955.0,1960.0
697,S11,2,stress,1960.0,1965.0
698,S11,2,stress,1965.0,1970.0
699,S11,2,stress,1970.0,1975.0
700,S11,2,stress,1975.0,1980.0
701,S11,2,stress,1980.0,1985.0
702,S11,2,stress,1985.0,1990.0
703,S11,2,stress,1990.0,1995.0
704,S11,2,stress,1995.0,2000.0
705,S11,2,stress,2000.0,2005.0
706,S11,2,stress,2005.0,2010.0
707,S11,2,stress,2010.0,2015.0
708,S11,2,stress,2015.0,2020.0
709,S11,2,stress,2020.0,2025.0
710,S11,2,stress,2025.0,2030.0
711,S11,2,stress,2030.0,2035.0
712,S11,2,stress,2035.0,2040.0
713,S11,2,stress,2040.0,2045.0
714,S11,2,stress,2045.0,2050.0
715,S11,2,stress,2050.0,2055.0
716,S11,2,stress,2055.0,2060.0
717,S11,2,stress,2060.0,2065.0
718,S11,2,stress,2065.0,2070.0
719,S11,2,stress,2070.0,2075.0
720,S11,2,stress,2075.0,2080.0
721,S11,2,stress,2080.0,2085.0
722,S11,2,stress,2085.0,2090.0
723,S11,2,stress,2090.0,2095.0
724,S11,2,stress,2095.0,2100.0
725,S11,2,stress,2100.0,2105.0
726,S11,2,stress,2105.0,2110.0
727,S11,2,stress,2110.0,2115.0
728,S11,2,stress,2115.0,2120.0
729,S11,2,stress,2120.0,2125.0
730,S11,2,stress,2125.0,2130.0
731,S11,2,stress,2130.0,2135.0
732,S11,2,stress,2135.0,2140.0
733,S11,2,stress,2140.0,2145.0
734,S11,2,stress,2145.0,2150.0
735,S11,2,stress,2150.0,2155.0
736,S11,2,stress,2155.0,2160.0
737,S11,2,stress,2160.0,2165.0
738,S11,2,stress,2165.0,2170.0
739,S11,2,stress,2170.0,2175.0
740,S11,2,stress,2175.0,2180.0
741,S11,2,stress,2180.0,2185.0
742,S11,2,stress,2185.0,2190.0
743,S11,2,stress,2190.0,2195.0
744,S11,2,stress,2195.0,2200.0
745,S11,2,stress,2200.0,2205.0
746,S11,2,stress,2205.0,2210.0
747,S11,2,stress,2210.0,2215.0
748,S11,2,stress,2215.0,2220.0
749,S11,2,stress,2220.0,2225.0
750,S11,2,stress,2225.0,2230.0
751,S11,2,stress,2230.0,2235.0
752,S11,2,stress,2235.0,2240.0
753,S11,2,stress,2240.0,2245.0
754,S11,2,stress,2245.0,2250.0
755,S11,2,stress,2250.0,2255.0
756,S11,2,stress,2255.0,2260.0
757,S11,2,stress,2260.0,2265.0
758,S11,2,stress,2265.0,2270.0
759,S11,2,stress,2270.0,2275.0
760,S11,2,stress,2275.0,2280.0
761,S11,2,stress,2280.0,2285.0
762,S11,2,stress,2285.0,2290.0
763,S11,2,stress,2290.0,2295.0
764,S11,2,stress,2295.0,2300.0
765,S11,2,stress,2300.0,2305.0
766,S11,2,stress,2305.0,2310.0
767,S11,2,stress,2310.0,2315.0
768,S11,2,stress,2315.0,2320.0
769,S11,2,stress,2320.0,2325.0
770,S11,2,stress,2325.0,2330.0
771,S11,2,stress,2330.0,2335.0
772,S11,2,stress,2335.0,2340.0
773,S11,2,stress,2340.0,2345.0
774,S11,2,stress,2345.0,2350.0
775,S11,2,stress,2350.0,2355.0
776,S11,2,stress,2355.0,2360.0
777,S11,2,stress,2360.0,2365.0
778,S11,2,stress,2365.0,2370.0
779,S11,2,stress,2370.0,2375.0
780,S11,2,stress,2375.0,2380.0
781,S11,2,stress,2380.0,2385.0
782,S11,2,stress,2385.0,2390.0
783,S11,2,stress,2390.0,2395.0
784,S11,2,stress,2395.0,2400.0
785,S11,2,stress,2400.0,2405.0
786,S11,2,stress,2405.0,2410.0
787,S11,2,stress,2410.0,2415.0
788,S11,2,stress,2415.0,2420.0
789,S11,2,stress,2420.0,2425.0
790,S11,2,stress,2425.0,2430.0
791,S11,2,stress,2430.0,2435.0
792,S11,2,stress,2435.0,2440.0
793,S11,2,stress,2440.0,2445.0
794,S11,2,stress,2445.0,2450.0
795,S11,2,stress,2450.0,2455.0
796,S11,2,stress,2455.0,2460.0
797,S11,2,stress,2460.0,2465.0
798,S11,2,stress,2465.0,2470.0
799,S11,2,stress,2470.0,2475.0
800,S11,2,stress,2475.0,2480.0
801,S11,2,stress,2480.0,2485.0
802,S11,2,stress,2485.0,2490.0
803,S11,2,stress,2490.0,2495.0
804,S11,2,stress,2495.0,2500.0
805,S11,2,stress,2500.0,2505.0
806,S11,2,stress,2505.0,2510.0
807,S11,2,stress,2510.0,2515.0
808,S11,2,stress,2515.0,2520.0
809,S11,2,stress,2520.0,2525.0
810,S11,2,stress,2525.0,2530.0
811,S11,2,stress,2530.0,2535.0
812,S11,2,stress,2535.0,2540.0
813,S11,2,stress,2540.0,2545.0
814,S11,2,stress,2545.0,2550.0
815,S11,2,stress,2550.0,2555.0
816,S11,2,stress,2555.0,2560.0
817,S11,2,stress,2560.0,2565.0
818,S11,2,stress,2565.0,2570.0
819,S11,2,stress,2570.0,2575.0
820,S11,2,stress,2575.0,2580.0
821,S11,2,stress,2580.0,2585.0
822,S11,3,amusement,4110.0,4115.0
823,S11,3,amusement,4115.0,4120.0
824,S11,3,amusement,4120.0,4125.0
825,S11,3,amusement,4125.0,4130.0
826,S11,3,amusement,4130.0,4135.0
827,S11,3,amusement,4135.0,4140.0
828,S11,3,amusement,4140.0,4145.0
829,S11,3,amusement,4145.0,4150.0
830,S11,3,amusement,4150.0,4155.0
831,S11,3,amusement,4155.0,4160.0
832,S11,3,amusement,4160.0,4165.0
833,S11,3,amusement,4165.0,4170.0
834,S11,3,amusement,4170.0,4175.0
835,S11,3,amusement,4175.0,4180.0
836,S11,3,amusement,4180.0,4185.0
837,S11,3,amusement,4185.0,4190.0
838,S11,3,amusement,4190.0,4195.0
839,S11,3,amusement,4195.0,4200.0
840,S11,3,amusement,4200.0,4205.0
841,S11,3,amusement,4205.0,4210.0
842,S11,3,amusement,4210.0,4215.0
843,S11,3,amusement,4215.0,4220.0
844,S11,3,amusement,4220.0,4225.0
845,S11,3,amusement,4225.0,4230.0
846,S11,3,amusement,4230.0,4235.0
847,S11,3,amusement,4235.0,4240.0
848,S11,3,amusement,4240.0,4245.0
849,S11,3,amusement,4245.0,4250.0
850,S11,3,amusement,4250.0,4255.0
851,S11,3,amusement,4255.0,4260.0
852,S11,3,amusement,4260.0,4265.0
853,S11,3,amusement,4265.0,4270.0
854,S11,3,amusement,4270.0,4275.0
855,S11,3,amusement,4275.0,4280.0
856,S11,3,amusement,4280.0,4285.0
857,S11,3,amusement,4285.0,4290.0
858,S11,3,amusement,4290.0,4295.0
859,S11,3,amusement,4295.0,4300.0
860,S11,3,amusement,4300.0,4305.0
861,S11,3,amusement,4305.0,4310.0
862,S11,3,amusement,4310.0,4315.0
863,S11,3,amusement,4315.0,4320.0
864,S11,3,amusement,4320.0,4325.0
865,S11,3,amusement,4325.0,4330.0
866,S11,3,amusement,4330.0,4335.0
867,S11,3,amusement,4335.0,4340.0
868,S11,3,amusement,4340.0,4345.0
869,S11,3,amusement,4345.0,4350.0
870,S11,3,amusement,4350.0,4355.0
871,S11,3,amusement,4355.0,4360.0
872,S11,3,amusement,4360.0,4365.0
873,S11,3,amusement,4365.0,4370.0
874,S11,3,amusement,4370.0,4375.0
875,S11,3,amusement,4375.0,4380.0
876,S11,3,amusement,4380.0,4385.0
877,S11,3,amusement,4385.0,4390.0
878,S11,3,amusement,4390.0,4395.0
879,S11,3,amusement,4395.0,4400.0
880,S11,3,amusement,4400.0,4405.0
881,S11,3,amusement,4405.0,4410.0
882,S11,3,amusement,4410.0,4415.0
883,S11,3,amusement,4415.0,4420.0
884,S11,3,amusement,4420.0,4425.0
885,S11,3,amusement,4425.0,4430.0
886,S11,3,amusement,4430.0,4435.0
887,S11,3,amusement,4435.0,4440.0
888,S11,3,amusement,4440.0,4445.0
889,S11,3,amusement,4445.0,4450.0
890,S11,3,amusement,4450.0,4455.0
891,S11,3,amusement,4455.0,4460.0
892,S11,3,amusement,4460.0,4465.0
893,S11,3,amusement,4465.0,4470.0
894,S11,3,amusement,4470.0,4475.0
895,S13,1,baseline,90.0,95.0
896,S13,1,baseline,95.0,100.0
897,S13,1,baseline,100.0,105.0
898,S13,1,baseline,105.0,110.0
899,S13,1,baseline,110.0,115.0
900,S13,1,baseline,115.0,120.0
901,S13,1,baseline,120.0,125.0
902,S13,1,baseline,125.0,130.0
903,S13,1,baseline,130.0,135.0
904,S13,1,baseline,135.0,140.0
905,S13,1,baseline,140.0,145.0
906,S13,1,baseline,145.0,150.0
907,S13,1,baseline,150.0,155.0
908,S13,1,baseline,155.0,160.0
909,S13,1,baseline,160.0,165.0
910,S13,1,baseline,165.0,170.0
911,S13,1,baseline,170.0,175.0
912,S13,1,baseline,175.0,180.0
913,S13,1,baseline,180.0,185.0
914,S13,1,baseline,185.0,190.0
915,S13,1,baseline,190.0,195.0
916,S13,1,baseline,195.0,200.0
917,S13,1,baseline,200.0,205.0
918,S13,1,baseline,205.0,210.0
919,S13,1,baseline,210.0,215.0
920,S13,1,baseline,215.0,220.0
921,S13,1,baseline,220.0,225.0
922,S13,1,baseline,225.0,230.0
923,S13,1,baseline,230.0,235.0
924,S13,1,baseline,235.0,240.0
925,S13,1,baseline,240.0,245.0
926,S13,1,baseline,245.0,250.0
927,S13,1,baseline,250.0,255.0
928,S13,1,baseline,255.0,260.0
929,S13,1,baseline,260.0,265.0
930,S13,1,baseline,265.0,270.0
931,S13,1,baseline,270.0,275.0
932,S13,1,baseline,275.0,280.0
933,S13,1,baseline,280.0,285.0
934,S13,1,baseline,285.0,290.0
935,S13,1,baseline,290.0,295.0
936,S13,1,baseline,295.0,300.0
937,S13,1,baseline,300.0,305.0
938,S13,1,baseline,305.0,310.0
939,S13,1,baseline,310.0,315.0
940,S13,1,baseline,315.0,320.0
941,S13,1,baseline,320.0,325.0
942,S13,1,baseline,325.0,330.0
943,S13,1,baseline,330.0,335.0
944,S13,1,baseline,335.0,340.0
945,S13,1,baseline,340.0,345.0
946,S13,1,baseline,345.0,350.0
947,S13,1,baseline,350.0,355.0
948,S13,1,baseline,355.0,360.0
949,S13,1,baseline,360.0,365.0
950,S13,1,baseline,365.0,370.0
951,S13,1,baseline,370.0,375.0
952,S13,1,baseline,375.0,380.0
953,S13,1,baseline,380.0,385.0
954,S13,1,baseline,385.0,390.0
955,S13,1,baseline,390.0,395.0
956,S13,1,baseline,395.0,400.0
957,S13,1,baseline,400.0,405.0
958,S13,1,baseline,405.0,410.0
959,S13,1,baseline,410.0,415.0
960,S13,1,baseline,415.0,420.0
961,S13,1,baseline,420.0,425.0
962,S13,1,baseline,425.0,430.0
963,S13,1,baseline,430.0,435.0
964,S13,1,baseline,435.0,440.0
965,S13,1,baseline,440.0,445.0
966,S13,1,baseline,445.0,450.0
967,S13,1,baseline,450.0,455.0
968,S13,1,baseline,455.0,460.0
969,S13,1,baseline,460.0,465.0
970,S13,1,baseline,465.0,470.0
971,S13,1,baseline,470.0,475.0
972,S13,1,baseline,475.0,480.0
973,S13,1,baseline,480.0,485.0
974,S13,1,baseline,485.0,490.0
975,S13,1,baseline,490.0,495.0
976,S13,1,baseline,495.0,500.0
977,S13,1,baseline,500.0,505.0
978,S13,1,baseline,505.0,510.0
979,S13,1,baseline,510.0,515.0
980,S13,1,baseline,515.0,520.0
981,S13,1,baseline,520.0,525.0
982,S13,1,baseline,525.0,530.0
983,S13,1,baseline,530.0,535.0
984,S13,1,baseline,535.0,540.0
985,S13,1,baseline,540.0,545.0
986,S13,1,baseline,545.0,550.0
987,S13,1,baseline,550.0,555.0
988,S13,1,baseline,555.0,560.0
989,S13,1,baseline,560.0,565.0
990,S13,1,baseline,565.0,570.0
991,S13,1,baseline,570.0,575.0
992,S13,1,baseline,575.0,580.0
993,S13,1,baseline,580.0,585.0
994,S13,1,baseline,585.0,590.0
995,S13,1,baseline,590.0,595.0
996,S13,1,baseline,595.0,600.0
997,S13,1,baseline,600.0,605.0
998,S13,1,baseline,605.0,610.0
999,S13,1,baseline,610.0,615.0
1000,S13,1,baseline,615.0,620.0
1001,S13,1,baseline,620.0,625.0
1002,S13,1,baseline,625.0,630.0
1003,S13,1,baseline,630.0,635.0
1004,S13,1,baseline,635.0,640.0
1005,S13,1,baseline,640.0,645.0
1006,S13,1,baseline,645.0,650.0
1007,S13,1,baseline,650.0,655.0
1008,S13,1,baseline,655.0,660.0
1009,S13,1,baseline,660.0,665.0
1010,S13,1,baseline,665.0,670.0
1011,S13,1,baseline,670.0,675.0
1012,S13,1,baseline,675.0,680.0
1013,S13,1,baseline,680.0,685.0
1014,S13,1,baseline,685.0,690.0
1015,S13,1,baseline,690.0,695.0
1016,S13,1,baseline,695.0,700.0
1017,S13,1,baseline,700.0,705.0
1018,S13,1,baseline,705.0,710.0
1019,S13,1,baseline,710.0,715.0
1020,S13,1,baseline,715.0,720.0
1021,S13,1,baseline,720.0,725.0
1022,S13,1,baseline,725.0,730.0
1023,S13,1,baseline,730.0,735.0
1024,S13,1,baseline,735.0,740.0
1025,S13,1,baseline,740.0,745.0
1026,S13,1,baseline,745.0,750.0
1027,S13,1,baseline,750.0,755.0
1028,S13,1,baseline,755.0,760.0
1029,S13,1,baseline,760.0,765.0
1030,S13,1,baseline,765.0,770.0
1031,S13,1,baseline,770.0,775.0
1032,S13,1,baseline,775.0,780.0
1033,S13,1,baseline,780.0,785.0
1034,S13,1,baseline,785.0,790.0
1035,S13,1,baseline,790.0,795.0
1036,S13,1,baseline,795.0,800.0
1037,S13,1,baseline,800.0,805.0
1038,S13,1,baseline,805.0,810.0
1039,S13,1,baseline,810.0,815.0
1040,S13,1,baseline,815.0,820.0
1041,S13,1,baseline,820.0,825.0
1042,S13,1,baseline,825.0,830.0
1043,S13,1,baseline,830.0,835.0
1044,S13,1,baseline,835.0,840.0
1045,S13,1,baseline,840.0,845.0
1046,S13,1,baseline,845.0,850.0
1047,S13,1,baseline,850.0,855.0
1048,S13,1,baseline,855.0,860.0
1049,S13,1,baseline,860.0,865.0
1050,S13,1,baseline,865.0,870.0
1051,S13,1,baseline,870.0,875.0
1052,S13,1,baseline,875.0,880.0
1053,S13,1,baseline,880.0,885.0
1054,S13,1,baseline,885.0,890.0
1055,S13,1,baseline,890.0,895.0
1056,S13,1,baseline,895.0,900.0
1057,S13,1,baseline,900.0,905.0
1058,S13,1,baseline,905.0,910.0
1059,S13,1,baseline,910.0,915.0
1060,S13,1,baseline,915.0,920.0
1061,S13,1,baseline,920.0,925.0
1062,S13,1,baseline,925.0,930.0
1063,S13,1,baseline,930.0,935.0
1064,S13,1,baseline,935.0,940.0
1065,S13,1,baseline,940.0,945.0
1066,S13,1,baseline,945.0,950.0
1067,S13,1,baseline,950.0,955.0
1068,S13,1,baseline,955.0,960.0
1069,S13,1,baseline,960.0,965.0
1070,S13,1,baseline,965.0,970.0
1071,S13,1,baseline,970.0,975.0
1072,S13,1,baseline,975.0,980.0
1073,S13,1,baseline,980.0,985.0
1074,S13,1,baseline,985.0,990.0
1075,S13,1,baseline,990.0,995.0
1076,S13,1,baseline,995.0,1000.0
1077,S13,1,baseline,1000.0,1005.0
1078,S13,1,baseline,1005.0,1010.0
1079,S13,1,baseline,1010.0,1015.0
1080,S13,1,baseline,1015.0,1020.0
1081,S13,1,baseline,1020.0,1025.0
1082,S13,1,baseline,1025.0,1030.0
1083,S13,1,baseline,1030.0,1035.0
1084,S13,1,baseline,1035.0,1040.0
1085,S13,1,baseline,1040.0,1045.0
1086,S13,1,baseline,1045.0,1050.0
1087,S13,1,baseline,1050.0,1055.0
1088,S13,1,baseline,1055.0,1060.0
1089,S13,1,baseline,1060.0,1065.0
1090,S13,1,baseline,1065.0,1070.0
1091,S13,1,baseline,1070.0,1075.0
1092,S13,1,baseline,1075.0,1080.0
1093,S13,1,baseline,1080.0,1085.0
1094,S13,1,baseline,1085.0,1090.0
1095,S13,1,baseline,1090.0,1095.0
1096,S13,1,baseline,1095.0,1100.0
1097,S13,1,baseline,1100.0,1105.0
1098,S13,1,baseline,1105.0,1110.0
1099,S13,1,baseline,1110.0,1115.0
1100,S13,1,baseline,1115.0,1120.0
1101,S13,1,baseline,1120.0,1125.0
1102,S13,1,baseline,1125.0,1130.0
1103,S13,1,baseline,1130.0,1135.0
1104,S13,1,baseline,1135.0,1140.0
1105,S13,1,baseline,1140.0,1145.0
1106,S13,1,baseline,1145.0,1150.0
1107,S13,1,baseline,1150.0,1155.0
1108,S13,1,baseline,1155.0,1160.0
1109,S13,1,baseline,1160.0,1165.0
1110,S13,1,baseline,1165.0,1170.0
1111,S13,1,baseline,1170.0,1175.0
1112,S13,1,baseline,1175.0,1180.0
1113,S13,1,baseline,1180.0,1185.0
1114,S13,1,baseline,1185.0,1190.0
1115,S13,1,baseline,1190.0,1195.0
1116,S13,1,baseline,1195.0,1200.0
1117,S13,1,baseline,1200.0,1205.0
1118,S13,1,baseline,1205.0,1210.0
1119,S13,1,baseline,1210.0,1215.0
1120,S13,1,baseline,1215.0,1220.0
1121,S13,1,baseline,1220.0,1225.0
1122,S13,1,baseline,1225.0,1230.0
1123,S13,1,baseline,1230.0,1235.0
1124,S13,1,baseline,1235.0,1240.0
1125,S13,1,baseline,1240.0,1245.0
1126,S13,1,baseline,1245.0,1250.0
1127,S13,1,baseline,1250.0,1255.0
1128,S13,1,baseline,1255.0,1260.0
1129,S13,1,baseline,1260.0,1265.0
1130,S13,3,amusement,1665.0,1670.0
1131,S13,3,amusement,1670.0,1675.0
1132,S13,3,amusement,1675.0,1680.0
1133,S13,3,amusement,1680.0,1685.0
1134,S13,3,amusement,1685.0,1690.0
1135,S13,3,amusement,1690.0,1695.0
1136,S13,3,amusement,1695.0,1700.0
1137,S13,3,amusement,1700.0,1705.0
1138,S13,3,amusement,1705.0,1710.0
1139,S13,3,amusement,1710.0,1715.0
1140,S13,3,amusement,1715.0,1720.0
1141,S13,3,amusement,1720.0,1725.0
1142,S13,3,amusement,1725.0,1730.0
1143,S13,3,amusement,1730.0,1735.0
1144,S13,3,amusement,1735.0,1740.0
1145,S13,3,amusement,1740.0,1745.0
1146,S13,3,amusement,1745.0,1750.0
1147,S13,3,amusement,1750.0,1755.0
1148,S13,3,amusement,1755.0,1760.0
1149,S13,3,amusement,1760.0,1765.0
1150,S13,3,amusement,1765.0,1770.0
1151,S13,3,amusement,1770.0,1775.0
1152,S13,3,amusement,1775.0,1780.0
1153,S13,3,amusement,1780.0,1785.0
1154,S13,3,amusement,1785.0,1790.0
1155,S13,3,amusement,1790.0,1795.0
1156,S13,3,amusement,1795.0,1800.0
1157,S13,3,amusement,1800.0,1805.0
1158,S13,3,amusement,1805.0,1810.0
1159,S13,3,amusement,1810.0,1815.0
1160,S13,3,amusement,1815.0,1820.0
1161,S13,3,amusement,1820.0,1825.0
1162,S13,3,amusement,1825.0,1830.0
1163,S13,3,amusement,1830.0,1835.0
1164,S13,3,amusement,1835.0,1840.0
1165,S13,3,amusement,1840.0,1845.0
1166,S13,3,amusement,1845.0,1850.0
1167,S13,3,amusement,1850.0,1855.0
1168,S13,3,amusement,1855.0,1860.0
1169,S13,3,amusement,1860.0,1865.0
1170,S13,3,amusement,1865.0,1870.0
1171,S13,3,amusement,1870.0,1875.0
1172,S13,3,amusement,1875.0,1880.0
1173,S13,3,amusement,1880.0,1885.0
1174,S13,3,amusement,1885.0,1890.0
1175,S13,3,amusement,1890.0,1895.0
1176,S13,3,amusement,1895.0,1900.0
1177,S13,3,amusement,1900.0,1905.0
1178,S13,3,amusement,1905.0,1910.0
1179,S13,3,amusement,1910.0,1915.0
1180,S13,3,amusement,1915.0,1920.0
1181,S13,3,amusement,1920.0,1925.0
1182,S13,3,amusement,1925.0,1930.0
1183,S13,3,amusement,1930.0,1935.0
1184,S13,3,amusement,1935.0,1940.0
1185,S13,3,amusement,1940.0,1945.0
1186,S13,3,amusement,1945.0,1950.0
1187,S13,3,amusement,1950.0,1955.0
1188,S13,3,amusement,1955.0,1960.0
1189,S13,3,amusement,1960.0,1965.0
1190,S13,3,amusement,1965.0,1970.0
1191,S13,3,amusement,1970.0,1975.0
1192,S13,3,amusement,1975.0,1980.0
1193,S13,3,amusement,1980.0,1985.0
1194,S13,3,amusement,1985.0,1990.0
1195,S13,3,amusement,1990.0,1995.0
1196,S13,3,amusement,1995.0,2000.0
1197,S13,3,amusement,2000.0,2005.0
1198,S13,3,amusement,2005.0,2010.0
1199,S13,3,amusement,2010.0,2015.0
1200,S13,3,amusement,2015.0,2020.0
1201,S13,3,amusement,2020.0,2025.0
1202,S13,3,amusement,2025.0,2030.0
1203,S13,3,amusement,2030.0,2035.0
1204,S13,3,amusement,2035.0,2040.0
1205,S13,3,amusement,2040.0,2045.0
1206,S13,2,stress,3265.0,3270.0
1207,S13,2,stress,3270.0,3275.0
1208,S13,2,stress,3275.0,3280.0
1209,S13,2,stress,3280.0,3285.0
1210,S13,2,stress,3285.0,3290.0
1211,S13,2,stress,3290.0,3295.0
1212,S13,2,stress,3295.0,3300.0
1213,S13,2,stress,3300.0,3305.0
1214,S13,2,stress,3305.0,3310.0
1215,S13,2,stress,3310.0,3315.0
1216,S13,2,stress,3315.0,3320.0
1217,S13,2,stress,3320.0,3325.0
1218,S13,2,stress,3325.0,3330.0
1219,S13,2,stress,3330.0,3335.0
1220,S13,2,stress,3335.0,3340.0
1221,S13,2,stress,3340.0,3345.0
1222,S13,2,stress,3345.0,3350.0
1223,S13,2,stress,3350.0,3355.0
1224,S13,2,stress,3355.0,3360.0
1225,S13,2,stress,3360.0,3365.0
1226,S13,2,stress,3365.0,3370.0
1227,S13,2,stress,3370.0,3375.0
1228,S13,2,stress,3375.0,3380.0
1229,S13,2,stress,3380.0,3385.0
1230,S13,2,stress,3385.0,3390.0
1231,S13,2,stress,3390.0,3395.0
1232,S13,2,stress,3395.0,3400.0
1233,S13,2,stress,3400.0,3405.0
1234,S13,2,stress,3405.0,3410.0
1235,S13,2,stress,3410.0,3415.0
1236,S13,2,stress,3415.0,3420.0
1237,S13,2,stress,3420.0,3425.0
1238,S13,2,stress,3425.0,3430.0
1239,S13,2,stress,3430.0,3435.0
1240,S13,2,stress,3435.0,3440.0
1241,S13,2,stress,3440.0,3445.0
1242,S13,2,stress,3445.0,3450.0
1243,S13,2,stress,3450.0,3455.0
1244,S13,2,stress,3455.0,3460.0
1245,S13,2,stress,3460.0,3465.0
1246,S13,2,stress,3465.0,3470.0
1247,S13,2,stress,3470.0,3475.0
1248,S13,2,stress,3475.0,3480.0
1249,S13,2,stress,3480.0,3485.0
1250,S13,2,stress,3485.0,3490.0
1251,S13,2,stress,3490.0,3495.0
1252,S13,2,stress,3495.0,3500.0
1253,S13,2,stress,3500.0,3505.0
1254,S13,2,stress,3505.0,3510.0
1255,S13,2,stress,3510.0,3515.0
1256,S13,2,stress,3515.0,3520.0
1257,S13,2,stress,3520.0,3525.0
1258,S13,2,stress,3525.0,3530.0
1259,S13,2,stress,3530.0,3535.0
1260,S13,2,stress,3535.0,3540.0
1261,S13,2,stress,3540.0,3545.0
1262,S13,2,stress,3545.0,3550.0
1263,S13,2,stress,3550.0,3555.0
1264,S13,2,stress,3555.0,3560.0
1265,S13,2,stress,3560.0,3565.0
1266,S13,2,stress,3565.0,3570.0
1267,S13,2,stress,3570.0,3575.0
1268,S13,2,stress,3575.0,3580.0
1269,S13,2,stress,3580.0,3585.0
1270,S13,2,stress,3585.0,3590.0
1271,S13,2,stress,3590.0,3595.0
1272,S13,2,stress,3595.0,3600.0
1273,S13,2,stress,3600.0,3605.0
1274,S13,2,stress,3605.0,3610.0
1275,S13,2,stress,3610.0,3615.0
1276,S13,2,stress,3615.0,3620.0
1277,S13,2,stress,3620.0,3625.0
1278,S13,2,stress,3625.0,3630.0
1279,S13,2,stress,3630.0,3635.0
1280,S13,2,stress,3635.0,3640.0
1281,S13,2,stress,3640.0,3645.0
1282,S13,2,stress,3645.0,3650.0
1283,S13,2,stress,3650.0,3655.0
1284,S13,2,stress,3655.0,3660.0
1285,S13,2,stress,3660.0,3665.0
1286,S13,2,stress,3665.0,3670.0
1287,S13,2,stress,3670.0,3675.0
1288,S13,2,stress,3675.0,3680.0
1289,S13,2,stress,3680.0,3685.0
1290,S13,2,stress,3685.0,3690.0
1291,S13,2,stress,3690.0,3695.0
1292,S13,2,stress,3695.0,3700.0
1293,S13,2,stress,3700.0,3705.0
1294,S13,2,stress,3705.0,3710.0
1295,S13,2,stress,3710.0,3715.0
1296,S13,2,stress,3715.0,3720.0
1297,S13,2,stress,3720.0,3725.0
1298,S13,2,stress,3725.0,3730.0
1299,S13,2,stress,3730.0,3735.0
1300,S13,2,stress,3735.0,3740.0
1301,S13,2,stress,3740.0,3745.0
1302,S13,2,stress,3745.0,3750.0
1303,S13,2,stress,3750.0,3755.0
1304,S13,2,stress,3755.0,3760.0
1305,S13,2,stress,3760.0,3765.0
1306,S13,2,stress,3765.0,3770.0
1307,S13,2,stress,3770.0,3775.0
1308,S13,2,stress,3775.0,3780.0
1309,S13,2,stress,3780.0,3785.0
1310,S13,2,stress,3785.0,3790.0
1311,S13,2,stress,3790.0,3795.0
1312,S13,2,stress,3795.0,3800.0
1313,S13,2,stress,3800.0,3805.0
1314,S13,2,stress,3805.0,3810.0
1315,S13,2,stress,3810.0,3815.0
1316,S13,2,stress,3815.0,3820.0
1317,S13,2,stress,3820.0,3825.0
1318,S13,2,stress,3825.0,3830.0
1319,S13,2,stress,3830.0,3835.0
1320,S13,2,stress,3835.0,3840.0
1321,S13,2,stress,3840.0,3845.0
1322,S13,2,stress,3845.0,3850.0
1323,S13,2,stress,3850.0,3855.0
1324,S13,2,stress,3855.0,3860.0
1325,S13,2,stress,3860.0,3865.0
1326,S13,2,stress,3865.0,3870.0
1327,S13,2,stress,3870.0,3875.0
1328,S13,2,stress,3875.0,3880.0
1329,S13,2,stress,3880.0,3885.0
1330,S13,2,stress,3885.0,3890.0
1331,S13,2,stress,3890.0,3895.0
1332,S13,2,stress,3895.0,3900.0
1333,S13,2,stress,3900.0,3905.0
1334,S13,2,stress,3905.0,3910.0
1335,S13,2,stress,3910.0,3915.0
1336,S13,2,stress,3915.0,3920.0
1337,S14,1,baseline,30.0,35.0
1338,S14,1,baseline,35.0,40.0
1339,S14,1,baseline,40.0,45.0
1340,S14,1,baseline,45.0,50.0
1341,S14,1,baseline,50.0,55.0
1342,S14,1,baseline,55.0,60.0
1343,S14,1,baseline,60.0,65.0
1344,S14,1,baseline,65.0,70.0
1345,S14,1,baseline,70.0,75.0
1346,S14,1,baseline,75.0,80.0
1347,S14,1,baseline,80.0,85.0
1348,S14,1,baseline,85.0,90.0
1349,S14,1,baseline,90.0,95.0
1350,S14,1,baseline,95.0,100.0
1351,S14,1,baseline,100.0,105.0
1352,S14,1,baseline,105.0,110.0
1353,S14,1,baseline,110.0,115.0
1354,S14,1,baseline,115.0,120.0
1355,S14,1,baseline,120.0,125.0
1356,S14,1,baseline,125.0,130.0
1357,S14,1,baseline,130.0,135.0
1358,S14,1,baseline,135.0,140.0
1359,S14,1,baseline,140.0,145.0
1360,S14,1,baseline,145.0,150.0
1361,S14,1,baseline,150.0,155.0
1362,S14,1,baseline,155.0,160.0
1363,S14,1,baseline,160.0,165.0
1364,S14,1,baseline,165.0,170.0
1365,S14,1,baseline,170.0,175.0
1366,S14,1,baseline,175.0,180.0
1367,S14,1,baseline,180.0,185.0
1368,S14,1,baseline,185.0,190.0
1369,S14,1,baseline,190.0,195.0
1370,S14,1,baseline,195.0,200.0
1371,S14,1,baseline,200.0,205.0
1372,S14,1,baseline,205.0,210.0
1373,S14,1,baseline,210.0,215.0
1374,S14,1,baseline,215.0,220.0
1375,S14,1,baseline,220.0,225.0
1376,S14,1,baseline,225.0,230.0
1377,S14,1,baseline,230.0,235.0
1378,S14,1,baseline,235.0,240.0
1379,S14,1,baseline,240.0,245.0
1380,S14,1,baseline,245.0,250.0
1381,S14,1,baseline,250.0,255.0
1382,S14,1,baseline,255.0,260.0
1383,S14,1,baseline,260.0,265.0
1384,S14,1,baseline,265.0,270.0
1385,S14,1,baseline,270.0,275.0
1386,S14,1,baseline,275.0,280.0
1387,S14,1,baseline,280.0,285.0
1388,S14,1,baseline,285.0,290.0
1389,S14,1,baseline,290.0,295.0
1390,S14,1,baseline,295.0,300.0
1391,S14,1,baseline,300.0,305.0
1392,S14,1,baseline,305.0,310.0
1393,S14,1,baseline,310.0,315.0
1394,S14,1,baseline,315.0,320.0
1395,S14,1,baseline,320.0,325.0
1396,S14,1,baseline,325.0,330.0
1397,S14,1,baseline,330.0,335.0
1398,S14,1,baseline,335.0,340.0
1399,S14,1,baseline,340.0,345.0
1400,S14,1,baseline,345.0,350.0
1401,S14,1,baseline,350.0,355.0
1402,S14,1,baseline,355.0,360.0
1403,S14,1,baseline,360.0,365.0
1404,S14,1,baseline,365.0,370.0
1405,S14,1,baseline,370.0,375.0
1406,S14,1,baseline,375.0,380.0
1407,S14,1,baseline,380.0,385.0
1408,S14,1,baseline,385.0,390.0
1409,S14,1,baseline,390.0,395.0
1410,S14,1,baseline,395.0,400.0
1411,S14,1,baseline,400.0,405.0
1412,S14,1,baseline,405.0,410.0
1413,S14,1,baseline,410.0,415.0
1414,S14,1,baseline,415.0,420.0
1415,S14,1,baseline,420.0,425.0
1416,S14,1,baseline,425.0,430.0
1417,S14,1,baseline,430.0,435.0
1418,S14,1,baseline,435.0,440.0
1419,S14,1,baseline,440.0,445.0
1420,S14,1,baseline,445.0,450.0
1421,S14,1,baseline,450.0,455.0
1422,S14,1,baseline,455.0,460.0
1423,S14,1,baseline,460.0,465.0
1424,S14,1,baseline,465.0,470.0
1425,S14,1,baseline,470.0,475.0
1426,S14,1,baseline,475.0,480.0
1427,S14,1,baseline,480.0,485.0
1428,S14,1,baseline,485.0,490.0
1429,S14,1,baseline,490.0,495.0
1430,S14,1,baseline,495.0,500.0
1431,S14,1,baseline,500.0,505.0
1432,S14,1,baseline,505.0,510.0
1433,S14,1,baseline,510.0,515.0
1434,S14,1,baseline,515.0,520.0
1435,S14,1,baseline,520.0,525.0
1436,S14,1,baseline,525.0,530.0
1437,S14,1,baseline,530.0,535.0
1438,S14,1,baseline,535.0,540.0
1439,S14,1,baseline,540.0,545.0
1440,S14,1,baseline,545.0,550.0
1441,S14,1,baseline,550.0,555.0
1442,S14,1,baseline,555.0,560.0
1443,S14,1,baseline,560.0,565.0
1444,S14,1,baseline,565.0,570.0
1445,S14,1,baseline,570.0,575.0
1446,S14,1,baseline,575.0,580.0
1447,S14,1,baseline,580.0,585.0
1448,S14,1,baseline,585.0,590.0
1449,S14,1,baseline,590.0,595.0
1450,S14,1,baseline,595.0,600.0
1451,S14,1,baseline,600.0,605.0
1452,S14,1,baseline,605.0,610.0
1453,S14,1,baseline,610.0,615.0
1454,S14,1,baseline,615.0,620.0
1455,S14,1,baseline,620.0,625.0
1456,S14,1,baseline,625.0,630.0
1457,S14,1,baseline,630.0,635.0
1458,S14,1,baseline,635.0,640.0
1459,S14,1,baseline,640.0,645.0
1460,S14,1,baseline,645.0,650.0
1461,S14,1,baseline,650.0,655.0
1462,S14,1,baseline,655.0,660.0
1463,S14,1,baseline,660.0,665.0
1464,S14,1,baseline,665.0,670.0
1465,S14,1,baseline,670.0,675.0
1466,S14,1,baseline,675.0,680.0
1467,S14,1,baseline,680.0,685.0
1468,S14,1,baseline,685.0,690.0
1469,S14,1,baseline,690.0,695.0
1470,S14,1,baseline,695.0,700.0
1471,S14,1,baseline,700.0,705.0
1472,S14,1,baseline,705.0,710.0
1473,S14,1,baseline,710.0,715.0
1474,S14,1,baseline,715.0,720.0
1475,S14,1,baseline,720.0,725.0
1476,S14,1,baseline,725.0,730.0
1477,S14,1,baseline,730.0,735.0
1478,S14,1,baseline,735.0,740.0
1479,S14,1,baseline,740.0,745.0
1480,S14,1,baseline,745.0,750.0
1481,S14,1,baseline,750.0,755.0
1482,S14,1,baseline,755.0,760.0
1483,S14,1,baseline,760.0,765.0
1484,S14,1,baseline,765.0,770.0
1485,S14,1,baseline,770.0,775.0
1486,S14,1,baseline,775.0,780.0
1487,S14,1,baseline,780.0,785.0
1488,S14,1,baseline,785.0,790.0
1489,S14,1,baseline,790.0,795.0
1490,S14,1,baseline,795.0,800.0
1491,S14,1,baseline,800.0,805.0
1492,S14,1,baseline,805.0,810.0
1493,S14,1,baseline,810.0,815.0
1494,S14,1,baseline,815.0,820.0
1495,S14,1,baseline,820.0,825.0
1496,S14,1,baseline,825.0,830.0
1497,S14,1,baseline,830.0,835.0
1498,S14,1,baseline,835.0,840.0
1499,S14,1,baseline,840.0,845.0
1500,S14,1,baseline,845.0,850.0
1501,S14,1,baseline,850.0,855.0
1502,S14,1,baseline,855.0,860.0
1503,S14,1,baseline,860.0,865.0
1504,S14,1,baseline,865.0,870.0
1505,S14,1,baseline,870.0,875.0
1506,S14,1,baseline,875.0,880.0
1507,S14,1,baseline,880.0,885.0
1508,S14,1,baseline,885.0,890.0
1509,S14,1,baseline,890.0,895.0
1510,S14,1,baseline,895.0,900.0
1511,S14,1,baseline,900.0,905.0
1512,S14,1,baseline,905.0,910.0
1513,S14,1,baseline,910.0,915.0
1514,S14,1,baseline,915.0,920.0
1515,S14,1,baseline,920.0,925.0
1516,S14,1,baseline,925.0,930.0
1517,S14,1,baseline,930.0,935.0
1518,S14,1,baseline,935.0,940.0
1519,S14,1,baseline,940.0,945.0
1520,S14,1,baseline,945.0,950.0
1521,S14,1,baseline,950.0,955.0
1522,S14,1,baseline,955.0,960.0
1523,S14,1,baseline,960.0,965.0
1524,S14,1,baseline,965.0,970.0
1525,S14,1,baseline,970.0,975.0
1526,S14,1,baseline,975.0,980.0
1527,S14,1,baseline,980.0,985.0
1528,S14,1,baseline,985.0,990.0
1529,S14,1,baseline,990.0,995.0
1530,S14,1,baseline,995.0,1000.0
1531,S14,1,baseline,1000.0,1005.0
1532,S14,1,baseline,1005.0,1010.0
1533,S14,1,baseline,1010.0,1015.0
1534,S14,1,baseline,1015.0,1020.0
1535,S14,1,baseline,1020.0,1025.0
1536,S14,1,baseline,1025.0,1030.0
1537,S14,1,baseline,1030.0,1035.0
1538,S14,1,baseline,1035.0,1040.0
1539,S14,1,baseline,1040.0,1045.0
1540,S14,1,baseline,1045.0,1050.0
1541,S14,1,baseline,1050.0,1055.0
1542,S14,1,baseline,1055.0,1060.0
1543,S14,1,baseline,1060.0,1065.0
1544,S14,1,baseline,1065.0,1070.0
1545,S14,1,baseline,1070.0,1075.0
1546,S14,1,baseline,1075.0,1080.0
1547,S14,1,baseline,1080.0,1085.0
1548,S14,1,baseline,1085.0,1090.0
1549,S14,1,baseline,1090.0,1095.0
1550,S14,1,baseline,1095.0,1100.0
1551,S14,1,baseline,1100.0,1105.0
1552,S14,1,baseline,1105.0,1110.0
1553,S14,1,baseline,1110.0,1115.0
1554,S14,1,baseline,1115.0,1120.0
1555,S14,1,baseline,1120.0,1125.0
1556,S14,1,baseline,1125.0,1130.0
1557,S14,1,baseline,1130.0,1135.0
1558,S14,1,baseline,1135.0,1140.0
1559,S14,1,baseline,1140.0,1145.0
1560,S14,1,baseline,1145.0,1150.0
1561,S14,1,baseline,1150.0,1155.0
1562,S14,1,baseline,1155.0,1160.0
1563,S14,1,baseline,1160.0,1165.0
1564,S14,1,baseline,1165.0,1170.0
1565,S14,1,baseline,1170.0,1175.0
1566,S14,1,baseline,1175.0,1180.0
1567,S14,1,baseline,1180.0,1185.0
1568,S14,1,baseline,1185.0,1190.0
1569,S14,1,baseline,1190.0,1195.0
1570,S14,1,baseline,1195.0,1200.0
1571,S14,1,baseline,1200.0,1205.0
1572,S14,2,stress,1905.0,1910.0
1573,S14,2,stress,1910.0,1915.0
1574,S14,2,stress,1915.0,1920.0
1575,S14,2,stress,1920.0,1925.0
1576,S14,2,stress,1925.0,1930.0
1577,S14,2,stress,1930.0,1935.0
1578,S14,2,stress,1935.0,1940.0
1579,S14,2,stress,1940.0,1945.0
1580,S14,2,stress,1945.0,1950.0
1581,S14,2,stress,1950.0,1955.0
1582,S14,2,stress,1955.0,1960.0
1583,S14,2,stress,1960.0,1965.0
1584,S14,2,stress,1965.0,1970.0
1585,S14,2,stress,1970.0,1975.0
1586,S14,2,stress,1975.0,1980.0
1587,S14,2,stress,1980.0,1985.0
1588,S14,2,stress,1985.0,1990.0
1589,S14,2,stress,1990.0,1995.0
1590,S14,2,stress,1995.0,2000.0
1591,S14,2,stress,2000.0,2005.0
1592,S14,2,stress,2005.0,2010.0
1593,S14,2,stress,2010.0,2015.0
1594,S14,2,stress,2015.0,2020.0
1595,S14,2,stress,2020.0,2025.0
1596,S14,2,stress,2025.0,2030.0
1597,S14,2,stress,2030.0,2035.0
1598,S14,2,stress,2035.0,2040.0
1599,S14,2,stress,2040.0,2045.0
1600,S14,2,stress,2045.0,2050.0
1601,S14,2,stress,2050.0,2055.0
1602,S14,2,stress,2055.0,2060.0
1603,S14,2,stress,2060.0,2065.0
1604,S14,2,stress,2065.0,2070.0
1605,S14,2,stress,2070.0,2075.0
1606,S14,2,stress,2075.0,2080.0
1607,S14,2,stress,2080.0,2085.0
1608,S14,2,stress,2085.0,2090.0
1609,S14,2,stress,2090.0,2095.0
1610,S14,2,stress,2095.0,2100.0
1611,S14,2,stress,2100.0,2105.0
1612,S14,2,stress,2105.0,2110.0
1613,S14,2,stress,2110.0,2115.0
1614,S14,2,stress,2115.0,2120.0
1615,S14,2,stress,2120.0,2125.0
1616,S14,2,stress,2125.0,2130.0
1617,S14,2,stress,2130.0,2135.0
1618,S14,2,stress,2135.0,2140.0
1619,S14,2,stress,2140.0,2145.0
1620,S14,2,stress,2145.0,2150.0
1621,S14,2,stress,2150.0,2155.0
1622,S14,2,stress,2155.0,2160.0
1623,S14,2,stress,2160.0,2165.0
1624,S14,2,stress,2165.0,2170.0
1625,S14,2,stress,2170.0,2175.0
1626,S14,2,stress,2175.0,2180.0
1627,S14,2,stress,2180.0,2185.0
1628,S14,2,stress,2185.0,2190.0
1629,S14,2,stress,2190.0,2195.0
1630,S14,2,stress,2195.0,2200.0
1631,S14,2,stress,2200.0,2205.0
1632,S14,2,stress,2205.0,2210.0
1633,S14,2,stress,2210.0,2215.0
1634,S14,2,stress,2215.0,2220.0
1635,S14,2,stress,2220.0,2225.0
1636,S14,2,stress,2225.0,2230.0
1637,S14,2,stress,2230.0,2235.0
1638,S14,2,stress,2235.0,2240.0
1639,S14,2,stress,2240.0,2245.0
1640,S14,2,stress,2245.0,2250.0
1641,S14,2,stress,2250.0,2255.0
1642,S14,2,stress,2255.0,2260.0
1643,S14,2,stress,2260.0,2265.0
1644,S14,2,stress,2265.0,2270.0
1645,S14,2,stress,2270.0,2275.0
1646,S14,2,stress,2275.0,2280.0
1647,S14,2,stress,2280.0,2285.0
1648,S14,2,stress,2285.0,2290.0
1649,S14,2,stress,2290.0,2295.0
1650,S14,2,stress,2295.0,2300.0
1651,S14,2,stress,2300.0,2305.0
1652,S14,2,stress,2305.0,2310.0
1653,S14,2,stress,2310.0,2315.0
1654,S14,2,stress,2315.0,2320.0
1655,S14,2,stress,2320.0,2325.0
1656,S14,2,stress,2325.0,2330.0
1657,S14,2,stress,2330.0,2335.0
1658,S14,2,stress,2335.0,2340.0
1659,S14,2,stress,2340.0,2345.0
1660,S14,2,stress,2345.0,2350.0
1661,S14,2,stress,2350.0,2355.0
1662,S14,2,stress,2355.0,2360.0
1663,S14,2,stress,2360.0,2365.0
1664,S14,2,stress,2365.0,2370.0
1665,S14,2,stress,2370.0,2375.0
1666,S14,2,stress,2375.0,2380.0
1667,S14,2,stress,2380.0,2385.0
1668,S14,2,stress,2385.0,2390.0
1669,S14,2,stress,2390.0,2395.0
1670,S14,2,stress,2395.0,2400.0
1671,S14,2,stress,2400.0,2405.0
1672,S14,2,stress,2405.0,2410.0
1673,S14,2,stress,2410.0,2415.0
1674,S14,2,stress,2415.0,2420.0
1675,S14,2,stress,2420.0,2425.0
1676,S14,2,stress,2425.0,2430.0
1677,S14,2,stress,2430.0,2435.0
1678,S14,2,stress,2435.0,2440.0
1679,S14,2,stress,2440.0,2445.0
1680,S14,2,stress,2445.0,2450.0
1681,S14,2,stress,2450.0,2455.0
1682,S14,2,stress,2455.0,2460.0
1683,S14,2,stress,2460.0,2465.0
1684,S14,2,stress,2465.0,2470.0
1685,S14,2,stress,2470.0,2475.0
1686,S14,2,stress,2475.0,2480.0
1687,S14,2,stress,2480.0,2485.0
1688,S14,2,stress,2485.0,2490.0
1689,S14,2,stress,2490.0,2495.0
1690,S14,2,stress,2495.0,2500.0
1691,S14,2,stress,2500.0,2505.0
1692,S14,2,stress,2505.0,2510.0
1693,S14,2,stress,2510.0,2515.0
1694,S14,2,stress,2515.0,2520.0
1695,S14,2,stress,2520.0,2525.0
1696,S14,2,stress,2525.0,2530.0
1697,S14,2,stress,2530.0,2535.0
1698,S14,2,stress,2535.0,2540.0
1699,S14,2,stress,2540.0,2545.0
1700,S14,2,stress,2545.0,2550.0
1701,S14,2,stress,2550.0,2555.0
1702,S14,2,stress,2555.0,2560.0
1703,S14,2,stress,2560.0,2565.0
1704,S14,2,stress,2565.0,2570.0
1705,S14,2,stress,2570.0,2575.0
1706,S14,3,amusement,4315.0,4320.0
1707,S14,3,amusement,4320.0,4325.0
1708,S14,3,amusement,4325.0,4330.0
1709,S14,3,amusement,4330.0,4335.0
1710,S14,3,amusement,4335.0,4340.0
1711,S14,3,amusement,4340.0,4345.0
1712,S14,3,amusement,4345.0,4350.0
1713,S14,3,amusement,4350.0,4355.0
1714,S14,3,amusement,4355.0,4360.0
1715,S14,3,amusement,4360.0,4365.0
1716,S14,3,amusement,4365.0,4370.0
1717,S14,3,amusement,4370.0,4375.0
1718,S14,3,amusement,4375.0,4380.0
1719,S14,3,amusement,4380.0,4385.0
1720,S14,3,amusement,4385.0,4390.0
1721,S14,3,amusement,4390.0,4395.0
1722,S14,3,amusement,4395.0,4400.0
1723,S14,3,amusement,4400.0,4405.0
1724,S14,3,amusement,4405.0,4410.0
1725,S14,3,amusement,4410.0,4415.0
1726,S14,3,amusement,4415.0,4420.0
1727,S14,3,amusement,4420.0,4425.0
1728,S14,3,amusement,4425.0,4430.0
1729,S14,3,amusement,4430.0,4435.0
1730,S14,3,amusement,4435.0,4440.0
1731,S14,3,amusement,4440.0,4445.0
1732,S14,3,amusement,4445.0,4450.0
1733,S14,3,amusement,4450.0,4455.0
1734,S14,3,amusement,4455.0,4460.0
1735,S14,3,amusement,4460.0,4465.0
1736,S14,3,amusement,4465.0,4470.0
1737,S14,3,amusement,4470.0,4475.0
1738,S14,3,amusement,4475.0,4480.0
1739,S14,3,amusement,4480.0,4485.0
1740,S14,3,amusement,4485.0,4490.0
1741,S14,3,amusement,4490.0,4495.0
1742,S14,3,amusement,4495.0,4500.0
1743,S14,3,amusement,4500.0,4505.0
1744,S14,3,amusement,4505.0,4510.0
1745,S14,3,amusement,4510.0,4515.0
1746,S14,3,amusement,4515.0,4520.0
1747,S14,3,amusement,4520.0,4525.0
1748,S14,3,amusement,4525.0,4530.0
1749,S14,3,amusement,4530.0,4535.0
1750,S14,3,amusement,4535.0,4540.0
1751,S14,3,amusement,4540.0,4545.0
1752,S14,3,amusement,4545.0,4550.0
1753,S14,3,amusement,4550.0,4555.0
1754,S14,3,amusement,4555.0,4560.0
1755,S14,3,amusement,4560.0,4565.0
1756,S14,3,amusement,4565.0,4570.0
1757,S14,3,amusement,4570.0,4575.0
1758,S14,3,amusement,4575.0,4580.0
1759,S14,3,amusement,4580.0,4585.0
1760,S14,3,amusement,4585.0,4590.0
1761,S14,3,amusement,4590.0,4595.0
1762,S14,3,amusement,4595.0,4600.0
1763,S14,3,amusement,4600.0,4605.0
1764,S14,3,amusement,4605.0,4610.0
1765,S14,3,amusement,4610.0,4615.0
1766,S14,3,amusement,4615.0,4620.0
1767,S14,3,amusement,4620.0,4625.0
1768,S14,3,amusement,4625.0,4630.0
1769,S14,3,amusement,4630.0,4635.0
1770,S14,3,amusement,4635.0,4640.0
1771,S14,3,amusement,4640.0,4645.0
1772,S14,3,amusement,4645.0,4650.0
1773,S14,3,amusement,4650.0,4655.0
1774,S14,3,amusement,4655.0,4660.0
1775,S14,3,amusement,4660.0,4665.0
1776,S14,3,amusement,4665.0,4670.0
1777,S14,3,amusement,4670.0,4675.0
1778,S14,3,amusement,4675.0,4680.0
1779,S15,1,baseline,115.0,120.0
1780,S15,1,baseline,120.0,125.0
1781,S15,1,baseline,125.0,130.0
1782,S15,1,baseline,130.0,135.0
1783,S15,1,baseline,135.0,140.0
1784,S15,1,baseline,140.0,145.0
1785,S15,1,baseline,145.0,150.0
1786,S15,1,baseline,150.0,155.0
1787,S15,1,baseline,155.0,160.0
1788,S15,1,baseline,160.0,165.0
1789,S15,1,baseline,165.0,170.0
1790,S15,1,baseline,170.0,175.0
1791,S15,1,baseline,175.0,180.0
1792,S15,1,baseline,180.0,185.0
1793,S15,1,baseline,185.0,190.0
1794,S15,1,baseline,190.0,195.0
1795,S15,1,baseline,195.0,200.0
1796,S15,1,baseline,200.0,205.0
1797,S15,1,baseline,205.0,210.0
1798,S15,1,baseline,210.0,215.0
1799,S15,1,baseline,215.0,220.0
1800,S15,1,baseline,220.0,225.0
1801,S15,1,baseline,225.0,230.0
1802,S15,1,baseline,230.0,235.0
1803,S15,1,baseline,235.0,240.0
1804,S15,1,baseline,240.0,245.0
1805,S15,1,baseline,245.0,250.0
1806,S15,1,baseline,250.0,255.0
1807,S15,1,baseline,255.0,260.0
1808,S15,1,baseline,260.0,265.0
1809,S15,1,baseline,265.0,270.0
1810,S15,1,baseline,270.0,275.0
1811,S15,1,baseline,275.0,280.0
1812,S15,1,baseline,280.0,285.0
1813,S15,1,baseline,285.0,290.0
1814,S15,1,baseline,290.0,295.0
1815,S15,1,baseline,295.0,300.0
1816,S15,1,baseline,300.0,305.0
1817,S15,1,baseline,305.0,310.0
1818,S15,1,baseline,310.0,315.0
1819,S15,1,baseline,315.0,320.0
1820,S15,1,baseline,320.0,325.0
1821,S15,1,baseline,325.0,330.0
1822,S15,1,baseline,330.0,335.0
1823,S15,1,baseline,335.0,340.0
1824,S15,1,baseline,340.0,345.0
1825,S15,1,baseline,345.0,350.0
1826,S15,1,baseline,350.0,355.0
1827,S15,1,baseline,355.0,360.0
1828,S15,1,baseline,360.0,365.0
1829,S15,1,baseline,365.0,370.0
1830,S15,1,baseline,370.0,375.0
1831,S15,1,baseline,375.0,380.0
1832,S15,1,baseline,380.0,385.0
1833,S15,1,baseline,385.0,390.0
1834,S15,1,baseline,390.0,395.0
1835,S15,1,baseline,395.0,400.0
1836,S15,1,baseline,400.0,405.0
1837,S15,1,baseline,405.0,410.0
1838,S15,1,baseline,410.0,415.0
1839,S15,1,baseline,415.0,420.0
1840,S15,1,baseline,420.0,425.0
1841,S15,1,baseline,425.0,430.0
1842,S15,1,baseline,430.0,435.0
1843,S15,1,baseline,435.0,440.0
1844,S15,1,baseline,440.0,445.0
1845,S15,1,baseline,445.0,450.0
1846,S15,1,baseline,450.0,455.0
1847,S15,1,baseline,455.0,460.0
1848,S15,1,baseline,460.0,465.0
1849,S15,1,baseline,465.0,470.0
1850,S15,1,baseline,470.0,475.0
1851,S15,1,baseline,475.0,480.0
1852,S15,1,baseline,480.0,485.0
1853,S15,1,baseline,485.0,490.0
1854,S15,1,baseline,490.0,495.0
1855,S15,1,baseline,495.0,500.0
1856,S15,1,baseline,500.0,505.0
1857,S15,1,baseline,505.0,510.0
1858,S15,1,baseline,510.0,515.0
1859,S15,1,baseline,515.0,520.0
1860,S15,1,baseline,520.0,525.0
1861,S15,1,baseline,525.0,530.0
1862,S15,1,baseline,530.0,535.0
1863,S15,1,baseline,535.0,540.0
1864,S15,1,baseline,540.0,545.0
1865,S15,1,baseline,545.0,550.0
1866,S15,1,baseline,550.0,555.0
1867,S15,1,baseline,555.0,560.0
1868,S15,1,baseline,560.0,565.0
1869,S15,1,baseline,565.0,570.0
1870,S15,1,baseline,570.0,575.0
1871,S15,1,baseline,575.0,580.0
1872,S15,1,baseline,580.0,585.0
1873,S15,1,baseline,585.0,590.0
1874,S15,1,baseline,590.0,595.0
1875,S15,1,baseline,595.0,600.0
1876,S15,1,baseline,600.0,605.0
1877,S15,1,baseline,605.0,610.0
1878,S15,1,baseline,610.0,615.0
1879,S15,1,baseline,615.0,620.0
1880,S15,1,baseline,620.0,625.0
1881,S15,1,baseline,625.0,630.0
1882,S15,1,baseline,630.0,635.0
1883,S15,1,baseline,635.0,640.0
1884,S15,1,baseline,640.0,645.0
1885,S15,1,baseline,645.0,650.0
1886,S15,1,baseline,650.0,655.0
1887,S15,1,baseline,655.0,660.0
1888,S15,1,baseline,660.0,665.0
1889,S15,1,baseline,665.0,670.0
1890,S15,1,baseline,670.0,675.0
1891,S15,1,baseline,675.0,680.0
1892,S15,1,baseline,680.0,685.0
1893,S15,1,baseline,685.0,690.0
1894,S15,1,baseline,690.0,695.0
1895,S15,1,baseline,695.0,700.0
1896,S15,1,baseline,700.0,705.0
1897,S15,1,baseline,705.0,710.0
1898,S15,1,baseline,710.0,715.0
1899,S15,1,baseline,715.0,720.0
1900,S15,1,baseline,720.0,725.0
1901,S15,1,baseline,725.0,730.0
1902,S15,1,baseline,730.0,735.0
1903,S15,1,baseline,735.0,740.0
1904,S15,1,baseline,740.0,745.0
1905,S15,1,baseline,745.0,750.0
1906,S15,1,baseline,750.0,755.0
1907,S15,1,baseline,755.0,760.0
1908,S15,1,baseline,760.0,765.0
1909,S15,1,baseline,765.0,770.0
1910,S15,1,baseline,770.0,775.0
1911,S15,1,baseline,775.0,780.0
1912,S15,1,baseline,780.0,785.0
1913,S15,1,baseline,785.0,790.0
1914,S15,1,baseline,790.0,795.0
1915,S15,1,baseline,795.0,800.0
1916,S15,1,baseline,800.0,805.0
1917,S15,1,baseline,805.0,810.0
1918,S15,1,baseline,810.0,815.0
1919,S15,1,baseline,815.0,820.0
1920,S15,1,baseline,820.0,825.0
1921,S15,1,baseline,825.0,830.0
1922,S15,1,baseline,830.0,835.0
1923,S15,1,baseline,835.0,840.0
1924,S15,1,baseline,840.0,845.0
1925,S15,1,baseline,845.0,850.0
1926,S15,1,baseline,850.0,855.0
1927,S15,1,baseline,855.0,860.0
1928,S15,1,baseline,860.0,865.0
1929,S15,1,baseline,865.0,870.0
1930,S15,1,baseline,870.0,875.0
1931,S15,1,baseline,875.0,880.0
1932,S15,1,baseline,880.0,885.0
1933,S15,1,baseline,885.0,890.0
1934,S15,1,baseline,890.0,895.0
1935,S15,1,baseline,895.0,900.0
1936,S15,1,baseline,900.0,905.0
1937,S15,1,baseline,905.0,910.0
1938,S15,1,baseline,910.0,915.0
1939,S15,1,baseline,915.0,920.0
1940,S15,1,baseline,920.0,925.0
1941,S15,1,baseline,925.0,930.0
1942,S15,1,baseline,930.0,935.0
1943,S15,1,baseline,935.0,940.0
1944,S15,1,baseline,940.0,945.0
1945,S15,1,baseline,945.0,950.0
1946,S15,1,baseline,950.0,955.0
1947,S15,1,baseline,955.0,960.0
1948,S15,1,baseline,960.0,965.0
1949,S15,1,baseline,965.0,970.0
1950,S15,1,baseline,970.0,975.0
1951,S15,1,baseline,975.0,980.0
1952,S15,1,baseline,980.0,985.0
1953,S15,1,baseline,985.0,990.0
1954,S15,1,baseline,990.0,995.0
1955,S15,1,baseline,995.0,1000.0
1956,S15,1,baseline,1000.0,1005.0
1957,S15,1,baseline,1005.0,1010.0
1958,S15,1,baseline,1010.0,1015.0
1959,S15,1,baseline,1015.0,1020.0
1960,S15,1,baseline,1020.0,1025.0
1961,S15,1,baseline,1025.0,1030.0
1962,S15,1,baseline,1030.0,1035.0
1963,S15,1,baseline,1035.0,1040.0
1964,S15,1,baseline,1040.0,1045.0
1965,S15,1,baseline,1045.0,1050.0
1966,S15,1,baseline,1050.0,1055.0
1967,S15,1,baseline,1055.0,1060.0
1968,S15,1,baseline,1060.0,1065.0
1969,S15,1,baseline,1065.0,1070.0
1970,S15,1,baseline,1070.0,1075.0
1971,S15,1,baseline,1075.0,1080.0
1972,S15,1,baseline,1080.0,1085.0
1973,S15,1,baseline,1085.0,1090.0
1974,S15,1,baseline,1090.0,1095.0
1975,S15,1,baseline,1095.0,1100.0
1976,S15,1,baseline,1100.0,1105.0
1977,S15,1,baseline,1105.0,1110.0
1978,S15,1,baseline,1110.0,1115.0
1979,S15,1,baseline,1115.0,1120.0
1980,S15,1,baseline,1120.0,1125.0
1981,S15,1,baseline,1125.0,1130.0
1982,S15,1,baseline,1130.0,1135.0
1983,S15,1,baseline,1135.0,1140.0
1984,S15,1,baseline,1140.0,1145.0
1985,S15,1,baseline,1145.0,1150.0
1986,S15,1,baseline,1150.0,1155.0
1987,S15,1,baseline,1155.0,1160.0
1988,S15,1,baseline,1160.0,1165.0
1989,S15,1,baseline,1165.0,1170.0
1990,S15,1,baseline,1170.0,1175.0
1991,S15,1,baseline,1175.0,1180.0
1992,S15,1,baseline,1180.0,1185.0
1993,S15,1,baseline,1185.0,1190.0
1994,S15,1,baseline,1190.0,1195.0
1995,S15,1,baseline,1195.0,1200.0
1996,S15,1,baseline,1200.0,1205.0
1997,S15,1,baseline,1205.0,1210.0
1998,S15,1,baseline,1210.0,1215.0
1999,S15,1,baseline,1215.0,1220.0
2000,S15,1,baseline,1220.0,1225.0
2001,S15,1,baseline,1225.0,1230.0
2002,S15,1,baseline,1230.0,1235.0
2003,S15,1,baseline,1235.0,1240.0
2004,S15,1,baseline,1240.0,1245.0
2005,S15,1,baseline,1245.0,1250.0
2006,S15,1,baseline,1250.0,1255.0
2007,S15,1,baseline,1255.0,1260.0
2008,S15,1,baseline,1260.0,1265.0
2009,S15,1,baseline,1265.0,1270.0
2010,S15,1,baseline,1270.0,1275.0
2011,S15,1,baseline,1275.0,1280.0
2012,S15,1,baseline,1280.0,1285.0
2013,S15,3,amusement,1615.0,1620.0
2014,S15,3,amusement,1620.0,1625.0
2015,S15,3,amusement,1625.0,1630.0
2016,S15,3,amusement,1630.0,1635.0
2017,S15,3,amusement,1635.0,1640.0
2018,S15,3,amusement,1640.0,1645.0
2019,S15,3,amusement,1645.0,1650.0
2020,S15,3,amusement,1650.0,1655.0
2021,S15,3,amusement,1655.0,1660.0
2022,S15,3,amusement,1660.0,1665.0
2023,S15,3,amusement,1665.0,1670.0
2024,S15,3,amusement,1670.0,1675.0
2025,S15,3,amusement,1675.0,1680.0
2026,S15,3,amusement,1680.0,1685.0
2027,S15,3,amusement,1685.0,1690.0
2028,S15,3,amusement,1690.0,1695.0
2029,S15,3,amusement,1695.0,1700.0
2030,S15,3,amusement,1700.0,1705.0
2031,S15,3,amusement,1705.0,1710.0
2032,S15,3,amusement,1710.0,1715.0
2033,S15,3,amusement,1715.0,1720.0
2034,S15,3,amusement,1720.0,1725.0
2035,S15,3,amusement,1725.0,1730.0
2036,S15,3,amusement,1730.0,1735.0
2037,S15,3,amusement,1735.0,1740.0
2038,S15,3,amusement,1740.0,1745.0
2039,S15,3,amusement,1745.0,1750.0
2040,S15,3,amusement,1750.0,1755.0
2041,S15,3,amusement,1755.0,1760.0
2042,S15,3,amusement,1760.0,1765.0
2043,S15,3,amusement,1765.0,1770.0
2044,S15,3,amusement,1770.0,1775.0
2045,S15,3,amusement,1775.0,1780.0
2046,S15,3,amusement,1780.0,1785.0
2047,S15,3,amusement,1785.0,1790.0
2048,S15,3,amusement,1790.0,1795.0
2049,S15,3,amusement,1795.0,1800.0
2050,S15,3,amusement,1800.0,1805.0
2051,S15,3,amusement,1805.0,1810.0
2052,S15,3,amusement,1810.0,1815.0
2053,S15,3,amusement,1815.0,1820.0
2054,S15,3,amusement,1820.0,1825.0
2055,S15,3,amusement,1825.0,1830.0
2056,S15,3,amusement,1830.0,1835.0
2057,S15,3,amusement,1835.0,1840.0
2058,S15,3,amusement,1840.0,1845.0
2059,S15,3,amusement,1845.0,1850.0
2060,S15,3,amusement,1850.0,1855.0
2061,S15,3,amusement,1855.0,1860.0
2062,S15,3,amusement,1860.0,1865.0
2063,S15,3,amusement,1865.0,1870.0
2064,S15,3,amusement,1870.0,1875.0
2065,S15,3,amusement,1875.0,1880.0
2066,S15,3,amusement,1880.0,1885.0
2067,S15,3,amusement,1885.0,1890.0
2068,S15,3,amusement,1890.0,1895.0
2069,S15,3,amusement,1895.0,1900.0
2070,S15,3,amusement,1900.0,1905.0
2071,S15,3,amusement,1905.0,1910.0
2072,S15,3,amusement,1910.0,1915.0
2073,S15,3,amusement,1915.0,1920.0
2074,S15,3,amusement,1920.0,1925.0
2075,S15,3,amusement,1925.0,1930.0
2076,S15,3,amusement,1930.0,1935.0
2077,S15,3,amusement,1935.0,1940.0
2078,S15,3,amusement,1940.0,1945.0
2079,S15,3,amusement,1945.0,1950.0
2080,S15,3,amusement,1950.0,1955.0
2081,S15,3,amusement,1955.0,1960.0
2082,S15,3,amusement,1960.0,1965.0
2083,S15,3,amusement,1965.0,1970.0
2084,S15,3,amusement,1970.0,1975.0
2085,S15,3,amusement,1975.0,1980.0
2086,S15,2,stress,3100.0,3105.0
2087,S15,2,stress,3105.0,3110.0
2088,S15,2,stress,3110.0,3115.0
2089,S15,2,stress,3115.0,3120.0
2090,S15,2,stress,3120.0,3125.0
2091,S15,2,stress,3125.0,3130.0
2092,S15,2,stress,3130.0,3135.0
2093,S15,2,stress,3135.0,3140.0
2094,S15,2,stress,3140.0,3145.0
2095,S15,2,stress,3145.0,3150.0
2096,S15,2,stress,3150.0,3155.0
2097,S15,2,stress,3155.0,3160.0
2098,S15,2,stress,3160.0,3165.0
2099,S15,2,stress,3165.0,3170.0
2100,S15,2,stress,3170.0,3175.0
2101,S15,2,stress,3175.0,3180.0
2102,S15,2,stress,3180.0,3185.0
2103,S15,2,stress,3185.0,3190.0
2104,S15,2,stress,3190.0,3195.0
2105,S15,2,stress,3195.0,3200.0
2106,S15,2,stress,3200.0,3205.0
2107,S15,2,stress,3205.0,3210.0
2108,S15,2,stress,3210.0,3215.0
2109,S15,2,stress,3215.0,3220.0
2110,S15,2,stress,3220.0,3225.0
2111,S15,2,stress,3225.0,3230.0
2112,S15,2,stress,3230.0,3235.0
2113,S15,2,stress,3235.0,3240.0
2114,S15,2,stress,3240.0,3245.0
2115,S15,2,stress,3245.0,3250.0
2116,S15,2,stress,3250.0,3255.0
2117,S15,2,stress,3255.0,3260.0
2118,S15,2,stress,3260.0,3265.0
2119,S15,2,stress,3265.0,3270.0
2120,S15,2,stress,3270.0,3275.0
2121,S15,2,stress,3275.0,3280.0
2122,S15,2,stress,3280.0,3285.0
2123,S15,2,stress,3285.0,3290.0
2124,S15,2,stress,3290.0,3295.0
2125,S15,2,stress,3295.0,3300.0
2126,S15,2,stress,3300.0,3305.0
2127,S15,2,stress,3305.0,3310.0
2128,S15,2,stress,3310.0,3315.0
2129,S15,2,stress,3315.0,3320.0
2130,S15,2,stress,3320.0,3325.0
2131,S15,2,stress,3325.0,3330.0
2132,S15,2,stress,3330.0,3335.0
2133,S15,2,stress,3335.0,3340.0
2134,S15,2,stress,3340.0,3345.0
2135,S15,2,stress,3345.0,3350.0
2136,S15,2,stress,3350.0,3355.0
2137,S15,2,stress,3355.0,3360.0
2138,S15,2,stress,3360.0,3365.0
2139,S15,2,stress,3365.0,3370.0
2140,S15,2,stress,3370.0,3375.0
2141,S15,2,stress,3375.0,3380.0
2142,S15,2,stress,3380.0,3385.0
2143,S15,2,stress,3385.0,3390.0
2144,S15,2,stress,3390.0,3395.0
2145,S15,2,stress,3395.0,3400.0
2146,S15,2,stress,3400.0,3405.0
2147,S15,2,stress,3405.0,3410.0
2148,S15,2,stress,3410.0,3415.0
2149,S15,2,stress,3415.0,3420.0
2150,S15,2,stress,3420.0,3425.0
2151,S15,2,stress,3425.0,3430.0
2152,S15,2,stress,3430.0,3435.0
2153,S15,2,stress,3435.0,3440.0
2154,S15,2,stress,3440.0,3445.0
2155,S15,2,stress,3445.0,3450.0
2156,S15,2,stress,3450.0,3455.0
2157,S15,2,stress,3455.0,3460.0
2158,S15,2,stress,3460.0,3465.0
2159,S15,2,stress,3465.0,3470.0
2160,S15,2,stress,3470.0,3475.0
2161,S15,2,stress,3475.0,3480.0
2162,S15,2,stress,3480.0,3485.0
2163,S15,2,stress,3485.0,3490.0
2164,S15,2,stress,3490.0,3495.0
2165,S15,2,stress,3495.0,3500.0
2166,S15,2,stress,3500.0,3505.0
2167,S15,2,stress,3505.0,3510.0
2168,S15,2,stress,3510.0,3515.0
2169,S15,2,stress,3515.0,3520.0
2170,S15,2,stress,3520.0,3525.0
2171,S15,2,stress,3525.0,3530.0
2172,S15,2,stress,3530.0,3535.0
2173,S15,2,stress,3535.0,3540.0
2174,S15,2,stress,3540.0,3545.0
2175,S15,2,stress,3545.0,3550.0
2176,S15,2,stress,3550.0,3555.0
2177,S15,2,stress,3555.0,3560.0
2178,S15,2,stress,3560.0,3565.0
2179,S15,2,stress,3565.0,3570.0
2180,S15,2,stress,3570.0,3575.0
2181,S15,2,stress,3575.0,3580.0
2182,S15,2,stress,3580.0,3585.0
2183,S15,2,stress,3585.0,3590.0
2184,S15,2,stress,3590.0,3595.0
2185,S15,2,stress,3595.0,3600.0
2186,S15,2,stress,3600.0,3605.0
2187,S15,2,stress,3605.0,3610.0
2188,S15,2,stress,3610.0,3615.0
2189,S15,2,stress,3615.0,3620.0
2190,S15,2,stress,3620.0,3625.0
2191,S15,2,stress,3625.0,3630.0
2192,S15,2,stress,3630.0,3635.0
2193,S15,2,stress,3635.0,3640.0
2194,S15,2,stress,3640.0,3645.0
2195,S15,2,stress,3645.0,3650.0
2196,S15,2,stress,3650.0,3655.0
2197,S15,2,stress,3655.0,3660.0
2198,S15,2,stress,3660.0,3665.0
2199,S15,2,stress,3665.0,3670.0
2200,S15,2,stress,3670.0,3675.0
2201,S15,2,stress,3675.0,3680.0
2202,S15,2,stress,3680.0,3685.0
2203,S15,2,stress,3685.0,3690.0
2204,S15,2,stress,3690.0,3695.0
2205,S15,2,stress,3695.0,3700.0
2206,S15,2,stress,3700.0,3705.0
2207,S15,2,stress,3705.0,3710.0
2208,S15,2,stress,3710.0,3715.0
2209,S15,2,stress,3715.0,3720.0
2210,S15,2,stress,3720.0,3725.0
2211,S15,2,stress,3725.0,3730.0
2212,S15,2,stress,3730.0,3735.0
2213,S15,2,stress,3735.0,3740.0
2214,S15,2,stress,3740.0,3745.0
2215,S15,2,stress,3745.0,3750.0
2216,S15,2,stress,3750.0,3755.0
2217,S15,2,stress,3755.0,3760.0
2218,S15,2,stress,3760.0,3765.0
2219,S15,2,stress,3765.0,3770.0
2220,S15,2,stress,3770.0,3775.0
2221,S15,2,stress,3775.0,3780.0
2222,S15,2,stress,3780.0,3785.0
2223,S16,1,baseline,100.0,105.0
2224,S16,1,baseline,105.0,110.0
2225,S16,1,baseline,110.0,115.0
2226,S16,1,baseline,115.0,120.0
2227,S16,1,baseline,120.0,125.0
2228,S16,1,baseline,125.0,130.0
2229,S16,1,baseline,130.0,135.0
2230,S16,1,baseline,135.0,140.0
2231,S16,1,baseline,140.0,145.0
2232,S16,1,baseline,145.0,150.0
2233,S16,1,baseline,150.0,155.0
2234,S16,1,baseline,155.0,160.0
2235,S16,1,baseline,160.0,165.0
2236,S16,1,baseline,165.0,170.0
2237,S16,1,baseline,170.0,175.0
2238,S16,1,baseline,175.0,180.0
2239,S16,1,baseline,180.0,185.0
2240,S16,1,baseline,185.0,190.0
2241,S16,1,baseline,190.0,195.0
2242,S16,1,baseline,195.0,200.0
2243,S16,1,baseline,200.0,205.0
2244,S16,1,baseline,205.0,210.0
2245,S16,1,baseline,210.0,215.0
2246,S16,1,baseline,215.0,220.0
2247,S16,1,baseline,220.0,225.0
2248,S16,1,baseline,225.0,230.0
2249,S16,1,baseline,230.0,235.0
2250,S16,1,baseline,235.0,240.0
2251,S16,1,baseline,240.0,245.0
2252,S16,1,baseline,245.0,250.0
2253,S16,1,baseline,250.0,255.0
2254,S16,1,baseline,255.0,260.0
2255,S16,1,baseline,260.0,265.0
2256,S16,1,baseline,265.0,270.0
2257,S16,1,baseline,270.0,275.0
2258,S16,1,baseline,275.0,280.0
2259,S16,1,baseline,280.0,285.0
2260,S16,1,baseline,285.0,290.0
2261,S16,1,baseline,290.0,295.0
2262,S16,1,baseline,295.0,300.0
2263,S16,1,baseline,300.0,305.0
2264,S16,1,baseline,305.0,310.0
2265,S16,1,baseline,310.0,315.0
2266,S16,1,baseline,315.0,320.0
2267,S16,1,baseline,320.0,325.0
2268,S16,1,baseline,325.0,330.0
2269,S16,1,baseline,330.0,335.0
2270,S16,1,baseline,335.0,340.0
2271,S16,1,baseline,340.0,345.0
2272,S16,1,baseline,345.0,350.0
2273,S16,1,baseline,350.0,355.0
2274,S16,1,baseline,355.0,360.0
2275,S16,1,baseline,360.0,365.0
2276,S16,1,baseline,365.0,370.0
2277,S16,1,baseline,370.0,375.0
2278,S16,1,baseline,375.0,380.0
2279,S16,1,baseline,380.0,385.0
2280,S16,1,baseline,385.0,390.0
2281,S16,1,baseline,390.0,395.0
2282,S16,1,baseline,395.0,400.0
2283,S16,1,baseline,400.0,405.0
2284,S16,1,baseline,405.0,410.0
2285,S16,1,baseline,410.0,415.0
2286,S16,1,baseline,415.0,420.0
2287,S16,1,baseline,420.0,425.0
2288,S16,1,baseline,425.0,430.0
2289,S16,1,baseline,430.0,435.0
2290,S16,1,baseline,435.0,440.0
2291,S16,1,baseline,440.0,445.0
2292,S16,1,baseline,445.0,450.0
2293,S16,1,baseline,450.0,455.0
2294,S16,1,baseline,455.0,460.0
2295,S16,1,baseline,460.0,465.0
2296,S16,1,baseline,465.0,470.0
2297,S16,1,baseline,470.0,475.0
2298,S16,1,baseline,475.0,480.0
2299,S16,1,baseline,480.0,485.0
2300,S16,1,baseline,485.0,490.0
2301,S16,1,baseline,490.0,495.0
2302,S16,1,baseline,495.0,500.0
2303,S16,1,baseline,500.0,505.0
2304,S16,1,baseline,505.0,510.0
2305,S16,1,baseline,510.0,515.0
2306,S16,1,baseline,515.0,520.0
2307,S16,1,baseline,520.0,525.0
2308,S16,1,baseline,525.0,530.0
2309,S16,1,baseline,530.0,535.0
2310,S16,1,baseline,535.0,540.0
2311,S16,1,baseline,540.0,545.0
2312,S16,1,baseline,545.0,550.0
2313,S16,1,baseline,550.0,555.0
2314,S16,1,baseline,555.0,560.0
2315,S16,1,baseline,560.0,565.0
2316,S16,1,baseline,565.0,570.0
2317,S16,1,baseline,570.0,575.0
2318,S16,1,baseline,575.0,580.0
2319,S16,1,baseline,580.0,585.0
2320,S16,1,baseline,585.0,590.0
2321,S16,1,baseline,590.0,595.0
2322,S16,1,baseline,595.0,600.0
2323,S16,1,baseline,600.0,605.0
2324,S16,1,baseline,605.0,610.0
2325,S16,1,baseline,610.0,615.0
2326,S16,1,baseline,615.0,620.0
2327,S16,1,baseline,620.0,625.0
2328,S16,1,baseline,625.0,630.0
2329,S16,1,baseline,630.0,635.0
2330,S16,1,baseline,635.0,640.0
2331,S16,1,baseline,640.0,645.0
2332,S16,1,baseline,645.0,650.0
2333,S16,1,baseline,650.0,655.0
2334,S16,1,baseline,655.0,660.0
2335,S16,1,baseline,660.0,665.0
2336,S16,1,baseline,665.0,670.0
2337,S16,1,baseline,670.0,675.0
2338,S16,1,baseline,675.0,680.0
2339,S16,1,baseline,680.0,685.0
2340,S16,1,baseline,685.0,690.0
2341,S16,1,baseline,690.0,695.0
2342,S16,1,baseline,695.0,700.0
2343,S16,1,baseline,700.0,705.0
2344,S16,1,baseline,705.0,710.0
2345,S16,1,baseline,710.0,715.0
2346,S16,1,baseline,715.0,720.0
2347,S16,1,baseline,720.0,725.0
2348,S16,1,baseline,725.0,730.0
2349,S16,1,baseline,730.0,735.0
2350,S16,1,baseline,735.0,740.0
2351,S16,1,baseline,740.0,745.0
2352,S16,1,baseline,745.0,750.0
2353,S16,1,baseline,750.0,755.0
2354,S16,1,baseline,755.0,760.0
2355,S16,1,baseline,760.0,765.0
2356,S16,1,baseline,765.0,770.0
2357,S16,1,baseline,770.0,775.0
2358,S16,1,baseline,775.0,780.0
2359,S16,1,baseline,780.0,785.0
2360,S16,1,baseline,785.0,790.0
2361,S16,1,baseline,790.0,795.0
2362,S16,1,baseline,795.0,800.0
2363,S16,1,baseline,800.0,805.0
2364,S16,1,baseline,805.0,810.0
2365,S16,1,baseline,810.0,815.0
2366,S16,1,baseline,815.0,820.0
2367,S16,1,baseline,820.0,825.0
2368,S16,1,baseline,825.0,830.0
2369,S16,1,baseline,830.0,835.0
2370,S16,1,baseline,835.0,840.0
2371,S16,1,baseline,840.0,845.0
2372,S16,1,baseline,845.0,850.0
2373,S16,1,baseline,850.0,855.0
2374,S16,1,baseline,855.0,860.0
2375,S16,1,baseline,860.0,865.0
2376,S16,1,baseline,865.0,870.0
2377,S16,1,baseline,870.0,875.0
2378,S16,1,baseline,875.0,880.0
2379,S16,1,baseline,880.0,885.0
2380,S16,1,baseline,885.0,890.0
2381,S16,1,baseline,890.0,895.0
2382,S16,1,baseline,895.0,900.0
2383,S16,1,baseline,900.0,905.0
2384,S16,1,baseline,905.0,910.0
2385,S16,1,baseline,910.0,915.0
2386,S16,1,baseline,915.0,920.0
2387,S16,1,baseline,920.0,925.0
2388,S16,1,baseline,925.0,930.0
2389,S16,1,baseline,930.0,935.0
2390,S16,1,baseline,935.0,940.0
2391,S16,1,baseline,940.0,945.0
2392,S16,1,baseline,945.0,950.0
2393,S16,1,baseline,950.0,955.0
2394,S16,1,baseline,955.0,960.0
2395,S16,1,baseline,960.0,965.0
2396,S16,1,baseline,965.0,970.0
2397,S16,1,baseline,970.0,975.0
2398,S16,1,baseline,975.0,980.0
2399,S16,1,baseline,980.0,985.0
2400,S16,1,baseline,985.0,990.0
2401,S16,1,baseline,990.0,995.0
2402,S16,1,baseline,995.0,1000.0
2403,S16,1,baseline,1000.0,1005.0
2404,S16,1,baseline,1005.0,1010.0
2405,S16,1,baseline,1010.0,1015.0
2406,S16,1,baseline,1015.0,1020.0
2407,S16,1,baseline,1020.0,1025.0
2408,S16,1,baseline,1025.0,1030.0
2409,S16,1,baseline,1030.0,1035.0
2410,S16,1,baseline,1035.0,1040.0
2411,S16,1,baseline,1040.0,1045.0
2412,S16,1,baseline,1045.0,1050.0
2413,S16,1,baseline,1050.0,1055.0
2414,S16,1,baseline,1055.0,1060.0
2415,S16,1,baseline,1060.0,1065.0
2416,S16,1,baseline,1065.0,1070.0
2417,S16,1,baseline,1070.0,1075.0
2418,S16,1,baseline,1075.0,1080.0
2419,S16,1,baseline,1080.0,1085.0
2420,S16,1,baseline,1085.0,1090.0
2421,S16,1,baseline,1090.0,1095.0
2422,S16,1,baseline,1095.0,1100.0
2423,S16,1,baseline,1100.0,1105.0
2424,S16,1,baseline,1105.0,1110.0
2425,S16,1,baseline,1110.0,1115.0
2426,S16,1,baseline,1115.0,1120.0
2427,S16,1,baseline,1120.0,1125.0
2428,S16,1,baseline,1125.0,1130.0
2429,S16,1,baseline,1130.0,1135.0
2430,S16,1,baseline,1135.0,1140.0
2431,S16,1,baseline,1140.0,1145.0
2432,S16,1,baseline,1145.0,1150.0
2433,S16,1,baseline,1150.0,1155.0
2434,S16,1,baseline,1155.0,1160.0
2435,S16,1,baseline,1160.0,1165.0
2436,S16,1,baseline,1165.0,1170.0
2437,S16,1,baseline,1170.0,1175.0
2438,S16,1,baseline,1175.0,1180.0
2439,S16,1,baseline,1180.0,1185.0
2440,S16,1,baseline,1185.0,1190.0
2441,S16,1,baseline,1190.0,1195.0
2442,S16,1,baseline,1195.0,1200.0
2443,S16,1,baseline,1200.0,1205.0
2444,S16,1,baseline,1205.0,1210.0
2445,S16,1,baseline,1210.0,1215.0
2446,S16,1,baseline,1215.0,1220.0
2447,S16,1,baseline,1220.0,1225.0
2448,S16,1,baseline,1225.0,1230.0
2449,S16,1,baseline,1230.0,1235.0
2450,S16,1,baseline,1235.0,1240.0
2451,S16,1,baseline,1240.0,1245.0
2452,S16,1,baseline,1245.0,1250.0
2453,S16,1,baseline,1250.0,1255.0
2454,S16,1,baseline,1255.0,1260.0
2455,S16,1,baseline,1260.0,1265.0
2456,S16,1,baseline,1265.0,1270.0
2457,S16,1,baseline,1270.0,1275.0
2458,S16,2,stress,1990.0,1995.0
2459,S16,2,stress,1995.0,2000.0
2460,S16,2,stress,2000.0,2005.0
2461,S16,2,stress,2005.0,2010.0
2462,S16,2,stress,2010.0,2015.0
2463,S16,2,stress,2015.0,2020.0
2464,S16,2,stress,2020.0,2025.0
2465,S16,2,stress,2025.0,2030.0
2466,S16,2,stress,2030.0,2035.0
2467,S16,2,stress,2035.0,2040.0
2468,S16,2,stress,2040.0,2045.0
2469,S16,2,stress,2045.0,2050.0
2470,S16,2,stress,2050.0,2055.0
2471,S16,2,stress,2055.0,2060.0
2472,S16,2,stress,2060.0,2065.0
2473,S16,2,stress,2065.0,2070.0
2474,S16,2,stress,2070.0,2075.0
2475,S16,2,stress,2075.0,2080.0
2476,S16,2,stress,2080.0,2085.0
2477,S16,2,stress,2085.0,2090.0
2478,S16,2,stress,2090.0,2095.0
2479,S16,2,stress,2095.0,2100.0
2480,S16,2,stress,2100.0,2105.0
2481,S16,2,stress,2105.0,2110.0
2482,S16,2,stress,2110.0,2115.0
2483,S16,2,stress,2115.0,2120.0
2484,S16,2,stress,2120.0,2125.0
2485,S16,2,stress,2125.0,2130.0
2486,S16,2,stress,2130.0,2135.0
2487,S16,2,stress,2135.0,2140.0
2488,S16,2,stress,2140.0,2145.0
2489,S16,2,stress,2145.0,2150.0
2490,S16,2,stress,2150.0,2155.0
2491,S16,2,stress,2155.0,2160.0
2492,S16,2,stress,2160.0,2165.0
2493,S16,2,stress,2165.0,2170.0
2494,S16,2,stress,2170.0,2175.0
2495,S16,2,stress,2175.0,2180.0
2496,S16,2,stress,2180.0,2185.0
2497,S16,2,stress,2185.0,2190.0
2498,S16,2,stress,2190.0,2195.0
2499,S16,2,stress,2195.0,2200.0
2500,S16,2,stress,2200.0,2205.0
2501,S16,2,stress,2205.0,2210.0
2502,S16,2,stress,2210.0,2215.0
2503,S16,2,stress,2215.0,2220.0
2504,S16,2,stress,2220.0,2225.0
2505,S16,2,stress,2225.0,2230.0
2506,S16,2,stress,2230.0,2235.0
2507,S16,2,stress,2235.0,2240.0
2508,S16,2,stress,2240.0,2245.0
2509,S16,2,stress,2245.0,2250.0
2510,S16,2,stress,2250.0,2255.0
2511,S16,2,stress,2255.0,2260.0
2512,S16,2,stress,2260.0,2265.0
2513,S16,2,stress,2265.0,2270.0
2514,S16,2,stress,2270.0,2275.0
2515,S16,2,stress,2275.0,2280.0
2516,S16,2,stress,2280.0,2285.0
2517,S16,2,stress,2285.0,2290.0
2518,S16,2,stress,2290.0,2295.0
2519,S16,2,stress,2295.0,2300.0
2520,S16,2,stress,2300.0,2305.0
2521,S16,2,stress,2305.0,2310.0
2522,S16,2,stress,2310.0,2315.0
2523,S16,2,stress,2315.0,2320.0
2524,S16,2,stress,2320.0,2325.0
2525,S16,2,stress,2325.0,2330.0
2526,S16,2,stress,2330.0,2335.0
2527,S16,2,stress,2335.0,2340.0
2528,S16,2,stress,2340.0,2345.0
2529,S16,2,stress,2345.0,2350.0
2530,S16,2,stress,2350.0,2355.0
2531,S16,2,stress,2355.0,2360.0
2532,S16,2,stress,2360.0,2365.0
2533,S16,2,stress,2365.0,2370.0
2534,S16,2,stress,2370.0,2375.0
2535,S16,2,stress,2375.0,2380.0
2536,S16,2,stress,2380.0,2385.0
2537,S16,2,stress,2385.0,2390.0
2538,S16,2,stress,2390.0,2395.0
2539,S16,2,stress,2395.0,2400.0
2540,S16,2,stress,2400.0,2405.0
2541,S16,2,stress,2405.0,2410.0
2542,S16,2,stress,2410.0,2415.0
2543,S16,2,stress,2415.0,2420.0
2544,S16,2,stress,2420.0,2425.0
2545,S16,2,stress,2425.0,2430.0
2546,S16,2,stress,2430.0,2435.0
2547,S16,2,stress,2435.0,2440.0
2548,S16,2,stress,2440.0,2445.0
2549,S16,2,stress,2445.0,2450.0
2550,S16,2,stress,2450.0,2455.0
2551,S16,2,stress,2455.0,2460.0
2552,S16,2,stress,2460.0,2465.0
2553,S16,2,stress,2465.0,2470.0
2554,S16,2,stress,2470.0,2475.0
2555,S16,2,stress,2475.0,2480.0
2556,S16,2,stress,2480.0,2485.0
2557,S16,2,stress,2485.0,2490.0
2558,S16,2,stress,2490.0,2495.0
2559,S16,2,stress,2495.0,2500.0
2560,S16,2,stress,2500.0,2505.0
2561,S16,2,stress,2505.0,2510.0
2562,S16,2,stress,2510.0,2515.0
2563,S16,2,stress,2515.0,2520.0
2564,S16,2,stress,2520.0,2525.0
2565,S16,2,stress,2525.0,2530.0
2566,S16,2,stress,2530.0,2535.0
2567,S16,2,stress,2535.0,2540.0
2568,S16,2,stress,2540.0,2545.0
2569,S16,2,stress,2545.0,2550.0
2570,S16,2,stress,2550.0,2555.0
2571,S16,2,stress,2555.0,2560.0
2572,S16,2,stress,2560.0,2565.0
2573,S16,2,stress,2565.0,2570.0
2574,S16,2,stress,2570.0,2575.0
2575,S16,2,stress,2575.0,2580.0
2576,S16,2,stress,2580.0,2585.0
2577,S16,2,stress,2585.0,2590.0
2578,S16,2,stress,2590.0,2595.0
2579,S16,2,stress,2595.0,2600.0
2580,S16,2,stress,2600.0,2605.0
2581,S16,2,stress,2605.0,2610.0
2582,S16,2,stress,2610.0,2615.0
2583,S16,2,stress,2615.0,2620.0
2584,S16,2,stress,2620.0,2625.0
2585,S16,2,stress,2625.0,2630.0
2586,S16,2,stress,2630.0,2635.0
2587,S16,2,stress,2635.0,2640.0
2588,S16,2,stress,2640.0,2645.0
2589,S16,2,stress,2645.0,2650.0
2590,S16,2,stress,2650.0,2655.0
2591,S16,2,stress,2655.0,2660.0
2592,S16,3,amusement,4325.0,4330.0
2593,S16,3,amusement,4330.0,4335.0
2594,S16,3,amusement,4335.0,4340.0
2595,S16,3,amusement,4340.0,4345.0
2596,S16,3,amusement,4345.0,4350.0
2597,S16,3,amusement,4350.0,4355.0
2598,S16,3,amusement,4355.0,4360.0
2599,S16,3,amusement,4360.0,4365.0
2600,S16,3,amusement,4365.0,4370.0
2601,S16,3,amusement,4370.0,4375.0
2602,S16,3,amusement,4375.0,4380.0
2603,S16,3,amusement,4380.0,4385.0
2604,S16,3,amusement,4385.0,4390.0
2605,S16,3,amusement,4390.0,4395.0
2606,S16,3,amusement,4395.0,4400.0
2607,S16,3,amusement,4400.0,4405.0
2608,S16,3,amusement,4405.0,4410.0
2609,S16,3,amusement,4410.0,4415.0
2610,S16,3,amusement,4415.0,4420.0
2611,S16,3,amusement,4420.0,4425.0
2612,S16,3,amusement,4425.0,4430.0
2613,S16,3,amusement,4430.0,4435.0
2614,S16,3,amusement,4435.0,4440.0
2615,S16,3,amusement,4440.0,4445.0
2616,S16,3,amusement,4445.0,4450.0
2617,S16,3,amusement,4450.0,4455.0
2618,S16,3,amusement,4455.0,4460.0
2619,S16,3,amusement,4460.0,4465.0
2620,S16,3,amusement,4465.0,4470.0
2621,S16,3,amusement,4470.0,4475.0
2622,S16,3,amusement,4475.0,4480.0
2623,S16,3,amusement,4480.0,4485.0
2624,S16,3,amusement,4485.0,4490.0
2625,S16,3,amusement,4490.0,4495.0
2626,S16,3,amusement,4495.0,4500.0
2627,S16,3,amusement,4500.0,4505.0
2628,S16,3,amusement,4505.0,4510.0
2629,S16,3,amusement,4510.0,4515.0
2630,S16,3,amusement,4515.0,4520.0
2631,S16,3,amusement,4520.0,4525.0
2632,S16,3,amusement,4525.0,4530.0
2633,S16,3,amusement,4530.0,4535.0
2634,S16,3,amusement,4535.0,4540.0
2635,S16,3,amusement,4540.0,4545.0
2636,S16,3,amusement,4545.0,4550.0
2637,S16,3,amusement,4550.0,4555.0
2638,S16,3,amusement,4555.0,4560.0
2639,S16,3,amusement,4560.0,4565.0
2640,S16,3,amusement,4565.0,4570.0
2641,S16,3,amusement,4570.0,4575.0
2642,S16,3,amusement,4575.0,4580.0
2643,S16,3,amusement,4580.0,4585.0
2644,S16,3,amusement,4585.0,4590.0
2645,S16,3,amusement,4590.0,4595.0
2646,S16,3,amusement,4595.0,4600.0
2647,S16,3,amusement,4600.0,4605.0
2648,S16,3,amusement,4605.0,4610.0
2649,S16,3,amusement,4610.0,4615.0
2650,S16,3,amusement,4615.0,4620.0
2651,S16,3,amusement,4620.0,4625.0
2652,S16,3,amusement,4625.0,4630.0
2653,S16,3,amusement,4630.0,4635.0
2654,S16,3,amusement,4635.0,4640.0
2655,S16,3,amusement,4640.0,4645.0
2656,S16,3,amusement,4645.0,4650.0
2657,S16,3,amusement,4650.0,4655.0
2658,S16,3,amusement,4655.0,4660.0
2659,S16,3,amusement,4660.0,4665.0
2660,S16,3,amusement,4665.0,4670.0
2661,S16,3,amusement,4670.0,4675.0
2662,S16,3,amusement,4675.0,4680.0
2663,S16,3,amusement,4680.0,4685.0
2664,S17,1,baseline,95.0,100.0
2665,S17,1,baseline,100.0,105.0
2666,S17,1,baseline,105.0,110.0
2667,S17,1,baseline,110.0,115.0
2668,S17,1,baseline,115.0,120.0
2669,S17,1,baseline,120.0,125.0
2670,S17,1,baseline,125.0,130.0
2671,S17,1,baseline,130.0,135.0
2672,S17,1,baseline,135.0,140.0
2673,S17,1,baseline,140.0,145.0
2674,S17,1,baseline,145.0,150.0
2675,S17,1,baseline,150.0,155.0
2676,S17,1,baseline,155.0,160.0
2677,S17,1,baseline,160.0,165.0
2678,S17,1,baseline,165.0,170.0
2679,S17,1,baseline,170.0,175.0
2680,S17,1,baseline,175.0,180.0
2681,S17,1,baseline,180.0,185.0
2682,S17,1,baseline,185.0,190.0
2683,S17,1,baseline,190.0,195.0
2684,S17,1,baseline,195.0,200.0
2685,S17,1,baseline,200.0,205.0
2686,S17,1,baseline,205.0,210.0
2687,S17,1,baseline,210.0,215.0
2688,S17,1,baseline,215.0,220.0
2689,S17,1,baseline,220.0,225.0
2690,S17,1,baseline,225.0,230.0
2691,S17,1,baseline,230.0,235.0
2692,S17,1,baseline,235.0,240.0
2693,S17,1,baseline,240.0,245.0
2694,S17,1,baseline,245.0,250.0
2695,S17,1,baseline,250.0,255.0
2696,S17,1,baseline,255.0,260.0
2697,S17,1,baseline,260.0,265.0
2698,S17,1,baseline,265.0,270.0
2699,S17,1,baseline,270.0,275.0
2700,S17,1,baseline,275.0,280.0
2701,S17,1,baseline,280.0,285.0
2702,S17,1,baseline,285.0,290.0
2703,S17,1,baseline,290.0,295.0
2704,S17,1,baseline,295.0,300.0
2705,S17,1,baseline,300.0,305.0
2706,S17,1,baseline,305.0,310.0
2707,S17,1,baseline,310.0,315.0
2708,S17,1,baseline,315.0,320.0
2709,S17,1,baseline,320.0,325.0
2710,S17,1,baseline,325.0,330.0
2711,S17,1,baseline,330.0,335.0
2712,S17,1,baseline,335.0,340.0
2713,S17,1,baseline,340.0,345.0
2714,S17,1,baseline,345.0,350.0
2715,S17,1,baseline,350.0,355.0
2716,S17,1,baseline,355.0,360.0
2717,S17,1,baseline,360.0,365.0
2718,S17,1,baseline,365.0,370.0
2719,S17,1,baseline,370.0,375.0
2720,S17,1,baseline,375.0,380.0
2721,S17,1,baseline,380.0,385.0
2722,S17,1,baseline,385.0,390.0
2723,S17,1,baseline,390.0,395.0
2724,S17,1,baseline,395.0,400.0
2725,S17,1,baseline,400.0,405.0
2726,S17,1,baseline,405.0,410.0
2727,S17,1,baseline,410.0,415.0
2728,S17,1,baseline,415.0,420.0
2729,S17,1,baseline,420.0,425.0
2730,S17,1,baseline,425.0,430.0
2731,S17,1,baseline,430.0,435.0
2732,S17,1,baseline,435.0,440.0
2733,S17,1,baseline,440.0,445.0
2734,S17,1,baseline,445.0,450.0
2735,S17,1,baseline,450.0,455.0
2736,S17,1,baseline,455.0,460.0
2737,S17,1,baseline,460.0,465.0
2738,S17,1,baseline,465.0,470.0
2739,S17,1,baseline,470.0,475.0
2740,S17,1,baseline,475.0,480.0
2741,S17,1,baseline,480.0,485.0
2742,S17,1,baseline,485.0,490.0
2743,S17,1,baseline,490.0,495.0
2744,S17,1,baseline,495.0,500.0
2745,S17,1,baseline,500.0,505.0
2746,S17,1,baseline,505.0,510.0
2747,S17,1,baseline,510.0,515.0
2748,S17,1,baseline,515.0,520.0
2749,S17,1,baseline,520.0,525.0
2750,S17,1,baseline,525.0,530.0
2751,S17,1,baseline,530.0,535.0
2752,S17,1,baseline,535.0,540.0
2753,S17,1,baseline,540.0,545.0
2754,S17,1,baseline,545.0,550.0
2755,S17,1,baseline,550.0,555.0
2756,S17,1,baseline,555.0,560.0
2757,S17,1,baseline,560.0,565.0
2758,S17,1,baseline,565.0,570.0
2759,S17,1,baseline,570.0,575.0
2760,S17,1,baseline,575.0,580.0
2761,S17,1,baseline,580.0,585.0
2762,S17,1,baseline,585.0,590.0
2763,S17,1,baseline,590.0,595.0
2764,S17,1,baseline,595.0,600.0
2765,S17,1,baseline,600.0,605.0
2766,S17,1,baseline,605.0,610.0
2767,S17,1,baseline,610.0,615.0
2768,S17,1,baseline,615.0,620.0
2769,S17,1,baseline,620.0,625.0
2770,S17,1,baseline,625.0,630.0
2771,S17,1,baseline,630.0,635.0
2772,S17,1,baseline,635.0,640.0
2773,S17,1,baseline,640.0,645.0
2774,S17,1,baseline,645.0,650.0
2775,S17,1,baseline,650.0,655.0
2776,S17,1,baseline,655.0,660.0
2777,S17,1,baseline,660.0,665.0
2778,S17,1,baseline,665.0,670.0
2779,S17,1,baseline,670.0,675.0
2780,S17,1,baseline,675.0,680.0
2781,S17,1,baseline,680.0,685.0
2782,S17,1,baseline,685.0,690.0
2783,S17,1,baseline,690.0,695.0
2784,S17,1,baseline,695.0,700.0
2785,S17,1,baseline,700.0,705.0
2786,S17,1,baseline,705.0,710.0
2787,S17,1,baseline,710.0,715.0
2788,S17,1,baseline,715.0,720.0
2789,S17,1,baseline,720.0,725.0
2790,S17,1,baseline,725.0,730.0
2791,S17,1,baseline,730.0,735.0
2792,S17,1,baseline,735.0,740.0
2793,S17,1,baseline,740.0,745.0
2794,S17,1,baseline,745.0,750.0
2795,S17,1,baseline,750.0,755.0
2796,S17,1,baseline,755.0,760.0
2797,S17,1,baseline,760.0,765.0
2798,S17,1,baseline,765.0,770.0
2799,S17,1,baseline,770.0,775.0
2800,S17,1,baseline,775.0,780.0
2801,S17,1,baseline,780.0,785.0
2802,S17,1,baseline,785.0,790.0
2803,S17,1,baseline,790.0,795.0
2804,S17,1,baseline,795.0,800.0
2805,S17,1,baseline,800.0,805.0
2806,S17,1,baseline,805.0,810.0
2807,S17,1,baseline,810.0,815.0
2808,S17,1,baseline,815.0,820.0
2809,S17,1,baseline,820.0,825.0
2810,S17,1,baseline,825.0,830.0
2811,S17,1,baseline,830.0,835.0
2812,S17,1,baseline,835.0,840.0
2813,S17,1,baseline,840.0,845.0
2814,S17,1,baseline,845.0,850.0
2815,S17,1,baseline,850.0,855.0
2816,S17,1,baseline,855.0,860.0
2817,S17,1,baseline,860.0,865.0
2818,S17,1,baseline,865.0,870.0
2819,S17,1,baseline,870.0,875.0
2820,S17,1,baseline,875.0,880.0
2821,S17,1,baseline,880.0,885.0
2822,S17,1,baseline,885.0,890.0
2823,S17,1,baseline,890.0,895.0
2824,S17,1,baseline,895.0,900.0
2825,S17,1,baseline,900.0,905.0
2826,S17,1,baseline,905.0,910.0
2827,S17,1,baseline,910.0,915.0
2828,S17,1,baseline,915.0,920.0
2829,S17,1,baseline,920.0,925.0
2830,S17,1,baseline,925.0,930.0
2831,S17,1,baseline,930.0,935.0
2832,S17,1,baseline,935.0,940.0
2833,S17,1,baseline,940.0,945.0
2834,S17,1,baseline,945.0,950.0
2835,S17,1,baseline,950.0,955.0
2836,S17,1,baseline,955.0,960.0
2837,S17,1,baseline,960.0,965.0
2838,S17,1,baseline,965.0,970.0
2839,S17,1,baseline,970.0,975.0
2840,S17,1,baseline,975.0,980.0
2841,S17,1,baseline,980.0,985.0
2842,S17,1,baseline,985.0,990.0
2843,S17,1,baseline,990.0,995.0
2844,S17,1,baseline,995.0,1000.0
2845,S17,1,baseline,1000.0,1005.0
2846,S17,1,baseline,1005.0,1010.0
2847,S17,1,baseline,1010.0,1015.0
2848,S17,1,baseline,1015.0,1020.0
2849,S17,1,baseline,1020.0,1025.0
2850,S17,1,baseline,1025.0,1030.0
2851,S17,1,baseline,1030.0,1035.0
2852,S17,1,baseline,1035.0,1040.0
2853,S17,1,baseline,1040.0,1045.0
2854,S17,1,baseline,1045.0,1050.0
2855,S17,1,baseline,1050.0,1055.0
2856,S17,1,baseline,1055.0,1060.0
2857,S17,1,baseline,1060.0,1065.0
2858,S17,1,baseline,1065.0,1070.0
2859,S17,1,baseline,1070.0,1075.0
2860,S17,1,baseline,1075.0,1080.0
2861,S17,1,baseline,1080.0,1085.0
2862,S17,1,baseline,1085.0,1090.0
2863,S17,1,baseline,1090.0,1095.0
2864,S17,1,baseline,1095.0,1100.0
2865,S17,1,baseline,1100.0,1105.0
2866,S17,1,baseline,1105.0,1110.0
2867,S17,1,baseline,1110.0,1115.0
2868,S17,1,baseline,1115.0,1120.0
2869,S17,1,baseline,1120.0,1125.0
2870,S17,1,baseline,1125.0,1130.0
2871,S17,1,baseline,1130.0,1135.0
2872,S17,1,baseline,1135.0,1140.0
2873,S17,1,baseline,1140.0,1145.0
2874,S17,1,baseline,1145.0,1150.0
2875,S17,1,baseline,1150.0,1155.0
2876,S17,1,baseline,1155.0,1160.0
2877,S17,1,baseline,1160.0,1165.0
2878,S17,1,baseline,1165.0,1170.0
2879,S17,1,baseline,1170.0,1175.0
2880,S17,1,baseline,1175.0,1180.0
2881,S17,1,baseline,1180.0,1185.0
2882,S17,1,baseline,1185.0,1190.0
2883,S17,1,baseline,1190.0,1195.0
2884,S17,1,baseline,1195.0,1200.0
2885,S17,1,baseline,1200.0,1205.0
2886,S17,1,baseline,1205.0,1210.0
2887,S17,1,baseline,1210.0,1215.0
2888,S17,1,baseline,1215.0,1220.0
2889,S17,1,baseline,1220.0,1225.0
2890,S17,1,baseline,1225.0,1230.0
2891,S17,1,baseline,1230.0,1235.0
2892,S17,1,baseline,1235.0,1240.0
2893,S17,1,baseline,1240.0,1245.0
2894,S17,1,baseline,1245.0,1250.0
2895,S17,1,baseline,1250.0,1255.0
2896,S17,1,baseline,1255.0,1260.0
2897,S17,1,baseline,1260.0,1265.0
2898,S17,1,baseline,1265.0,1270.0
2899,S17,3,amusement,1745.0,1750.0
2900,S17,3,amusement,1750.0,1755.0
2901,S17,3,amusement,1755.0,1760.0
2902,S17,3,amusement,1760.0,1765.0
2903,S17,3,amusement,1765.0,1770.0
2904,S17,3,amusement,1770.0,1775.0
2905,S17,3,amusement,1775.0,1780.0
2906,S17,3,amusement,1780.0,1785.0
2907,S17,3,amusement,1785.0,1790.0
2908,S17,3,amusement,1790.0,1795.0
2909,S17,3,amusement,1795.0,1800.0
2910,S17,3,amusement,1800.0,1805.0
2911,S17,3,amusement,1805.0,1810.0
2912,S17,3,amusement,1810.0,1815.0
2913,S17,3,amusement,1815.0,1820.0
2914,S17,3,amusement,1820.0,1825.0
2915,S17,3,amusement,1825.0,1830.0
2916,S17,3,amusement,1830.0,1835.0
2917,S17,3,amusement,1835.0,1840.0
2918,S17,3,amusement,1840.0,1845.0
2919,S17,3,amusement,1845.0,1850.0
2920,S17,3,amusement,1850.0,1855.0
2921,S17,3,amusement,1855.0,1860.0
2922,S17,3,amusement,1860.0,1865.0
2923,S17,3,amusement,1865.0,1870.0
2924,S17,3,amusement,1870.0,1875.0
2925,S17,3,amusement,1875.0,1880.0
2926,S17,3,amusement,1880.0,1885.0
2927,S17,3,amusement,1885.0,1890.0
2928,S17,3,amusement,1890.0,1895.0
2929,S17,3,amusement,1895.0,1900.0
2930,S17,3,amusement,1900.0,1905.0
2931,S17,3,amusement,1905.0,1910.0
2932,S17,3,amusement,1910.0,1915.0
2933,S17,3,amusement,1915.0,1920.0
2934,S17,3,amusement,1920.0,1925.0
2935,S17,3,amusement,1925.0,1930.0
2936,S17,3,amusement,1930.0,1935.0
2937,S17,3,amusement,1935.0,1940.0
2938,S17,3,amusement,1940.0,1945.0
2939,S17,3,amusement,1945.0,1950.0
2940,S17,3,amusement,1950.0,1955.0
2941,S17,3,amusement,1955.0,1960.0
2942,S17,3,amusement,1960.0,1965.0
2943,S17,3,amusement,1965.0,1970.0
2944,S17,3,amusement,1970.0,1975.0
2945,S17,3,amusement,1975.0,1980.0
2946,S17,3,amusement,1980.0,1985.0
2947,S17,3,amusement,1985.0,1990.0
2948,S17,3,amusement,1990.0,1995.0
2949,S17,3,amusement,1995.0,2000.0
2950,S17,3,amusement,2000.0,2005.0
2951,S17,3,amusement,2005.0,2010.0
2952,S17,3,amusement,2010.0,2015.0
2953,S17,3,amusement,2015.0,2020.0
2954,S17,3,amusement,2020.0,2025.0
2955,S17,3,amusement,2025.0,2030.0
2956,S17,3,amusement,2030.0,2035.0
2957,S17,3,amusement,2035.0,2040.0
2958,S17,3,amusement,2040.0,2045.0
2959,S17,3,amusement,2045.0,2050.0
2960,S17,3,amusement,2050.0,2055.0
2961,S17,3,amusement,2055.0,2060.0
2962,S17,3,amusement,2060.0,2065.0
2963,S17,3,amusement,2065.0,2070.0
2964,S17,3,amusement,2070.0,2075.0
2965,S17,3,amusement,2075.0,2080.0
2966,S17,3,amusement,2080.0,2085.0
2967,S17,3,amusement,2085.0,2090.0
2968,S17,3,amusement,2090.0,2095.0
2969,S17,3,amusement,2095.0,2100.0
2970,S17,3,amusement,2100.0,2105.0
2971,S17,3,amusement,2105.0,2110.0
2972,S17,2,stress,3515.0,3520.0
2973,S17,2,stress,3520.0,3525.0
2974,S17,2,stress,3525.0,3530.0
2975,S17,2,stress,3530.0,3535.0
2976,S17,2,stress,3535.0,3540.0
2977,S17,2,stress,3540.0,3545.0
2978,S17,2,stress,3545.0,3550.0
2979,S17,2,stress,3550.0,3555.0
2980,S17,2,stress,3555.0,3560.0
2981,S17,2,stress,3560.0,3565.0
2982,S17,2,stress,3565.0,3570.0
2983,S17,2,stress,3570.0,3575.0
2984,S17,2,stress,3575.0,3580.0
2985,S17,2,stress,3580.0,3585.0
2986,S17,2,stress,3585.0,3590.0
2987,S17,2,stress,3590.0,3595.0
2988,S17,2,stress,3595.0,3600.0
2989,S17,2,stress,3600.0,3605.0
2990,S17,2,stress,3605.0,3610.0
2991,S17,2,stress,3610.0,3615.0
2992,S17,2,stress,3615.0,3620.0
2993,S17,2,stress,3620.0,3625.0
2994,S17,2,stress,3625.0,3630.0
2995,S17,2,stress,3630.0,3635.0
2996,S17,2,stress,3635.0,3640.0
2997,S17,2,stress,3640.0,3645.0
2998,S17,2,stress,3645.0,3650.0
2999,S17,2,stress,3650.0,3655.0
3000,S17,2,stress,3655.0,3660.0
3001,S17,2,stress,3660.0,3665.0
3002,S17,2,stress,3665.0,3670.0
3003,S17,2,stress,3670.0,3675.0
3004,S17,2,stress,3675.0,3680.0
3005,S17,2,stress,3680.0,3685.0
3006,S17,2,stress,3685.0,3690.0
3007,S17,2,stress,3690.0,3695.0
3008,S17,2,stress,3695.0,3700.0
3009,S17,2,stress,3700.0,3705.0
3010,S17,2,stress,3705.0,3710.0
3011,S17,2,stress,3710.0,3715.0
3012,S17,2,stress,3715.0,3720.0
3013,S17,2,stress,3720.0,3725.0
3014,S17,2,stress,3725.0,3730.0
3015,S17,2,stress,3730.0,3735.0
3016,S17,2,stress,3735.0,3740.0
3017,S17,2,stress,3740.0,3745.0
3018,S17,2,stress,3745.0,3750.0
3019,S17,2,stress,3750.0,3755.0
3020,S17,2,stress,3755.0,3760.0
3021,S17,2,stress,3760.0,3765.0
3022,S17,2,stress,3765.0,3770.0
3023,S17,2,stress,3770.0,3775.0
3024,S17,2,stress,3775.0,3780.0
3025,S17,2,stress,3780.0,3785.0
3026,S17,2,stress,3785.0,3790.0
3027,S17,2,stress,3790.0,3795.0
3028,S17,2,stress,3795.0,3800.0
3029,S17,2,stress,3800.0,3805.0
3030,S17,2,stress,3805.0,3810.0
3031,S17,2,stress,3810.0,3815.0
3032,S17,2,stress,3815.0,3820.0
3033,S17,2,stress,3820.0,3825.0
3034,S17,2,stress,3825.0,3830.0
3035,S17,2,stress,3830.0,3835.0
3036,S17,2,stress,3835.0,3840.0
3037,S17,2,stress,3840.0,3845.0
3038,S17,2,stress,3845.0,3850.0
3039,S17,2,stress,3850.0,3855.0
3040,S17,2,stress,3855.0,3860.0
3041,S17,2,stress,3860.0,3865.0
3042,S17,2,stress,3865.0,3870.0
3043,S17,2,stress,3870.0,3875.0
3044,S17,2,stress,3875.0,3880.0
3045,S17,2,stress,3880.0,3885.0
3046,S17,2,stress,3885.0,3890.0
3047,S17,2,stress,3890.0,3895.0
3048,S17,2,stress,3895.0,3900.0
3049,S17,2,stress,3900.0,3905.0
3050,S17,2,stress,3905.0,3910.0
3051,S17,2,stress,3910.0,3915.0
3052,S17,2,stress,3915.0,3920.0
3053,S17,2,stress,3920.0,3925.0
3054,S17,2,stress,3925.0,3930.0
3055,S17,2,stress,3930.0,3935.0
3056,S17,2,stress,3935.0,3940.0
3057,S17,2,stress,3940.0,3945.0
3058,S17,2,stress,3945.0,3950.0
3059,S17,2,stress,3950.0,3955.0
3060,S17,2,stress,3955.0,3960.0
3061,S17,2,stress,3960.0,3965.0
3062,S17,2,stress,3965.0,3970.0
3063,S17,2,stress,3970.0,3975.0
3064,S17,2,stress,3975.0,3980.0
3065,S17,2,stress,3980.0,3985.0
3066,S17,2,stress,3985.0,3990.0
3067,S17,2,stress,3990.0,3995.0
3068,S17,2,stress,3995.0,4000.0
3069,S17,2,stress,4000.0,4005.0
3070,S17,2,stress,4005.0,4010.0
3071,S17,2,stress,4010.0,4015.0
3072,S17,2,stress,4015.0,4020.0
3073,S17,2,stress,4020.0,4025.0
3074,S17,2,stress,4025.0,4030.0
3075,S17,2,stress,4030.0,4035.0
3076,S17,2,stress,4035.0,4040.0
3077,S17,2,stress,4040.0,4045.0
3078,S17,2,stress,4045.0,4050.0
3079,S17,2,stress,4050.0,4055.0
3080,S17,2,stress,4055.0,4060.0
3081,S17,2,stress,4060.0,4065.0
3082,S17,2,stress,4065.0,4070.0
3083,S17,2,stress,4070.0,4075.0
3084,S17,2,stress,4075.0,4080.0
3085,S17,2,stress,4080.0,4085.0
3086,S17,2,stress,4085.0,4090.0
3087,S17,2,stress,4090.0,4095.0
3088,S17,2,stress,4095.0,4100.0
3089,S17,2,stress,4100.0,4105.0
3090,S17,2,stress,4105.0,4110.0
3091,S17,2,stress,4110.0,4115.0
3092,S17,2,stress,4115.0,4120.0
3093,S17,2,stress,4120.0,4125.0
3094,S17,2,stress,4125.0,4130.0
3095,S17,2,stress,4130.0,4135.0
3096,S17,2,stress,4135.0,4140.0
3097,S17,2,stress,4140.0,4145.0
3098,S17,2,stress,4145.0,4150.0
3099,S17,2,stress,4150.0,4155.0
3100,S17,2,stress,4155.0,4160.0
3101,S17,2,stress,4160.0,4165.0
3102,S17,2,stress,4165.0,4170.0
3103,S17,2,stress,4170.0,4175.0
3104,S17,2,stress,4175.0,4180.0
3105,S17,2,stress,4180.0,4185.0
3106,S17,2,stress,4185.0,4190.0
3107,S17,2,stress,4190.0,4195.0
3108,S17,2,stress,4195.0,4200.0
3109,S17,2,stress,4200.0,4205.0
3110,S17,2,stress,4205.0,4210.0
3111,S17,2,stress,4210.0,4215.0
3112,S17,2,stress,4215.0,4220.0
3113,S17,2,stress,4220.0,4225.0
3114,S17,2,stress,4225.0,4230.0
3115,S17,2,stress,4230.0,4235.0
3116,S2,1,baseline,310.0,315.0
3117,S2,1,baseline,315.0,320.0
3118,S2,1,baseline,320.0,325.0
3119,S2,1,baseline,325.0,330.0
3120,S2,1,baseline,330.0,335.0
3121,S2,1,baseline,335.0,340.0
3122,S2,1,baseline,340.0,345.0
3123,S2,1,baseline,345.0,350.0
3124,S2,1,baseline,350.0,355.0
3125,S2,1,baseline,355.0,360.0
3126,S2,1,baseline,360.0,365.0
3127,S2,1,baseline,365.0,370.0
3128,S2,1,baseline,370.0,375.0
3129,S2,1,baseline,375.0,380.0
3130,S2,1,baseline,380.0,385.0
3131,S2,1,baseline,385.0,390.0
3132,S2,1,baseline,390.0,395.0
3133,S2,1,baseline,395.0,400.0
3134,S2,1,baseline,400.0,405.0
3135,S2,1,baseline,405.0,410.0
3136,S2,1,baseline,410.0,415.0
3137,S2,1,baseline,415.0,420.0
3138,S2,1,baseline,420.0,425.0
3139,S2,1,baseline,425.0,430.0
3140,S2,1,baseline,430.0,435.0
3141,S2,1,baseline,435.0,440.0
3142,S2,1,baseline,440.0,445.0
3143,S2,1,baseline,445.0,450.0
3144,S2,1,baseline,450.0,455.0
3145,S2,1,baseline,455.0,460.0
3146,S2,1,baseline,460.0,465.0
3147,S2,1,baseline,465.0,470.0
3148,S2,1,baseline,470.0,475.0
3149,S2,1,baseline,475.0,480.0
3150,S2,1,baseline,480.0,485.0
3151,S2,1,baseline,485.0,490.0
3152,S2,1,baseline,490.0,495.0
3153,S2,1,baseline,495.0,500.0
3154,S2,1,baseline,500.0,505.0
3155,S2,1,baseline,505.0,510.0
3156,S2,1,baseline,510.0,515.0
3157,S2,1,baseline,515.0,520.0
3158,S2,1,baseline,520.0,525.0
3159,S2,1,baseline,525.0,530.0
3160,S2,1,baseline,530.0,535.0
3161,S2,1,baseline,535.0,540.0
3162,S2,1,baseline,540.0,545.0
3163,S2,1,baseline,545.0,550.0
3164,S2,1,baseline,550.0,555.0
3165,S2,1,baseline,555.0,560.0
3166,S2,1,baseline,560.0,565.0
3167,S2,1,baseline,565.0,570.0
3168,S2,1,baseline,570.0,575.0
3169,S2,1,baseline,575.0,580.0
3170,S2,1,baseline,580.0,585.0
3171,S2,1,baseline,585.0,590.0
3172,S2,1,baseline,590.0,595.0
3173,S2,1,baseline,595.0,600.0
3174,S2,1,baseline,600.0,605.0
3175,S2,1,baseline,605.0,610.0
3176,S2,1,baseline,610.0,615.0
3177,S2,1,baseline,615.0,620.0
3178,S2,1,baseline,620.0,625.0
3179,S2,1,baseline,625.0,630.0
3180,S2,1,baseline,630.0,635.0
3181,S2,1,baseline,635.0,640.0
3182,S2,1,baseline,640.0,645.0
3183,S2,1,baseline,645.0,650.0
3184,S2,1,baseline,650.0,655.0
3185,S2,1,baseline,655.0,660.0
3186,S2,1,baseline,660.0,665.0
3187,S2,1,baseline,665.0,670.0
3188,S2,1,baseline,670.0,675.0
3189,S2,1,baseline,675.0,680.0
3190,S2,1,baseline,680.0,685.0
3191,S2,1,baseline,685.0,690.0
3192,S2,1,baseline,690.0,695.0
3193,S2,1,baseline,695.0,700.0
3194,S2,1,baseline,700.0,705.0
3195,S2,1,baseline,705.0,710.0
3196,S2,1,baseline,710.0,715.0
3197,S2,1,baseline,715.0,720.0
3198,S2,1,baseline,720.0,725.0
3199,S2,1,baseline,725.0,730.0
3200,S2,1,baseline,730.0,735.0
3201,S2,1,baseline,735.0,740.0
3202,S2,1,baseline,740.0,745.0
3203,S2,1,baseline,745.0,750.0
3204,S2,1,baseline,750.0,755.0
3205,S2,1,baseline,755.0,760.0
3206,S2,1,baseline,760.0,765.0
3207,S2,1,baseline,765.0,770.0
3208,S2,1,baseline,770.0,775.0
3209,S2,1,baseline,775.0,780.0
3210,S2,1,baseline,780.0,785.0
3211,S2,1,baseline,785.0,790.0
3212,S2,1,baseline,790.0,795.0
3213,S2,1,baseline,795.0,800.0
3214,S2,1,baseline,800.0,805.0
3215,S2,1,baseline,805.0,810.0
3216,S2,1,baseline,810.0,815.0
3217,S2,1,baseline,815.0,820.0
3218,S2,1,baseline,820.0,825.0
3219,S2,1,baseline,825.0,830.0
3220,S2,1,baseline,830.0,835.0
3221,S2,1,baseline,835.0,840.0
3222,S2,1,baseline,840.0,845.0
3223,S2,1,baseline,845.0,850.0
3224,S2,1,baseline,850.0,855.0
3225,S2,1,baseline,855.0,860.0
3226,S2,1,baseline,860.0,865.0
3227,S2,1,baseline,865.0,870.0
3228,S2,1,baseline,870.0,875.0
3229,S2,1,baseline,875.0,880.0
3230,S2,1,baseline,880.0,885.0
3231,S2,1,baseline,885.0,890.0
3232,S2,1,baseline,890.0,895.0
3233,S2,1,baseline,895.0,900.0
3234,S2,1,baseline,900.0,905.0
3235,S2,1,baseline,905.0,910.0
3236,S2,1,baseline,910.0,915.0
3237,S2,1,baseline,915.0,920.0
3238,S2,1,baseline,920.0,925.0
3239,S2,1,baseline,925.0,930.0
3240,S2,1,baseline,930.0,935.0
3241,S2,1,baseline,935.0,940.0
3242,S2,1,baseline,940.0,945.0
3243,S2,1,baseline,945.0,950.0
3244,S2,1,baseline,950.0,955.0
3245,S2,1,baseline,955.0,960.0
3246,S2,1,baseline,960.0,965.0
3247,S2,1,baseline,965.0,970.0
3248,S2,1,baseline,970.0,975.0
3249,S2,1,baseline,975.0,980.0
3250,S2,1,baseline,980.0,985.0
3251,S2,1,baseline,985.0,990.0
3252,S2,1,baseline,990.0,995.0
3253,S2,1,baseline,995.0,1000.0
3254,S2,1,baseline,1000.0,1005.0
3255,S2,1,baseline,1005.0,1010.0
3256,S2,1,baseline,1010.0,1015.0
3257,S2,1,baseline,1015.0,1020.0
3258,S2,1,baseline,1020.0,1025.0
3259,S2,1,baseline,1025.0,1030.0
3260,S2,1,baseline,1030.0,1035.0
3261,S2,1,baseline,1035.0,1040.0
3262,S2,1,baseline,1040.0,1045.0
3263,S2,1,baseline,1045.0,1050.0
3264,S2,1,baseline,1050.0,1055.0
3265,S2,1,baseline,1055.0,1060.0
3266,S2,1,baseline,1060.0,1065.0
3267,S2,1,baseline,1065.0,1070.0
3268,S2,1,baseline,1070.0,1075.0
3269,S2,1,baseline,1075.0,1080.0
3270,S2,1,baseline,1080.0,1085.0
3271,S2,1,baseline,1085.0,1090.0
3272,S2,1,baseline,1090.0,1095.0
3273,S2,1,baseline,1095.0,1100.0
3274,S2,1,baseline,1100.0,1105.0
3275,S2,1,baseline,1105.0,1110.0
3276,S2,1,baseline,1110.0,1115.0
3277,S2,1,baseline,1115.0,1120.0
3278,S2,1,baseline,1120.0,1125.0
3279,S2,1,baseline,1125.0,1130.0
3280,S2,1,baseline,1130.0,1135.0
3281,S2,1,baseline,1135.0,1140.0
3282,S2,1,baseline,1140.0,1145.0
3283,S2,1,baseline,1145.0,1150.0
3284,S2,1,baseline,1150.0,1155.0
3285,S2,1,baseline,1155.0,1160.0
3286,S2,1,baseline,1160.0,1165.0
3287,S2,1,baseline,1165.0,1170.0
3288,S2,1,baseline,1170.0,1175.0
3289,S2,1,baseline,1175.0,1180.0
3290,S2,1,baseline,1180.0,1185.0
3291,S2,1,baseline,1185.0,1190.0
3292,S2,1,baseline,1190.0,1195.0
3293,S2,1,baseline,1195.0,1200.0
3294,S2,1,baseline,1200.0,1205.0
3295,S2,1,baseline,1205.0,1210.0
3296,S2,1,baseline,1210.0,1215.0
3297,S2,1,baseline,1215.0,1220.0
3298,S2,1,baseline,1220.0,1225.0
3299,S2,1,baseline,1225.0,1230.0
3300,S2,1,baseline,1230.0,1235.0
3301,S2,1,baseline,1235.0,1240.0
3302,S2,1,baseline,1240.0,1245.0
3303,S2,1,baseline,1245.0,1250.0
3304,S2,1,baseline,1250.0,1255.0
3305,S2,1,baseline,1255.0,1260.0
3306,S2,1,baseline,1260.0,1265.0
3307,S2,1,baseline,1265.0,1270.0
3308,S2,1,baseline,1270.0,1275.0
3309,S2,1,baseline,1275.0,1280.0
3310,S2,1,baseline,1280.0,1285.0
3311,S2,1,baseline,1285.0,1290.0
3312,S2,1,baseline,1290.0,1295.0
3313,S2,1,baseline,1295.0,1300.0
3314,S2,1,baseline,1300.0,1305.0
3315,S2,1,baseline,1305.0,1310.0
3316,S2,1,baseline,1310.0,1315.0
3317,S2,1,baseline,1315.0,1320.0
3318,S2,1,baseline,1320.0,1325.0
3319,S2,1,baseline,1325.0,1330.0
3320,S2,1,baseline,1330.0,1335.0
3321,S2,1,baseline,1335.0,1340.0
3322,S2,1,baseline,1340.0,1345.0
3323,S2,1,baseline,1345.0,1350.0
3324,S2,1,baseline,1350.0,1355.0
3325,S2,1,baseline,1355.0,1360.0
3326,S2,1,baseline,1360.0,1365.0
3327,S2,1,baseline,1365.0,1370.0
3328,S2,1,baseline,1370.0,1375.0
3329,S2,1,baseline,1375.0,1380.0
3330,S2,1,baseline,1380.0,1385.0
3331,S2,1,baseline,1385.0,1390.0
3332,S2,1,baseline,1390.0,1395.0
3333,S2,1,baseline,1395.0,1400.0
3334,S2,1,baseline,1400.0,1405.0
3335,S2,1,baseline,1405.0,1410.0
3336,S2,1,baseline,1410.0,1415.0
3337,S2,1,baseline,1415.0,1420.0
3338,S2,1,baseline,1420.0,1425.0
3339,S2,1,baseline,1425.0,1430.0
3340,S2,1,baseline,1430.0,1435.0
3341,S2,1,baseline,1435.0,1440.0
3342,S2,1,baseline,1440.0,1445.0
3343,S2,1,baseline,1445.0,1450.0
3344,S2,2,stress,2275.0,2280.0
3345,S2,2,stress,2280.0,2285.0
3346,S2,2,stress,2285.0,2290.0
3347,S2,2,stress,2290.0,2295.0
3348,S2,2,stress,2295.0,2300.0
3349,S2,2,stress,2300.0,2305.0
3350,S2,2,stress,2305.0,2310.0
3351,S2,2,stress,2310.0,2315.0
3352,S2,2,stress,2315.0,2320.0
3353,S2,2,stress,2320.0,2325.0
3354,S2,2,stress,2325.0,2330.0
3355,S2,2,stress,2330.0,2335.0
3356,S2,2,stress,2335.0,2340.0
3357,S2,2,stress,2340.0,2345.0
3358,S2,2,stress,2345.0,2350.0
3359,S2,2,stress,2350.0,2355.0
3360,S2,2,stress,2355.0,2360.0
3361,S2,2,stress,2360.0,2365.0
3362,S2,2,stress,2365.0,2370.0
3363,S2,2,stress,2370.0,2375.0
3364,S2,2,stress,2375.0,2380.0
3365,S2,2,stress,2380.0,2385.0
3366,S2,2,stress,2385.0,2390.0
3367,S2,2,stress,2390.0,2395.0
3368,S2,2,stress,2395.0,2400.0
3369,S2,2,stress,2400.0,2405.0
3370,S2,2,stress,2405.0,2410.0
3371,S2,2,stress,2410.0,2415.0
3372,S2,2,stress,2415.0,2420.0
3373,S2,2,stress,2420.0,2425.0
3374,S2,2,stress,2425.0,2430.0
3375,S2,2,stress,2430.0,2435.0
3376,S2,2,stress,2435.0,2440.0
3377,S2,2,stress,2440.0,2445.0
3378,S2,2,stress,2445.0,2450.0
3379,S2,2,stress,2450.0,2455.0
3380,S2,2,stress,2455.0,2460.0
3381,S2,2,stress,2460.0,2465.0
3382,S2,2,stress,2465.0,2470.0
3383,S2,2,stress,2470.0,2475.0
3384,S2,2,stress,2475.0,2480.0
3385,S2,2,stress,2480.0,2485.0
3386,S2,2,stress,2485.0,2490.0
3387,S2,2,stress,2490.0,2495.0
3388,S2,2,stress,2495.0,2500.0
3389,S2,2,stress,2500.0,2505.0
3390,S2,2,stress,2505.0,2510.0
3391,S2,2,stress,2510.0,2515.0
3392,S2,2,stress,2515.0,2520.0
3393,S2,2,stress,2520.0,2525.0
3394,S2,2,stress,2525.0,2530.0
3395,S2,2,stress,2530.0,2535.0
3396,S2,2,stress,2535.0,2540.0
3397,S2,2,stress,2540.0,2545.0
3398,S2,2,stress,2545.0,2550.0
3399,S2,2,stress,2550.0,2555.0
3400,S2,2,stress,2555.0,2560.0
3401,S2,2,stress,2560.0,2565.0
3402,S2,2,stress,2565.0,2570.0
3403,S2,2,stress,2570.0,2575.0
3404,S2,2,stress,2575.0,2580.0
3405,S2,2,stress,2580.0,2585.0
3406,S2,2,stress,2585.0,2590.0
3407,S2,2,stress,2590.0,2595.0
3408,S2,2,stress,2595.0,2600.0
3409,S2,2,stress,2600.0,2605.0
3410,S2,2,stress,2605.0,2610.0
3411,S2,2,stress,2610.0,2615.0
3412,S2,2,stress,2615.0,2620.0
3413,S2,2,stress,2620.0,2625.0
3414,S2,2,stress,2625.0,2630.0
3415,S2,2,stress,2630.0,2635.0
3416,S2,2,stress,2635.0,2640.0
3417,S2,2,stress,2640.0,2645.0
3418,S2,2,stress,2645.0,2650.0
3419,S2,2,stress,2650.0,2655.0
3420,S2,2,stress,2655.0,2660.0
3421,S2,2,stress,2660.0,2665.0
3422,S2,2,stress,2665.0,2670.0
3423,S2,2,stress,2670.0,2675.0
3424,S2,2,stress,2675.0,2680.0
3425,S2,2,stress,2680.0,2685.0
3426,S2,2,stress,2685.0,2690.0
3427,S2,2,stress,2690.0,2695.0
3428,S2,2,stress,2695.0,2700.0
3429,S2,2,stress,2700.0,2705.0
3430,S2,2,stress,2705.0,2710.0
3431,S2,2,stress,2710.0,2715.0
3432,S2,2,stress,2715.0,2720.0
3433,S2,2,stress,2720.0,2725.0
3434,S2,2,stress,2725.0,2730.0
3435,S2,2,stress,2730.0,2735.0
3436,S2,2,stress,2735.0,2740.0
3437,S2,2,stress,2740.0,2745.0
3438,S2,2,stress,2745.0,2750.0
3439,S2,2,stress,2750.0,2755.0
3440,S2,2,stress,2755.0,2760.0
3441,S2,2,stress,2760.0,2765.0
3442,S2,2,stress,2765.0,2770.0
3443,S2,2,stress,2770.0,2775.0
3444,S2,2,stress,2775.0,2780.0
3445,S2,2,stress,2780.0,2785.0
3446,S2,2,stress,2785.0,2790.0
3447,S2,2,stress,2790.0,2795.0
3448,S2,2,stress,2795.0,2800.0
3449,S2,2,stress,2800.0,2805.0
3450,S2,2,stress,2805.0,2810.0
3451,S2,2,stress,2810.0,2815.0
3452,S2,2,stress,2815.0,2820.0
3453,S2,2,stress,2820.0,2825.0
3454,S2,2,stress,2825.0,2830.0
3455,S2,2,stress,2830.0,2835.0
3456,S2,2,stress,2835.0,2840.0
3457,S2,2,stress,2840.0,2845.0
3458,S2,2,stress,2845.0,2850.0
3459,S2,2,stress,2850.0,2855.0
3460,S2,2,stress,2855.0,2860.0
3461,S2,2,stress,2860.0,2865.0
3462,S2,2,stress,2865.0,2870.0
3463,S2,2,stress,2870.0,2875.0
3464,S2,2,stress,2875.0,2880.0
3465,S2,2,stress,2880.0,2885.0
3466,S2,3,amusement,4765.0,4770.0
3467,S2,3,amusement,4770.0,4775.0
3468,S2,3,amusement,4775.0,4780.0
3469,S2,3,amusement,4780.0,4785.0
3470,S2,3,amusement,4785.0,4790.0
3471,S2,3,amusement,4790.0,4795.0
3472,S2,3,amusement,4795.0,4800.0
3473,S2,3,amusement,4800.0,4805.0
3474,S2,3,amusement,4805.0,4810.0
3475,S2,3,amusement,4810.0,4815.0
3476,S2,3,amusement,4815.0,4820.0
3477,S2,3,amusement,4820.0,4825.0
3478,S2,3,amusement,4825.0,4830.0
3479,S2,3,amusement,4830.0,4835.0
3480,S2,3,amusement,4835.0,4840.0
3481,S2,3,amusement,4840.0,4845.0
3482,S2,3,amusement,4845.0,4850.0
3483,S2,3,amusement,4850.0,4855.0
3484,S2,3,amusement,4855.0,4860.0
3485,S2,3,amusement,4860.0,4865.0
3486,S2,3,amusement,4865.0,4870.0
3487,S2,3,amusement,4870.0,4875.0
3488,S2,3,amusement,4875.0,4880.0
3489,S2,3,amusement,4880.0,4885.0
3490,S2,3,amusement,4885.0,4890.0
3491,S2,3,amusement,4890.0,4895.0
3492,S2,3,amusement,4895.0,4900.0
3493,S2,3,amusement,4900.0,4905.0
3494,S2,3,amusement,4905.0,4910.0
3495,S2,3,amusement,4910.0,4915.0
3496,S2,3,amusement,4915.0,4920.0
3497,S2,3,amusement,4920.0,4925.0
3498,S2,3,amusement,4925.0,4930.0
3499,S2,3,amusement,4930.0,4935.0
3500,S2,3,amusement,4935.0,4940.0
3501,S2,3,amusement,4940.0,4945.0
3502,S2,3,amusement,4945.0,4950.0
3503,S2,3,amusement,4950.0,4955.0
3504,S2,3,amusement,4955.0,4960.0
3505,S2,3,amusement,4960.0,4965.0
3506,S2,3,amusement,4965.0,4970.0
3507,S2,3,amusement,4970.0,4975.0
3508,S2,3,amusement,4975.0,4980.0
3509,S2,3,amusement,4980.0,4985.0
3510,S2,3,amusement,4985.0,4990.0
3511,S2,3,amusement,4990.0,4995.0
3512,S2,3,amusement,4995.0,5000.0
3513,S2,3,amusement,5000.0,5005.0
3514,S2,3,amusement,5005.0,5010.0
3515,S2,3,amusement,5010.0,5015.0
3516,S2,3,amusement,5015.0,5020.0
3517,S2,3,amusement,5020.0,5025.0
3518,S2,3,amusement,5025.0,5030.0
3519,S2,3,amusement,5030.0,5035.0
3520,S2,3,amusement,5035.0,5040.0
3521,S2,3,amusement,5040.0,5045.0
3522,S2,3,amusement,5045.0,5050.0
3523,S2,3,amusement,5050.0,5055.0
3524,S2,3,amusement,5055.0,5060.0
3525,S2,3,amusement,5060.0,5065.0
3526,S2,3,amusement,5065.0,5070.0
3527,S2,3,amusement,5070.0,5075.0
3528,S2,3,amusement,5075.0,5080.0
3529,S2,3,amusement,5080.0,5085.0
3530,S2,3,amusement,5085.0,5090.0
3531,S2,3,amusement,5090.0,5095.0
3532,S2,3,amusement,5095.0,5100.0
3533,S2,3,amusement,5100.0,5105.0
3534,S2,3,amusement,5105.0,5110.0
3535,S2,3,amusement,5110.0,5115.0
3536,S2,3,amusement,5115.0,5120.0
3537,S2,3,amusement,5120.0,5125.0
3538,S3,1,baseline,355.0,360.0
3539,S3,1,baseline,360.0,365.0
3540,S3,1,baseline,365.0,370.0
3541,S3,1,baseline,370.0,375.0
3542,S3,1,baseline,375.0,380.0
3543,S3,1,baseline,380.0,385.0
3544,S3,1,baseline,385.0,390.0
3545,S3,1,baseline,390.0,395.0
3546,S3,1,baseline,395.0,400.0
3547,S3,1,baseline,400.0,405.0
3548,S3,1,baseline,405.0,410.0
3549,S3,1,baseline,410.0,415.0
3550,S3,1,baseline,415.0,420.0
3551,S3,1,baseline,420.0,425.0
3552,S3,1,baseline,425.0,430.0
3553,S3,1,baseline,430.0,435.0
3554,S3,1,baseline,435.0,440.0
3555,S3,1,baseline,440.0,445.0
3556,S3,1,baseline,445.0,450.0
3557,S3,1,baseline,450.0,455.0
3558,S3,1,baseline,455.0,460.0
3559,S3,1,baseline,460.0,465.0
3560,S3,1,baseline,465.0,470.0
3561,S3,1,baseline,470.0,475.0
3562,S3,1,baseline,475.0,480.0
3563,S3,1,baseline,480.0,485.0
3564,S3,1,baseline,485.0,490.0
3565,S3,1,baseline,490.0,495.0
3566,S3,1,baseline,495.0,500.0
3567,S3,1,baseline,500.0,505.0
3568,S3,1,baseline,505.0,510.0
3569,S3,1,baseline,510.0,515.0
3570,S3,1,baseline,515.0,520.0
3571,S3,1,baseline,520.0,525.0
3572,S3,1,baseline,525.0,530.0
3573,S3,1,baseline,530.0,535.0
3574,S3,1,baseline,535.0,540.0
3575,S3,1,baseline,540.0,545.0
3576,S3,1,baseline,545.0,550.0
3577,S3,1,baseline,550.0,555.0
3578,S3,1,baseline,555.0,560.0
3579,S3,1,baseline,560.0,565.0
3580,S3,1,baseline,565.0,570.0
3581,S3,1,baseline,570.0,575.0
3582,S3,1,baseline,575.0,580.0
3583,S3,1,baseline,580.0,585.0
3584,S3,1,baseline,585.0,590.0
3585,S3,1,baseline,590.0,595.0
3586,S3,1,baseline,595.0,600.0
3587,S3,1,baseline,600.0,605.0
3588,S3,1,baseline,605.0,610.0
3589,S3,1,baseline,610.0,615.0
3590,S3,1,baseline,615.0,620.0
3591,S3,1,baseline,620.0,625.0
3592,S3,1,baseline,625.0,630.0
3593,S3,1,baseline,630.0,635.0
3594,S3,1,baseline,635.0,640.0
3595,S3,1,baseline,640.0,645.0
3596,S3,1,baseline,645.0,650.0
3597,S3,1,baseline,650.0,655.0
3598,S3,1,baseline,655.0,660.0
3599,S3,1,baseline,660.0,665.0
3600,S3,1,baseline,665.0,670.0
3601,S3,1,baseline,670.0,675.0
3602,S3,1,baseline,675.0,680.0
3603,S3,1,baseline,680.0,685.0
3604,S3,1,baseline,685.0,690.0
3605,S3,1,baseline,690.0,695.0
3606,S3,1,baseline,695.0,700.0
3607,S3,1,baseline,700.0,705.0
3608,S3,1,baseline,705.0,710.0
3609,S3,1,baseline,710.0,715.0
3610,S3,1,baseline,715.0,720.0
3611,S3,1,baseline,720.0,725.0
3612,S3,1,baseline,725.0,730.0
3613,S3,1,baseline,730.0,735.0
3614,S3,1,baseline,735.0,740.0
3615,S3,1,baseline,740.0,745.0
3616,S3,1,baseline,745.0,750.0
3617,S3,1,baseline,750.0,755.0
3618,S3,1,baseline,755.0,760.0
3619,S3,1,baseline,760.0,765.0
3620,S3,1,baseline,765.0,770.0
3621,S3,1,baseline,770.0,775.0
3622,S3,1,baseline,775.0,780.0
3623,S3,1,baseline,780.0,785.0
3624,S3,1,baseline,785.0,790.0
3625,S3,1,baseline,790.0,795.0
3626,S3,1,baseline,795.0,800.0
3627,S3,1,baseline,800.0,805.0
3628,S3,1,baseline,805.0,810.0
3629,S3,1,baseline,810.0,815.0
3630,S3,1,baseline,815.0,820.0
3631,S3,1,baseline,820.0,825.0
3632,S3,1,baseline,825.0,830.0
3633,S3,1,baseline,830.0,835.0
3634,S3,1,baseline,835.0,840.0
3635,S3,1,baseline,840.0,845.0
3636,S3,1,baseline,845.0,850.0
3637,S3,1,baseline,850.0,855.0
3638,S3,1,baseline,855.0,860.0
3639,S3,1,baseline,860.0,865.0
3640,S3,1,baseline,865.0,870.0
3641,S3,1,baseline,870.0,875.0
3642,S3,1,baseline,875.0,880.0
3643,S3,1,baseline,880.0,885.0
3644,S3,1,baseline,885.0,890.0
3645,S3,1,baseline,890.0,895.0
3646,S3,1,baseline,895.0,900.0
3647,S3,1,baseline,900.0,905.0
3648,S3,1,baseline,905.0,910.0
3649,S3,1,baseline,910.0,915.0
3650,S3,1,baseline,915.0,920.0
3651,S3,1,baseline,920.0,925.0
3652,S3,1,baseline,925.0,930.0
3653,S3,1,baseline,930.0,935.0
3654,S3,1,baseline,935.0,940.0
3655,S3,1,baseline,940.0,945.0
3656,S3,1,baseline,945.0,950.0
3657,S3,1,baseline,950.0,955.0
3658,S3,1,baseline,955.0,960.0
3659,S3,1,baseline,960.0,965.0
3660,S3,1,baseline,965.0,970.0
3661,S3,1,baseline,970.0,975.0
3662,S3,1,baseline,975.0,980.0
3663,S3,1,baseline,980.0,985.0
3664,S3,1,baseline,985.0,990.0
3665,S3,1,baseline,990.0,995.0
3666,S3,1,baseline,995.0,1000.0
3667,S3,1,baseline,1000.0,1005.0
3668,S3,1,baseline,1005.0,1010.0
3669,S3,1,baseline,1010.0,1015.0
3670,S3,1,baseline,1015.0,1020.0
3671,S3,1,baseline,1020.0,1025.0
3672,S3,1,baseline,1025.0,1030.0
3673,S3,1,baseline,1030.0,1035.0
3674,S3,1,baseline,1035.0,1040.0
3675,S3,1,baseline,1040.0,1045.0
3676,S3,1,baseline,1045.0,1050.0
3677,S3,1,baseline,1050.0,1055.0
3678,S3,1,baseline,1055.0,1060.0
3679,S3,1,baseline,1060.0,1065.0
3680,S3,1,baseline,1065.0,1070.0
3681,S3,1,baseline,1070.0,1075.0
3682,S3,1,baseline,1075.0,1080.0
3683,S3,1,baseline,1080.0,1085.0
3684,S3,1,baseline,1085.0,1090.0
3685,S3,1,baseline,1090.0,1095.0
3686,S3,1,baseline,1095.0,1100.0
3687,S3,1,baseline,1100.0,1105.0
3688,S3,1,baseline,1105.0,1110.0
3689,S3,1,baseline,1110.0,1115.0
3690,S3,1,baseline,1115.0,1120.0
3691,S3,1,baseline,1120.0,1125.0
3692,S3,1,baseline,1125.0,1130.0
3693,S3,1,baseline,1130.0,1135.0
3694,S3,1,baseline,1135.0,1140.0
3695,S3,1,baseline,1140.0,1145.0
3696,S3,1,baseline,1145.0,1150.0
3697,S3,1,baseline,1150.0,1155.0
3698,S3,1,baseline,1155.0,1160.0
3699,S3,1,baseline,1160.0,1165.0
3700,S3,1,baseline,1165.0,1170.0
3701,S3,1,baseline,1170.0,1175.0
3702,S3,1,baseline,1175.0,1180.0
3703,S3,1,baseline,1180.0,1185.0
3704,S3,1,baseline,1185.0,1190.0
3705,S3,1,baseline,1190.0,1195.0
3706,S3,1,baseline,1195.0,1200.0
3707,S3,1,baseline,1200.0,1205.0
3708,S3,1,baseline,1205.0,1210.0
3709,S3,1,baseline,1210.0,1215.0
3710,S3,1,baseline,1215.0,1220.0
3711,S3,1,baseline,1220.0,1225.0
3712,S3,1,baseline,1225.0,1230.0
3713,S3,1,baseline,1230.0,1235.0
3714,S3,1,baseline,1235.0,1240.0
3715,S3,1,baseline,1240.0,1245.0
3716,S3,1,baseline,1245.0,1250.0
3717,S3,1,baseline,1250.0,1255.0
3718,S3,1,baseline,1255.0,1260.0
3719,S3,1,baseline,1260.0,1265.0
3720,S3,1,baseline,1265.0,1270.0
3721,S3,1,baseline,1270.0,1275.0
3722,S3,1,baseline,1275.0,1280.0
3723,S3,1,baseline,1280.0,1285.0
3724,S3,1,baseline,1285.0,1290.0
3725,S3,1,baseline,1290.0,1295.0
3726,S3,1,baseline,1295.0,1300.0
3727,S3,1,baseline,1300.0,1305.0
3728,S3,1,baseline,1305.0,1310.0
3729,S3,1,baseline,1310.0,1315.0
3730,S3,1,baseline,1315.0,1320.0
3731,S3,1,baseline,1320.0,1325.0
3732,S3,1,baseline,1325.0,1330.0
3733,S3,1,baseline,1330.0,1335.0
3734,S3,1,baseline,1335.0,1340.0
3735,S3,1,baseline,1340.0,1345.0
3736,S3,1,baseline,1345.0,1350.0
3737,S3,1,baseline,1350.0,1355.0
3738,S3,1,baseline,1355.0,1360.0
3739,S3,1,baseline,1360.0,1365.0
3740,S3,1,baseline,1365.0,1370.0
3741,S3,1,baseline,1370.0,1375.0
3742,S3,1,baseline,1375.0,1380.0
3743,S3,1,baseline,1380.0,1385.0
3744,S3,1,baseline,1385.0,1390.0
3745,S3,1,baseline,1390.0,1395.0
3746,S3,1,baseline,1395.0,1400.0
3747,S3,1,baseline,1400.0,1405.0
3748,S3,1,baseline,1405.0,1410.0
3749,S3,1,baseline,1410.0,1415.0
3750,S3,1,baseline,1415.0,1420.0
3751,S3,1,baseline,1420.0,1425.0
3752,S3,1,baseline,1425.0,1430.0
3753,S3,1,baseline,1430.0,1435.0
3754,S3,1,baseline,1435.0,1440.0
3755,S3,1,baseline,1440.0,1445.0
3756,S3,1,baseline,1445.0,1450.0
3757,S3,1,baseline,1450.0,1455.0
3758,S3,1,baseline,1455.0,1460.0
3759,S3,1,baseline,1460.0,1465.0
3760,S3,1,baseline,1465.0,1470.0
3761,S3,1,baseline,1470.0,1475.0
3762,S3,1,baseline,1475.0,1480.0
3763,S3,1,baseline,1480.0,1485.0
3764,S3,1,baseline,1485.0,1490.0
3765,S3,2,stress,2245.0,2250.0
3766,S3,2,stress,2250.0,2255.0
3767,S3,2,stress,2255.0,2260.0
3768,S3,2,stress,2260.0,2265.0
3769,S3,2,stress,2265.0,2270.0
3770,S3,2,stress,2270.0,2275.0
3771,S3,2,stress,2275.0,2280.0
3772,S3,2,stress,2280.0,2285.0
3773,S3,2,stress,2285.0,2290.0
3774,S3,2,stress,2290.0,2295.0
3775,S3,2,stress,2295.0,2300.0
3776,S3,2,stress,2300.0,2305.0
3777,S3,2,stress,2305.0,2310.0
3778,S3,2,stress,2310.0,2315.0
3779,S3,2,stress,2315.0,2320.0
3780,S3,2,stress,2320.0,2325.0
3781,S3,2,stress,2325.0,2330.0
3782,S3,2,stress,2330.0,2335.0
3783,S3,2,stress,2335.0,2340.0
3784,S3,2,stress,2340.0,2345.0
3785,S3,2,stress,2345.0,2350.0
3786,S3,2,stress,2350.0,2355.0
3787,S3,2,stress,2355.0,2360.0
3788,S3,2,stress,2360.0,2365.0
3789,S3,2,stress,2365.0,2370.0
3790,S3,2,stress,2370.0,2375.0
3791,S3,2,stress,2375.0,2380.0
3792,S3,2,stress,2380.0,2385.0
3793,S3,2,stress,2385.0,2390.0
3794,S3,2,stress,2390.0,2395.0
3795,S3,2,stress,2395.0,2400.0
3796,S3,2,stress,2400.0,2405.0
3797,S3,2,stress,2405.0,2410.0
3798,S3,2,stress,2410.0,2415.0
3799,S3,2,stress,2415.0,2420.0
3800,S3,2,stress,2420.0,2425.0
3801,S3,2,stress,2425.0,2430.0
3802,S3,2,stress,2430.0,2435.0
3803,S3,2,stress,2435.0,2440.0
3804,S3,2,stress,2440.0,2445.0
3805,S3,2,stress,2445.0,2450.0
3806,S3,2,stress,2450.0,2455.0
3807,S3,2,stress,2455.0,2460.0
3808,S3,2,stress,2460.0,2465.0
3809,S3,2,stress,2465.0,2470.0
3810,S3,2,stress,2470.0,2475.0
3811,S3,2,stress,2475.0,2480.0
3812,S3,2,stress,2480.0,2485.0
3813,S3,2,stress,2485.0,2490.0
3814,S3,2,stress,2490.0,2495.0
3815,S3,2,stress,2495.0,2500.0
3816,S3,2,stress,2500.0,2505.0
3817,S3,2,stress,2505.0,2510.0
3818,S3,2,stress,2510.0,2515.0
3819,S3,2,stress,2515.0,2520.0
3820,S3,2,stress,2520.0,2525.0
3821,S3,2,stress,2525.0,2530.0
3822,S3,2,stress,2530.0,2535.0
3823,S3,2,stress,2535.0,2540.0
3824,S3,2,stress,2540.0,2545.0
3825,S3,2,stress,2545.0,2550.0
3826,S3,2,stress,2550.0,2555.0
3827,S3,2,stress,2555.0,2560.0
3828,S3,2,stress,2560.0,2565.0
3829,S3,2,stress,2565.0,2570.0
3830,S3,2,stress,2570.0,2575.0
3831,S3,2,stress,2575.0,2580.0
3832,S3,2,stress,2580.0,2585.0
3833,S3,2,stress,2585.0,2590.0
3834,S3,2,stress,2590.0,2595.0
3835,S3,2,stress,2595.0,2600.0
3836,S3,2,stress,2600.0,2605.0
3837,S3,2,stress,2605.0,2610.0
3838,S3,2,stress,2610.0,2615.0
3839,S3,2,stress,2615.0,2620.0
3840,S3,2,stress,2620.0,2625.0
3841,S3,2,stress,2625.0,2630.0
3842,S3,2,stress,2630.0,2635.0
3843,S3,2,stress,2635.0,2640.0
3844,S3,2,stress,2640.0,2645.0
3845,S3,2,stress,2645.0,2650.0
3846,S3,2,stress,2650.0,2655.0
3847,S3,2,stress,2655.0,2660.0
3848,S3,2,stress,2660.0,2665.0
3849,S3,2,stress,2665.0,2670.0
3850,S3,2,stress,2670.0,2675.0
3851,S3,2,stress,2675.0,2680.0
3852,S3,2,stress,2680.0,2685.0
3853,S3,2,stress,2685.0,2690.0
3854,S3,2,stress,2690.0,2695.0
3855,S3,2,stress,2695.0,2700.0
3856,S3,2,stress,2700.0,2705.0
3857,S3,2,stress,2705.0,2710.0
3858,S3,2,stress,2710.0,2715.0
3859,S3,2,stress,2715.0,2720.0
3860,S3,2,stress,2720.0,2725.0
3861,S3,2,stress,2725.0,2730.0
3862,S3,2,stress,2730.0,2735.0
3863,S3,2,stress,2735.0,2740.0
3864,S3,2,stress,2740.0,2745.0
3865,S3,2,stress,2745.0,2750.0
3866,S3,2,stress,2750.0,2755.0
3867,S3,2,stress,2755.0,2760.0
3868,S3,2,stress,2760.0,2765.0
3869,S3,2,stress,2765.0,2770.0
3870,S3,2,stress,2770.0,2775.0
3871,S3,2,stress,2775.0,2780.0
3872,S3,2,stress,2780.0,2785.0
3873,S3,2,stress,2785.0,2790.0
3874,S3,2,stress,2790.0,2795.0
3875,S3,2,stress,2795.0,2800.0
3876,S3,2,stress,2800.0,2805.0
3877,S3,2,stress,2805.0,2810.0
3878,S3,2,stress,2810.0,2815.0
3879,S3,2,stress,2815.0,2820.0
3880,S3,2,stress,2820.0,2825.0
3881,S3,2,stress,2825.0,2830.0
3882,S3,2,stress,2830.0,2835.0
3883,S3,2,stress,2835.0,2840.0
3884,S3,2,stress,2840.0,2845.0
3885,S3,2,stress,2845.0,2850.0
3886,S3,2,stress,2850.0,2855.0
3887,S3,2,stress,2855.0,2860.0
3888,S3,2,stress,2860.0,2865.0
3889,S3,2,stress,2865.0,2870.0
3890,S3,2,stress,2870.0,2875.0
3891,S3,2,stress,2875.0,2880.0
3892,S3,3,amusement,5005.0,5010.0
3893,S3,3,amusement,5010.0,5015.0
3894,S3,3,amusement,5015.0,5020.0
3895,S3,3,amusement,5020.0,5025.0
3896,S3,3,amusement,5025.0,5030.0
3897,S3,3,amusement,5030.0,5035.0
3898,S3,3,amusement,5035.0,5040.0
3899,S3,3,amusement,5040.0,5045.0
3900,S3,3,amusement,5045.0,5050.0
3901,S3,3,amusement,5050.0,5055.0
3902,S3,3,amusement,5055.0,5060.0
3903,S3,3,amusement,5060.0,5065.0
3904,S3,3,amusement,5065.0,5070.0
3905,S3,3,amusement,5070.0,5075.0
3906,S3,3,amusement,5075.0,5080.0
3907,S3,3,amusement,5080.0,5085.0
3908,S3,3,amusement,5085.0,5090.0
3909,S3,3,amusement,5090.0,5095.0
3910,S3,3,amusement,5095.0,5100.0
3911,S3,3,amusement,5100.0,5105.0
3912,S3,3,amusement,5105.0,5110.0
3913,S3,3,amusement,5110.0,5115.0
3914,S3,3,amusement,5115.0,5120.0
3915,S3,3,amusement,5120.0,5125.0
3916,S3,3,amusement,5125.0,5130.0
3917,S3,3,amusement,5130.0,5135.0
3918,S3,3,amusement,5135.0,5140.0
3919,S3,3,amusement,5140.0,5145.0
3920,S3,3,amusement,5145.0,5150.0
3921,S3,3,amusement,5150.0,5155.0
3922,S3,3,amusement,5155.0,5160.0
3923,S3,3,amusement,5160.0,5165.0
3924,S3,3,amusement,5165.0,5170.0
3925,S3,3,amusement,5170.0,5175.0
3926,S3,3,amusement,5175.0,5180.0
3927,S3,3,amusement,5180.0,5185.0
3928,S3,3,amusement,5185.0,5190.0
3929,S3,3,amusement,5190.0,5195.0
3930,S3,3,amusement,5195.0,5200.0
3931,S3,3,amusement,5200.0,5205.0
3932,S3,3,amusement,5205.0,5210.0
3933,S3,3,amusement,5210.0,5215.0
3934,S3,3,amusement,5215.0,5220.0
3935,S3,3,amusement,5220.0,5225.0
3936,S3,3,amusement,5225.0,5230.0
3937,S3,3,amusement,5230.0,5235.0
3938,S3,3,amusement,5235.0,5240.0
3939,S3,3,amusement,5240.0,5245.0
3940,S3,3,amusement,5245.0,5250.0
3941,S3,3,amusement,5250.0,5255.0
3942,S3,3,amusement,5255.0,5260.0
3943,S3,3,amusement,5260.0,5265.0
3944,S3,3,amusement,5265.0,5270.0
3945,S3,3,amusement,5270.0,5275.0
3946,S3,3,amusement,5275.0,5280.0
3947,S3,3,amusement,5280.0,5285.0
3948,S3,3,amusement,5285.0,5290.0
3949,S3,3,amusement,5290.0,5295.0
3950,S3,3,amusement,5295.0,5300.0
3951,S3,3,amusement,5300.0,5305.0
3952,S3,3,amusement,5305.0,5310.0
3953,S3,3,amusement,5310.0,5315.0
3954,S3,3,amusement,5315.0,5320.0
3955,S3,3,amusement,5320.0,5325.0
3956,S3,3,amusement,5325.0,5330.0
3957,S3,3,amusement,5330.0,5335.0
3958,S3,3,amusement,5335.0,5340.0
3959,S3,3,amusement,5340.0,5345.0
3960,S3,3,amusement,5345.0,5350.0
3961,S3,3,amusement,5350.0,5355.0
3962,S3,3,amusement,5355.0,5360.0
3963,S3,3,amusement,5360.0,5365.0
3964,S3,3,amusement,5365.0,5370.0
3965,S3,3,amusement,5370.0,5375.0
3966,S4,1,baseline,290.0,295.0
3967,S4,1,baseline,295.0,300.0
3968,S4,1,baseline,300.0,305.0
3969,S4,1,baseline,305.0,310.0
3970,S4,1,baseline,310.0,315.0
3971,S4,1,baseline,315.0,320.0
3972,S4,1,baseline,320.0,325.0
3973,S4,1,baseline,325.0,330.0
3974,S4,1,baseline,330.0,335.0
3975,S4,1,baseline,335.0,340.0
3976,S4,1,baseline,340.0,345.0
3977,S4,1,baseline,345.0,350.0
3978,S4,1,baseline,350.0,355.0
3979,S4,1,baseline,355.0,360.0
3980,S4,1,baseline,360.0,365.0
3981,S4,1,baseline,365.0,370.0
3982,S4,1,baseline,370.0,375.0
3983,S4,1,baseline,375.0,380.0
3984,S4,1,baseline,380.0,385.0
3985,S4,1,baseline,385.0,390.0
3986,S4,1,baseline,390.0,395.0
3987,S4,1,baseline,395.0,400.0
3988,S4,1,baseline,400.0,405.0
3989,S4,1,baseline,405.0,410.0
3990,S4,1,baseline,410.0,415.0
3991,S4,1,baseline,415.0,420.0
3992,S4,1,baseline,420.0,425.0
3993,S4,1,baseline,425.0,430.0
3994,S4,1,baseline,430.0,435.0
3995,S4,1,baseline,435.0,440.0
3996,S4,1,baseline,440.0,445.0
3997,S4,1,baseline,445.0,450.0
3998,S4,1,baseline,450.0,455.0
3999,S4,1,baseline,455.0,460.0
4000,S4,1,baseline,460.0,465.0
4001,S4,1,baseline,465.0,470.0
4002,S4,1,baseline,470.0,475.0
4003,S4,1,baseline,475.0,480.0
4004,S4,1,baseline,480.0,485.0
4005,S4,1,baseline,485.0,490.0
4006,S4,1,baseline,490.0,495.0
4007,S4,1,baseline,495.0,500.0
4008,S4,1,baseline,500.0,505.0
4009,S4,1,baseline,505.0,510.0
4010,S4,1,baseline,510.0,515.0
4011,S4,1,baseline,515.0,520.0
4012,S4,1,baseline,520.0,525.0
4013,S4,1,baseline,525.0,530.0
4014,S4,1,baseline,530.0,535.0
4015,S4,1,baseline,535.0,540.0
4016,S4,1,baseline,540.0,545.0
4017,S4,1,baseline,545.0,550.0
4018,S4,1,baseline,550.0,555.0
4019,S4,1,baseline,555.0,560.0
4020,S4,1,baseline,560.0,565.0
4021,S4,1,baseline,565.0,570.0
4022,S4,1,baseline,570.0,575.0
4023,S4,1,baseline,575.0,580.0
4024,S4,1,baseline,580.0,585.0
4025,S4,1,baseline,585.0,590.0
4026,S4,1,baseline,590.0,595.0
4027,S4,1,baseline,595.0,600.0
4028,S4,1,baseline,600.0,605.0
4029,S4,1,baseline,605.0,610.0
4030,S4,1,baseline,610.0,615.0
4031,S4,1,baseline,615.0,620.0
4032,S4,1,baseline,620.0,625.0
4033,S4,1,baseline,625.0,630.0
4034,S4,1,baseline,630.0,635.0
4035,S4,1,baseline,635.0,640.0
4036,S4,1,baseline,640.0,645.0
4037,S4,1,baseline,645.0,650.0
4038,S4,1,baseline,650.0,655.0
4039,S4,1,baseline,655.0,660.0
4040,S4,1,baseline,660.0,665.0
4041,S4,1,baseline,665.0,670.0
4042,S4,1,baseline,670.0,675.0
4043,S4,1,baseline,675.0,680.0
4044,S4,1,baseline,680.0,685.0
4045,S4,1,baseline,685.0,690.0
4046,S4,1,baseline,690.0,695.0
4047,S4,1,baseline,695.0,700.0
4048,S4,1,baseline,700.0,705.0
4049,S4,1,baseline,705.0,710.0
4050,S4,1,baseline,710.0,715.0
4051,S4,1,baseline,715.0,720.0
4052,S4,1,baseline,720.0,725.0
4053,S4,1,baseline,725.0,730.0
4054,S4,1,baseline,730.0,735.0
4055,S4,1,baseline,735.0,740.0
4056,S4,1,baseline,740.0,745.0
4057,S4,1,baseline,745.0,750.0
4058,S4,1,baseline,750.0,755.0
4059,S4,1,baseline,755.0,760.0
4060,S4,1,baseline,760.0,765.0
4061,S4,1,baseline,765.0,770.0
4062,S4,1,baseline,770.0,775.0
4063,S4,1,baseline,775.0,780.0
4064,S4,1,baseline,780.0,785.0
4065,S4,1,baseline,785.0,790.0
4066,S4,1,baseline,790.0,795.0
4067,S4,1,baseline,795.0,800.0
4068,S4,1,baseline,800.0,805.0
4069,S4,1,baseline,805.0,810.0
4070,S4,1,baseline,810.0,815.0
4071,S4,1,baseline,815.0,820.0
4072,S4,1,baseline,820.0,825.0
4073,S4,1,baseline,825.0,830.0
4074,S4,1,baseline,830.0,835.0
4075,S4,1,baseline,835.0,840.0
4076,S4,1,baseline,840.0,845.0
4077,S4,1,baseline,845.0,850.0
4078,S4,1,baseline,850.0,855.0
4079,S4,1,baseline,855.0,860.0
4080,S4,1,baseline,860.0,865.0
4081,S4,1,baseline,865.0,870.0
4082,S4,1,baseline,870.0,875.0
4083,S4,1,baseline,875.0,880.0
4084,S4,1,baseline,880.0,885.0
4085,S4,1,baseline,885.0,890.0
4086,S4,1,baseline,890.0,895.0
4087,S4,1,baseline,895.0,900.0
4088,S4,1,baseline,900.0,905.0
4089,S4,1,baseline,905.0,910.0
4090,S4,1,baseline,910.0,915.0
4091,S4,1,baseline,915.0,920.0
4092,S4,1,baseline,920.0,925.0
4093,S4,1,baseline,925.0,930.0
4094,S4,1,baseline,930.0,935.0
4095,S4,1,baseline,935.0,940.0
4096,S4,1,baseline,940.0,945.0
4097,S4,1,baseline,945.0,950.0
4098,S4,1,baseline,950.0,955.0
4099,S4,1,baseline,955.0,960.0
4100,S4,1,baseline,960.0,965.0
4101,S4,1,baseline,965.0,970.0
4102,S4,1,baseline,970.0,975.0
4103,S4,1,baseline,975.0,980.0
4104,S4,1,baseline,980.0,985.0
4105,S4,1,baseline,985.0,990.0
4106,S4,1,baseline,990.0,995.0
4107,S4,1,baseline,995.0,1000.0
4108,S4,1,baseline,1000.0,1005.0
4109,S4,1,baseline,1005.0,1010.0
4110,S4,1,baseline,1010.0,1015.0
4111,S4,1,baseline,1015.0,1020.0
4112,S4,1,baseline,1020.0,1025.0
4113,S4,1,baseline,1025.0,1030.0
4114,S4,1,baseline,1030.0,1035.0
4115,S4,1,baseline,1035.0,1040.0
4116,S4,1,baseline,1040.0,1045.0
4117,S4,1,baseline,1045.0,1050.0
4118,S4,1,baseline,1050.0,1055.0
4119,S4,1,baseline,1055.0,1060.0
4120,S4,1,baseline,1060.0,1065.0
4121,S4,1,baseline,1065.0,1070.0
4122,S4,1,baseline,1070.0,1075.0
4123,S4,1,baseline,1075.0,1080.0
4124,S4,1,baseline,1080.0,1085.0
4125,S4,1,baseline,1085.0,1090.0
4126,S4,1,baseline,1090.0,1095.0
4127,S4,1,baseline,1095.0,1100.0
4128,S4,1,baseline,1100.0,1105.0
4129,S4,1,baseline,1105.0,1110.0
4130,S4,1,baseline,1110.0,1115.0
4131,S4,1,baseline,1115.0,1120.0
4132,S4,1,baseline,1120.0,1125.0
4133,S4,1,baseline,1125.0,1130.0
4134,S4,1,baseline,1130.0,1135.0
4135,S4,1,baseline,1135.0,1140.0
4136,S4,1,baseline,1140.0,1145.0
4137,S4,1,baseline,1145.0,1150.0
4138,S4,1,baseline,1150.0,1155.0
4139,S4,1,baseline,1155.0,1160.0
4140,S4,1,baseline,1160.0,1165.0
4141,S4,1,baseline,1165.0,1170.0
4142,S4,1,baseline,1170.0,1175.0
4143,S4,1,baseline,1175.0,1180.0
4144,S4,1,baseline,1180.0,1185.0
4145,S4,1,baseline,1185.0,1190.0
4146,S4,1,baseline,1190.0,1195.0
4147,S4,1,baseline,1195.0,1200.0
4148,S4,1,baseline,1200.0,1205.0
4149,S4,1,baseline,1205.0,1210.0
4150,S4,1,baseline,1210.0,1215.0
4151,S4,1,baseline,1215.0,1220.0
4152,S4,1,baseline,1220.0,1225.0
4153,S4,1,baseline,1225.0,1230.0
4154,S4,1,baseline,1230.0,1235.0
4155,S4,1,baseline,1235.0,1240.0
4156,S4,1,baseline,1240.0,1245.0
4157,S4,1,baseline,1245.0,1250.0
4158,S4,1,baseline,1250.0,1255.0
4159,S4,1,baseline,1255.0,1260.0
4160,S4,1,baseline,1260.0,1265.0
4161,S4,1,baseline,1265.0,1270.0
4162,S4,1,baseline,1270.0,1275.0
4163,S4,1,baseline,1275.0,1280.0
4164,S4,1,baseline,1280.0,1285.0
4165,S4,1,baseline,1285.0,1290.0
4166,S4,1,baseline,1290.0,1295.0
4167,S4,1,baseline,1295.0,1300.0
4168,S4,1,baseline,1300.0,1305.0
4169,S4,1,baseline,1305.0,1310.0
4170,S4,1,baseline,1310.0,1315.0
4171,S4,1,baseline,1315.0,1320.0
4172,S4,1,baseline,1320.0,1325.0
4173,S4,1,baseline,1325.0,1330.0
4174,S4,1,baseline,1330.0,1335.0
4175,S4,1,baseline,1335.0,1340.0
4176,S4,1,baseline,1340.0,1345.0
4177,S4,1,baseline,1345.0,1350.0
4178,S4,1,baseline,1350.0,1355.0
4179,S4,1,baseline,1355.0,1360.0
4180,S4,1,baseline,1360.0,1365.0
4181,S4,1,baseline,1365.0,1370.0
4182,S4,1,baseline,1370.0,1375.0
4183,S4,1,baseline,1375.0,1380.0
4184,S4,1,baseline,1380.0,1385.0
4185,S4,1,baseline,1385.0,1390.0
4186,S4,1,baseline,1390.0,1395.0
4187,S4,1,baseline,1395.0,1400.0
4188,S4,1,baseline,1400.0,1405.0
4189,S4,1,baseline,1405.0,1410.0
4190,S4,1,baseline,1410.0,1415.0
4191,S4,1,baseline,1415.0,1420.0
4192,S4,1,baseline,1420.0,1425.0
4193,S4,1,baseline,1425.0,1430.0
4194,S4,1,baseline,1430.0,1435.0
4195,S4,1,baseline,1435.0,1440.0
4196,S4,3,amusement,1835.0,1840.0
4197,S4,3,amusement,1840.0,1845.0
4198,S4,3,amusement,1845.0,1850.0
4199,S4,3,amusement,1850.0,1855.0
4200,S4,3,amusement,1855.0,1860.0
4201,S4,3,amusement,1860.0,1865.0
4202,S4,3,amusement,1865.0,1870.0
4203,S4,3,amusement,1870.0,1875.0
4204,S4,3,amusement,1875.0,1880.0
4205,S4,3,amusement,1880.0,1885.0
4206,S4,3,amusement,1885.0,1890.0
4207,S4,3,amusement,1890.0,1895.0
4208,S4,3,amusement,1895.0,1900.0
4209,S4,3,amusement,1900.0,1905.0
4210,S4,3,amusement,1905.0,1910.0
4211,S4,3,amusement,1910.0,1915.0
4212,S4,3,amusement,1915.0,1920.0
4213,S4,3,amusement,1920.0,1925.0
4214,S4,3,amusement,1925.0,1930.0
4215,S4,3,amusement,1930.0,1935.0
4216,S4,3,amusement,1935.0,1940.0
4217,S4,3,amusement,1940.0,1945.0
4218,S4,3,amusement,1945.0,1950.0
4219,S4,3,amusement,1950.0,1955.0
4220,S4,3,amusement,1955.0,1960.0
4221,S4,3,amusement,1960.0,1965.0
4222,S4,3,amusement,1965.0,1970.0
4223,S4,3,amusement,1970.0,1975.0
4224,S4,3,amusement,1975.0,1980.0
4225,S4,3,amusement,1980.0,1985.0
4226,S4,3,amusement,1985.0,1990.0
4227,S4,3,amusement,1990.0,1995.0
4228,S4,3,amusement,1995.0,2000.0
4229,S4,3,amusement,2000.0,2005.0
4230,S4,3,amusement,2005.0,2010.0
4231,S4,3,amusement,2010.0,2015.0
4232,S4,3,amusement,2015.0,2020.0
4233,S4,3,amusement,2020.0,2025.0
4234,S4,3,amusement,2025.0,2030.0
4235,S4,3,amusement,2030.0,2035.0
4236,S4,3,amusement,2035.0,2040.0
4237,S4,3,amusement,2040.0,2045.0
4238,S4,3,amusement,2045.0,2050.0
4239,S4,3,amusement,2050.0,2055.0
4240,S4,3,amusement,2055.0,2060.0
4241,S4,3,amusement,2060.0,2065.0
4242,S4,3,amusement,2065.0,2070.0
4243,S4,3,amusement,2070.0,2075.0
4244,S4,3,amusement,2075.0,2080.0
4245,S4,3,amusement,2080.0,2085.0
4246,S4,3,amusement,2085.0,2090.0
4247,S4,3,amusement,2090.0,2095.0
4248,S4,3,amusement,2095.0,2100.0
4249,S4,3,amusement,2100.0,2105.0
4250,S4,3,amusement,2105.0,2110.0
4251,S4,3,amusement,2110.0,2115.0
4252,S4,3,amusement,2115.0,2120.0
4253,S4,3,amusement,2120.0,2125.0
4254,S4,3,amusement,2125.0,2130.0
4255,S4,3,amusement,2130.0,2135.0
4256,S4,3,amusement,2135.0,2140.0
4257,S4,3,amusement,2140.0,2145.0
4258,S4,3,amusement,2145.0,2150.0
4259,S4,3,amusement,2150.0,2155.0
4260,S4,3,amusement,2155.0,2160.0
4261,S4,3,amusement,2160.0,2165.0
4262,S4,3,amusement,2165.0,2170.0
4263,S4,3,amusement,2170.0,2175.0
4264,S4,3,amusement,2175.0,2180.0
4265,S4,3,amusement,2180.0,2185.0
4266,S4,3,amusement,2185.0,2190.0
4267,S4,3,amusement,2190.0,2195.0
4268,S4,3,amusement,2195.0,2200.0
4269,S4,2,stress,3615.0,3620.0
4270,S4,2,stress,3620.0,3625.0
4271,S4,2,stress,3625.0,3630.0
4272,S4,2,stress,3630.0,3635.0
4273,S4,2,stress,3635.0,3640.0
4274,S4,2,stress,3640.0,3645.0
4275,S4,2,stress,3645.0,3650.0
4276,S4,2,stress,3650.0,3655.0
4277,S4,2,stress,3655.0,3660.0
4278,S4,2,stress,3660.0,3665.0
4279,S4,2,stress,3665.0,3670.0
4280,S4,2,stress,3670.0,3675.0
4281,S4,2,stress,3675.0,3680.0
4282,S4,2,stress,3680.0,3685.0
4283,S4,2,stress,3685.0,3690.0
4284,S4,2,stress,3690.0,3695.0
4285,S4,2,stress,3695.0,3700.0
4286,S4,2,stress,3700.0,3705.0
4287,S4,2,stress,3705.0,3710.0
4288,S4,2,stress,3710.0,3715.0
4289,S4,2,stress,3715.0,3720.0
4290,S4,2,stress,3720.0,3725.0
4291,S4,2,stress,3725.0,3730.0
4292,S4,2,stress,3730.0,3735.0
4293,S4,2,stress,3735.0,3740.0
4294,S4,2,stress,3740.0,3745.0
4295,S4,2,stress,3745.0,3750.0
4296,S4,2,stress,3750.0,3755.0
4297,S4,2,stress,3755.0,3760.0
4298,S4,2,stress,3760.0,3765.0
4299,S4,2,stress,3765.0,3770.0
4300,S4,2,stress,3770.0,3775.0
4301,S4,2,stress,3775.0,3780.0
4302,S4,2,stress,3780.0,3785.0
4303,S4,2,stress,3785.0,3790.0
4304,S4,2,stress,3790.0,3795.0
4305,S4,2,stress,3795.0,3800.0
4306,S4,2,stress,3800.0,3805.0
4307,S4,2,stress,3805.0,3810.0
4308,S4,2,stress,3810.0,3815.0
4309,S4,2,stress,3815.0,3820.0
4310,S4,2,stress,3820.0,3825.0
4311,S4,2,stress,3825.0,3830.0
4312,S4,2,stress,3830.0,3835.0
4313,S4,2,stress,3835.0,3840.0
4314,S4,2,stress,3840.0,3845.0
4315,S4,2,stress,3845.0,3850.0
4316,S4,2,stress,3850.0,3855.0
4317,S4,2,stress,3855.0,3860.0
4318,S4,2,stress,3860.0,3865.0
4319,S4,2,stress,3865.0,3870.0
4320,S4,2,stress,3870.0,3875.0
4321,S4,2,stress,3875.0,3880.0
4322,S4,2,stress,3880.0,3885.0
4323,S4,2,stress,3885.0,3890.0
4324,S4,2,stress,3890.0,3895.0
4325,S4,2,stress,3895.0,3900.0
4326,S4,2,stress,3900.0,3905.0
4327,S4,2,stress,3905.0,3910.0
4328,S4,2,stress,3910.0,3915.0
4329,S4,2,stress,3915.0,3920.0
4330,S4,2,stress,3920.0,3925.0
4331,S4,2,stress,3925.0,3930.0
4332,S4,2,stress,3930.0,3935.0
4333,S4,2,stress,3935.0,3940.0
4334,S4,2,stress,3940.0,3945.0
4335,S4,2,stress,3945.0,3950.0
4336,S4,2,stress,3950.0,3955.0
4337,S4,2,stress,3955.0,3960.0
4338,S4,2,stress,3960.0,3965.0
4339,S4,2,stress,3965.0,3970.0
4340,S4,2,stress,3970.0,3975.0
4341,S4,2,stress,3975.0,3980.0
4342,S4,2,stress,3980.0,3985.0
4343,S4,2,stress,3985.0,3990.0
4344,S4,2,stress,3990.0,3995.0
4345,S4,2,stress,3995.0,4000.0
4346,S4,2,stress,4000.0,4005.0
4347,S4,2,stress,4005.0,4010.0
4348,S4,2,stress,4010.0,4015.0
4349,S4,2,stress,4015.0,4020.0
4350,S4,2,stress,4020.0,4025.0
4351,S4,2,stress,4025.0,4030.0
4352,S4,2,stress,4030.0,4035.0
4353,S4,2,stress,4035.0,4040.0
4354,S4,2,stress,4040.0,4045.0
4355,S4,2,stress,4045.0,4050.0
4356,S4,2,stress,4050.0,4055.0
4357,S4,2,stress,4055.0,4060.0
4358,S4,2,stress,4060.0,4065.0
4359,S4,2,stress,4065.0,4070.0
4360,S4,2,stress,4070.0,4075.0
4361,S4,2,stress,4075.0,4080.0
4362,S4,2,stress,4080.0,4085.0
4363,S4,2,stress,4085.0,4090.0
4364,S4,2,stress,4090.0,4095.0
4365,S4,2,stress,4095.0,4100.0
4366,S4,2,stress,4100.0,4105.0
4367,S4,2,stress,4105.0,4110.0
4368,S4,2,stress,4110.0,4115.0
4369,S4,2,stress,4115.0,4120.0
4370,S4,2,stress,4120.0,4125.0
4371,S4,2,stress,4125.0,4130.0
4372,S4,2,stress,4130.0,4135.0
4373,S4,2,stress,4135.0,4140.0
4374,S4,2,stress,4140.0,4145.0
4375,S4,2,stress,4145.0,4150.0
4376,S4,2,stress,4150.0,4155.0
4377,S4,2,stress,4155.0,4160.0
4378,S4,2,stress,4160.0,4165.0
4379,S4,2,stress,4165.0,4170.0
4380,S4,2,stress,4170.0,4175.0
4381,S4,2,stress,4175.0,4180.0
4382,S4,2,stress,4180.0,4185.0
4383,S4,2,stress,4185.0,4190.0
4384,S4,2,stress,4190.0,4195.0
4385,S4,2,stress,4195.0,4200.0
4386,S4,2,stress,4200.0,4205.0
4387,S4,2,stress,4205.0,4210.0
4388,S4,2,stress,4210.0,4215.0
4389,S4,2,stress,4215.0,4220.0
4390,S4,2,stress,4220.0,4225.0
4391,S4,2,stress,4225.0,4230.0
4392,S4,2,stress,4230.0,4235.0
4393,S4,2,stress,4235.0,4240.0
4394,S4,2,stress,4240.0,4245.0
4395,S5,1,baseline,280.0,285.0
4396,S5,1,baseline,285.0,290.0
4397,S5,1,baseline,290.0,295.0
4398,S5,1,baseline,295.0,300.0
4399,S5,1,baseline,300.0,305.0
4400,S5,1,baseline,305.0,310.0
4401,S5,1,baseline,310.0,315.0
4402,S5,1,baseline,315.0,320.0
4403,S5,1,baseline,320.0,325.0
4404,S5,1,baseline,325.0,330.0
4405,S5,1,baseline,330.0,335.0
4406,S5,1,baseline,335.0,340.0
4407,S5,1,baseline,340.0,345.0
4408,S5,1,baseline,345.0,350.0
4409,S5,1,baseline,350.0,355.0
4410,S5,1,baseline,355.0,360.0
4411,S5,1,baseline,360.0,365.0
4412,S5,1,baseline,365.0,370.0
4413,S5,1,baseline,370.0,375.0
4414,S5,1,baseline,375.0,380.0
4415,S5,1,baseline,380.0,385.0
4416,S5,1,baseline,385.0,390.0
4417,S5,1,baseline,390.0,395.0
4418,S5,1,baseline,395.0,400.0
4419,S5,1,baseline,400.0,405.0
4420,S5,1,baseline,405.0,410.0
4421,S5,1,baseline,410.0,415.0
4422,S5,1,baseline,415.0,420.0
4423,S5,1,baseline,420.0,425.0
4424,S5,1,baseline,425.0,430.0
4425,S5,1,baseline,430.0,435.0
4426,S5,1,baseline,435.0,440.0
4427,S5,1,baseline,440.0,445.0
4428,S5,1,baseline,445.0,450.0
4429,S5,1,baseline,450.0,455.0
4430,S5,1,baseline,455.0,460.0
4431,S5,1,baseline,460.0,465.0
4432,S5,1,baseline,465.0,470.0
4433,S5,1,baseline,470.0,475.0
4434,S5,1,baseline,475.0,480.0
4435,S5,1,baseline,480.0,485.0
4436,S5,1,baseline,485.0,490.0
4437,S5,1,baseline,490.0,495.0
4438,S5,1,baseline,495.0,500.0
4439,S5,1,baseline,500.0,505.0
4440,S5,1,baseline,505.0,510.0
4441,S5,1,baseline,510.0,515.0
4442,S5,1,baseline,515.0,520.0
4443,S5,1,baseline,520.0,525.0
4444,S5,1,baseline,525.0,530.0
4445,S5,1,baseline,530.0,535.0
4446,S5,1,baseline,535.0,540.0
4447,S5,1,baseline,540.0,545.0
4448,S5,1,baseline,545.0,550.0
4449,S5,1,baseline,550.0,555.0
4450,S5,1,baseline,555.0,560.0
4451,S5,1,baseline,560.0,565.0
4452,S5,1,baseline,565.0,570.0
4453,S5,1,baseline,570.0,575.0
4454,S5,1,baseline,575.0,580.0
4455,S5,1,baseline,580.0,585.0
4456,S5,1,baseline,585.0,590.0
4457,S5,1,baseline,590.0,595.0
4458,S5,1,baseline,595.0,600.0
4459,S5,1,baseline,600.0,605.0
4460,S5,1,baseline,605.0,610.0
4461,S5,1,baseline,610.0,615.0
4462,S5,1,baseline,615.0,620.0
4463,S5,1,baseline,620.0,625.0
4464,S5,1,baseline,625.0,630.0
4465,S5,1,baseline,630.0,635.0
4466,S5,1,baseline,635.0,640.0
4467,S5,1,baseline,640.0,645.0
4468,S5,1,baseline,645.0,650.0
4469,S5,1,baseline,650.0,655.0
4470,S5,1,baseline,655.0,660.0
4471,S5,1,baseline,660.0,665.0
4472,S5,1,baseline,665.0,670.0
4473,S5,1,baseline,670.0,675.0
4474,S5,1,baseline,675.0,680.0
4475,S5,1,baseline,680.0,685.0
4476,S5,1,baseline,685.0,690.0
4477,S5,1,baseline,690.0,695.0
4478,S5,1,baseline,695.0,700.0
4479,S5,1,baseline,700.0,705.0
4480,S5,1,baseline,705.0,710.0
4481,S5,1,baseline,710.0,715.0
4482,S5,1,baseline,715.0,720.0
4483,S5,1,baseline,720.0,725.0
4484,S5,1,baseline,725.0,730.0
4485,S5,1,baseline,730.0,735.0
4486,S5,1,baseline,735.0,740.0
4487,S5,1,baseline,740.0,745.0
4488,S5,1,baseline,745.0,750.0
4489,S5,1,baseline,750.0,755.0
4490,S5,1,baseline,755.0,760.0
4491,S5,1,baseline,760.0,765.0
4492,S5,1,baseline,765.0,770.0
4493,S5,1,baseline,770.0,775.0
4494,S5,1,baseline,775.0,780.0
4495,S5,1,baseline,780.0,785.0
4496,S5,1,baseline,785.0,790.0
4497,S5,1,baseline,790.0,795.0
4498,S5,1,baseline,795.0,800.0
4499,S5,1,baseline,800.0,805.0
4500,S5,1,baseline,805.0,810.0
4501,S5,1,baseline,810.0,815.0
4502,S5,1,baseline,815.0,820.0
4503,S5,1,baseline,820.0,825.0
4504,S5,1,baseline,825.0,830.0
4505,S5,1,baseline,830.0,835.0
4506,S5,1,baseline,835.0,840.0
4507,S5,1,baseline,840.0,845.0
4508,S5,1,baseline,845.0,850.0
4509,S5,1,baseline,850.0,855.0
4510,S5,1,baseline,855.0,860.0
4511,S5,1,baseline,860.0,865.0
4512,S5,1,baseline,865.0,870.0
4513,S5,1,baseline,870.0,875.0
4514,S5,1,baseline,875.0,880.0
4515,S5,1,baseline,880.0,885.0
4516,S5,1,baseline,885.0,890.0
4517,S5,1,baseline,890.0,895.0
4518,S5,1,baseline,895.0,900.0
4519,S5,1,baseline,900.0,905.0
4520,S5,1,baseline,905.0,910.0
4521,S5,1,baseline,910.0,915.0
4522,S5,1,baseline,915.0,920.0
4523,S5,1,baseline,920.0,925.0
4524,S5,1,baseline,925.0,930.0
4525,S5,1,baseline,930.0,935.0
4526,S5,1,baseline,935.0,940.0
4527,S5,1,baseline,940.0,945.0
4528,S5,1,baseline,945.0,950.0
4529,S5,1,baseline,950.0,955.0
4530,S5,1,baseline,955.0,960.0
4531,S5,1,baseline,960.0,965.0
4532,S5,1,baseline,965.0,970.0
4533,S5,1,baseline,970.0,975.0
4534,S5,1,baseline,975.0,980.0
4535,S5,1,baseline,980.0,985.0
4536,S5,1,baseline,985.0,990.0
4537,S5,1,baseline,990.0,995.0
4538,S5,1,baseline,995.0,1000.0
4539,S5,1,baseline,1000.0,1005.0
4540,S5,1,baseline,1005.0,1010.0
4541,S5,1,baseline,1010.0,1015.0
4542,S5,1,baseline,1015.0,1020.0
4543,S5,1,baseline,1020.0,1025.0
4544,S5,1,baseline,1025.0,1030.0
4545,S5,1,baseline,1030.0,1035.0
4546,S5,1,baseline,1035.0,1040.0
4547,S5,1,baseline,1040.0,1045.0
4548,S5,1,baseline,1045.0,1050.0
4549,S5,1,baseline,1050.0,1055.0
4550,S5,1,baseline,1055.0,1060.0
4551,S5,1,baseline,1060.0,1065.0
4552,S5,1,baseline,1065.0,1070.0
4553,S5,1,baseline,1070.0,1075.0
4554,S5,1,baseline,1075.0,1080.0
4555,S5,1,baseline,1080.0,1085.0
4556,S5,1,baseline,1085.0,1090.0
4557,S5,1,baseline,1090.0,1095.0
4558,S5,1,baseline,1095.0,1100.0
4559,S5,1,baseline,1100.0,1105.0
4560,S5,1,baseline,1105.0,1110.0
4561,S5,1,baseline,1110.0,1115.0
4562,S5,1,baseline,1115.0,1120.0
4563,S5,1,baseline,1120.0,1125.0
4564,S5,1,baseline,1125.0,1130.0
4565,S5,1,baseline,1130.0,1135.0
4566,S5,1,baseline,1135.0,1140.0
4567,S5,1,baseline,1140.0,1145.0
4568,S5,1,baseline,1145.0,1150.0
4569,S5,1,baseline,1150.0,1155.0
4570,S5,1,baseline,1155.0,1160.0
4571,S5,1,baseline,1160.0,1165.0
4572,S5,1,baseline,1165.0,1170.0
4573,S5,1,baseline,1170.0,1175.0
4574,S5,1,baseline,1175.0,1180.0
4575,S5,1,baseline,1180.0,1185.0
4576,S5,1,baseline,1185.0,1190.0
4577,S5,1,baseline,1190.0,1195.0
4578,S5,1,baseline,1195.0,1200.0
4579,S5,1,baseline,1200.0,1205.0
4580,S5,1,baseline,1205.0,1210.0
4581,S5,1,baseline,1210.0,1215.0
4582,S5,1,baseline,1215.0,1220.0
4583,S5,1,baseline,1220.0,1225.0
4584,S5,1,baseline,1225.0,1230.0
4585,S5,1,baseline,1230.0,1235.0
4586,S5,1,baseline,1235.0,1240.0
4587,S5,1,baseline,1240.0,1245.0
4588,S5,1,baseline,1245.0,1250.0
4589,S5,1,baseline,1250.0,1255.0
4590,S5,1,baseline,1255.0,1260.0
4591,S5,1,baseline,1260.0,1265.0
4592,S5,1,baseline,1265.0,1270.0
4593,S5,1,baseline,1270.0,1275.0
4594,S5,1,baseline,1275.0,1280.0
4595,S5,1,baseline,1280.0,1285.0
4596,S5,1,baseline,1285.0,1290.0
4597,S5,1,baseline,1290.0,1295.0
4598,S5,1,baseline,1295.0,1300.0
4599,S5,1,baseline,1300.0,1305.0
4600,S5,1,baseline,1305.0,1310.0
4601,S5,1,baseline,1310.0,1315.0
4602,S5,1,baseline,1315.0,1320.0
4603,S5,1,baseline,1320.0,1325.0
4604,S5,1,baseline,1325.0,1330.0
4605,S5,1,baseline,1330.0,1335.0
4606,S5,1,baseline,1335.0,1340.0
4607,S5,1,baseline,1340.0,1345.0
4608,S5,1,baseline,1345.0,1350.0
4609,S5,1,baseline,1350.0,1355.0
4610,S5,1,baseline,1355.0,1360.0
4611,S5,1,baseline,1360.0,1365.0
4612,S5,1,baseline,1365.0,1370.0
4613,S5,1,baseline,1370.0,1375.0
4614,S5,1,baseline,1375.0,1380.0
4615,S5,1,baseline,1380.0,1385.0
4616,S5,1,baseline,1385.0,1390.0
4617,S5,1,baseline,1390.0,1395.0
4618,S5,1,baseline,1395.0,1400.0
4619,S5,1,baseline,1400.0,1405.0
4620,S5,1,baseline,1405.0,1410.0
4621,S5,1,baseline,1410.0,1415.0
4622,S5,1,baseline,1415.0,1420.0
4623,S5,1,baseline,1420.0,1425.0
4624,S5,1,baseline,1425.0,1430.0
4625,S5,1,baseline,1430.0,1435.0
4626,S5,1,baseline,1435.0,1440.0
4627,S5,1,baseline,1440.0,1445.0
4628,S5,1,baseline,1445.0,1450.0
4629,S5,1,baseline,1450.0,1455.0
4630,S5,1,baseline,1455.0,1460.0
4631,S5,1,baseline,1460.0,1465.0
4632,S5,1,baseline,1465.0,1470.0
4633,S5,1,baseline,1470.0,1475.0
4634,S5,3,amusement,1865.0,1870.0
4635,S5,3,amusement,1870.0,1875.0
4636,S5,3,amusement,1875.0,1880.0
4637,S5,3,amusement,1880.0,1885.0
4638,S5,3,amusement,1885.0,1890.0
4639,S5,3,amusement,1890.0,1895.0
4640,S5,3,amusement,1895.0,1900.0
4641,S5,3,amusement,1900.0,1905.0
4642,S5,3,amusement,1905.0,1910.0
4643,S5,3,amusement,1910.0,1915.0
4644,S5,3,amusement,1915.0,1920.0
4645,S5,3,amusement,1920.0,1925.0
4646,S5,3,amusement,1925.0,1930.0
4647,S5,3,amusement,1930.0,1935.0
4648,S5,3,amusement,1935.0,1940.0
4649,S5,3,amusement,1940.0,1945.0
4650,S5,3,amusement,1945.0,1950.0
4651,S5,3,amusement,1950.0,1955.0
4652,S5,3,amusement,1955.0,1960.0
4653,S5,3,amusement,1960.0,1965.0
4654,S5,3,amusement,1965.0,1970.0
4655,S5,3,amusement,1970.0,1975.0
4656,S5,3,amusement,1975.0,1980.0
4657,S5,3,amusement,1980.0,1985.0
4658,S5,3,amusement,1985.0,1990.0
4659,S5,3,amusement,1990.0,1995.0
4660,S5,3,amusement,1995.0,2000.0
4661,S5,3,amusement,2000.0,2005.0
4662,S5,3,amusement,2005.0,2010.0
4663,S5,3,amusement,2010.0,2015.0
4664,S5,3,amusement,2015.0,2020.0
4665,S5,3,amusement,2020.0,2025.0
4666,S5,3,amusement,2025.0,2030.0
4667,S5,3,amusement,2030.0,2035.0
4668,S5,3,amusement,2035.0,2040.0
4669,S5,3,amusement,2040.0,2045.0
4670,S5,3,amusement,2045.0,2050.0
4671,S5,3,amusement,2050.0,2055.0
4672,S5,3,amusement,2055.0,2060.0
4673,S5,3,amusement,2060.0,2065.0
4674,S5,3,amusement,2065.0,2070.0
4675,S5,3,amusement,2070.0,2075.0
4676,S5,3,amusement,2075.0,2080.0
4677,S5,3,amusement,2080.0,2085.0
4678,S5,3,amusement,2085.0,2090.0
4679,S5,3,amusement,2090.0,2095.0
4680,S5,3,amusement,2095.0,2100.0
4681,S5,3,amusement,2100.0,2105.0
4682,S5,3,amusement,2105.0,2110.0
4683,S5,3,amusement,2110.0,2115.0
4684,S5,3,amusement,2115.0,2120.0
4685,S5,3,amusement,2120.0,2125.0
4686,S5,3,amusement,2125.0,2130.0
4687,S5,3,amusement,2130.0,2135.0
4688,S5,3,amusement,2135.0,2140.0
4689,S5,3,amusement,2140.0,2145.0
4690,S5,3,amusement,2145.0,2150.0
4691,S5,3,amusement,2150.0,2155.0
4692,S5,3,amusement,2155.0,2160.0
4693,S5,3,amusement,2160.0,2165.0
4694,S5,3,amusement,2165.0,2170.0
4695,S5,3,amusement,2170.0,2175.0
4696,S5,3,amusement,2175.0,2180.0
4697,S5,3,amusement,2180.0,2185.0
4698,S5,3,amusement,2185.0,2190.0
4699,S5,3,amusement,2190.0,2195.0
4700,S5,3,amusement,2195.0,2200.0
4701,S5,3,amusement,2200.0,2205.0
4702,S5,3,amusement,2205.0,2210.0
4703,S5,3,amusement,2210.0,2215.0
4704,S5,3,amusement,2215.0,2220.0
4705,S5,3,amusement,2220.0,2225.0
4706,S5,3,amusement,2225.0,2230.0
4707,S5,3,amusement,2230.0,2235.0
4708,S5,2,stress,3605.0,3610.0
4709,S5,2,stress,3610.0,3615.0
4710,S5,2,stress,3615.0,3620.0
4711,S5,2,stress,3620.0,3625.0
4712,S5,2,stress,3625.0,3630.0
4713,S5,2,stress,3630.0,3635.0
4714,S5,2,stress,3635.0,3640.0
4715,S5,2,stress,3640.0,3645.0
4716,S5,2,stress,3645.0,3650.0
4717,S5,2,stress,3650.0,3655.0
4718,S5,2,stress,3655.0,3660.0
4719,S5,2,stress,3660.0,3665.0
4720,S5,2,stress,3665.0,3670.0
4721,S5,2,stress,3670.0,3675.0
4722,S5,2,stress,3675.0,3680.0
4723,S5,2,stress,3680.0,3685.0
4724,S5,2,stress,3685.0,3690.0
4725,S5,2,stress,3690.0,3695.0
4726,S5,2,stress,3695.0,3700.0
4727,S5,2,stress,3700.0,3705.0
4728,S5,2,stress,3705.0,3710.0
4729,S5,2,stress,3710.0,3715.0
4730,S5,2,stress,3715.0,3720.0
4731,S5,2,stress,3720.0,3725.0
4732,S5,2,stress,3725.0,3730.0
4733,S5,2,stress,3730.0,3735.0
4734,S5,2,stress,3735.0,3740.0
4735,S5,2,stress,3740.0,3745.0
4736,S5,2,stress,3745.0,3750.0
4737,S5,2,stress,3750.0,3755.0
4738,S5,2,stress,3755.0,3760.0
4739,S5,2,stress,3760.0,3765.0
4740,S5,2,stress,3765.0,3770.0
4741,S5,2,stress,3770.0,3775.0
4742,S5,2,stress,3775.0,3780.0
4743,S5,2,stress,3780.0,3785.0
4744,S5,2,stress,3785.0,3790.0
4745,S5,2,stress,3790.0,3795.0
4746,S5,2,stress,3795.0,3800.0
4747,S5,2,stress,3800.0,3805.0
4748,S5,2,stress,3805.0,3810.0
4749,S5,2,stress,3810.0,3815.0
4750,S5,2,stress,3815.0,3820.0
4751,S5,2,stress,3820.0,3825.0
4752,S5,2,stress,3825.0,3830.0
4753,S5,2,stress,3830.0,3835.0
4754,S5,2,stress,3835.0,3840.0
4755,S5,2,stress,3840.0,3845.0
4756,S5,2,stress,3845.0,3850.0
4757,S5,2,stress,3850.0,3855.0
4758,S5,2,stress,3855.0,3860.0
4759,S5,2,stress,3860.0,3865.0
4760,S5,2,stress,3865.0,3870.0
4761,S5,2,stress,3870.0,3875.0
4762,S5,2,stress,3875.0,3880.0
4763,S5,2,stress,3880.0,3885.0
4764,S5,2,stress,3885.0,3890.0
4765,S5,2,stress,3890.0,3895.0
4766,S5,2,stress,3895.0,3900.0
4767,S5,2,stress,3900.0,3905.0
4768,S5,2,stress,3905.0,3910.0
4769,S5,2,stress,3910.0,3915.0
4770,S5,2,stress,3915.0,3920.0
4771,S5,2,stress,3920.0,3925.0
4772,S5,2,stress,3925.0,3930.0
4773,S5,2,stress,3930.0,3935.0
4774,S5,2,stress,3935.0,3940.0
4775,S5,2,stress,3940.0,3945.0
4776,S5,2,stress,3945.0,3950.0
4777,S5,2,stress,3950.0,3955.0
4778,S5,2,stress,3955.0,3960.0
4779,S5,2,stress,3960.0,3965.0
4780,S5,2,stress,3965.0,3970.0
4781,S5,2,stress,3970.0,3975.0
4782,S5,2,stress,3975.0,3980.0
4783,S5,2,stress,3980.0,3985.0
4784,S5,2,stress,3985.0,3990.0
4785,S5,2,stress,3990.0,3995.0
4786,S5,2,stress,3995.0,4000.0
4787,S5,2,stress,4000.0,4005.0
4788,S5,2,stress,4005.0,4010.0
4789,S5,2,stress,4010.0,4015.0
4790,S5,2,stress,4015.0,4020.0
4791,S5,2,stress,4020.0,4025.0
4792,S5,2,stress,4025.0,4030.0
4793,S5,2,stress,4030.0,4035.0
4794,S5,2,stress,4035.0,4040.0
4795,S5,2,stress,4040.0,4045.0
4796,S5,2,stress,4045.0,4050.0
4797,S5,2,stress,4050.0,4055.0
4798,S5,2,stress,4055.0,4060.0
4799,S5,2,stress,4060.0,4065.0
4800,S5,2,stress,4065.0,4070.0
4801,S5,2,stress,4070.0,4075.0
4802,S5,2,stress,4075.0,4080.0
4803,S5,2,stress,4080.0,4085.0
4804,S5,2,stress,4085.0,4090.0
4805,S5,2,stress,4090.0,4095.0
4806,S5,2,stress,4095.0,4100.0
4807,S5,2,stress,4100.0,4105.0
4808,S5,2,stress,4105.0,4110.0
4809,S5,2,stress,4110.0,4115.0
4810,S5,2,stress,4115.0,4120.0
4811,S5,2,stress,4120.0,4125.0
4812,S5,2,stress,4125.0,4130.0
4813,S5,2,stress,4130.0,4135.0
4814,S5,2,stress,4135.0,4140.0
4815,S5,2,stress,4140.0,4145.0
4816,S5,2,stress,4145.0,4150.0
4817,S5,2,stress,4150.0,4155.0
4818,S5,2,stress,4155.0,4160.0
4819,S5,2,stress,4160.0,4165.0
4820,S5,2,stress,4165.0,4170.0
4821,S5,2,stress,4170.0,4175.0
4822,S5,2,stress,4175.0,4180.0
4823,S5,2,stress,4180.0,4185.0
4824,S5,2,stress,4185.0,4190.0
4825,S5,2,stress,4190.0,4195.0
4826,S5,2,stress,4195.0,4200.0
4827,S5,2,stress,4200.0,4205.0
4828,S5,2,stress,4205.0,4210.0
4829,S5,2,stress,4210.0,4215.0
4830,S5,2,stress,4215.0,4220.0
4831,S5,2,stress,4220.0,4225.0
4832,S5,2,stress,4225.0,4230.0
4833,S5,2,stress,4230.0,4235.0
4834,S5,2,stress,4235.0,4240.0
4835,S5,2,stress,4240.0,4245.0
4836,S6,1,baseline,645.0,650.0
4837,S6,1,baseline,650.0,655.0
4838,S6,1,baseline,655.0,660.0
4839,S6,1,baseline,660.0,665.0
4840,S6,1,baseline,665.0,670.0
4841,S6,1,baseline,670.0,675.0
4842,S6,1,baseline,675.0,680.0
4843,S6,1,baseline,680.0,685.0
4844,S6,1,baseline,685.0,690.0
4845,S6,1,baseline,690.0,695.0
4846,S6,1,baseline,695.0,700.0
4847,S6,1,baseline,700.0,705.0
4848,S6,1,baseline,705.0,710.0
4849,S6,1,baseline,710.0,715.0
4850,S6,1,baseline,715.0,720.0
4851,S6,1,baseline,720.0,725.0
4852,S6,1,baseline,725.0,730.0
4853,S6,1,baseline,730.0,735.0
4854,S6,1,baseline,735.0,740.0
4855,S6,1,baseline,740.0,745.0
4856,S6,1,baseline,745.0,750.0
4857,S6,1,baseline,750.0,755.0
4858,S6,1,baseline,755.0,760.0
4859,S6,1,baseline,760.0,765.0
4860,S6,1,baseline,765.0,770.0
4861,S6,1,baseline,770.0,775.0
4862,S6,1,baseline,775.0,780.0
4863,S6,1,baseline,780.0,785.0
4864,S6,1,baseline,785.0,790.0
4865,S6,1,baseline,790.0,795.0
4866,S6,1,baseline,795.0,800.0
4867,S6,1,baseline,800.0,805.0
4868,S6,1,baseline,805.0,810.0
4869,S6,1,baseline,810.0,815.0
4870,S6,1,baseline,815.0,820.0
4871,S6,1,baseline,820.0,825.0
4872,S6,1,baseline,825.0,830.0
4873,S6,1,baseline,830.0,835.0
4874,S6,1,baseline,835.0,840.0
4875,S6,1,baseline,840.0,845.0
4876,S6,1,baseline,845.0,850.0
4877,S6,1,baseline,850.0,855.0
4878,S6,1,baseline,855.0,860.0
4879,S6,1,baseline,860.0,865.0
4880,S6,1,baseline,865.0,870.0
4881,S6,1,baseline,870.0,875.0
4882,S6,1,baseline,875.0,880.0
4883,S6,1,baseline,880.0,885.0
4884,S6,1,baseline,885.0,890.0
4885,S6,1,baseline,890.0,895.0
4886,S6,1,baseline,895.0,900.0
4887,S6,1,baseline,900.0,905.0
4888,S6,1,baseline,905.0,910.0
4889,S6,1,baseline,910.0,915.0
4890,S6,1,baseline,915.0,920.0
4891,S6,1,baseline,920.0,925.0
4892,S6,1,baseline,925.0,930.0
4893,S6,1,baseline,930.0,935.0
4894,S6,1,baseline,935.0,940.0
4895,S6,1,baseline,940.0,945.0
4896,S6,1,baseline,945.0,950.0
4897,S6,1,baseline,950.0,955.0
4898,S6,1,baseline,955.0,960.0
4899,S6,1,baseline,960.0,965.0
4900,S6,1,baseline,965.0,970.0
4901,S6,1,baseline,970.0,975.0
4902,S6,1,baseline,975.0,980.0
4903,S6,1,baseline,980.0,985.0
4904,S6,1,baseline,985.0,990.0
4905,S6,1,baseline,990.0,995.0
4906,S6,1,baseline,995.0,1000.0
4907,S6,1,baseline,1000.0,1005.0
4908,S6,1,baseline,1005.0,1010.0
4909,S6,1,baseline,1010.0,1015.0
4910,S6,1,baseline,1015.0,1020.0
4911,S6,1,baseline,1020.0,1025.0
4912,S6,1,baseline,1025.0,1030.0
4913,S6,1,baseline,1030.0,1035.0
4914,S6,1,baseline,1035.0,1040.0
4915,S6,1,baseline,1040.0,1045.0
4916,S6,1,baseline,1045.0,1050.0
4917,S6,1,baseline,1050.0,1055.0
4918,S6,1,baseline,1055.0,1060.0
4919,S6,1,baseline,1060.0,1065.0
4920,S6,1,baseline,1065.0,1070.0
4921,S6,1,baseline,1070.0,1075.0
4922,S6,1,baseline,1075.0,1080.0
4923,S6,1,baseline,1080.0,1085.0
4924,S6,1,baseline,1085.0,1090.0
4925,S6,1,baseline,1090.0,1095.0
4926,S6,1,baseline,1095.0,1100.0
4927,S6,1,baseline,1100.0,1105.0
4928,S6,1,baseline,1105.0,1110.0
4929,S6,1,baseline,1110.0,1115.0
4930,S6,1,baseline,1115.0,1120.0
4931,S6,1,baseline,1120.0,1125.0
4932,S6,1,baseline,1125.0,1130.0
4933,S6,1,baseline,1130.0,1135.0
4934,S6,1,baseline,1135.0,1140.0
4935,S6,1,baseline,1140.0,1145.0
4936,S6,1,baseline,1145.0,1150.0
4937,S6,1,baseline,1150.0,1155.0
4938,S6,1,baseline,1155.0,1160.0
4939,S6,1,baseline,1160.0,1165.0
4940,S6,1,baseline,1165.0,1170.0
4941,S6,1,baseline,1170.0,1175.0
4942,S6,1,baseline,1175.0,1180.0
4943,S6,1,baseline,1180.0,1185.0
4944,S6,1,baseline,1185.0,1190.0
4945,S6,1,baseline,1190.0,1195.0
4946,S6,1,baseline,1195.0,1200.0
4947,S6,1,baseline,1200.0,1205.0
4948,S6,1,baseline,1205.0,1210.0
4949,S6,1,baseline,1210.0,1215.0
4950,S6,1,baseline,1215.0,1220.0
4951,S6,1,baseline,1220.0,1225.0
4952,S6,1,baseline,1225.0,1230.0
4953,S6,1,baseline,1230.0,1235.0
4954,S6,1,baseline,1235.0,1240.0
4955,S6,1,baseline,1240.0,1245.0
4956,S6,1,baseline,1245.0,1250.0
4957,S6,1,baseline,1250.0,1255.0
4958,S6,1,baseline,1255.0,1260.0
4959,S6,1,baseline,1260.0,1265.0
4960,S6,1,baseline,1265.0,1270.0
4961,S6,1,baseline,1270.0,1275.0
4962,S6,1,baseline,1275.0,1280.0
4963,S6,1,baseline,1280.0,1285.0
4964,S6,1,baseline,1285.0,1290.0
4965,S6,1,baseline,1290.0,1295.0
4966,S6,1,baseline,1295.0,1300.0
4967,S6,1,baseline,1300.0,1305.0
4968,S6,1,baseline,1305.0,1310.0
4969,S6,1,baseline,1310.0,1315.0
4970,S6,1,baseline,1315.0,1320.0
4971,S6,1,baseline,1320.0,1325.0
4972,S6,1,baseline,1325.0,1330.0
4973,S6,1,baseline,1330.0,1335.0
4974,S6,1,baseline,1335.0,1340.0
4975,S6,1,baseline,1340.0,1345.0
4976,S6,1,baseline,1345.0,1350.0
4977,S6,1,baseline,1350.0,1355.0
4978,S6,1,baseline,1355.0,1360.0
4979,S6,1,baseline,1360.0,1365.0
4980,S6,1,baseline,1365.0,1370.0
4981,S6,1,baseline,1370.0,1375.0
4982,S6,1,baseline,1375.0,1380.0
4983,S6,1,baseline,1380.0,1385.0
4984,S6,1,baseline,1385.0,1390.0
4985,S6,1,baseline,1390.0,1395.0
4986,S6,1,baseline,1395.0,1400.0
4987,S6,1,baseline,1400.0,1405.0
4988,S6,1,baseline,1405.0,1410.0
4989,S6,1,baseline,1410.0,1415.0
4990,S6,1,baseline,1415.0,1420.0
4991,S6,1,baseline,1420.0,1425.0
4992,S6,1,baseline,1425.0,1430.0
4993,S6,1,baseline,1430.0,1435.0
4994,S6,1,baseline,1435.0,1440.0
4995,S6,1,baseline,1440.0,1445.0
4996,S6,1,baseline,1445.0,1450.0
4997,S6,1,baseline,1450.0,1455.0
4998,S6,1,baseline,1455.0,1460.0
4999,S6,1,baseline,1460.0,1465.0
5000,S6,1,baseline,1465.0,1470.0
5001,S6,1,baseline,1470.0,1475.0
5002,S6,1,baseline,1475.0,1480.0
5003,S6,1,baseline,1480.0,1485.0
5004,S6,1,baseline,1485.0,1490.0
5005,S6,1,baseline,1490.0,1495.0
5006,S6,1,baseline,1495.0,1500.0
5007,S6,1,baseline,1500.0,1505.0
5008,S6,1,baseline,1505.0,1510.0
5009,S6,1,baseline,1510.0,1515.0
5010,S6,1,baseline,1515.0,1520.0
5011,S6,1,baseline,1520.0,1525.0
5012,S6,1,baseline,1525.0,1530.0
5013,S6,1,baseline,1530.0,1535.0
5014,S6,1,baseline,1535.0,1540.0
5015,S6,1,baseline,1540.0,1545.0
5016,S6,1,baseline,1545.0,1550.0
5017,S6,1,baseline,1550.0,1555.0
5018,S6,1,baseline,1555.0,1560.0
5019,S6,1,baseline,1560.0,1565.0
5020,S6,1,baseline,1565.0,1570.0
5021,S6,1,baseline,1570.0,1575.0
5022,S6,1,baseline,1575.0,1580.0
5023,S6,1,baseline,1580.0,1585.0
5024,S6,1,baseline,1585.0,1590.0
5025,S6,1,baseline,1590.0,1595.0
5026,S6,1,baseline,1595.0,1600.0
5027,S6,1,baseline,1600.0,1605.0
5028,S6,1,baseline,1605.0,1610.0
5029,S6,1,baseline,1610.0,1615.0
5030,S6,1,baseline,1615.0,1620.0
5031,S6,1,baseline,1620.0,1625.0
5032,S6,1,baseline,1625.0,1630.0
5033,S6,1,baseline,1630.0,1635.0
5034,S6,1,baseline,1635.0,1640.0
5035,S6,1,baseline,1640.0,1645.0
5036,S6,1,baseline,1645.0,1650.0
5037,S6,1,baseline,1650.0,1655.0
5038,S6,1,baseline,1655.0,1660.0
5039,S6,1,baseline,1660.0,1665.0
5040,S6,1,baseline,1665.0,1670.0
5041,S6,1,baseline,1670.0,1675.0
5042,S6,1,baseline,1675.0,1680.0
5043,S6,1,baseline,1680.0,1685.0
5044,S6,1,baseline,1685.0,1690.0
5045,S6,1,baseline,1690.0,1695.0
5046,S6,1,baseline,1695.0,1700.0
5047,S6,1,baseline,1700.0,1705.0
5048,S6,1,baseline,1705.0,1710.0
5049,S6,1,baseline,1710.0,1715.0
5050,S6,1,baseline,1715.0,1720.0
5051,S6,1,baseline,1720.0,1725.0
5052,S6,1,baseline,1725.0,1730.0
5053,S6,1,baseline,1730.0,1735.0
5054,S6,1,baseline,1735.0,1740.0
5055,S6,1,baseline,1740.0,1745.0
5056,S6,1,baseline,1745.0,1750.0
5057,S6,1,baseline,1750.0,1755.0
5058,S6,1,baseline,1755.0,1760.0
5059,S6,1,baseline,1760.0,1765.0
5060,S6,1,baseline,1765.0,1770.0
5061,S6,1,baseline,1770.0,1775.0
5062,S6,1,baseline,1775.0,1780.0
5063,S6,1,baseline,1780.0,1785.0
5064,S6,1,baseline,1785.0,1790.0
5065,S6,1,baseline,1790.0,1795.0
5066,S6,1,baseline,1795.0,1800.0
5067,S6,1,baseline,1800.0,1805.0
5068,S6,1,baseline,1805.0,1810.0
5069,S6,1,baseline,1810.0,1815.0
5070,S6,1,baseline,1815.0,1820.0
5071,S6,2,stress,2445.0,2450.0
5072,S6,2,stress,2450.0,2455.0
5073,S6,2,stress,2455.0,2460.0
5074,S6,2,stress,2460.0,2465.0
5075,S6,2,stress,2465.0,2470.0
5076,S6,2,stress,2470.0,2475.0
5077,S6,2,stress,2475.0,2480.0
5078,S6,2,stress,2480.0,2485.0
5079,S6,2,stress,2485.0,2490.0
5080,S6,2,stress,2490.0,2495.0
5081,S6,2,stress,2495.0,2500.0
5082,S6,2,stress,2500.0,2505.0
5083,S6,2,stress,2505.0,2510.0
5084,S6,2,stress,2510.0,2515.0
5085,S6,2,stress,2515.0,2520.0
5086,S6,2,stress,2520.0,2525.0
5087,S6,2,stress,2525.0,2530.0
5088,S6,2,stress,2530.0,2535.0
5089,S6,2,stress,2535.0,2540.0
5090,S6,2,stress,2540.0,2545.0
5091,S6,2,stress,2545.0,2550.0
5092,S6,2,stress,2550.0,2555.0
5093,S6,2,stress,2555.0,2560.0
5094,S6,2,stress,2560.0,2565.0
5095,S6,2,stress,2565.0,2570.0
5096,S6,2,stress,2570.0,2575.0
5097,S6,2,stress,2575.0,2580.0
5098,S6,2,stress,2580.0,2585.0
5099,S6,2,stress,2585.0,2590.0
5100,S6,2,stress,2590.0,2595.0
5101,S6,2,stress,2595.0,2600.0
5102,S6,2,stress,2600.0,2605.0
5103,S6,2,stress,2605.0,2610.0
5104,S6,2,stress,2610.0,2615.0
5105,S6,2,stress,2615.0,2620.0
5106,S6,2,stress,2620.0,2625.0
5107,S6,2,stress,2625.0,2630.0
5108,S6,2,stress,2630.0,2635.0
5109,S6,2,stress,2635.0,2640.0
5110,S6,2,stress,2640.0,2645.0
5111,S6,2,stress,2645.0,2650.0
5112,S6,2,stress,2650.0,2655.0
5113,S6,2,stress,2655.0,2660.0
5114,S6,2,stress,2660.0,2665.0
5115,S6,2,stress,2665.0,2670.0
5116,S6,2,stress,2670.0,2675.0
5117,S6,2,stress,2675.0,2680.0
5118,S6,2,stress,2680.0,2685.0
5119,S6,2,stress,2685.0,2690.0
5120,S6,2,stress,2690.0,2695.0
5121,S6,2,stress,2695.0,2700.0
5122,S6,2,stress,2700.0,2705.0
5123,S6,2,stress,2705.0,2710.0
5124,S6,2,stress,2710.0,2715.0
5125,S6,2,stress,2715.0,2720.0
5126,S6,2,stress,2720.0,2725.0
5127,S6,2,stress,2725.0,2730.0
5128,S6,2,stress,2730.0,2735.0
5129,S6,2,stress,2735.0,2740.0
5130,S6,2,stress,2740.0,2745.0
5131,S6,2,stress,2745.0,2750.0
5132,S6,2,stress,2750.0,2755.0
5133,S6,2,stress,2755.0,2760.0
5134,S6,2,stress,2760.0,2765.0
5135,S6,2,stress,2765.0,2770.0
5136,S6,2,stress,2770.0,2775.0
5137,S6,2,stress,2775.0,2780.0
5138,S6,2,stress,2780.0,2785.0
5139,S6,2,stress,2785.0,2790.0
5140,S6,2,stress,2790.0,2795.0
5141,S6,2,stress,2795.0,2800.0
5142,S6,2,stress,2800.0,2805.0
5143,S6,2,stress,2805.0,2810.0
5144,S6,2,stress,2810.0,2815.0
5145,S6,2,stress,2815.0,2820.0
5146,S6,2,stress,2820.0,2825.0
5147,S6,2,stress,2825.0,2830.0
5148,S6,2,stress,2830.0,2835.0
5149,S6,2,stress,2835.0,2840.0
5150,S6,2,stress,2840.0,2845.0
5151,S6,2,stress,2845.0,2850.0
5152,S6,2,stress,2850.0,2855.0
5153,S6,2,stress,2855.0,2860.0
5154,S6,2,stress,2860.0,2865.0
5155,S6,2,stress,2865.0,2870.0
5156,S6,2,stress,2870.0,2875.0
5157,S6,2,stress,2875.0,2880.0
5158,S6,2,stress,2880.0,2885.0
5159,S6,2,stress,2885.0,2890.0
5160,S6,2,stress,2890.0,2895.0
5161,S6,2,stress,2895.0,2900.0
5162,S6,2,stress,2900.0,2905.0
5163,S6,2,stress,2905.0,2910.0
5164,S6,2,stress,2910.0,2915.0
5165,S6,2,stress,2915.0,2920.0
5166,S6,2,stress,2920.0,2925.0
5167,S6,2,stress,2925.0,2930.0
5168,S6,2,stress,2930.0,2935.0
5169,S6,2,stress,2935.0,2940.0
5170,S6,2,stress,2940.0,2945.0
5171,S6,2,stress,2945.0,2950.0
5172,S6,2,stress,2950.0,2955.0
5173,S6,2,stress,2955.0,2960.0
5174,S6,2,stress,2960.0,2965.0
5175,S6,2,stress,2965.0,2970.0
5176,S6,2,stress,2970.0,2975.0
5177,S6,2,stress,2975.0,2980.0
5178,S6,2,stress,2980.0,2985.0
5179,S6,2,stress,2985.0,2990.0
5180,S6,2,stress,2990.0,2995.0
5181,S6,2,stress,2995.0,3000.0
5182,S6,2,stress,3000.0,3005.0
5183,S6,2,stress,3005.0,3010.0
5184,S6,2,stress,3010.0,3015.0
5185,S6,2,stress,3015.0,3020.0
5186,S6,2,stress,3020.0,3025.0
5187,S6,2,stress,3025.0,3030.0
5188,S6,2,stress,3030.0,3035.0
5189,S6,2,stress,3035.0,3040.0
5190,S6,2,stress,3040.0,3045.0
5191,S6,2,stress,3045.0,3050.0
5192,S6,2,stress,3050.0,3055.0
5193,S6,2,stress,3055.0,3060.0
5194,S6,2,stress,3060.0,3065.0
5195,S6,2,stress,3065.0,3070.0
5196,S6,2,stress,3070.0,3075.0
5197,S6,2,stress,3075.0,3080.0
5198,S6,2,stress,3080.0,3085.0
5199,S6,2,stress,3085.0,3090.0
5200,S6,3,amusement,5555.0,5560.0
5201,S6,3,amusement,5560.0,5565.0
5202,S6,3,amusement,5565.0,5570.0
5203,S6,3,amusement,5570.0,5575.0
5204,S6,3,amusement,5575.0,5580.0
5205,S6,3,amusement,5580.0,5585.0
5206,S6,3,amusement,5585.0,5590.0
5207,S6,3,amusement,5590.0,5595.0
5208,S6,3,amusement,5595.0,5600.0
5209,S6,3,amusement,5600.0,5605.0
5210,S6,3,amusement,5605.0,5610.0
5211,S6,3,amusement,5610.0,5615.0
5212,S6,3,amusement,5615.0,5620.0
5213,S6,3,amusement,5620.0,5625.0
5214,S6,3,amusement,5625.0,5630.0
5215,S6,3,amusement,5630.0,5635.0
5216,S6,3,amusement,5635.0,5640.0
5217,S6,3,amusement,5640.0,5645.0
5218,S6,3,amusement,5645.0,5650.0
5219,S6,3,amusement,5650.0,5655.0
5220,S6,3,amusement,5655.0,5660.0
5221,S6,3,amusement,5660.0,5665.0
5222,S6,3,amusement,5665.0,5670.0
5223,S6,3,amusement,5670.0,5675.0
5224,S6,3,amusement,5675.0,5680.0
5225,S6,3,amusement,5680.0,5685.0
5226,S6,3,amusement,5685.0,5690.0
5227,S6,3,amusement,5690.0,5695.0
5228,S6,3,amusement,5695.0,5700.0
5229,S6,3,amusement,5700.0,5705.0
5230,S6,3,amusement,5705.0,5710.0
5231,S6,3,amusement,5710.0,5715.0
5232,S6,3,amusement,5715.0,5720.0
5233,S6,3,amusement,5720.0,5725.0
5234,S6,3,amusement,5725.0,5730.0
5235,S6,3,amusement,5730.0,5735.0
5236,S6,3,amusement,5735.0,5740.0
5237,S6,3,amusement,5740.0,5745.0
5238,S6,3,amusement,5745.0,5750.0
5239,S6,3,amusement,5750.0,5755.0
5240,S6,3,amusement,5755.0,5760.0
5241,S6,3,amusement,5760.0,5765.0
5242,S6,3,amusement,5765.0,5770.0
5243,S6,3,amusement,5770.0,5775.0
5244,S6,3,amusement,5775.0,5780.0
5245,S6,3,amusement,5780.0,5785.0
5246,S6,3,amusement,5785.0,5790.0
5247,S6,3,amusement,5790.0,5795.0
5248,S6,3,amusement,5795.0,5800.0
5249,S6,3,amusement,5800.0,5805.0
5250,S6,3,amusement,5805.0,5810.0
5251,S6,3,amusement,5810.0,5815.0
5252,S6,3,amusement,5815.0,5820.0
5253,S6,3,amusement,5820.0,5825.0
5254,S6,3,amusement,5825.0,5830.0
5255,S6,3,amusement,5830.0,5835.0
5256,S6,3,amusement,5835.0,5840.0
5257,S6,3,amusement,5840.0,5845.0
5258,S6,3,amusement,5845.0,5850.0
5259,S6,3,amusement,5850.0,5855.0
5260,S6,3,amusement,5855.0,5860.0
5261,S6,3,amusement,5860.0,5865.0
5262,S6,3,amusement,5865.0,5870.0
5263,S6,3,amusement,5870.0,5875.0
5264,S6,3,amusement,5875.0,5880.0
5265,S6,3,amusement,5880.0,5885.0
5266,S6,3,amusement,5885.0,5890.0
5267,S6,3,amusement,5890.0,5895.0
5268,S6,3,amusement,5895.0,5900.0
5269,S6,3,amusement,5900.0,5905.0
5270,S6,3,amusement,5905.0,5910.0
5271,S6,3,amusement,5910.0,5915.0
5272,S6,3,amusement,5915.0,5920.0
5273,S7,1,baseline,105.0,110.0
5274,S7,1,baseline,110.0,115.0
5275,S7,1,baseline,115.0,120.0
5276,S7,1,baseline,120.0,125.0
5277,S7,1,baseline,125.0,130.0
5278,S7,1,baseline,130.0,135.0
5279,S7,1,baseline,135.0,140.0
5280,S7,1,baseline,140.0,145.0
5281,S7,1,baseline,145.0,150.0
5282,S7,1,baseline,150.0,155.0
5283,S7,1,baseline,155.0,160.0
5284,S7,1,baseline,160.0,165.0
5285,S7,1,baseline,165.0,170.0
5286,S7,1,baseline,170.0,175.0
5287,S7,1,baseline,175.0,180.0
5288,S7,1,baseline,180.0,185.0
5289,S7,1,baseline,185.0,190.0
5290,S7,1,baseline,190.0,195.0
5291,S7,1,baseline,195.0,200.0
5292,S7,1,baseline,200.0,205.0
5293,S7,1,baseline,205.0,210.0
5294,S7,1,baseline,210.0,215.0
5295,S7,1,baseline,215.0,220.0
5296,S7,1,baseline,220.0,225.0
5297,S7,1,baseline,225.0,230.0
5298,S7,1,baseline,230.0,235.0
5299,S7,1,baseline,235.0,240.0
5300,S7,1,baseline,240.0,245.0
5301,S7,1,baseline,245.0,250.0
5302,S7,1,baseline,250.0,255.0
5303,S7,1,baseline,255.0,260.0
5304,S7,1,baseline,260.0,265.0
5305,S7,1,baseline,265.0,270.0
5306,S7,1,baseline,270.0,275.0
5307,S7,1,baseline,275.0,280.0
5308,S7,1,baseline,280.0,285.0
5309,S7,1,baseline,285.0,290.0
5310,S7,1,baseline,290.0,295.0
5311,S7,1,baseline,295.0,300.0
5312,S7,1,baseline,300.0,305.0
5313,S7,1,baseline,305.0,310.0
5314,S7,1,baseline,310.0,315.0
5315,S7,1,baseline,315.0,320.0
5316,S7,1,baseline,320.0,325.0
5317,S7,1,baseline,325.0,330.0
5318,S7,1,baseline,330.0,335.0
5319,S7,1,baseline,335.0,340.0
5320,S7,1,baseline,340.0,345.0
5321,S7,1,baseline,345.0,350.0
5322,S7,1,baseline,350.0,355.0
5323,S7,1,baseline,355.0,360.0
5324,S7,1,baseline,360.0,365.0
5325,S7,1,baseline,365.0,370.0
5326,S7,1,baseline,370.0,375.0
5327,S7,1,baseline,375.0,380.0
5328,S7,1,baseline,380.0,385.0
5329,S7,1,baseline,385.0,390.0
5330,S7,1,baseline,390.0,395.0
5331,S7,1,baseline,395.0,400.0
5332,S7,1,baseline,400.0,405.0
5333,S7,1,baseline,405.0,410.0
5334,S7,1,baseline,410.0,415.0
5335,S7,1,baseline,415.0,420.0
5336,S7,1,baseline,420.0,425.0
5337,S7,1,baseline,425.0,430.0
5338,S7,1,baseline,430.0,435.0
5339,S7,1,baseline,435.0,440.0
5340,S7,1,baseline,440.0,445.0
5341,S7,1,baseline,445.0,450.0
5342,S7,1,baseline,450.0,455.0
5343,S7,1,baseline,455.0,460.0
5344,S7,1,baseline,460.0,465.0
5345,S7,1,baseline,465.0,470.0
5346,S7,1,baseline,470.0,475.0
5347,S7,1,baseline,475.0,480.0
5348,S7,1,baseline,480.0,485.0
5349,S7,1,baseline,485.0,490.0
5350,S7,1,baseline,490.0,495.0
5351,S7,1,baseline,495.0,500.0
5352,S7,1,baseline,500.0,505.0
5353,S7,1,baseline,505.0,510.0
5354,S7,1,baseline,510.0,515.0
5355,S7,1,baseline,515.0,520.0
5356,S7,1,baseline,520.0,525.0
5357,S7,1,baseline,525.0,530.0
5358,S7,1,baseline,530.0,535.0
5359,S7,1,baseline,535.0,540.0
5360,S7,1,baseline,540.0,545.0
5361,S7,1,baseline,545.0,550.0
5362,S7,1,baseline,550.0,555.0
5363,S7,1,baseline,555.0,560.0
5364,S7,1,baseline,560.0,565.0
5365,S7,1,baseline,565.0,570.0
5366,S7,1,baseline,570.0,575.0
5367,S7,1,baseline,575.0,580.0
5368,S7,1,baseline,580.0,585.0
5369,S7,1,baseline,585.0,590.0
5370,S7,1,baseline,590.0,595.0
5371,S7,1,baseline,595.0,600.0
5372,S7,1,baseline,600.0,605.0
5373,S7,1,baseline,605.0,610.0
5374,S7,1,baseline,610.0,615.0
5375,S7,1,baseline,615.0,620.0
5376,S7,1,baseline,620.0,625.0
5377,S7,1,baseline,625.0,630.0
5378,S7,1,baseline,630.0,635.0
5379,S7,1,baseline,635.0,640.0
5380,S7,1,baseline,640.0,645.0
5381,S7,1,baseline,645.0,650.0
5382,S7,1,baseline,650.0,655.0
5383,S7,1,baseline,655.0,660.0
5384,S7,1,baseline,660.0,665.0
5385,S7,1,baseline,665.0,670.0
5386,S7,1,baseline,670.0,675.0
5387,S7,1,baseline,675.0,680.0
5388,S7,1,baseline,680.0,685.0
5389,S7,1,baseline,685.0,690.0
5390,S7,1,baseline,690.0,695.0
5391,S7,1,baseline,695.0,700.0
5392,S7,1,baseline,700.0,705.0
5393,S7,1,baseline,705.0,710.0
5394,S7,1,baseline,710.0,715.0
5395,S7,1,baseline,715.0,720.0
5396,S7,1,baseline,720.0,725.0
5397,S7,1,baseline,725.0,730.0
5398,S7,1,baseline,730.0,735.0
5399,S7,1,baseline,735.0,740.0
5400,S7,1,baseline,740.0,745.0
5401,S7,1,baseline,745.0,750.0
5402,S7,1,baseline,750.0,755.0
5403,S7,1,baseline,755.0,760.0
5404,S7,1,baseline,760.0,765.0
5405,S7,1,baseline,765.0,770.0
5406,S7,1,baseline,770.0,775.0
5407,S7,1,baseline,775.0,780.0
5408,S7,1,baseline,780.0,785.0
5409,S7,1,baseline,785.0,790.0
5410,S7,1,baseline,790.0,795.0
5411,S7,1,baseline,795.0,800.0
5412,S7,1,baseline,800.0,805.0
5413,S7,1,baseline,805.0,810.0
5414,S7,1,baseline,810.0,815.0
5415,S7,1,baseline,815.0,820.0
5416,S7,1,baseline,820.0,825.0
5417,S7,1,baseline,825.0,830.0
5418,S7,1,baseline,830.0,835.0
5419,S7,1,baseline,835.0,840.0
5420,S7,1,baseline,840.0,845.0
5421,S7,1,baseline,845.0,850.0
5422,S7,1,baseline,850.0,855.0
5423,S7,1,baseline,855.0,860.0
5424,S7,1,baseline,860.0,865.0
5425,S7,1,baseline,865.0,870.0
5426,S7,1,baseline,870.0,875.0
5427,S7,1,baseline,875.0,880.0
5428,S7,1,baseline,880.0,885.0
5429,S7,1,baseline,885.0,890.0
5430,S7,1,baseline,890.0,895.0
5431,S7,1,baseline,895.0,900.0
5432,S7,1,baseline,900.0,905.0
5433,S7,1,baseline,905.0,910.0
5434,S7,1,baseline,910.0,915.0
5435,S7,1,baseline,915.0,920.0
5436,S7,1,baseline,920.0,925.0
5437,S7,1,baseline,925.0,930.0
5438,S7,1,baseline,930.0,935.0
5439,S7,1,baseline,935.0,940.0
5440,S7,1,baseline,940.0,945.0
5441,S7,1,baseline,945.0,950.0
5442,S7,1,baseline,950.0,955.0
5443,S7,1,baseline,955.0,960.0
5444,S7,1,baseline,960.0,965.0
5445,S7,1,baseline,965.0,970.0
5446,S7,1,baseline,970.0,975.0
5447,S7,1,baseline,975.0,980.0
5448,S7,1,baseline,980.0,985.0
5449,S7,1,baseline,985.0,990.0
5450,S7,1,baseline,990.0,995.0
5451,S7,1,baseline,995.0,1000.0
5452,S7,1,baseline,1000.0,1005.0
5453,S7,1,baseline,1005.0,1010.0
5454,S7,1,baseline,1010.0,1015.0
5455,S7,1,baseline,1015.0,1020.0
5456,S7,1,baseline,1020.0,1025.0
5457,S7,1,baseline,1025.0,1030.0
5458,S7,1,baseline,1030.0,1035.0
5459,S7,1,baseline,1035.0,1040.0
5460,S7,1,baseline,1040.0,1045.0
5461,S7,1,baseline,1045.0,1050.0
5462,S7,1,baseline,1050.0,1055.0
5463,S7,1,baseline,1055.0,1060.0
5464,S7,1,baseline,1060.0,1065.0
5465,S7,1,baseline,1065.0,1070.0
5466,S7,1,baseline,1070.0,1075.0
5467,S7,1,baseline,1075.0,1080.0
5468,S7,1,baseline,1080.0,1085.0
5469,S7,1,baseline,1085.0,1090.0
5470,S7,1,baseline,1090.0,1095.0
5471,S7,1,baseline,1095.0,1100.0
5472,S7,1,baseline,1100.0,1105.0
5473,S7,1,baseline,1105.0,1110.0
5474,S7,1,baseline,1110.0,1115.0
5475,S7,1,baseline,1115.0,1120.0
5476,S7,1,baseline,1120.0,1125.0
5477,S7,1,baseline,1125.0,1130.0
5478,S7,1,baseline,1130.0,1135.0
5479,S7,1,baseline,1135.0,1140.0
5480,S7,1,baseline,1140.0,1145.0
5481,S7,1,baseline,1145.0,1150.0
5482,S7,1,baseline,1150.0,1155.0
5483,S7,1,baseline,1155.0,1160.0
5484,S7,1,baseline,1160.0,1165.0
5485,S7,1,baseline,1165.0,1170.0
5486,S7,1,baseline,1170.0,1175.0
5487,S7,1,baseline,1175.0,1180.0
5488,S7,1,baseline,1180.0,1185.0
5489,S7,1,baseline,1185.0,1190.0
5490,S7,1,baseline,1190.0,1195.0
5491,S7,1,baseline,1195.0,1200.0
5492,S7,1,baseline,1200.0,1205.0
5493,S7,1,baseline,1205.0,1210.0
5494,S7,1,baseline,1210.0,1215.0
5495,S7,1,baseline,1215.0,1220.0
5496,S7,1,baseline,1220.0,1225.0
5497,S7,1,baseline,1225.0,1230.0
5498,S7,1,baseline,1230.0,1235.0
5499,S7,1,baseline,1235.0,1240.0
5500,S7,1,baseline,1240.0,1245.0
5501,S7,1,baseline,1245.0,1250.0
5502,S7,1,baseline,1250.0,1255.0
5503,S7,1,baseline,1255.0,1260.0
5504,S7,1,baseline,1260.0,1265.0
5505,S7,1,baseline,1265.0,1270.0
5506,S7,1,baseline,1270.0,1275.0
5507,S7,1,baseline,1275.0,1280.0
5508,S7,1,baseline,1280.0,1285.0
5509,S7,3,amusement,1555.0,1560.0
5510,S7,3,amusement,1560.0,1565.0
5511,S7,3,amusement,1565.0,1570.0
5512,S7,3,amusement,1570.0,1575.0
5513,S7,3,amusement,1575.0,1580.0
5514,S7,3,amusement,1580.0,1585.0
5515,S7,3,amusement,1585.0,1590.0
5516,S7,3,amusement,1590.0,1595.0
5517,S7,3,amusement,1595.0,1600.0
5518,S7,3,amusement,1600.0,1605.0
5519,S7,3,amusement,1605.0,1610.0
5520,S7,3,amusement,1610.0,1615.0
5521,S7,3,amusement,1615.0,1620.0
5522,S7,3,amusement,1620.0,1625.0
5523,S7,3,amusement,1625.0,1630.0
5524,S7,3,amusement,1630.0,1635.0
5525,S7,3,amusement,1635.0,1640.0
5526,S7,3,amusement,1640.0,1645.0
5527,S7,3,amusement,1645.0,1650.0
5528,S7,3,amusement,1650.0,1655.0
5529,S7,3,amusement,1655.0,1660.0
5530,S7,3,amusement,1660.0,1665.0
5531,S7,3,amusement,1665.0,1670.0
5532,S7,3,amusement,1670.0,1675.0
5533,S7,3,amusement,1675.0,1680.0
5534,S7,3,amusement,1680.0,1685.0
5535,S7,3,amusement,1685.0,1690.0
5536,S7,3,amusement,1690.0,1695.0
5537,S7,3,amusement,1695.0,1700.0
5538,S7,3,amusement,1700.0,1705.0
5539,S7,3,amusement,1705.0,1710.0
5540,S7,3,amusement,1710.0,1715.0
5541,S7,3,amusement,1715.0,1720.0
5542,S7,3,amusement,1720.0,1725.0
5543,S7,3,amusement,1725.0,1730.0
5544,S7,3,amusement,1730.0,1735.0
5545,S7,3,amusement,1735.0,1740.0
5546,S7,3,amusement,1740.0,1745.0
5547,S7,3,amusement,1745.0,1750.0
5548,S7,3,amusement,1750.0,1755.0
5549,S7,3,amusement,1755.0,1760.0
5550,S7,3,amusement,1760.0,1765.0
5551,S7,3,amusement,1765.0,1770.0
5552,S7,3,amusement,1770.0,1775.0
5553,S7,3,amusement,1775.0,1780.0
5554,S7,3,amusement,1780.0,1785.0
5555,S7,3,amusement,1785.0,1790.0
5556,S7,3,amusement,1790.0,1795.0
5557,S7,3,amusement,1795.0,1800.0
5558,S7,3,amusement,1800.0,1805.0
5559,S7,3,amusement,1805.0,1810.0
5560,S7,3,amusement,1810.0,1815.0
5561,S7,3,amusement,1815.0,1820.0
5562,S7,3,amusement,1820.0,1825.0
5563,S7,3,amusement,1825.0,1830.0
5564,S7,3,amusement,1830.0,1835.0
5565,S7,3,amusement,1835.0,1840.0
5566,S7,3,amusement,1840.0,1845.0
5567,S7,3,amusement,1845.0,1850.0
5568,S7,3,amusement,1850.0,1855.0
5569,S7,3,amusement,1855.0,1860.0
5570,S7,3,amusement,1860.0,1865.0
5571,S7,3,amusement,1865.0,1870.0
5572,S7,3,amusement,1870.0,1875.0
5573,S7,3,amusement,1875.0,1880.0
5574,S7,3,amusement,1880.0,1885.0
5575,S7,3,amusement,1885.0,1890.0
5576,S7,3,amusement,1890.0,1895.0
5577,S7,3,amusement,1895.0,1900.0
5578,S7,3,amusement,1900.0,1905.0
5579,S7,3,amusement,1905.0,1910.0
5580,S7,3,amusement,1910.0,1915.0
5581,S7,3,amusement,1915.0,1920.0
5582,S7,2,stress,3100.0,3105.0
5583,S7,2,stress,3105.0,3110.0
5584,S7,2,stress,3110.0,3115.0
5585,S7,2,stress,3115.0,3120.0
5586,S7,2,stress,3120.0,3125.0
5587,S7,2,stress,3125.0,3130.0
5588,S7,2,stress,3130.0,3135.0
5589,S7,2,stress,3135.0,3140.0
5590,S7,2,stress,3140.0,3145.0
5591,S7,2,stress,3145.0,3150.0
5592,S7,2,stress,3150.0,3155.0
5593,S7,2,stress,3155.0,3160.0
5594,S7,2,stress,3160.0,3165.0
5595,S7,2,stress,3165.0,3170.0
5596,S7,2,stress,3170.0,3175.0
5597,S7,2,stress,3175.0,3180.0
5598,S7,2,stress,3180.0,3185.0
5599,S7,2,stress,3185.0,3190.0
5600,S7,2,stress,3190.0,3195.0
5601,S7,2,stress,3195.0,3200.0
5602,S7,2,stress,3200.0,3205.0
5603,S7,2,stress,3205.0,3210.0
5604,S7,2,stress,3210.0,3215.0
5605,S7,2,stress,3215.0,3220.0
5606,S7,2,stress,3220.0,3225.0
5607,S7,2,stress,3225.0,3230.0
5608,S7,2,stress,3230.0,3235.0
5609,S7,2,stress,3235.0,3240.0
5610,S7,2,stress,3240.0,3245.0
5611,S7,2,stress,3245.0,3250.0
5612,S7,2,stress,3250.0,3255.0
5613,S7,2,stress,3255.0,3260.0
5614,S7,2,stress,3260.0,3265.0
5615,S7,2,stress,3265.0,3270.0
5616,S7,2,stress,3270.0,3275.0
5617,S7,2,stress,3275.0,3280.0
5618,S7,2,stress,3280.0,3285.0
5619,S7,2,stress,3285.0,3290.0
5620,S7,2,stress,3290.0,3295.0
5621,S7,2,stress,3295.0,3300.0
5622,S7,2,stress,3300.0,3305.0
5623,S7,2,stress,3305.0,3310.0
5624,S7,2,stress,3310.0,3315.0
5625,S7,2,stress,3315.0,3320.0
5626,S7,2,stress,3320.0,3325.0
5627,S7,2,stress,3325.0,3330.0
5628,S7,2,stress,3330.0,3335.0
5629,S7,2,stress,3335.0,3340.0
5630,S7,2,stress,3340.0,3345.0
5631,S7,2,stress,3345.0,3350.0
5632,S7,2,stress,3350.0,3355.0
5633,S7,2,stress,3355.0,3360.0
5634,S7,2,stress,3360.0,3365.0
5635,S7,2,stress,3365.0,3370.0
5636,S7,2,stress,3370.0,3375.0
5637,S7,2,stress,3375.0,3380.0
5638,S7,2,stress,3380.0,3385.0
5639,S7,2,stress,3385.0,3390.0
5640,S7,2,stress,3390.0,3395.0
5641,S7,2,stress,3395.0,3400.0
5642,S7,2,stress,3400.0,3405.0
5643,S7,2,stress,3405.0,3410.0
5644,S7,2,stress,3410.0,3415.0
5645,S7,2,stress,3415.0,3420.0
5646,S7,2,stress,3420.0,3425.0
5647,S7,2,stress,3425.0,3430.0
5648,S7,2,stress,3430.0,3435.0
5649,S7,2,stress,3435.0,3440.0
5650,S7,2,stress,3440.0,3445.0
5651,S7,2,stress,3445.0,3450.0
5652,S7,2,stress,3450.0,3455.0
5653,S7,2,stress,3455.0,3460.0
5654,S7,2,stress,3460.0,3465.0
5655,S7,2,stress,3465.0,3470.0
5656,S7,2,stress,3470.0,3475.0
5657,S7,2,stress,3475.0,3480.0
5658,S7,2,stress,3480.0,3485.0
5659,S7,2,stress,3485.0,3490.0
5660,S7,2,stress,3490.0,3495.0
5661,S7,2,stress,3495.0,3500.0
5662,S7,2,stress,3500.0,3505.0
5663,S7,2,stress,3505.0,3510.0
5664,S7,2,stress,3510.0,3515.0
5665,S7,2,stress,3515.0,3520.0
5666,S7,2,stress,3520.0,3525.0
5667,S7,2,stress,3525.0,3530.0
5668,S7,2,stress,3530.0,3535.0
5669,S7,2,stress,3535.0,3540.0
5670,S7,2,stress,3540.0,3545.0
5671,S7,2,stress,3545.0,3550.0
5672,S7,2,stress,3550.0,3555.0
5673,S7,2,stress,3555.0,3560.0
5674,S7,2,stress,3560.0,3565.0
5675,S7,2,stress,3565.0,3570.0
5676,S7,2,stress,3570.0,3575.0
5677,S7,2,stress,3575.0,3580.0
5678,S7,2,stress,3580.0,3585.0
5679,S7,2,stress,3585.0,3590.0
5680,S7,2,stress,3590.0,3595.0
5681,S7,2,stress,3595.0,3600.0
5682,S7,2,stress,3600.0,3605.0
5683,S7,2,stress,3605.0,3610.0
5684,S7,2,stress,3610.0,3615.0
5685,S7,2,stress,3615.0,3620.0
5686,S7,2,stress,3620.0,3625.0
5687,S7,2,stress,3625.0,3630.0
5688,S7,2,stress,3630.0,3635.0
5689,S7,2,stress,3635.0,3640.0
5690,S7,2,stress,3640.0,3645.0
5691,S7,2,stress,3645.0,3650.0
5692,S7,2,stress,3650.0,3655.0
5693,S7,2,stress,3655.0,3660.0
5694,S7,2,stress,3660.0,3665.0
5695,S7,2,stress,3665.0,3670.0
5696,S7,2,stress,3670.0,3675.0
5697,S7,2,stress,3675.0,3680.0
5698,S7,2,stress,3680.0,3685.0
5699,S7,2,stress,3685.0,3690.0
5700,S7,2,stress,3690.0,3695.0
5701,S7,2,stress,3695.0,3700.0
5702,S7,2,stress,3700.0,3705.0
5703,S7,2,stress,3705.0,3710.0
5704,S7,2,stress,3710.0,3715.0
5705,S7,2,stress,3715.0,3720.0
5706,S7,2,stress,3720.0,3725.0
5707,S7,2,stress,3725.0,3730.0
5708,S7,2,stress,3730.0,3735.0
5709,S8,1,baseline,160.0,165.0
5710,S8,1,baseline,165.0,170.0
5711,S8,1,baseline,170.0,175.0
5712,S8,1,baseline,175.0,180.0
5713,S8,1,baseline,180.0,185.0
5714,S8,1,baseline,185.0,190.0
5715,S8,1,baseline,190.0,195.0
5716,S8,1,baseline,195.0,200.0
5717,S8,1,baseline,200.0,205.0
5718,S8,1,baseline,205.0,210.0
5719,S8,1,baseline,210.0,215.0
5720,S8,1,baseline,215.0,220.0
5721,S8,1,baseline,220.0,225.0
5722,S8,1,baseline,225.0,230.0
5723,S8,1,baseline,230.0,235.0
5724,S8,1,baseline,235.0,240.0
5725,S8,1,baseline,240.0,245.0
5726,S8,1,baseline,245.0,250.0
5727,S8,1,baseline,250.0,255.0
5728,S8,1,baseline,255.0,260.0
5729,S8,1,baseline,260.0,265.0
5730,S8,1,baseline,265.0,270.0
5731,S8,1,baseline,270.0,275.0
5732,S8,1,baseline,275.0,280.0
5733,S8,1,baseline,280.0,285.0
5734,S8,1,baseline,285.0,290.0
5735,S8,1,baseline,290.0,295.0
5736,S8,1,baseline,295.0,300.0
5737,S8,1,baseline,300.0,305.0
5738,S8,1,baseline,305.0,310.0
5739,S8,1,baseline,310.0,315.0
5740,S8,1,baseline,315.0,320.0
5741,S8,1,baseline,320.0,325.0
5742,S8,1,baseline,325.0,330.0
5743,S8,1,baseline,330.0,335.0
5744,S8,1,baseline,335.0,340.0
5745,S8,1,baseline,340.0,345.0
5746,S8,1,baseline,345.0,350.0
5747,S8,1,baseline,350.0,355.0
5748,S8,1,baseline,355.0,360.0
5749,S8,1,baseline,360.0,365.0
5750,S8,1,baseline,365.0,370.0
5751,S8,1,baseline,370.0,375.0
5752,S8,1,baseline,375.0,380.0
5753,S8,1,baseline,380.0,385.0
5754,S8,1,baseline,385.0,390.0
5755,S8,1,baseline,390.0,395.0
5756,S8,1,baseline,395.0,400.0
5757,S8,1,baseline,400.0,405.0
5758,S8,1,baseline,405.0,410.0
5759,S8,1,baseline,410.0,415.0
5760,S8,1,baseline,415.0,420.0
5761,S8,1,baseline,420.0,425.0
5762,S8,1,baseline,425.0,430.0
5763,S8,1,baseline,430.0,435.0
5764,S8,1,baseline,435.0,440.0
5765,S8,1,baseline,440.0,445.0
5766,S8,1,baseline,445.0,450.0
5767,S8,1,baseline,450.0,455.0
5768,S8,1,baseline,455.0,460.0
5769,S8,1,baseline,460.0,465.0
5770,S8,1,baseline,465.0,470.0
5771,S8,1,baseline,470.0,475.0
5772,S8,1,baseline,475.0,480.0
5773,S8,1,baseline,480.0,485.0
5774,S8,1,baseline,485.0,490.0
5775,S8,1,baseline,490.0,495.0
5776,S8,1,baseline,495.0,500.0
5777,S8,1,baseline,500.0,505.0
5778,S8,1,baseline,505.0,510.0
5779,S8,1,baseline,510.0,515.0
5780,S8,1,baseline,515.0,520.0
5781,S8,1,baseline,520.0,525.0
5782,S8,1,baseline,525.0,530.0
5783,S8,1,baseline,530.0,535.0
5784,S8,1,baseline,535.0,540.0
5785,S8,1,baseline,540.0,545.0
5786,S8,1,baseline,545.0,550.0
5787,S8,1,baseline,550.0,555.0
5788,S8,1,baseline,555.0,560.0
5789,S8,1,baseline,560.0,565.0
5790,S8,1,baseline,565.0,570.0
5791,S8,1,baseline,570.0,575.0
5792,S8,1,baseline,575.0,580.0
5793,S8,1,baseline,580.0,585.0
5794,S8,1,baseline,585.0,590.0
5795,S8,1,baseline,590.0,595.0
5796,S8,1,baseline,595.0,600.0
5797,S8,1,baseline,600.0,605.0
5798,S8,1,baseline,605.0,610.0
5799,S8,1,baseline,610.0,615.0
5800,S8,1,baseline,615.0,620.0
5801,S8,1,baseline,620.0,625.0
5802,S8,1,baseline,625.0,630.0
5803,S8,1,baseline,630.0,635.0
5804,S8,1,baseline,635.0,640.0
5805,S8,1,baseline,640.0,645.0
5806,S8,1,baseline,645.0,650.0
5807,S8,1,baseline,650.0,655.0
5808,S8,1,baseline,655.0,660.0
5809,S8,1,baseline,660.0,665.0
5810,S8,1,baseline,665.0,670.0
5811,S8,1,baseline,670.0,675.0
5812,S8,1,baseline,675.0,680.0
5813,S8,1,baseline,680.0,685.0
5814,S8,1,baseline,685.0,690.0
5815,S8,1,baseline,690.0,695.0
5816,S8,1,baseline,695.0,700.0
5817,S8,1,baseline,700.0,705.0
5818,S8,1,baseline,705.0,710.0
5819,S8,1,baseline,710.0,715.0
5820,S8,1,baseline,715.0,720.0
5821,S8,1,baseline,720.0,725.0
5822,S8,1,baseline,725.0,730.0
5823,S8,1,baseline,730.0,735.0
5824,S8,1,baseline,735.0,740.0
5825,S8,1,baseline,740.0,745.0
5826,S8,1,baseline,745.0,750.0
5827,S8,1,baseline,750.0,755.0
5828,S8,1,baseline,755.0,760.0
5829,S8,1,baseline,760.0,765.0
5830,S8,1,baseline,765.0,770.0
5831,S8,1,baseline,770.0,775.0
5832,S8,1,baseline,775.0,780.0
5833,S8,1,baseline,780.0,785.0
5834,S8,1,baseline,785.0,790.0
5835,S8,1,baseline,790.0,795.0
5836,S8,1,baseline,795.0,800.0
5837,S8,1,baseline,800.0,805.0
5838,S8,1,baseline,805.0,810.0
5839,S8,1,baseline,810.0,815.0
5840,S8,1,baseline,815.0,820.0
5841,S8,1,baseline,820.0,825.0
5842,S8,1,baseline,825.0,830.0
5843,S8,1,baseline,830.0,835.0
5844,S8,1,baseline,835.0,840.0
5845,S8,1,baseline,840.0,845.0
5846,S8,1,baseline,845.0,850.0
5847,S8,1,baseline,850.0,855.0
5848,S8,1,baseline,855.0,860.0
5849,S8,1,baseline,860.0,865.0
5850,S8,1,baseline,865.0,870.0
5851,S8,1,baseline,870.0,875.0
5852,S8,1,baseline,875.0,880.0
5853,S8,1,baseline,880.0,885.0
5854,S8,1,baseline,885.0,890.0
5855,S8,1,baseline,890.0,895.0
5856,S8,1,baseline,895.0,900.0
5857,S8,1,baseline,900.0,905.0
5858,S8,1,baseline,905.0,910.0
5859,S8,1,baseline,910.0,915.0
5860,S8,1,baseline,915.0,920.0
5861,S8,1,baseline,920.0,925.0
5862,S8,1,baseline,925.0,930.0
5863,S8,1,baseline,930.0,935.0
5864,S8,1,baseline,935.0,940.0
5865,S8,1,baseline,940.0,945.0
5866,S8,1,baseline,945.0,950.0
5867,S8,1,baseline,950.0,955.0
5868,S8,1,baseline,955.0,960.0
5869,S8,1,baseline,960.0,965.0
5870,S8,1,baseline,965.0,970.0
5871,S8,1,baseline,970.0,975.0
5872,S8,1,baseline,975.0,980.0
5873,S8,1,baseline,980.0,985.0
5874,S8,1,baseline,985.0,990.0
5875,S8,1,baseline,990.0,995.0
5876,S8,1,baseline,995.0,1000.0
5877,S8,1,baseline,1000.0,1005.0
5878,S8,1,baseline,1005.0,1010.0
5879,S8,1,baseline,1010.0,1015.0
5880,S8,1,baseline,1015.0,1020.0
5881,S8,1,baseline,1020.0,1025.0
5882,S8,1,baseline,1025.0,1030.0
5883,S8,1,baseline,1030.0,1035.0
5884,S8,1,baseline,1035.0,1040.0
5885,S8,1,baseline,1040.0,1045.0
5886,S8,1,baseline,1045.0,1050.0
5887,S8,1,baseline,1050.0,1055.0
5888,S8,1,baseline,1055.0,1060.0
5889,S8,1,baseline,1060.0,1065.0
5890,S8,1,baseline,1065.0,1070.0
5891,S8,1,baseline,1070.0,1075.0
5892,S8,1,baseline,1075.0,1080.0
5893,S8,1,baseline,1080.0,1085.0
5894,S8,1,baseline,1085.0,1090.0
5895,S8,1,baseline,1090.0,1095.0
5896,S8,1,baseline,1095.0,1100.0
5897,S8,1,baseline,1100.0,1105.0
5898,S8,1,baseline,1105.0,1110.0
5899,S8,1,baseline,1110.0,1115.0
5900,S8,1,baseline,1115.0,1120.0
5901,S8,1,baseline,1120.0,1125.0
5902,S8,1,baseline,1125.0,1130.0
5903,S8,1,baseline,1130.0,1135.0
5904,S8,1,baseline,1135.0,1140.0
5905,S8,1,baseline,1140.0,1145.0
5906,S8,1,baseline,1145.0,1150.0
5907,S8,1,baseline,1150.0,1155.0
5908,S8,1,baseline,1155.0,1160.0
5909,S8,1,baseline,1160.0,1165.0
5910,S8,1,baseline,1165.0,1170.0
5911,S8,1,baseline,1170.0,1175.0
5912,S8,1,baseline,1175.0,1180.0
5913,S8,1,baseline,1180.0,1185.0
5914,S8,1,baseline,1185.0,1190.0
5915,S8,1,baseline,1190.0,1195.0
5916,S8,1,baseline,1195.0,1200.0
5917,S8,1,baseline,1200.0,1205.0
5918,S8,1,baseline,1205.0,1210.0
5919,S8,1,baseline,1210.0,1215.0
5920,S8,1,baseline,1215.0,1220.0
5921,S8,1,baseline,1220.0,1225.0
5922,S8,1,baseline,1225.0,1230.0
5923,S8,1,baseline,1230.0,1235.0
5924,S8,1,baseline,1235.0,1240.0
5925,S8,1,baseline,1240.0,1245.0
5926,S8,1,baseline,1245.0,1250.0
5927,S8,1,baseline,1250.0,1255.0
5928,S8,1,baseline,1255.0,1260.0
5929,S8,1,baseline,1260.0,1265.0
5930,S8,1,baseline,1265.0,1270.0
5931,S8,1,baseline,1270.0,1275.0
5932,S8,1,baseline,1275.0,1280.0
5933,S8,1,baseline,1280.0,1285.0
5934,S8,1,baseline,1285.0,1290.0
5935,S8,1,baseline,1290.0,1295.0
5936,S8,1,baseline,1295.0,1300.0
5937,S8,1,baseline,1300.0,1305.0
5938,S8,1,baseline,1305.0,1310.0
5939,S8,1,baseline,1310.0,1315.0
5940,S8,1,baseline,1315.0,1320.0
5941,S8,1,baseline,1320.0,1325.0
5942,S8,3,amusement,1665.0,1670.0
5943,S8,3,amusement,1670.0,1675.0
5944,S8,3,amusement,1675.0,1680.0
5945,S8,3,amusement,1680.0,1685.0
5946,S8,3,amusement,1685.0,1690.0
5947,S8,3,amusement,1690.0,1695.0
5948,S8,3,amusement,1695.0,1700.0
5949,S8,3,amusement,1700.0,1705.0
5950,S8,3,amusement,1705.0,1710.0
5951,S8,3,amusement,1710.0,1715.0
5952,S8,3,amusement,1715.0,1720.0
5953,S8,3,amusement,1720.0,1725.0
5954,S8,3,amusement,1725.0,1730.0
5955,S8,3,amusement,1730.0,1735.0
5956,S8,3,amusement,1735.0,1740.0
5957,S8,3,amusement,1740.0,1745.0
5958,S8,3,amusement,1745.0,1750.0
5959,S8,3,amusement,1750.0,1755.0
5960,S8,3,amusement,1755.0,1760.0
5961,S8,3,amusement,1760.0,1765.0
5962,S8,3,amusement,1765.0,1770.0
5963,S8,3,amusement,1770.0,1775.0
5964,S8,3,amusement,1775.0,1780.0
5965,S8,3,amusement,1780.0,1785.0
5966,S8,3,amusement,1785.0,1790.0
5967,S8,3,amusement,1790.0,1795.0
5968,S8,3,amusement,1795.0,1800.0
5969,S8,3,amusement,1800.0,1805.0
5970,S8,3,amusement,1805.0,1810.0
5971,S8,3,amusement,1810.0,1815.0
5972,S8,3,amusement,1815.0,1820.0
5973,S8,3,amusement,1820.0,1825.0
5974,S8,3,amusement,1825.0,1830.0
5975,S8,3,amusement,1830.0,1835.0
5976,S8,3,amusement,1835.0,1840.0
5977,S8,3,amusement,1840.0,1845.0
5978,S8,3,amusement,1845.0,1850.0
5979,S8,3,amusement,1850.0,1855.0
5980,S8,3,amusement,1855.0,1860.0
5981,S8,3,amusement,1860.0,1865.0
5982,S8,3,amusement,1865.0,1870.0
5983,S8,3,amusement,1870.0,1875.0
5984,S8,3,amusement,1875.0,1880.0
5985,S8,3,amusement,1880.0,1885.0
5986,S8,3,amusement,1885.0,1890.0
5987,S8,3,amusement,1890.0,1895.0
5988,S8,3,amusement,1895.0,1900.0
5989,S8,3,amusement,1900.0,1905.0
5990,S8,3,amusement,1905.0,1910.0
5991,S8,3,amusement,1910.0,1915.0
5992,S8,3,amusement,1915.0,1920.0
5993,S8,3,amusement,1920.0,1925.0
5994,S8,3,amusement,1925.0,1930.0
5995,S8,3,amusement,1930.0,1935.0
5996,S8,3,amusement,1935.0,1940.0
5997,S8,3,amusement,1940.0,1945.0
5998,S8,3,amusement,1945.0,1950.0
5999,S8,3,amusement,1950.0,1955.0
6000,S8,3,amusement,1955.0,1960.0
6001,S8,3,amusement,1960.0,1965.0
6002,S8,3,amusement,1965.0,1970.0
6003,S8,3,amusement,1970.0,1975.0
6004,S8,3,amusement,1975.0,1980.0
6005,S8,3,amusement,1980.0,1985.0
6006,S8,3,amusement,1985.0,1990.0
6007,S8,3,amusement,1990.0,1995.0
6008,S8,3,amusement,1995.0,2000.0
6009,S8,3,amusement,2000.0,2005.0
6010,S8,3,amusement,2005.0,2010.0
6011,S8,3,amusement,2010.0,2015.0
6012,S8,3,amusement,2015.0,2020.0
6013,S8,3,amusement,2020.0,2025.0
6014,S8,3,amusement,2025.0,2030.0
6015,S8,2,stress,3295.0,3300.0
6016,S8,2,stress,3300.0,3305.0
6017,S8,2,stress,3305.0,3310.0
6018,S8,2,stress,3310.0,3315.0
6019,S8,2,stress,3315.0,3320.0
6020,S8,2,stress,3320.0,3325.0
6021,S8,2,stress,3325.0,3330.0
6022,S8,2,stress,3330.0,3335.0
6023,S8,2,stress,3335.0,3340.0
6024,S8,2,stress,3340.0,3345.0
6025,S8,2,stress,3345.0,3350.0
6026,S8,2,stress,3350.0,3355.0
6027,S8,2,stress,3355.0,3360.0
6028,S8,2,stress,3360.0,3365.0
6029,S8,2,stress,3365.0,3370.0
6030,S8,2,stress,3370.0,3375.0
6031,S8,2,stress,3375.0,3380.0
6032,S8,2,stress,3380.0,3385.0
6033,S8,2,stress,3385.0,3390.0
6034,S8,2,stress,3390.0,3395.0
6035,S8,2,stress,3395.0,3400.0
6036,S8,2,stress,3400.0,3405.0
6037,S8,2,stress,3405.0,3410.0
6038,S8,2,stress,3410.0,3415.0
6039,S8,2,stress,3415.0,3420.0
6040,S8,2,stress,3420.0,3425.0
6041,S8,2,stress,3425.0,3430.0
6042,S8,2,stress,3430.0,3435.0
6043,S8,2,stress,3435.0,3440.0
6044,S8,2,stress,3440.0,3445.0
6045,S8,2,stress,3445.0,3450.0
6046,S8,2,stress,3450.0,3455.0
6047,S8,2,stress,3455.0,3460.0
6048,S8,2,stress,3460.0,3465.0
6049,S8,2,stress,3465.0,3470.0
6050,S8,2,stress,3470.0,3475.0
6051,S8,2,stress,3475.0,3480.0
6052,S8,2,stress,3480.0,3485.0
6053,S8,2,stress,3485.0,3490.0
6054,S8,2,stress,3490.0,3495.0
6055,S8,2,stress,3495.0,3500.0
6056,S8,2,stress,3500.0,3505.0
6057,S8,2,stress,3505.0,3510.0
6058,S8,2,stress,3510.0,3515.0
6059,S8,2,stress,3515.0,3520.0
6060,S8,2,stress,3520.0,3525.0
6061,S8,2,stress,3525.0,3530.0
6062,S8,2,stress,3530.0,3535.0
6063,S8,2,stress,3535.0,3540.0
6064,S8,2,stress,3540.0,3545.0
6065,S8,2,stress,3545.0,3550.0
6066,S8,2,stress,3550.0,3555.0
6067,S8,2,stress,3555.0,3560.0
6068,S8,2,stress,3560.0,3565.0
6069,S8,2,stress,3565.0,3570.0
6070,S8,2,stress,3570.0,3575.0
6071,S8,2,stress,3575.0,3580.0
6072,S8,2,stress,3580.0,3585.0
6073,S8,2,stress,3585.0,3590.0
6074,S8,2,stress,3590.0,3595.0
6075,S8,2,stress,3595.0,3600.0
6076,S8,2,stress,3600.0,3605.0
6077,S8,2,stress,3605.0,3610.0
6078,S8,2,stress,3610.0,3615.0
6079,S8,2,stress,3615.0,3620.0
6080,S8,2,stress,3620.0,3625.0
6081,S8,2,stress,3625.0,3630.0
6082,S8,2,stress,3630.0,3635.0
6083,S8,2,stress,3635.0,3640.0
6084,S8,2,stress,3640.0,3645.0
6085,S8,2,stress,3645.0,3650.0
6086,S8,2,stress,3650.0,3655.0
6087,S8,2,stress,3655.0,3660.0
6088,S8,2,stress,3660.0,3665.0
6089,S8,2,stress,3665.0,3670.0
6090,S8,2,stress,3670.0,3675.0
6091,S8,2,stress,3675.0,3680.0
6092,S8,2,stress,3680.0,3685.0
6093,S8,2,stress,3685.0,3690.0
6094,S8,2,stress,3690.0,3695.0
6095,S8,2,stress,3695.0,3700.0
6096,S8,2,stress,3700.0,3705.0
6097,S8,2,stress,3705.0,3710.0
6098,S8,2,stress,3710.0,3715.0
6099,S8,2,stress,3715.0,3720.0
6100,S8,2,stress,3720.0,3725.0
6101,S8,2,stress,3725.0,3730.0
6102,S8,2,stress,3730.0,3735.0
6103,S8,2,stress,3735.0,3740.0
6104,S8,2,stress,3740.0,3745.0
6105,S8,2,stress,3745.0,3750.0
6106,S8,2,stress,3750.0,3755.0
6107,S8,2,stress,3755.0,3760.0
6108,S8,2,stress,3760.0,3765.0
6109,S8,2,stress,3765.0,3770.0
6110,S8,2,stress,3770.0,3775.0
6111,S8,2,stress,3775.0,3780.0
6112,S8,2,stress,3780.0,3785.0
6113,S8,2,stress,3785.0,3790.0
6114,S8,2,stress,3790.0,3795.0
6115,S8,2,stress,3795.0,3800.0
6116,S8,2,stress,3800.0,3805.0
6117,S8,2,stress,3805.0,3810.0
6118,S8,2,stress,3810.0,3815.0
6119,S8,2,stress,3815.0,3820.0
6120,S8,2,stress,3820.0,3825.0
6121,S8,2,stress,3825.0,3830.0
6122,S8,2,stress,3830.0,3835.0
6123,S8,2,stress,3835.0,3840.0
6124,S8,2,stress,3840.0,3845.0
6125,S8,2,stress,3845.0,3850.0
6126,S8,2,stress,3850.0,3855.0
6127,S8,2,stress,3855.0,3860.0
6128,S8,2,stress,3860.0,3865.0
6129,S8,2,stress,3865.0,3870.0
6130,S8,2,stress,3870.0,3875.0
6131,S8,2,stress,3875.0,3880.0
6132,S8,2,stress,3880.0,3885.0
6133,S8,2,stress,3885.0,3890.0
6134,S8,2,stress,3890.0,3895.0
6135,S8,2,stress,3895.0,3900.0
6136,S8,2,stress,3900.0,3905.0
6137,S8,2,stress,3905.0,3910.0
6138,S8,2,stress,3910.0,3915.0
6139,S8,2,stress,3915.0,3920.0
6140,S8,2,stress,3920.0,3925.0
6141,S8,2,stress,3925.0,3930.0
6142,S8,2,stress,3930.0,3935.0
6143,S8,2,stress,3935.0,3940.0
6144,S8,2,stress,3940.0,3945.0
6145,S8,2,stress,3945.0,3950.0
6146,S8,2,stress,3950.0,3955.0
6147,S8,2,stress,3955.0,3960.0
6148,S9,1,baseline,80.0,85.0
6149,S9,1,baseline,85.0,90.0
6150,S9,1,baseline,90.0,95.0
6151,S9,1,baseline,95.0,100.0
6152,S9,1,baseline,100.0,105.0
6153,S9,1,baseline,105.0,110.0
6154,S9,1,baseline,110.0,115.0
6155,S9,1,baseline,115.0,120.0
6156,S9,1,baseline,120.0,125.0
6157,S9,1,baseline,125.0,130.0
6158,S9,1,baseline,130.0,135.0
6159,S9,1,baseline,135.0,140.0
6160,S9,1,baseline,140.0,145.0
6161,S9,1,baseline,145.0,150.0
6162,S9,1,baseline,150.0,155.0
6163,S9,1,baseline,155.0,160.0
6164,S9,1,baseline,160.0,165.0
6165,S9,1,baseline,165.0,170.0
6166,S9,1,baseline,170.0,175.0
6167,S9,1,baseline,175.0,180.0
6168,S9,1,baseline,180.0,185.0
6169,S9,1,baseline,185.0,190.0
6170,S9,1,baseline,190.0,195.0
6171,S9,1,baseline,195.0,200.0
6172,S9,1,baseline,200.0,205.0
6173,S9,1,baseline,205.0,210.0
6174,S9,1,baseline,210.0,215.0
6175,S9,1,baseline,215.0,220.0
6176,S9,1,baseline,220.0,225.0
6177,S9,1,baseline,225.0,230.0
6178,S9,1,baseline,230.0,235.0
6179,S9,1,baseline,235.0,240.0
6180,S9,1,baseline,240.0,245.0
6181,S9,1,baseline,245.0,250.0
6182,S9,1,baseline,250.0,255.0
6183,S9,1,baseline,255.0,260.0
6184,S9,1,baseline,260.0,265.0
6185,S9,1,baseline,265.0,270.0
6186,S9,1,baseline,270.0,275.0
6187,S9,1,baseline,275.0,280.0
6188,S9,1,baseline,280.0,285.0
6189,S9,1,baseline,285.0,290.0
6190,S9,1,baseline,290.0,295.0
6191,S9,1,baseline,295.0,300.0
6192,S9,1,baseline,300.0,305.0
6193,S9,1,baseline,305.0,310.0
6194,S9,1,baseline,310.0,315.0
6195,S9,1,baseline,315.0,320.0
6196,S9,1,baseline,320.0,325.0
6197,S9,1,baseline,325.0,330.0
6198,S9,1,baseline,330.0,335.0
6199,S9,1,baseline,335.0,340.0
6200,S9,1,baseline,340.0,345.0
6201,S9,1,baseline,345.0,350.0
6202,S9,1,baseline,350.0,355.0
6203,S9,1,baseline,355.0,360.0
6204,S9,1,baseline,360.0,365.0
6205,S9,1,baseline,365.0,370.0
6206,S9,1,baseline,370.0,375.0
6207,S9,1,baseline,375.0,380.0
6208,S9,1,baseline,380.0,385.0
6209,S9,1,baseline,385.0,390.0
6210,S9,1,baseline,390.0,395.0
6211,S9,1,baseline,395.0,400.0
6212,S9,1,baseline,400.0,405.0
6213,S9,1,baseline,405.0,410.0
6214,S9,1,baseline,410.0,415.0
6215,S9,1,baseline,415.0,420.0
6216,S9,1,baseline,420.0,425.0
6217,S9,1,baseline,425.0,430.0
6218,S9,1,baseline,430.0,435.0
6219,S9,1,baseline,435.0,440.0
6220,S9,1,baseline,440.0,445.0
6221,S9,1,baseline,445.0,450.0
6222,S9,1,baseline,450.0,455.0
6223,S9,1,baseline,455.0,460.0
6224,S9,1,baseline,460.0,465.0
6225,S9,1,baseline,465.0,470.0
6226,S9,1,baseline,470.0,475.0
6227,S9,1,baseline,475.0,480.0
6228,S9,1,baseline,480.0,485.0
6229,S9,1,baseline,485.0,490.0
6230,S9,1,baseline,490.0,495.0
6231,S9,1,baseline,495.0,500.0
6232,S9,1,baseline,500.0,505.0
6233,S9,1,baseline,505.0,510.0
6234,S9,1,baseline,510.0,515.0
6235,S9,1,baseline,515.0,520.0
6236,S9,1,baseline,520.0,525.0
6237,S9,1,baseline,525.0,530.0
6238,S9,1,baseline,530.0,535.0
6239,S9,1,baseline,535.0,540.0
6240,S9,1,baseline,540.0,545.0
6241,S9,1,baseline,545.0,550.0
6242,S9,1,baseline,550.0,555.0
6243,S9,1,baseline,555.0,560.0
6244,S9,1,baseline,560.0,565.0
6245,S9,1,baseline,565.0,570.0
6246,S9,1,baseline,570.0,575.0
6247,S9,1,baseline,575.0,580.0
6248,S9,1,baseline,580.0,585.0
6249,S9,1,baseline,585.0,590.0
6250,S9,1,baseline,590.0,595.0
6251,S9,1,baseline,595.0,600.0
6252,S9,1,baseline,600.0,605.0
6253,S9,1,baseline,605.0,610.0
6254,S9,1,baseline,610.0,615.0
6255,S9,1,baseline,615.0,620.0
6256,S9,1,baseline,620.0,625.0
6257,S9,1,baseline,625.0,630.0
6258,S9,1,baseline,630.0,635.0
6259,S9,1,baseline,635.0,640.0
6260,S9,1,baseline,640.0,645.0
6261,S9,1,baseline,645.0,650.0
6262,S9,1,baseline,650.0,655.0
6263,S9,1,baseline,655.0,660.0
6264,S9,1,baseline,660.0,665.0
6265,S9,1,baseline,665.0,670.0
6266,S9,1,baseline,670.0,675.0
6267,S9,1,baseline,675.0,680.0
6268,S9,1,baseline,680.0,685.0
6269,S9,1,baseline,685.0,690.0
6270,S9,1,baseline,690.0,695.0
6271,S9,1,baseline,695.0,700.0
6272,S9,1,baseline,700.0,705.0
6273,S9,1,baseline,705.0,710.0
6274,S9,1,baseline,710.0,715.0
6275,S9,1,baseline,715.0,720.0
6276,S9,1,baseline,720.0,725.0
6277,S9,1,baseline,725.0,730.0
6278,S9,1,baseline,730.0,735.0
6279,S9,1,baseline,735.0,740.0
6280,S9,1,baseline,740.0,745.0
6281,S9,1,baseline,745.0,750.0
6282,S9,1,baseline,750.0,755.0
6283,S9,1,baseline,755.0,760.0
6284,S9,1,baseline,760.0,765.0
6285,S9,1,baseline,765.0,770.0
6286,S9,1,baseline,770.0,775.0
6287,S9,1,baseline,775.0,780.0
6288,S9,1,baseline,780.0,785.0
6289,S9,1,baseline,785.0,790.0
6290,S9,1,baseline,790.0,795.0
6291,S9,1,baseline,795.0,800.0
6292,S9,1,baseline,800.0,805.0
6293,S9,1,baseline,805.0,810.0
6294,S9,1,baseline,810.0,815.0
6295,S9,1,baseline,815.0,820.0
6296,S9,1,baseline,820.0,825.0
6297,S9,1,baseline,825.0,830.0
6298,S9,1,baseline,830.0,835.0
6299,S9,1,baseline,835.0,840.0
6300,S9,1,baseline,840.0,845.0
6301,S9,1,baseline,845.0,850.0
6302,S9,1,baseline,850.0,855.0
6303,S9,1,baseline,855.0,860.0
6304,S9,1,baseline,860.0,865.0
6305,S9,1,baseline,865.0,870.0
6306,S9,1,baseline,870.0,875.0
6307,S9,1,baseline,875.0,880.0
6308,S9,1,baseline,880.0,885.0
6309,S9,1,baseline,885.0,890.0
6310,S9,1,baseline,890.0,895.0
6311,S9,1,baseline,895.0,900.0
6312,S9,1,baseline,900.0,905.0
6313,S9,1,baseline,905.0,910.0
6314,S9,1,baseline,910.0,915.0
6315,S9,1,baseline,915.0,920.0
6316,S9,1,baseline,920.0,925.0
6317,S9,1,baseline,925.0,930.0
6318,S9,1,baseline,930.0,935.0
6319,S9,1,baseline,935.0,940.0
6320,S9,1,baseline,940.0,945.0
6321,S9,1,baseline,945.0,950.0
6322,S9,1,baseline,950.0,955.0
6323,S9,1,baseline,955.0,960.0
6324,S9,1,baseline,960.0,965.0
6325,S9,1,baseline,965.0,970.0
6326,S9,1,baseline,970.0,975.0
6327,S9,1,baseline,975.0,980.0
6328,S9,1,baseline,980.0,985.0
6329,S9,1,baseline,985.0,990.0
6330,S9,1,baseline,990.0,995.0
6331,S9,1,baseline,995.0,1000.0
6332,S9,1,baseline,1000.0,1005.0
6333,S9,1,baseline,1005.0,1010.0
6334,S9,1,baseline,1010.0,1015.0
6335,S9,1,baseline,1015.0,1020.0
6336,S9,1,baseline,1020.0,1025.0
6337,S9,1,baseline,1025.0,1030.0
6338,S9,1,baseline,1030.0,1035.0
6339,S9,1,baseline,1035.0,1040.0
6340,S9,1,baseline,1040.0,1045.0
6341,S9,1,baseline,1045.0,1050.0
6342,S9,1,baseline,1050.0,1055.0
6343,S9,1,baseline,1055.0,1060.0
6344,S9,1,baseline,1060.0,1065.0
6345,S9,1,baseline,1065.0,1070.0
6346,S9,1,baseline,1070.0,1075.0
6347,S9,1,baseline,1075.0,1080.0
6348,S9,1,baseline,1080.0,1085.0
6349,S9,1,baseline,1085.0,1090.0
6350,S9,1,baseline,1090.0,1095.0
6351,S9,1,baseline,1095.0,1100.0
6352,S9,1,baseline,1100.0,1105.0
6353,S9,1,baseline,1105.0,1110.0
6354,S9,1,baseline,1110.0,1115.0
6355,S9,1,baseline,1115.0,1120.0
6356,S9,1,baseline,1120.0,1125.0
6357,S9,1,baseline,1125.0,1130.0
6358,S9,1,baseline,1130.0,1135.0
6359,S9,1,baseline,1135.0,1140.0
6360,S9,1,baseline,1140.0,1145.0
6361,S9,1,baseline,1145.0,1150.0
6362,S9,1,baseline,1150.0,1155.0
6363,S9,1,baseline,1155.0,1160.0
6364,S9,1,baseline,1160.0,1165.0
6365,S9,1,baseline,1165.0,1170.0
6366,S9,1,baseline,1170.0,1175.0
6367,S9,1,baseline,1175.0,1180.0
6368,S9,1,baseline,1180.0,1185.0
6369,S9,1,baseline,1185.0,1190.0
6370,S9,1,baseline,1190.0,1195.0
6371,S9,1,baseline,1195.0,1200.0
6372,S9,1,baseline,1200.0,1205.0
6373,S9,1,baseline,1205.0,1210.0
6374,S9,1,baseline,1210.0,1215.0
6375,S9,1,baseline,1215.0,1220.0
6376,S9,1,baseline,1220.0,1225.0
6377,S9,1,baseline,1225.0,1230.0
6378,S9,1,baseline,1230.0,1235.0
6379,S9,1,baseline,1235.0,1240.0
6380,S9,1,baseline,1240.0,1245.0
6381,S9,1,baseline,1245.0,1250.0
6382,S9,1,baseline,1250.0,1255.0
6383,S9,2,stress,1875.0,1880.0
6384,S9,2,stress,1880.0,1885.0
6385,S9,2,stress,1885.0,1890.0
6386,S9,2,stress,1890.0,1895.0
6387,S9,2,stress,1895.0,1900.0
6388,S9,2,stress,1900.0,1905.0
6389,S9,2,stress,1905.0,1910.0
6390,S9,2,stress,1910.0,1915.0
6391,S9,2,stress,1915.0,1920.0
6392,S9,2,stress,1920.0,1925.0
6393,S9,2,stress,1925.0,1930.0
6394,S9,2,stress,1930.0,1935.0
6395,S9,2,stress,1935.0,1940.0
6396,S9,2,stress,1940.0,1945.0
6397,S9,2,stress,1945.0,1950.0
6398,S9,2,stress,1950.0,1955.0
6399,S9,2,stress,1955.0,1960.0
6400,S9,2,stress,1960.0,1965.0
6401,S9,2,stress,1965.0,1970.0
6402,S9,2,stress,1970.0,1975.0
6403,S9,2,stress,1975.0,1980.0
6404,S9,2,stress,1980.0,1985.0
6405,S9,2,stress,1985.0,1990.0
6406,S9,2,stress,1990.0,1995.0
6407,S9,2,stress,1995.0,2000.0
6408,S9,2,stress,2000.0,2005.0
6409,S9,2,stress,2005.0,2010.0
6410,S9,2,stress,2010.0,2015.0
6411,S9,2,stress,2015.0,2020.0
6412,S9,2,stress,2020.0,2025.0
6413,S9,2,stress,2025.0,2030.0
6414,S9,2,stress,2030.0,2035.0
6415,S9,2,stress,2035.0,2040.0
6416,S9,2,stress,2040.0,2045.0
6417,S9,2,stress,2045.0,2050.0
6418,S9,2,stress,2050.0,2055.0
6419,S9,2,stress,2055.0,2060.0
6420,S9,2,stress,2060.0,2065.0
6421,S9,2,stress,2065.0,2070.0
6422,S9,2,stress,2070.0,2075.0
6423,S9,2,stress,2075.0,2080.0
6424,S9,2,stress,2080.0,2085.0
6425,S9,2,stress,2085.0,2090.0
6426,S9,2,stress,2090.0,2095.0
6427,S9,2,stress,2095.0,2100.0
6428,S9,2,stress,2100.0,2105.0
6429,S9,2,stress,2105.0,2110.0
6430,S9,2,stress,2110.0,2115.0
6431,S9,2,stress,2115.0,2120.0
6432,S9,2,stress,2120.0,2125.0
6433,S9,2,stress,2125.0,2130.0
6434,S9,2,stress,2130.0,2135.0
6435,S9,2,stress,2135.0,2140.0
6436,S9,2,stress,2140.0,2145.0
6437,S9,2,stress,2145.0,2150.0
6438,S9,2,stress,2150.0,2155.0
6439,S9,2,stress,2155.0,2160.0
6440,S9,2,stress,2160.0,2165.0
6441,S9,2,stress,2165.0,2170.0
6442,S9,2,stress,2170.0,2175.0
6443,S9,2,stress,2175.0,2180.0
6444,S9,2,stress,2180.0,2185.0
6445,S9,2,stress,2185.0,2190.0
6446,S9,2,stress,2190.0,2195.0
6447,S9,2,stress,2195.0,2200.0
6448,S9,2,stress,2200.0,2205.0
6449,S9,2,stress,2205.0,2210.0
6450,S9,2,stress,2210.0,2215.0
6451,S9,2,stress,2215.0,2220.0
6452,S9,2,stress,2220.0,2225.0
6453,S9,2,stress,2225.0,2230.0
6454,S9,2,stress,2230.0,2235.0
6455,S9,2,stress,2235.0,2240.0
6456,S9,2,stress,2240.0,2245.0
6457,S9,2,stress,2245.0,2250.0
6458,S9,2,stress,2250.0,2255.0
6459,S9,2,stress,2255.0,2260.0
6460,S9,2,stress,2260.0,2265.0
6461,S9,2,stress,2265.0,2270.0
6462,S9,2,stress,2270.0,2275.0
6463,S9,2,stress,2275.0,2280.0
6464,S9,2,stress,2280.0,2285.0
6465,S9,2,stress,2285.0,2290.0
6466,S9,2,stress,2290.0,2295.0
6467,S9,2,stress,2295.0,2300.0
6468,S9,2,stress,2300.0,2305.0
6469,S9,2,stress,2305.0,2310.0
6470,S9,2,stress,2310.0,2315.0
6471,S9,2,stress,2315.0,2320.0
6472,S9,2,stress,2320.0,2325.0
6473,S9,2,stress,2325.0,2330.0
6474,S9,2,stress,2330.0,2335.0
6475,S9,2,stress,2335.0,2340.0
6476,S9,2,stress,2340.0,2345.0
6477,S9,2,stress,2345.0,2350.0
6478,S9,2,stress,2350.0,2355.0
6479,S9,2,stress,2355.0,2360.0
6480,S9,2,stress,2360.0,2365.0
6481,S9,2,stress,2365.0,2370.0
6482,S9,2,stress,2370.0,2375.0
6483,S9,2,stress,2375.0,2380.0
6484,S9,2,stress,2380.0,2385.0
6485,S9,2,stress,2385.0,2390.0
6486,S9,2,stress,2390.0,2395.0
6487,S9,2,stress,2395.0,2400.0
6488,S9,2,stress,2400.0,2405.0
6489,S9,2,stress,2405.0,2410.0
6490,S9,2,stress,2410.0,2415.0
6491,S9,2,stress,2415.0,2420.0
6492,S9,2,stress,2420.0,2425.0
6493,S9,2,stress,2425.0,2430.0
6494,S9,2,stress,2430.0,2435.0
6495,S9,2,stress,2435.0,2440.0
6496,S9,2,stress,2440.0,2445.0
6497,S9,2,stress,2445.0,2450.0
6498,S9,2,stress,2450.0,2455.0
6499,S9,2,stress,2455.0,2460.0
6500,S9,2,stress,2460.0,2465.0
6501,S9,2,stress,2465.0,2470.0
6502,S9,2,stress,2470.0,2475.0
6503,S9,2,stress,2475.0,2480.0
6504,S9,2,stress,2480.0,2485.0
6505,S9,2,stress,2485.0,2490.0
6506,S9,2,stress,2490.0,2495.0
6507,S9,2,stress,2495.0,2500.0
6508,S9,2,stress,2500.0,2505.0
6509,S9,2,stress,2505.0,2510.0
6510,S9,2,stress,2510.0,2515.0
6511,S9,3,amusement,4060.0,4065.0
6512,S9,3,amusement,4065.0,4070.0
6513,S9,3,amusement,4070.0,4075.0
6514,S9,3,amusement,4075.0,4080.0
6515,S9,3,amusement,4080.0,4085.0
6516,S9,3,amusement,4085.0,4090.0
6517,S9,3,amusement,4090.0,4095.0
6518,S9,3,amusement,4095.0,4100.0
6519,S9,3,amusement,4100.0,4105.0
6520,S9,3,amusement,4105.0,4110.0
6521,S9,3,amusement,4110.0,4115.0
6522,S9,3,amusement,4115.0,4120.0
6523,S9,3,amusement,4120.0,4125.0
6524,S9,3,amusement,4125.0,4130.0
6525,S9,3,amusement,4130.0,4135.0
6526,S9,3,amusement,4135.0,4140.0
6527,S9,3,amusement,4140.0,4145.0
6528,S9,3,amusement,4145.0,4150.0
6529,S9,3,amusement,4150.0,4155.0
6530,S9,3,amusement,4155.0,4160.0
6531,S9,3,amusement,4160.0,4165.0
6532,S9,3,amusement,4165.0,4170.0
6533,S9,3,amusement,4170.0,4175.0
6534,S9,3,amusement,4175.0,4180.0
6535,S9,3,amusement,4180.0,4185.0
6536,S9,3,amusement,4185.0,4190.0
6537,S9,3,amusement,4190.0,4195.0
6538,S9,3,amusement,4195.0,4200.0
6539,S9,3,amusement,4200.0,4205.0
6540,S9,3,amusement,4205.0,4210.0
6541,S9,3,amusement,4210.0,4215.0
6542,S9,3,amusement,4215.0,4220.0
6543,S9,3,amusement,4220.0,4225.0
6544,S9,3,amusement,4225.0,4230.0
6545,S9,3,amusement,4230.0,4235.0
6546,S9,3,amusement,4235.0,4240.0
6547,S9,3,amusement,4240.0,4245.0
6548,S9,3,amusement,4245.0,4250.0
6549,S9,3,amusement,4250.0,4255.0
6550,S9,3,amusement,4255.0,4260.0
6551,S9,3,amusement,4260.0,4265.0
6552,S9,3,amusement,4265.0,4270.0
6553,S9,3,amusement,4270.0,4275.0
6554,S9,3,amusement,4275.0,4280.0
6555,S9,3,amusement,4280.0,4285.0
6556,S9,3,amusement,4285.0,4290.0
6557,S9,3,amusement,4290.0,4295.0
6558,S9,3,amusement,4295.0,4300.0
6559,S9,3,amusement,4300.0,4305.0
6560,S9,3,amusement,4305.0,4310.0
6561,S9,3,amusement,4310.0,4315.0
6562,S9,3,amusement,4315.0,4320.0
6563,S9,3,amusement,4320.0,4325.0
6564,S9,3,amusement,4325.0,4330.0
6565,S9,3,amusement,4330.0,4335.0
6566,S9,3,amusement,4335.0,4340.0
6567,S9,3,amusement,4340.0,4345.0
6568,S9,3,amusement,4345.0,4350.0
6569,S9,3,amusement,4350.0,4355.0
6570,S9,3,amusement,4355.0,4360.0
6571,S9,3,amusement,4360.0,4365.0
6572,S9,3,amusement,4365.0,4370.0
6573,S9,3,amusement,4370.0,4375.0
6574,S9,3,amusement,4375.0,4380.0
6575,S9,3,amusement,4380.0,4385.0
6576,S9,3,amusement,4385.0,4390.0
6577,S9,3,amusement,4390.0,4395.0
6578,S9,3,amusement,4395.0,4400.0
6579,S9,3,amusement,4400.0,4405.0
6580,S9,3,amusement,4405.0,4410.0
6581,S9,3,amusement,4410.0,4415.0
6582,S9,3,amusement,4415.0,4420.0
6583,S9,3,amusement,4420.0,4425.0
6584,S9,3,amusement,4425.0,4430.0
