precision,recall,threshold,f1
0.25649202733485194,1.0,0.8244382577548981,0.40826686004318485
0.25653098420413123,1.0,0.8494650441848891,0.4083162093554105
0.256569952909008,1.0,0.8617951562332345,0.40836557059928813
0.25660893345487695,1.0,0.864525290264016,0.40841494377914545
0.25649597325634405,0.9994079336885732,0.8677965343483063,0.40822249093075114
0.25638297872340426,0.9988158673771462,0.8747009944969153,0.4080299915343224
0.2562699498404013,0.9982238010657194,0.8764474947099654,0.4078374455729696
0.2561568865916692,0.9976317347542925,0.8784102661354312,0.40764485302979453
0.2561958339668542,0.9976317347542925,0.8784634095392201,0.40769416888426224
0.25608272506082724,0.9970396684428656,0.8802542440665276,0.4075015124013687
0.25596958174904944,0.9964476021314387,0.8828852150158435,0.40730880929299523
0.2560085184058412,0.9964476021314387,0.8836680901649038,0.4073581023837967
0.2558953293777575,0.9958555358200119,0.8840042714973326,0.40716533526958515
0.2559342665855143,0.9958555358200119,0.8840989685681153,0.40721462292668115
0.25597321564449854,0.9958555358200119,0.8844554916354369,0.40726392251783444
0.2558599695585997,0.9952634695085849,0.8865129444367963,0.4070710739795753
0.2557466889937586,0.9946714031971581,0.887424681120737,0.40687817873544596
0.2556333739342265,0.9940793368857312,0.89311295498414,0.4066852367684768
0.2555200243642455,0.9934872705743043,0.8949483302482414,0.40649224806169004
0.255558939993908,0.9934872705743043,0.8956471995689904,0.4065414900057314
0.25544554455445545,0.9928952042628775,0.8958428199967408,0.40634843712107016
0.25533211456429006,0.9923031379514505,0.8964484506892352,0.4061553374527218
0.25521865000761845,0.9917110716400237,0.8965339297347213,0.4059621909836782
0.2552575434318805,0.9917110716400237,0.8965901863023577,0.40601139255815216
0.25529644871208657,0.9917110716400237,0.9004367746444415,0.4060606060602804
0.2551829268292683,0.9911190053285968,0.9011482191867336,0.40586737786365784
0.2552218325964324,0.9911190053285968,0.901677871604353,0.4059165858386656
0.2551082647148521,0.9905269390171699,0.9019443085234108,0.40572329331845686
0.2549946621930761,0.9899348727057431,0.9024090491854192,0.4055299539167249
0.2550335570469799,0.9899348727057431,0.9025359958840284,0.40557913887171787
0.25507246376811593,0.9899348727057431,0.9025922760784648,0.4056283357590143
0.2551113823619164,0.9899348727057431,0.9040193413762792,0.40567754458295685
0.25515031283381656,0.9899348727057431,0.9042814792738538,0.40572676534789054
0.25503663003663,0.9893428063943162,0.9052058002896896,0.405533309064108
0.255075560983056,0.9893428063943162,0.9053008825295462,0.4055825242715187
0.2549618320610687,0.9887507400828893,0.9062035401150974,0.40538900351951873
0.25500076347533973,0.9887507400828893,0.9074394455426332,0.40543821315820766
0.25488698839340257,0.9881586737714624,0.9084404781962204,0.4052446278981807
0.2547731785550634,0.9875666074600356,0.9097473483349704,0.40505099562862007
0.25481209899175067,0.9875666074600356,0.9106417018351644,0.4051001821490364
0.25485103132161957,0.9875666074600356,0.9110855798676238,0.4051493806166279
0.25473716381418093,0.9869745411486086,0.9115486624889602,0.40495566622097834
0.25477609659177747,0.9869745411486086,0.9124070082459586,0.40500485908616557
0.25481504127178234,0.9869745411486086,0.9126739588968952,0.40505406390442417
0.2548539978596545,0.9869745411486086,0.9134577890023258,0.40510328068011126
0.25474006116207953,0.9863824748371818,0.9136949850269778,0.40490946652051474
0.2547790181985013,0.9863824748371818,0.9138573940659604,0.4049586776856241
0.25466503517895384,0.9857904085257548,0.9139035361563956,0.4047647988327842
0.25455101728621693,0.985198342214328,0.9150107319180892,0.4045708728418813
0.254436964504284,0.9846062759029012,0.9151331758643976,0.40437689969572227
0.2543228768171385,0.9840142095914742,0.9153376675182172,0.4041828793771055
0.25436179981634527,0.9840142095914742,0.9174811943839062,0.4042320321047446
0.25424766569722945,0.9834221432800474,0.918228590348522,0.4040379469712133
0.2542865890998163,0.9834221432800474,0.9190427484042454,0.40408709402716403
0.2541724085132445,0.9828300769686205,0.9194564299735696,0.40389294403860293
0.2542113323124043,0.9828300769686205,0.9202651619612788,0.40394208541152404
0.2540971052228519,0.9822380106571936,0.9204352743711915,0.40374787052778244
0.2539828431372549,0.9816459443457667,0.9206463494578664,0.4035536083725588
0.25402175578366787,0.9816459443457667,0.9210557750088332,0.4036027263872099
0.2539074471345388,0.9810538780343399,0.921183583722679,0.40340839926930205
0.2539463601532567,0.9810538780343399,0.9211947827483642,0.40345751156529297
0.25383200490496627,0.9804618117229129,0.9212735970823588,0.4032631194444559
0.2538709182891308,0.9804618117229129,0.9214432090239189,0.40331222601038924
0.25375651640601044,0.9798697454114861,0.9218661646296664,0.4031177688463423
0.25379543014875017,0.9798697454114861,0.9229248790016488,0.4031668696708059
0.253680981595092,0.9792776791000593,0.9229461198019548,0.4029723474232326
0.2537198956895229,0.9792776791000593,0.9233887033154118,0.40302144249479976
0.25375882172445535,0.9792776791000593,0.9234349434939148,0.4030705495305614
0.25379775970538593,0.9792776791000593,0.9242414709696272,0.4031196685348912
0.25383670963781463,0.9792776791000593,0.9243693635615554,0.40316879951216544
0.25372217958557175,0.9786856127886323,0.9247234507420348,0.4029741589465282
0.2537611298741173,0.9786856127886323,0.9247400435043452,0.40302328416400307
0.2538000921234454,0.9786856127886323,0.9251193284384802,0.4030724213603167
0.2536855036855037,0.9780935464772055,0.925172051598526,0.4028776978413996
0.25372446628782064,0.9780935464772055,0.925207592312254,0.40292682926796564
0.2537634408602151,0.9780935464772055,0.9252647395852158,0.40297597267926794
0.2536487939775695,0.9775014801657785,0.926230878632485,0.4027811661377553
0.2536877688998156,0.9775014801657785,0.9262895817699306,0.40283030376934464
0.2537267558014446,0.9775014801657785,0.926612720835394,0.4028794533915712
0.25376575468798035,0.9775014801657785,0.9266640408930936,0.40292861500882465
0.25380476556495,0.9775014801657785,0.9272365941568316,0.40297778862549644
0.25384378843788435,0.9775014801657785,0.9273036721456404,0.4030269742459804
0.2538828233123174,0.9775014801657785,0.9275358990344666,0.40307617187467265
0.25392187019378654,0.9775014801657785,0.928258239501894,0.403125381515971
0.25380710659898476,0.9769094138543517,0.928296018200876,0.4029304029300755
0.2536923076923077,0.9763173475429248,0.9286607339155358,0.40273537672454746
0.2537313432835821,0.9763173475429248,0.928723625506476,0.4027845627744649
0.2537703908895045,0.9763173475429248,0.9293916257649936,0.4028337608400292
0.2538094505156226,0.9763173475429248,0.9296228454016212,0.4028829709256437
0.2538485221674877,0.9763173475429248,0.9297809220883696,0.402932193035714
0.25388760585065434,0.9763173475429248,0.92982873157831,0.40298142717464797
0.25392670157068065,0.9763173475429248,0.9299154969467458,0.40303067334685555
0.25396580933312796,0.9763173475429248,0.9303785757846847,0.4030799315567488
0.2540049291435613,0.9763173475429248,0.9311651489247827,0.4031292018087421
0.25389000154059466,0.9757252812314979,0.9315766381674102,0.4029339853297456
0.2539291217257319,0.9757252812314979,0.932105255724405,0.40298324978570965
0.2538141470180305,0.9751332149200711,0.9322213534746868,0.4027879677179408
0.2538532675709001,0.9751332149200711,0.932431404626055,0.4028372263663103
0.2538924001849854,0.9751332149200711,0.9325886863887932,0.40288649706425145
0.25393154486586494,0.9751332149200711,0.9326246284821788,0.4029357798161859
0.25397070161912105,0.9751332149200711,0.9334739779703396,0.40298507462653776
0.2540098704503393,0.9751332149200711,0.9337592210354816,0.40303438149973325
0.2538948017892951,0.9745411486086442,0.934029579609068,0.40283896231
0.253933970996606,0.9745411486086442,0.9347140734197268,0.4028882633701285
0.25397315229131306,0.9745411486086442,0.9357828722064934,0.40293757649906
0.25385802469135804,0.9739490822972173,0.9360462623349782,0.40274207369290244
0.25374286155270875,0.9733570159857904,0.9363703649026308,0.40254652301632227
0.253782031491201,0.9733570159857904,0.9364161349479608,0.40259581241549164
0.25382121352478,0.9733570159857904,0.9365880227233948,0.40264511388651975
0.25370599135268684,0.9727649496743636,0.9365880678082296,0.40244947948528115
0.25374517374517375,0.9727649496743636,0.9370621989224917,0.4024987751099119
0.25362990423231385,0.9721728833629366,0.937118553395198,0.40230307484960437
0.25351459910397034,0.9715808170515098,0.9372853751968006,0.40210732663530024
0.25339925834363414,0.9709887507400828,0.9373779130803954,0.40191153044937156
0.2534384175552465,0.9709887507400828,0.937516705597329,0.40196078431339716
0.2534775888717156,0.9709887507400828,0.93793484651382,0.4020100502509279
0.2535167722986551,0.9709887507400828,0.9385302123849356,0.40205932826640367
0.2534013605442177,0.970396684428656,0.9387704764584668,0.4018634301823368
0.2534405443018401,0.970396684428656,0.938771839112554,0.40191270230472304
0.2533250850603155,0.9698046181172292,0.9391159359657666,0.4017167381970964
0.2533642691415313,0.9698046181172292,0.9392440335894398,0.4017660044146825
0.25340346534653463,0.9698046181172292,0.9392543170940848,0.4018152827176894
0.25344267368095313,0.9698046181172292,0.9396403630554055,0.4018645731105645
0.25348189415041783,0.9698046181172292,0.9396485503582148,0.40191387559775754
0.2535211267605634,0.9698046181172292,0.9399222839820852,0.40196319018372045
0.25356037151702787,0.9698046181172292,0.9402277518094247,0.40201251687290734
0.25359962842545286,0.9698046181172292,0.940418379420257,0.4020618556697744
0.25363889749148344,0.9698046181172292,0.9405264494379424,0.4021112065787802
0.25367817872076814,0.9698046181172292,0.9405600877493208,0.40216056960438523
0.2535625774473358,0.9692125518058022,0.9406575843080052,0.40196439533423234
0.2536018590240124,0.9692125518058022,0.9406794854430718,0.4020137524554669
0.2534862101022622,0.9686204854943754,0.9414208832182488,0.40181751197314536
0.25352549201921587,0.9686204854943754,0.941502059522782,0.4018668631782514
0.25356478611283323,0.9686204854943754,0.941556731554101,0.40191622650747116
0.25360409238877696,0.9686204854943754,0.9416512100745122,0.4019656019652731
0.2534883720930233,0.9680284191829485,0.9418906718121492,0.40176925912241346
0.2535276787098775,0.9680284191829485,0.9419105429982468,0.40181862865536044
0.25356699751861045,0.9680284191829485,0.9419301435954546,0.401868010322886
0.25345121762059875,0.9674363528715216,0.9419438993953728,0.4016715830871832
0.2534905367669873,0.9674363528715216,0.9422144528564408,0.4017209588195849
0.2533747090768037,0.9668442865600947,0.9422636353395744,0.4015244652074408
0.2534140285536934,0.9668442865600947,0.942290688194146,0.40157383499290833
0.2532981530343008,0.9662522202486679,0.9423110646029668,0.4013772749627796
0.25333747283452346,0.9662522202486679,0.9425171588559004,0.4014266387894876
0.25337680484396835,0.9662522202486679,0.942616593217284,0.4014760147598184
0.253416149068323,0.9662522202486679,0.9426419766429592,0.40152540287825367
0.25330020189470415,0.9656601539372409,0.9427056824401387,0.40132874015715103
0.2531842187014601,0.9650680876258141,0.9428184056490772,0.40113202903867645
0.2532235513437937,0.9650680876258141,0.9428930381154152,0.4011813930589865
0.25326289620882536,0.9650680876258141,0.943134997277636,0.4012307692304399
0.2533022533022533,0.9650680876258141,0.9431446814741744,0.40128015755752394
0.2533416226297793,0.9650680876258141,0.9433053072362196,0.4013295580447278
0.2533810041971087,0.9650680876258141,0.9433976540200146,0.4013789706965433
0.25342039800995025,0.9650680876258141,0.9434264232980802,0.4014283955174639
0.2533043072617011,0.9644760213143873,0.9434898561177276,0.4012315270932665
0.2531881804043546,0.9638839550029603,0.9438425318081752,0.4010346101733372
0.25307201742106084,0.9632918886915335,0.9440151815724313,0.4008376447397542
0.25295581829495956,0.9626998223801065,0.9443068427755938,0.4006406307745873
0.2529951765987241,0.9626998223801065,0.9443206197994564,0.4006899950711341
0.2530345471521942,0.9626998223801065,0.9445631515671356,0.4007393715338663
0.2530739299610895,0.9626998223801065,0.9447374785848496,0.4007887601672819
0.25311332503113326,0.9626998223801065,0.9448163019746788,0.4008381609758813
0.25299704188074107,0.9621077560686797,0.9449209229408272,0.40064102564069587
0.25303643724696356,0.9621077560686797,0.945137126916204,0.40069042041638825
0.25307584488397444,0.9621077560686797,0.9452205553971088,0.40073982737328295
0.2529595015576324,0.9615156897572528,0.9453921306965872,0.40054260697956906
0.2529989094874591,0.9615156897572528,0.9456376630523732,0.4005920078931087
0.25303832969772516,0.9615156897572528,0.946178476461418,0.4006414209938726
0.25292192613370734,0.9609236234458259,0.9465110281889793,0.4004441154696923
0.25296134663341646,0.9609236234458259,0.9468023306303528,0.4004935225166349
0.25284489477786437,0.9603315571343991,0.9468045891856558,0.40029615004902835
0.25272840661053947,0.9597394908229722,0.9468168635231128,0.4000987288655221
0.252611882114455,0.9591474245115453,0.946922795107656,0.3999012589480777
0.2526512788521522,0.9591474245115453,0.947028931159788,0.3999506233794996
0.2526906878802059,0.9591474245115453,0.9470960595861064,0.39999999999966984
0.25273010920436817,0.9591474245115453,0.9471847492505692,0.40004938881310365
0.25276954283039477,0.9591474245115453,0.947197029116848,0.4000987898243179
0.25280898876404495,0.9591474245115453,0.9474696090696694,0.4001482030378321
0.2526923677228032,0.9585553582001184,0.9475519904833584,0.3999505928850453
0.2527318139244458,0.9585553582001184,0.9476923545002968,0.3999999999996698
0.2527712724434036,0.9585553582001184,0.9478342465173588,0.40004941932262494
0.2528107432854466,0.9585553582001184,0.947945165330966,0.40009885085843655
0.2526940496642199,0.9579632918886916,0.9479980223651449,0.39990113692502804
0.25257731958762886,0.9573712255772646,0.9480121422169644,0.3997033741190615
0.2526167786283393,0.9573712255772646,0.9481938891190343,0.39975278121104163
0.25265625,0.9573712255772646,0.9495383607793668,0.3998022005188932
0.25253945929051413,0.9567791592658378,0.9497942360232337,0.3996043521262768
0.2525789309159112,0.9567791592658378,0.9499729890366952,0.3996537653020065
0.25246209160544003,0.9561870929544108,0.949983081532218,0.3994558496162908
0.25250156347717323,0.9561870929544108,0.9501120977637504,0.3995052566477832
0.25254104769351055,0.9561870929544108,0.950156734577952,0.39955467590268773
0.25258054426024396,0.9561870929544108,0.9501952040468412,0.399604107385541
0.2526200531831691,0.9561870929544108,0.9502609119179366,0.3996535511008819
0.2526595744680851,0.9561870929544108,0.9502897827992558,0.3997030070532518
0.2526991081207949,0.9561870929544108,0.9507053898926928,0.39975247524719404
0.25258215962441316,0.955595026642984,0.9508713935370634,0.3995544002967358
0.2526216935357646,0.955595026642984,0.951068631404944,0.39960386234183315
0.25250469630557293,0.9550029603315572,0.9512541049742664,0.3994057199451935
0.2525442304681384,0.9550029603315572,0.9515774192334264,0.3994551758292878
0.25258377701221424,0.9550029603315572,0.9516121134720344,0.39950464396251745
0.25262333594361785,0.9550029603315572,0.9516987263056916,0.3995541243494338
0.2526629072681704,0.9550029603315572,0.9519248073218074,0.3996036169945904
0.25270249099169667,0.9550029603315572,0.9519684221072796,0.39965312190254315
0.2525853964274522,0.9544108940201302,0.9519852527886388,0.39945483830966777
0.2524682651622003,0.9538188277087034,0.9522953669479552,0.39925650557587716
0.25235109717868337,0.9532267613972765,0.9525674112985888,0.3990581236829011
0.25239065684276535,0.9532267613972765,0.9526344256539968,0.39910758552272296
0.2524302289118846,0.9532267613972765,0.9526598098824706,0.3991570596253041
0.2524698133918771,0.9532267613972765,0.9526599284346008,0.3992065459952057
0.2523525721455458,0.9526346950858496,0.9527178522938402,0.39900805951609786
0.2523921568627451,0.9526346950858496,0.9527195701312858,0.3990575396822085
0.25243175400062756,0.9526346950858496,0.952727217013066,0.3991070321217077
0.25247136356504,0.9526346950858496,0.9527648464356268,0.3991565368391627
0.25251098556183305,0.9526346950858496,0.9528966205433334,0.3992060538391428
0.2525506199968608,0.9526346950858496,0.9529000070998828,0.3992555831262196
0.2525902668759812,0.9526346950858496,0.9531834670480466,0.3993051247049671
0.25262992620505575,0.9526346950858496,0.9531946174772424,0.3993546785799615
0.25251256281407036,0.9520426287744227,0.9532391391762248,0.39915601340416157
0.25255222239673314,0.9520426287744227,0.953273685669616,0.3992055610721611
0.2525918944392083,0.9520426287744227,0.95330080609524,0.39925512104249905
0.25263157894736843,0.9520426287744227,0.9533090320973594,0.39930469331975793
0.2526712759270899,0.9520426287744227,0.9534831694744306,0.3993542779085223
0.2527109853842527,0.9520426287744227,0.953616921295698,0.3994038748133793
0.2525935240490412,0.9514505624629959,0.9538031531004472,0.39920506769312264
0.25263323376827546,0.9514505624629959,0.9539195016531388,0.39925465838476154
0.2526729559748428,0.9514505624629959,0.95407278304592,0.3993042613985999
0.25271269067463437,0.9514505624629959,0.9541457405521616,0.39935387673923095
0.2527524378735451,0.9514505624629959,0.9541893432357296,0.3994035044112502
0.2526348906717005,0.9508584961515689,0.9541910735664972,0.39920457370088624
0.2526746381371932,0.9508584961515689,0.9544402875259532,0.3992541951519367
0.252714398111723,0.9508584961515689,0.9544546531277722,0.3993038289404936
0.2527541706011961,0.9508584961515689,0.9544767149195412,0.39935347507115887
0.2527939556115221,0.9508584961515689,0.9544802813535084,0.39940313354853657
0.25267632241813603,0.9502664298401421,0.954516214163876,0.3992040790943081
0.25255865218075896,0.9496743635287153,0.9547645298988656,0.3990049751240462
0.2525984251968504,0.9496743635287153,0.9547969732523848,0.3990546087818549
0.25248070562293273,0.9490822972172883,0.9548776410633965,0.398855436675458
0.2523629489603025,0.9484902309058615,0.9549126877896756,0.39865621500526716
0.2524027099417047,0.9484902309058615,0.9549665699182328,0.3987058237925998
0.25228490387645763,0.9478981645944345,0.9549901419495874,0.3985065339137937
0.2523246650906225,0.9478981645944345,0.95506298238662,0.39855613641988197
0.25220680958385877,0.9473060982830077,0.9550646032111982,0.39835677828922345
0.25224657102317516,0.9473060982830077,0.9551331466878245,0.3984063745016599
0.2521286660359508,0.9467140319715808,0.9551912561514172,0.39820694807587254
0.25216842769279296,0.9467140319715808,0.9551940960531384,0.3982565379822332
0.25220820189274445,0.9467140319715808,0.95535172345431,0.3983061402412918
0.2522479886417416,0.9467140319715808,0.9555059512712716,0.39835575485766467
0.2522877879457242,0.9467140319715808,0.955519313537389,0.3984053818359702
0.2521697964336437,0.9461219656601539,0.9556569301083002,0.3982058310487581
0.25220959595959597,0.9461219656601539,0.9556579116045214,0.39825545171306326
0.25209155485398577,0.9455298993487271,0.9556828794156906,0.3980558325021601
0.2519734764761604,0.9449378330373002,0.9556843324366432,0.39785616352951925
0.25201326385599243,0.9449378330373002,0.9557129349841214,0.39790575916197124
0.2520530638029059,0.9449378330373002,0.9558408898575548,0.3979553671608693
0.2519349233928289,0.9443457667258733,0.955880803111658,0.39775561097223605
0.2519747235387046,0.9443457667258733,0.955913852279172,0.3978052126196949
0.2520145362616527,0.9443457667258733,0.9560390908511373,0.3978548266397273
0.2520543615676359,0.9443457667258733,0.9560927049740984,0.3979044530369631
0.2519361466729888,0.9437537004144464,0.9561485201672446,0.3977045908180307
0.25197597217831175,0.9437537004144464,0.9562039698895606,0.3977542108543149
0.25201581027667985,0.9437537004144464,0.956276816340571,0.39780384327393736
0.25205566097406706,0.9437537004144464,0.9564825746277714,0.39785348808153426
0.25193737150086987,0.9431616341030196,0.9564894659587126,0.3976535197200866
0.2518190446061373,0.9425695677915926,0.9565264270283924,0.39745350143519337
0.251858883088119,0.9425695677915926,0.9566652351416804,0.3975031210982939
0.2518987341772152,0.9425695677915926,0.9567364326751746,0.3975527531523704
0.2517803449912961,0.9419775014801658,0.956961310968405,0.3973526473523144
0.2518201962646407,0.9419775014801658,0.957077853214723,0.3974022730107824
0.25186006015513696,0.9419775014801658,0.957172271076812,0.39745191106636707
0.2518999366687777,0.9419775014801658,0.9573403759477396,0.3975015615237145
0.25193982581155977,0.9419775014801658,0.9573471658187518,0.39755122438747303
0.251821349382325,0.9413854351687388,0.9575318407124748,0.3973509933771504
0.2517028354189767,0.940793368857312,0.9575537228505582,0.3971507123215864
0.2517427122940431,0.940793368857312,0.957584480798232,0.3972003499559224
0.25162414831247026,0.9402013025458852,0.9576426994402624,0.39699999999966684
0.25166402535657684,0.9402013025458852,0.9576556865112118,0.3970496312035673
0.25154541131716596,0.9396092362344582,0.9576761879785016,0.3968492123027426
0.2515852885225111,0.9396092362344582,0.9577144568423,0.39689883706356577
0.2516251783732361,0.9396092362344582,0.957727364373576,0.39694847423678536
0.25166508087535683,0.9396092362344582,0.9577367709115708,0.3969981238270589
0.2515463917525773,0.9390171699230314,0.9578453844589828,0.39679759819831567
0.25158629441624364,0.9390171699230314,0.9578817703956845,0.39684724133583577
0.251626209741393,0.9390171699230314,0.9579444746466624,0.3968968968965635
0.2515074579498572,0.9384251036116045,0.9579664327831404,0.3966962833184002
0.251388668465323,0.9378330373001776,0.9581389374742042,0.3964956195240721
0.25142857142857145,0.9378330373001776,0.958241221405962,0.3965452497180293
0.2514684870614383,0.9378330373001776,0.958243170279856,0.3965948923381743
0.2515084153699587,0.9378330373001776,0.9582563030750342,0.39664454738917443
0.2513895505796411,0.9372409709887507,0.9582865552679714,0.3964437766087322
0.2514294790343075,0.9372409709887507,0.9583364710441769,0.39649342517186426
0.25131056393963463,0.9366489046773239,0.9583733574276572,0.3962925851700071
0.2513504925325707,0.9366489046773239,0.9584352290091038,0.39634222723253615
0.2512315270935961,0.9360568383658969,0.9585126145874254,0.39614131796508856
0.25111252383979654,0.9354647720544701,0.9586194249077438,0.3959403583507501
0.25115243999364173,0.9354647720544701,0.9586689088064266,0.39598997493700966
0.251033386327504,0.9348727057430433,0.9587303344749594,0.3957889459828721
0.251073302591827,0.9348727057430433,0.9588516944362164,0.3958385560287461
0.25095419847328243,0.9342806394316163,0.9588643974584894,0.3956374576905274
0.25099411484014633,0.9342806394316163,0.9588805361278828,0.3956870611832168
0.2510340439070951,0.9342806394316163,0.9588823676153204,0.3957366771156535
0.2510739856801909,0.9342806394316163,0.9589145797361418,0.3957863054925178
0.2511139401654997,0.9342806394316163,0.9589570101051834,0.39583594631849206
0.25099474773197517,0.9336885731201895,0.9589939835960009,0.39563472152500473
0.2510347023241006,0.9336885731201895,0.9590286366017003,0.3956843557894038
0.2510746696385926,0.9336885731201895,0.959030820931906,0.39573400250907625
0.25095541401273885,0.9330965068087625,0.9590651232333796,0.39553268917020173
0.25099538143016403,0.9330965068087625,0.959096478049804,0.39558232931693493
0.2510353615801211,0.9330965068087625,0.959199787489082,0.3956319819251083
0.2509160426955552,0.9325044404973357,0.9594366186574228,0.39543057996451636
0.25095602294455066,0.9325044404973357,0.9594986325791756,0.39548022598836635
0.250996015936255,0.9325044404973357,0.9595207653172296,0.39552988447982645
0.25103602167676126,0.9325044404973357,0.9595409135327386,0.3955795554435939
0.25107604017216645,0.9325044404973357,0.9595924333919126,0.39562923888436813
0.25111607142857145,0.9325044404973357,0.9596323191751792,0.39567893480685074
0.251156115452081,0.9325044404973357,0.9596705107787576,0.3957286432157461
0.25103668261563,0.9319123741859088,0.9597854748320068,0.3955270762655282
0.25107672675067794,0.9319123741859088,0.9598086148921046,0.39557677808461156
0.2509572431397575,0.931320307874482,0.9598144198610798,0.3953751413846096
0.25099728737833094,0.931320307874482,0.9599360614853056,0.3954248366009727
0.25087775295244175,0.9307282415630551,0.959943289685605,0.3952231301065165
0.25091779728651237,0.9307282415630551,0.9599911943693928,0.39527281870723396
0.25079821200510855,0.9301361752516282,0.9600604350006284,0.3950710423736124
0.2508382564266326,0.9301361752516282,0.9601147052436276,0.3951207243457419
0.2508783136378154,0.9301361752516282,0.9601203914487269,0.3951704188149087
0.25075866475003994,0.9295441089402013,0.9601622859307442,0.3949685534587848
0.2507987220447284,0.9295441089402013,0.9601855980754264,0.39501824128787766
0.25083879213931937,0.9295441089402013,0.9602111809051506,0.39506794162019876
0.2508788750399489,0.9295441089402013,0.9602733754594096,0.39511765446046804
0.25091897075275693,0.9295441089402013,0.9604258838713162,0.39516737981340805
0.2507992327365729,0.9289520426287744,0.960569231958868,0.3949653870355368
0.2508393285371703,0.9289520426287744,0.9607402410867324,0.39501510573984644
0.25087943716021743,0.9289520426287744,0.9607551148168958,0.3950648369630291
0.2509195586118663,0.9289520426287744,0.9608323601835402,0.3951145807098137
0.2509596928982726,0.9289520426287744,0.9608386629843596,0.3951643369849314
0.2509998400255959,0.9289520426287744,0.9609218732242976,0.3952141057931159
0.25104,0.9289520426287744,0.9609338062160784,0.3952638871391032
0.25108017282765244,0.9289520426287744,0.9609444573910736,0.3953136810276317
0.25096030729833546,0.9283599763173476,0.9611218505202872,0.3951115030864735
0.25100048023051064,0.9283599763173476,0.9611687231768844,0.39516129032224556
0.25088056356067884,0.9277679100059206,0.9612307564471556,0.39495904221768635
0.25092073658927144,0.9277679100059206,0.9613379343592292,0.3950088227876659
0.25080076873798846,0.9271758436944938,0.9613492684118988,0.39480650447464277
0.2508409418548775,0.9271758436944938,0.96140297942392,0.39485627836577675
0.25088112784363986,0.9271758436944938,0.961408944803952,0.39490606480864215
0.2509213267104631,0.9271758436944938,0.9614641538665007,0.39495586380798753
0.25096153846153846,0.9271758436944938,0.9614907512890508,0.3950056753685637
0.2510017631030614,0.9271758436944938,0.961505765634666,0.3950554994951238
0.2508816928502725,0.9265837773830669,0.96159594178332,0.3948530339343183
0.25076158409491744,0.92599171107164,0.9616897393812291,0.39465051728454975
0.2508017960230917,0.92599171107164,0.961828469702276,0.3947003154570778
0.25068163592622295,0.9253996447602132,0.9618662368053416,0.3944977284196544
0.2507218479307026,0.9253996447602132,0.961946983407682,0.3945475198784983
0.2507620728381197,0.9253996447602132,0.961960978182101,0.3945973239077685
0.2508023106546855,0.9253996447602132,0.9619738929279832,0.39464714051222605
0.2508425613866153,0.9253996447602132,0.96201233462348,0.3946969696966341
0.25088282504012843,0.9253996447602132,0.9620330517765804,0.39474681146575863
0.25092310162144804,0.9253996447602132,0.9620356267154068,0.3947966658243675
0.2508028259473346,0.9248075784487862,0.962172993519274,0.39459391183495546
0.2508431026176329,0.9248075784487862,0.9621939122973768,0.3946437594741463
0.2508833922261484,0.9248075784487862,0.9622497680006674,0.3946936197090768
0.25092369477911647,0.9248075784487862,0.9622968194619216,0.3947434925445214
0.2509640102827764,0.9248075784487862,0.962303044780768,0.3947933779852575
0.2508436445444319,0.9242155121373594,0.9623123587675751,0.39459049544961355
0.2508839601414336,0.9242155121373594,0.962402118921682,0.39464037416222253
0.250924288699566,0.9242155121373594,0.9624404741621326,0.39469026548638986
0.2508038585209003,0.9236234458259325,0.9625551908979836,0.39448729295705437
0.25084418716835505,0.9236234458259325,0.9625612128818926,0.39453717754139395
0.2508845287873914,0.9236234458259325,0.9625706585162368,0.39458707474356175
0.25076403410004827,0.9230313795145056,0.9626079552067052,0.3943840121423405
0.2508043758043758,0.9230313795145056,0.962627881974958,0.39443390259295935
0.25068382944489137,0.9224393132030787,0.9626437483045658,0.3942307692304331
0.2507241712262633,0.9224393132030787,0.9626493423148528,0.39428065291627784
0.25076452599388377,0.9224393132030787,0.9626731164312315,0.3943305492277073
0.2508048937540245,0.9224393132030787,0.9627210206805988,0.3943804581695158
0.25068426984382547,0.9218472468916519,0.9627297035535668,0.39417721518953724
0.25072463768115943,0.9218472468916519,0.9627547414820348,0.39422711735629123
0.25076501852150107,0.9218472468916519,0.9627634678429922,0.3942770321597043
0.2506443298969072,0.9212551805802249,0.9628602491877168,0.3940736988726534
0.25068471081037536,0.9212551805802249,0.9628928715377296,0.39412360688922793
0.25072510473735093,0.9212551805802249,0.9628931353848208,0.3941735275487453
0.2507655116841257,0.9212551805802249,0.962895796304272,0.39422346085601023
0.2508059316569955,0.9212551805802249,0.963025466051002,0.3942734068158298
0.2506851523456392,0.9206631142687981,0.9630604797242556,0.39406994424700265
0.2507255723960013,0.9206631142687981,0.9630675940994442,0.394119883411145
0.2506047411707789,0.9200710479573713,0.963073063129982,0.3939163498095495
0.2506451612903226,0.9200710479573713,0.9631281722944852,0.3939662821647034
0.2505242781093725,0.9194789816459443,0.9631404240579406,0.3937626774844505
0.2505646982897709,0.9194789816459443,0.9631563443786552,0.3938126030172874
0.2504437631111828,0.9188869153345175,0.9632189731686348,0.3936089272124455
0.25048418334409295,0.9188869153345175,0.963256421226716,0.39365884590961886
0.25052461662631154,0.9188869153345175,0.9632721489821578,0.3937087772700844
0.25056506296415887,0.9188869153345175,0.963296526488387,0.39375872129866113
0.25060552236395933,0.9188869153345175,0.9634125183555744,0.3938086780001708
0.25064599483204136,0.9188869153345175,0.9635281961963132,0.3938586473794374
0.2506864803747375,0.9188869153345175,0.9635294960283248,0.39390862944128757
0.2507269789983845,0.9188869153345175,0.9635735785353784,0.3939586241905503
0.2506059137178866,0.9182948490230906,0.9635998637180327,0.3937547600910569
0.2506464124111183,0.9182948490230906,0.9636812425085476,0.3938047480001709
0.2505252949733312,0.9177027827116637,0.9637452699586389,0.39360081259488905
0.2504041383769803,0.9171107164002368,0.9637478350742696,0.3933968253964884
0.25044462409054163,0.9171107164002368,0.9637725313522724,0.3934467868932368
0.2504851228978008,0.9171107164002368,0.9638042284208088,0.3934967610818425
0.2505256348051108,0.9171107164002368,0.9638227004068244,0.3935467479671426
0.25056615981882885,0.9171107164002368,0.963840267550928,0.39359674755397617
0.25044491182656525,0.91651865008881,0.9638563551169604,0.39339263024108595
0.25032362459546925,0.9159265837773831,0.9639784070473748,0.3931884610493515
0.2502022981064897,0.9153345174659562,0.9640534719189756,0.3929842399589917
0.2502427970216899,0.9153345174659562,0.9641448516295013,0.39303419346604135
0.2502833090497005,0.9153345174659562,0.9641657193961796,0.3930841596742114
0.2503238341968912,0.9153345174659562,0.9642500176127178,0.3931341385883467
0.2503643724696356,0.9153345174659562,0.9642526313735016,0.3931841302132944
0.2504049238743116,0.9153345174659562,0.964402005586003,0.39323413455390405
0.25044548841730113,0.9153345174659562,0.9644056770968432,0.39328415161502767
0.2504860661049903,0.9153345174659562,0.9644407216674632,0.3933341814015198
0.25052665694376924,0.9153345174659562,0.964498348356534,0.39338422391823763
0.2505672609400324,0.9153345174659562,0.964515769675367,0.3934342791700404
0.2506078781001783,0.9153345174659562,0.9646726348884802,0.39348434716179026
0.2506485084306096,0.9153345174659562,0.9646922931176852,0.3935344278983515
0.2506891519377331,0.9153345174659562,0.9647522294718208,0.39358452138459116
0.2507298086279598,0.9153345174659562,0.9647536524216244,0.39363462762537854
0.2507704785077048,0.9153345174659562,0.9647623061212028,0.39368474662558545
0.25064892926670995,0.9147424511545293,0.9648765589429836,0.3934801986498598
0.2506895992211585,0.9147424511545293,0.9648904398533696,0.3935303107485161
0.250730282375852,0.9147424511545293,0.9648941539688636,0.3935804356129599
0.250770978737218,0.9147424511545293,0.9649316113325876,0.3936305732480699
0.2508116883116883,0.9147424511545293,0.9649328052328898,0.3936807236587271
0.250852411105699,0.9147424511545293,0.9649503441678076,0.3937308868498151
0.25073075673920103,0.9141503848431024,0.9649688985018764,0.3935261883518987
0.25077147961669644,0.9141503848431024,0.9649791394183682,0.3935763446338706
0.2508122157244964,0.9141503848431024,0.9649821737440832,0.3936265137026576
0.2506904955320877,0.9135583185316756,0.9650418940261964,0.3934217236100649
0.250731231719207,0.9135583185316756,0.9650673604468404,0.3934718857576628
0.2507719811474078,0.9135583185316756,0.9650683116785936,0.3935220606984633
0.25081274382314694,0.9135583185316756,0.9652012087311614,0.39357224843736127
0.2508535197528857,0.9135583185316756,0.9652143895727788,0.3936224489792538
0.25089430894308945,0.9135583185316756,0.9652664618729456,0.39367266232904063
0.25077248333062285,0.9129662522202486,0.9653139180584552,0.393467721357151
0.2508132726089785,0.9129662522202486,0.965331377567334,0.39351792777814854
0.25085407515861396,0.9129662522202486,0.965348495096222,0.39356814701344434
0.25073218353400584,0.9123741859088218,0.9654264067140168,0.39336311423067644
0.25077298616761595,0.9123741859088218,0.965447299115514,0.3934133265250639
0.2508138020833333,0.9123741859088218,0.9654546966735004,0.393463551640157
0.25085463128764446,0.9123741859088218,0.9654744078729264,0.39351378958086697
0.2508954737870401,0.9123741859088218,0.9654876794998934,0.3935640403521071
0.25077348965966456,0.9117821195973949,0.965494525326266,0.3933588761171584
0.250814332247557,0.9117821195973949,0.9654970920859612,0.3934091199383511
0.2508551881413911,0.9117821195973949,0.9654974620142922,0.3934593765964935
0.25089605734767023,0.9117821195973949,0.9655431291797054,0.3935096460965057
0.25093693987290205,0.9117821195973949,0.965543174619666,0.3935599284433108
0.25097783572359844,0.9117821195973949,0.9655456007130384,0.39361022364183396
0.25101874490627546,0.9117821195973949,0.965606797838322,0.39366053169700294
0.25105966742745356,0.9117821195973949,0.965657324658161,0.3937108526137481
0.25110060329365724,0.9117821195973949,0.965679209151198,0.3937611863970022
0.2511415525114155,0.9117821195973949,0.9656916089859212,0.39381153305170075
0.25118251508726147,0.9117821195973949,0.9657280878915042,0.39386189258278154
0.25122349102773245,0.9117821195973949,0.9657297155346608,0.39391226499518495
0.2512644803393702,0.9117821195973949,0.965924121368152,0.39396265029385413
0.25130548302872063,0.9117821195973949,0.9659592373664654,0.3940130484837344
0.2513464991023339,0.9117821195973949,0.966001965221268,0.39406345956977373
0.2513875285667646,0.9117821195973949,0.9660065035275645,0.3941138835569228
0.25142857142857145,0.9117821195973949,0.966029768331354,0.3941643204501346
0.25130633572828215,0.911190053285968,0.9660414080512554,0.39395878663731626
0.25118406010125754,0.9105979869745412,0.9660632617878204,0.3937532002044742
0.2512250898399216,0.9105979869745412,0.9661308901498138,0.3938036102928373
0.2512661329848064,0.9105979869745412,0.9662386544412428,0.393854033290314
0.2511437908496732,0.9100059206631143,0.96626068750649,0.3936483544624603
0.25102140872691614,0.9094138543516874,0.9663397582426092,0.3934426229504806
0.2508989865969271,0.9088217880402605,0.9663671077625922,0.39323683873413
0.250776524440085,0.9082297217288336,0.9663960159000968,0.39303100179315303
0.25081752779594507,0.9082297217288336,0.9664162077530304,0.39308135810344047
0.2508585445625511,0.9082297217288336,0.9664255347805146,0.3931317273189842
0.2508995747464835,0.9082297217288336,0.9664497043464192,0.39318210944474596
0.25094061835432685,0.9082297217288336,0.9665428885542406,0.39323250448568997
0.25098167539267013,0.9082297217288336,0.9665530897559678,0.3932829124467829
0.2508591065292096,0.9076376554174067,0.9666579211053244,0.3930769230765837
0.2509001636661211,0.9076376554174067,0.9667149211424864,0.3931273240155601
0.2509412342445572,0.9076376554174067,0.966735728833466,0.39317773788116867
0.25098231827111983,0.9076376554174067,0.9669663114177842,0.3932281646783831
0.2508596692320288,0.9070455891059799,0.9669719190110831,0.39302206259586364
0.2509007533573534,0.9070455891059799,0.96697888265912,0.393072482360148
0.25077805077805077,0.9064535227945529,0.96701692948917,0.39286630741562145
0.25081913499344693,0.9064535227945529,0.967021718247554,0.3929167201331135
0.25086023267245616,0.9064535227945529,0.9670428065959318,0.3929671457902148
0.2509013438216978,0.9064535227945529,0.9670529720375678,0.39301758439190787
0.2507785608916571,0.9058614564831261,0.9670611102265416,0.39281129653367836
0.25081967213114753,0.9058614564831261,0.9670694961466147,0.3928617280777191
0.25069683554681094,0.9052693901716993,0.9670893724922384,0.39265536723129874
0.2507379468678255,0.9052693901716993,0.9670909118199597,0.39270579170378256
0.25061505658520583,0.9046773238602723,0.9670988287682654,0.3924993578213915
0.25065616797900264,0.9046773238602723,0.967119417273402,0.3925497752083949
0.2505332239540607,0.9040852575488455,0.9671288238343958,0.392343268242209
0.2505743354118805,0.9040852575488455,0.9671295683695598,0.3923936785297899
0.25061546036435256,0.9040852575488455,0.9671447597611236,0.3924441017729832
0.25065659881812213,0.9040852575488455,0.9671856991419794,0.39249453797678385
0.2506977507798391,0.9040852575488455,0.9672589095057064,0.3925449871461896
0.25073891625615763,0.9040852575488455,0.9673459222590296,0.3925954492862007
0.2506158646740023,0.9034931912374186,0.9673663572014032,0.39238878889140594
0.25065703022339025,0.9034931912374186,0.9673953333869858,0.39243924392405233
0.250698209298505,0.9034931912374186,0.9674160520977528,0.39248971193381627
0.2507394019060138,0.9034931912374186,0.9674471364876422,0.39254019292570486
0.25078060805258834,0.9034931912374186,0.96746494199084,0.39259068690472804
0.2506574621959237,0.9029011249259917,0.9675162276755596,0.39238389296247983
0.2506986684201874,0.9029011249259917,0.9675476433156984,0.3924343798246726
0.2507398881946728,0.9029011249259917,0.967586131495694,0.39248487968052453
0.2507811215260648,0.9029011249259917,0.9676302445050526,0.3925353925350523
0.25082236842105265,0.9029011249259917,0.9676391648898262,0.3925859183932754
0.25086362888633,0.9029011249259917,0.9676787174933548,0.39263645726021584
0.2509049029285949,0.9029011249259917,0.967683401925132,0.3926870091408982
0.2509461905545499,0.9029011249259917,0.9676927850351644,0.3927375740403498
0.25082290980908495,0.9023090586145648,0.9676972886869932,0.3925305859623125
0.2508641975308642,0.9023090586145648,0.9677971671818352,0.3925811437399995
0.2507408626934475,0.901716992303138,0.9678402290140324,0.3923740821843819
0.25078215050222297,0.901716992303138,0.9678837281784912,0.3924246328262505
0.2506587615283267,0.9011249259917111,0.9678921897225184,0.39221749774479536
0.25070004941525287,0.9011249259917111,0.967903292530597,0.39226804123677284
0.25057660626029654,0.9005328596802842,0.9679273686550788,0.3920608325811776
0.25061789421651015,0.9005328596802842,0.9679335473891806,0.39211136890917214
0.250659195781147,0.9005328596802842,0.9679527782596044,0.3921619182670307
0.2507005109609362,0.9005328596802842,0.9679544857632298,0.39221248065979336
0.2507418397626113,0.9005328596802842,0.967958671632556,0.39226305609250256
0.2507831821929101,0.9005328596802842,0.9679885919197592,0.39231364457020346
0.2508245382585752,0.9005328596802842,0.9679999763503436,0.39236424609794374
0.2508659079663533,0.9005328596802842,0.9680094108406267,0.39241486068077364
0.2507423292642692,0.8999407933688574,0.96800986065367,0.39220745710196847
0.250618709783864,0.8993487270574304,0.9680521830305326,0.39199999999965907
0.2504950495049505,0.8987566607460036,0.968065556409556,0.391792489353124
0.25053639214391815,0.8987566607460036,0.9681002815059948,0.3918430562722455
0.2505777484318257,0.8987566607460036,0.968136054148488,0.39189363624594786
0.2506191183754334,0.8987566607460036,0.9681556882438234,0.3919442292792872
0.25066050198150597,0.8987566607460036,0.9681590377653476,0.39199483537732194
0.2507018992568126,0.8987566607460036,0.9681844099417644,0.39204545454511347
0.25057813016187647,0.8981645944345766,0.9682025165271212,0.39183778897034216
0.2506195275070213,0.8981645944345766,0.96824618592949,0.3918884009296511
0.2506609385327165,0.8981645944345766,0.9682501953591204,0.39193902596529634
0.2507023632457445,0.8981645944345766,0.968287691061831,0.39198966408234615
0.2505785123966942,0.8975725281231498,0.9682929934403064,0.39178188396399516
0.25045462059844603,0.8969804618117229,0.9683386820318838,0.39157405014181434
0.25033068783068785,0.896388395500296,0.9683445560824684,0.39136616259497986
0.2502067140730941,0.8957963291888692,0.9684223232629184,0.3911582213026576
0.2502480979159775,0.8957963291888692,0.9684308716738996,0.39120879120844987
0.25028949545078577,0.8957963291888692,0.9684404969396164,0.39125937419153856
0.250330906684315,0.8957963291888692,0.968457121723732,0.3913099702569972
0.25037233162336586,0.8957963291888692,0.968555661523905,0.3913605794099017
0.2504137702747435,0.8957963291888692,0.9685597603091408,0.3914112016553305
0.25028968713789107,0.8952042628774423,0.9685892423549308,0.39120310478620435
0.2503311258278146,0.8952042628774423,0.9686136912758097,0.39125371975641865
0.2503725782414307,0.8952042628774423,0.9686225371130456,0.3913043478257454
0.25041404438555814,0.8952042628774423,0.96862946788787,0.3913549889992701
0.25045552426702006,0.8952042628774423,0.968643175903546,0.39140564328208133
0.25033134526176276,0.8946121965660154,0.9686579221279206,0.3911974110028945
0.2503728251864126,0.8946121965660154,0.9686755526950628,0.391248058000694
0.2504143188597945,0.8946121965660154,0.9687066216920392,0.3912987181143805
0.25045582628874524,0.8946121965660154,0.9687132263808108,0.39134939134904956
0.2504973474801061,0.8946121965660154,0.9687395482662198,0.3914000777097993
0.250373072458962,0.8940201302545885,0.9687599471790592,0.39119170984421775
0.2504145936981758,0.8940201302545885,0.9688527014164554,0.39124238891013874
0.2502902637253276,0.8934280639431617,0.9688712553251542,0.391033946617953
0.25016589250165894,0.8928359976317347,0.9688950084951782,0.39082545030418053
0.250207400033184,0.8928359976317347,0.9689171441649482,0.3908761016067082
0.2502489213408563,0.8928359976317347,0.968953369391568,0.3909267660398395
0.25029045643153525,0.8928359976317347,0.9689695968041792,0.3909774436086805
0.250332005312085,0.8928359976317347,0.9690621560442192,0.3910281343183407
0.25037356798937405,0.8928359976317347,0.9690643295709738,0.3910788381739317
0.25041514447027563,0.8928359976317347,0.9690781375098734,0.3911295551805682
0.2504567347616675,0.8928359976317347,0.9690793554385532,0.39118028534336735
0.2504983388704319,0.8928359976317347,0.9690945998047272,0.39123102866744863
0.25037381624854627,0.8922439313203079,0.9692862957099728,0.3910223144781217
0.2502492522432702,0.8916518650088809,0.969385549847753,0.3908135461265554
0.25029084261259765,0.8916518650088809,0.9693981350109576,0.39086426161398424
0.25033244680851063,0.8916518650088809,0.969420642930744,0.39091499026571863
0.2502078137988362,0.8910597986974541,0.9694432200875808,0.3907061266870927
0.2500831393415364,0.8904677323860273,0.9694572322405132,0.3904972088793149
0.25012472975220357,0.8904677323860273,0.9694584558509348,0.39054790963351893
0.25016633399866933,0.8904677323860273,0.9694861297475968,0.39059862355504
0.2500415904175678,0.8898756660746003,0.9694882132075696,0.39038961038926795
0.25008319467554074,0.8898756660746003,0.9694907348531688,0.39044031692393333
0.25012481278082876,0.8898756660746003,0.9695092062528748,0.3904910366325491
0.2501664447403462,0.8898756660746003,0.969550715387154,0.3905417695202498
0.2502080905610122,0.8898756660746003,0.969572205797292,0.390592515592173
0.25024975024975027,0.8898756660746003,0.9696202369937732,0.39064327485345857
0.25029142381348873,0.8898756660746003,0.969628998742262,0.3906940473092491
0.2501665556295803,0.8892835997631735,0.9696412937447269,0.3904848563625846
0.250208229218724,0.8892835997631735,0.9696479682264704,0.3905356214245143
0.2502499166944352,0.8892835997631735,0.9696937648369324,0.39058639968760417
0.2502916180636561,0.8892835997631735,0.9696944688458496,0.39063719115700435
0.25033333333333335,0.8892835997631735,0.969712539100622,0.39068799583786756
0.25020836806134356,0.8886915334517466,0.969713183008795,0.3904786680537674
0.25025008336112037,0.8886915334517466,0.9697305016899768,0.39052946533073546
0.25029181257295313,0.8886915334517466,0.9697414662093538,0.3905802758258345
0.25033355570380256,0.8886915334517466,0.9697414963718516,0.39063109954422437
0.25037531276063385,0.8886915334517466,0.9697440941885432,0.39068193649106775
0.2504170837504171,0.8886915334517466,0.9697723400483986,0.39073278667152994
0.2504588686801268,0.8886915334517466,0.9697789570617644,0.390783650090779
0.25050066755674233,0.8886915334517466,0.9698614894616808,0.3908345267539857
0.2505424803872475,0.8886915334517466,0.9698630406666098,0.39088541666632354
0.25058430717863106,0.8886915334517466,0.969876739321096,0.39093631983296845
0.2506261479378861,0.8886915334517466,0.9698955903912824,0.39098723625909937
0.250501002004008,0.8880994671403197,0.969925993788241,0.3907776475182187
0.25054284282612327,0.8880994671403197,0.9699389870725073,0.3908285565395212
0.25058469762779817,0.8880994671403197,0.9699464954748618,0.39087947882701823
0.2506265664160401,0.8880994671403197,0.969998139476095,0.39093041438589593
0.25066844919786097,0.8880994671403197,0.9700092014612638,0.390981363221343
0.25071034598027747,0.8880994671403197,0.9700451549266776,0.3910323253385513
0.25075225677031093,0.8880994671403197,0.970058954855866,0.39108330074271486
0.25079418157498745,0.8880994671403197,0.9700604156606532,0.3911342894390307
0.25066889632107026,0.8875074008288928,0.970069204778322,0.39092450123841
0.2507108212075598,0.8875074008288928,0.9700987374093764,0.39097548252443476
0.2507527601204416,0.8875074008288928,0.9701188193164328,0.39102647710934735
0.2507947130667559,0.8875074008288928,0.9701242435670608,0.391077484998352
0.25083668005354753,0.8875074008288928,0.9701436209657612,0.39112850619665573
0.2508786610878661,0.8875074008288928,0.9701462553485244,0.3911795407094684
0.25075326414462673,0.886915334517466,0.9701969724987498,0.390969594153382
0.2507952452703834,0.886915334517466,0.9701971861117578,0.39102062124737225
0.2508372404554588,0.886915334517466,0.9702274304906828,0.3910716616626245
0.2508792497069168,0.886915334517466,0.9702433337969822,0.391122715404356
0.2509212730318258,0.886915334517466,0.9702473294080524,0.3911737824777865
0.25096331043725917,0.886915334517466,0.97024759167948,0.39122486288813874
0.2510053619302949,0.886915334517466,0.9702515909020656,0.3912759566406382
0.25104742751801573,0.886915334517466,0.97026822918076,0.39132706374051285
0.2510895072075092,0.886915334517466,0.9702871362545176,0.39137818419299375
0.2509639564124057,0.8863232682060391,0.9702928363215964,0.39116801672293794
0.25083836351441985,0.8857312018946122,0.9703053430294026,0.3909577943286773
0.2507127284923696,0.8851391355831854,0.9703439833458092,0.39074751698867843
0.2505870513250587,0.8845470692717584,0.9703726917617684,0.3905371846813969
0.2506290890790136,0.8845470692717584,0.9703863739029706,0.39058823529377357
0.2506711409395973,0.8845470692717584,0.970447436154636,0.3906392992544604
0.25071320691391175,0.8845470692717584,0.9704805055004018,0.39069037656869354
0.25075528700906347,0.8845470692717584,0.9704976062148916,0.3907414672417115
0.25079738123216383,0.8845470692717584,0.9705243250804968,0.3907925712787559
0.2508394895903291,0.8845470692717584,0.970531709470795,0.3908436886850711
0.2508816120906801,0.8845470692717584,0.9705327799157446,0.3908948194659037
0.2509237487403426,0.8845470692717584,0.9705463136927912,0.3909459636265038
0.25096589954644716,0.8845470692717584,0.9705508898317716,0.3909971211721236
0.25100806451612906,0.8845470692717584,0.9706229685462224,0.3910482921080184
0.25105024365652834,0.8845470692717584,0.970647762809179,0.39109947643944615
0.2510924369747899,0.8845470692717584,0.9706542867142708,0.39115067417166755
0.25113464447806355,0.8845470692717584,0.9706948307848082,0.3912018853099462
0.2511768661735037,0.8845470692717584,0.970725326661056,0.3912531098595481
0.2512191020682697,0.8845470692717584,0.9707289294501292,0.39130434782574236
0.2512613521695257,0.8845470692717584,0.9707814822677856,0.3913555992138008
0.2513036164844407,0.8845470692717584,0.9707878588623556,0.39140686402899777
0.25117765814266485,0.8839550029603316,0.9708067642664908,0.39119612210105714
0.25121992259801446,0.8839550029603316,0.970886354797722,0.3912473794545819
0.25126220127903065,0.8839550029603316,0.970902928399774,0.3912986502420875
0.2511361723615553,0.8833629366489046,0.97093463074093,0.39108781127095277
0.251010101010101,0.8827708703374778,0.9709370742863086,0.39087691702678856
0.2510523657181344,0.8827708703374778,0.9709774056826146,0.3909281594123453
0.25109464466150216,0.8827708703374778,0.9710865617887164,0.3909794152350032
0.25096850261074616,0.8821788040260509,0.9711604684165422,0.3907684238129255
0.2508423180592992,0.881586737714624,0.9711793609243692,0.3905573770488354
0.2508845829823083,0.881586737714624,0.9711834673379528,0.3906086044067904
0.25075834175935285,0.8809946714031972,0.971193753826248,0.3903974813062272
0.2506320579807854,0.8804026050917703,0.9711964628523886,0.390186302807317
0.2506743088334457,0.8804026050917703,0.9712252169273228,0.39023750163985965
0.2507165739335694,0.8804026050917703,0.9712300652834588,0.3902887139104161
0.2507588532883642,0.8804026050917703,0.9712783555457548,0.39033993962427754
0.250801146905043,0.8804026050917703,0.9713123110408612,0.39039117878673807
0.2508434547908232,0.8804026050917703,0.9713139242182172,0.3904424314030945
0.2508857769529273,0.8804026050917703,0.9713374694871392,0.39049369747864643
0.25075936550793115,0.8798105387803434,0.971348636850838,0.3902823374914473
0.2508016877637131,0.8798105387803434,0.9713539058882864,0.39033359600700956
0.2508440243079001,0.8798105387803434,0.9713545664141632,0.390384867988621
0.2508863751477292,0.8798105387803434,0.971360953842975,0.3904361534415885
0.25092874029044243,0.8798105387803434,0.9713625825726604,0.3904874523712222
0.25080222935314983,0.8792184724689165,0.9713699975268048,0.39027595269347853
0.25067567567567567,0.8786264061574897,0.9713784744834002,0.3900643974237576
0.25071802669369825,0.8786264061574897,0.9713806247918368,0.3901156677178459
0.25076039202433253,0.8786264061574897,0.9713967461444872,0.3901669514917013
0.2508027716748352,0.8786264061574897,0.9714139443795616,0.39021824875064054
0.2506761325219743,0.8780343398460627,0.9714382199633198,0.39000657462161364
0.25054945054945055,0.8774422735346359,0.9714443918549656,0.38979484481817095
0.2504227257355428,0.8768502072232089,0.971494383476682,0.3895830593183444
0.2504650769490952,0.8768502072232089,0.9715223252537027,0.3896343067610329
0.25050744248985113,0.8768502072232089,0.971549449614474,0.3896855676881163
0.25054982236508205,0.8768502072232089,0.97158373715437,0.3897368421049174
0.2505922165820643,0.8768502072232089,0.9715987395015364,0.3897881300167617
0.2506346251480792,0.8768502072232089,0.971614922282817,0.3898394314289777
0.250677048070413,0.8768502072232089,0.971615182039162,0.3898907463468965
0.2505501946842729,0.8762581409117821,0.9716202489711564,0.3896787783040249
0.2505926176769387,0.8762581409117821,0.9716300368370894,0.38973008558227423
0.2504657070279424,0.8756660746003553,0.9716387103815378,0.3895180405579896
0.2505081300813008,0.8756660746003553,0.9716488577824356,0.3895693401814004
0.2505505675080468,0.8756660746003553,0.9716631624866534,0.38962065331893747
0.2505930193154863,0.8756660746003553,0.971684170572794,0.3896719799759417
0.25063548551093034,0.8756660746003553,0.9716855547349031,0.38972332015775674
0.2506779661016949,0.8756660746003553,0.971686923341109,0.389774673869729
0.2507204610951009,0.8756660746003553,0.9716913321633605,0.389826041117208
0.25076297049847407,0.8756660746003553,0.9717433637070912,0.3898774219055455
0.25080549431914534,0.8756660746003553,0.9717506186446954,0.38992881624009673
0.2508480325644505,0.8756660746003553,0.9717757263331924,0.3899802241262194
0.2508905852417303,0.8756660746003553,0.971776943686424,0.39003164556927405
0.2509331523583305,0.8756660746003553,0.9717997938023156,0.3900830805746241
0.2509757339216019,0.8756660746003553,0.97187647596984,0.39013452914763574
0.2510183299389002,0.8756660746003553,0.9719270451960168,0.39018599129367826
0.25089118995077236,0.8750740082889283,0.9719983878343326,0.38997361477537923
0.25093378607809846,0.8750740082889283,0.972057995502878,0.39002506927000585
0.2509763966717609,0.8750740082889283,0.9720769494552486,0.3900765373445995
0.25101902173913043,0.8750740082889283,0.9720951132100872,0.39012801900453675
0.2510616612875828,0.8750740082889283,0.9721090318239618,0.39017951425519726
0.2509344206591913,0.8744819419775015,0.9721160385253886,0.3899669966993234
0.2509770603228547,0.8744819419775015,0.9722201775994364,0.3900184842880084
0.2510197144799456,0.8744819419775015,0.9722474938781572,0.3900699854743661
0.2508924018357981,0.8738898756660746,0.9722597816923576,0.3898573692548039
0.2509350561033662,0.8738898756660746,0.9722770170606668,0.38990886276547027
0.25080768576772655,0.8732978093546477,0.9722795752658282,0.3896961690881605
0.2508503401360544,0.8732978093546477,0.9723265591899228,0.3897476549078313
0.2508930090151386,0.8732978093546477,0.9723712648156791,0.3897991543336913
0.25093569241238517,0.8732978093546477,0.9723762233263356,0.38985066737113466
0.250978390335205,0.8732978093546477,0.9723981523047768,0.38990219402555854
0.25085091899251194,0.8727057430432208,0.9724177940037324,0.38968935888927647
0.2508936170212766,0.8727057430432208,0.9724236974041782,0.38974087784206457
0.250936329588015,0.8727057430432208,0.9724708892941653,0.3897924104187989
0.25097905670015325,0.8727057430432208,0.9724739671407868,0.3898439566248844
0.2508514986376022,0.872113676731794,0.9724754673128352,0.3896310011899718
0.2508942258559019,0.872113676731794,0.9724849848991262,0.38968253968219263
0.2509369676320273,0.872113676731794,0.9724969099966068,0.3897340918107391
0.25097972397341967,0.872113676731794,0.972520061771314,0.3897856575810237
0.25102249488752554,0.872113676731794,0.9725230311043532,0.38983723699846184
0.2510652803817965,0.872113676731794,0.972537764629294,0.38988883006847236
0.25110808046368904,0.872113676731794,0.972552639748676,0.3899404367964761
0.25115089514066496,0.872113676731794,0.972565533993498,0.3899920571878974
0.25102319236016374,0.8715216104203671,0.9725683537629362,0.38977889580264496
0.25106600716356814,0.8715216104203671,0.9725807824216892,0.38983050847422895
0.2511088365745479,0.8715216104203671,0.9725960431467824,0.38988213481623324
0.25098106125234604,0.8709295441089402,0.9726074439086794,0.38966887417183815
0.25102389078498294,0.8709295441089402,0.9726176963016616,0.38972049278015336
0.2510667349377027,0.8709295441089402,0.9726440671220956,0.3897721250658953
0.25110959371799246,0.8709295441089402,0.9726563199669404,0.38982377103450083
0.2511524671333447,0.8709295441089402,0.972657528727281,0.38987543069140973
0.25119535519125685,0.8709295441089402,0.9727644655395864,0.38992710404206465
0.25123825789923143,0.8709295441089402,0.9727662802458006,0.3899787910919112
0.2512811752647762,0.8709295441089402,0.9727667673744352,0.3900304918463977
0.25132410729540405,0.8709295441089402,0.9728126900123142,0.3900822063109756
0.25136705399863296,0.8709295441089402,0.9728603757659726,0.3901339344910991
0.251410015381986,0.8709295441089402,0.9728827157325408,0.39018567639222523
0.2512820512820513,0.8703374777975134,0.9729104746263328,0.389972144846449
0.25132501282270475,0.8703374777975134,0.9729117149765828,0.390023879012653
0.25136798905608754,0.8703374777975134,0.9729198248077152,0.3900756269069097
0.2512399521121943,0.8697454114860864,0.9729223121952206,0.3898619957533677
0.2512829284981184,0.8697454114860864,0.9729494125342716,0.3899137358987896
0.2511548331907613,0.8691533451746596,0.9729876058459176,0.3897000265459754
0.2511978097193703,0.8691533451746596,0.9730021475951618,0.3897517589270382
0.2512408009584118,0.8691533451746596,0.9730155194588296,0.38980350504479283
0.25128380691543994,0.8691533451746596,0.973018770199199,0.3898552649047111
0.25132682759801406,0.8691533451746596,0.9730217662679546,0.3899070385122682
0.2513698630136986,0.8691533451746596,0.9730289660715938,0.3899588258729419
0.25141291317006337,0.8691533451746596,0.9730472642653858,0.39001062699221306
0.2512846865364851,0.8685612788632326,0.9730518350737256,0.3897967317652956
0.25132773685112214,0.8685612788632326,0.9730605385482168,0.3898485251125936
0.2513708019191227,0.8685612788632326,0.973073039872475,0.3899003322255654
0.251413881748072,0.8685612788632326,0.9731226756550106,0.38995215310969966
0.25128556736372987,0.8679692125518058,0.9731750863181003,0.38973813638141436
0.2513286473512772,0.8679692125518058,0.9731955723487796,0.3897899494811726
0.2512002743484225,0.8673771462403789,0.9732741646684288,0.38957585427434926
0.251243354484651,0.8673771462403789,0.973293320350822,0.38962765957411977
0.25128644939965694,0.8673771462403789,0.9733166506605226,0.389679478653728
0.2513295591010465,0.8673771462403789,0.9733238302609424,0.38973131151867263
0.251372683596431,0.8673771462403789,0.9733524916457896,0.3897831581744553
0.2514158228934272,0.8673771462403789,0.9734294538999304,0.38983501862658076
0.2512873326467559,0.866785079928952,0.9734389258383164,0.38962075848268535
0.2513304721030043,0.866785079928952,0.973449453925604,0.3896726111255498
0.25137362637362637,0.866785079928952,0.9734874692981486,0.3897244775718596
0.2514167954662545,0.866785079928952,0.9734892097290672,0.3897763578271274
0.25145997938852627,0.866785079928952,0.9734894511756832,0.3898282518968687
0.25150317814808454,0.866785079928952,0.9735386319184722,0.38988015978660207
0.2513745704467354,0.8661930136175252,0.9735567700118596,0.3896657344516422
0.2514177693761815,0.8661930136175252,0.9735739450690286,0.38971763452282654
0.2514609831557236,0.8661930136175252,0.9735860232249453,0.3897695484211245
0.2513323018738181,0.8656009473060983,0.9736020226177412,0.38955502264819897
0.2513755158184319,0.8656009473060983,0.9736182275758332,0.3896069287138417
0.2514187446259673,0.8656009473060983,0.9736231094900828,0.3896588486137236
0.25128998968008254,0.8650088809946714,0.9736273371865184,0.3894442223107266
0.25133321864785824,0.8650088809946714,0.9736285873978968,0.3894961343638206
0.2513764624913971,0.8650088809946714,0.9736687332131722,0.3895480602582832
0.2514197212183789,0.8650088809946714,0.9736839178805928,0.389599999999651
0.2512908777969019,0.8644168146832445,0.9736940948952776,0.38938525136649993
0.25133413668445514,0.8644168146832445,0.9736990342427354,0.38943718324851734
0.25120523415977963,0.8638247483718177,0.9737142623177172,0.38922235560856117
0.25124849319786463,0.8638247483718177,0.9737257737766956,0.389274279615446
0.251291767137444,0.8638247483718177,0.9737428912859536,0.38932621747796964
0.2513350559862188,0.8638247483718177,0.9737456085037456,0.3893781692016791
0.25120606478290836,0.8632326820603907,0.973756128203783,0.3891632190040549
0.2512493537825263,0.8632326820603907,0.9737944720604936,0.3892151628400138
0.2511203033436746,0.8626406157489639,0.9737962873610856,0.38900013349317625
0.25116359248405445,0.8626406157489639,0.973807355388696,0.3890520694255518
0.2512068965517241,0.8626406157489639,0.9738356468634076,0.38910401922785204
0.2512502155544059,0.8626406157489639,0.9738426419439784,0.3891559829056335
0.2512935494998275,0.8626406157489639,0.973844303202678,0.3892079604644562
0.25133689839572193,0.8626406157489639,0.973885163097161,0.389259951909883
0.25138026224982746,0.8626406157489639,0.9738892717429576,0.38931195724747947
0.25142364106988785,0.8626406157489639,0.9739042362771202,0.38936397648281457
0.2514670348636521,0.8626406157489639,0.9739156182807638,0.3894160096214599
0.2515104436388745,0.8626406157489639,0.9739340290959226,0.38946805666899015
0.2513812154696133,0.8620485494375371,0.9739358778041072,0.3892527736930069
0.2514246244171991,0.8620485494375371,0.9739552018115968,0.38930481283387497
0.25129533678756477,0.8614564831261101,0.9739928541848848,0.3890894504609419
0.2513387458973916,0.8614564831261101,0.9740446684190496,0.38914148167924373
0.2513821700069109,0.8614564831261101,0.9741201884494086,0.389193526815218
0.2514256091238984,0.8614564831261101,0.9741324801673604,0.3892455858744496
0.2514690632561355,0.8614564831261101,0.9741466533905334,0.38929765886252643
0.2513396715643907,0.8608644168146833,0.9741491842683664,0.38908215145803926
0.25138312586445366,0.8608644168146833,0.9741560052059908,0.38913421651242946
0.2514265951928065,0.8608644168146833,0.97416878633559,0.38918629550286205
0.25147007955724665,0.8608644168146833,0.974236675025062,0.3892383884349332
0.2513405985123681,0.8602723505032563,0.9742423332356522,0.38902275769710654
0.2513840830449827,0.8602723505032563,0.9742714166905792,0.38907484268274006
0.251427582626752,0.8602723505032563,0.9743093810373518,0.3891269416172182
0.2514710972654898,0.8602723505032563,0.974313748546734,0.3891790545061451
0.25151462696901505,0.8602723505032563,0.974326778457724,0.389231181355128
0.2513850415512465,0.8596802841918295,0.9743399338977436,0.3890154052240303
0.25142857142857145,0.8596802841918295,0.97435029239577,0.38906752411540546
0.2514721163837894,0.8596802841918295,0.974360854518416,0.38911965697405687
0.2513424562619089,0.8590882178804026,0.97436531724393,0.3889037791473314
0.2512127512127512,0.8584961515689757,0.9744231656084918,0.3886878434522699
0.25125628140703515,0.8584961515689757,0.9744260761063844,0.3887399463803467
0.2512998266897747,0.8584961515689757,0.9744444335074188,0.3887920632789095
0.2513433870688161,0.8584961515689757,0.9744563269638432,0.3888441941535783
0.2513869625520111,0.8584961515689757,0.9745388454367896,0.38889633900997544
0.2514305531472169,0.8584961515689757,0.9745761747549158,0.38894849785372676
0.25147415886229624,0.8584961515689757,0.9745814524519052,0.3890006706904611
0.2513443191673894,0.8579040852575488,0.9745826614831964,0.3887845452102746
0.2513879250520472,0.8579040852575488,0.974589866545036,0.3888367100492939
0.2514315460697553,0.8579040852575488,0.9746290053506476,0.38888888888853823
0.25147518222839294,0.8579040852575488,0.9746767977270014,0.38894108173364483
0.2515188335358445,0.8579040852575488,0.9746902831221552,0.3889932885902534
0.2513888888888889,0.857312018946122,0.9746982071157588,0.38877701704891765
0.2514325403715923,0.857312018946122,0.974717169822492,0.3888292158965343
0.2514762070163251,0.857312018946122,0.974729387817684,0.38888142876290965
0.251346187250304,0.8567199526346951,0.974833815279594,0.3886650550627704
0.25138985406532316,0.8567199526346951,0.9748353577752144,0.38871725990562633
0.25125977410947004,0.8561278863232682,0.9748504200088032,0.3885008060179189
0.25112964893986794,0.8555358200118414,0.9748572537875304,0.3882842939671354
0.251173300886494,0.8555358200118414,0.9748726038964796,0.3883364686908611
0.2512169680111266,0.8555358200118414,0.9749185182940592,0.3883886574381654
0.2512606503216832,0.8555358200118414,0.974926397089837,0.3884408602147028
0.25130434782608696,0.8555358200118414,0.9749303959764496,0.38849307702613106
0.2513480605322665,0.8555358200118414,0.9749768926097953,0.38854530787811087
0.2512178148921364,0.8549437537004144,0.9749962148402302,0.38832862713424626
0.2512615277536106,0.8549437537004144,0.974999756606172,0.3883808499189603
0.251131221719457,0.8543516873889876,0.9750032392727253,0.3881640887689831
0.25117493472584856,0.8543516873889876,0.9750075013885752,0.3882163034701896
0.2512186629526462,0.8543516873889876,0.9750613720187876,0.3882685322208246
0.2512624064078008,0.8543516873889876,0.9750710232343488,0.3883207750265594
0.25130616509926856,0.8543516873889876,0.975072911087008,0.3883730318930682
0.2511757533530744,0.8537596210775606,0.9750825847088862,0.38815612382199055
0.25121951219512195,0.8537596210775606,0.975106295097022,0.38820837259353747
0.25126328628680955,0.8537596210775606,0.975122371544774,0.38826063543314343
0.25130707563611016,0.8537596210775606,0.9751386099394024,0.3883129123464912
0.2513508802510023,0.8537596210775606,0.9751465267413596,0.3883652033392661
0.25139470013947,0.8537596210775606,0.9751632206602864,0.38841750841715694
0.25143853530950305,0.8537596210775606,0.9751754780118008,0.3884698275858554
0.2514823857690966,0.8537596210775606,0.975181062380544,0.3885221608510562
0.2515262515262515,0.8537596210775606,0.9752489802501064,0.38857450821845735
0.2515701325889742,0.8537596210775606,0.9752596879967296,0.3886268696937597
0.25161402896527657,0.8537596210775606,0.9752909380460728,0.3886792452826672
0.25165794066317626,0.8537596210775606,0.9752930924621293,0.38873163499088703
0.25170186769069647,0.8537596210775606,0.975306679580532,0.3887840388241293
0.25174581005586594,0.8537596210775606,0.97531178482125,0.38883645678810713
0.2517897677667191,0.8537596210775606,0.9753528826108367,0.38888888888853707
0.25183374083129584,0.8537596210775606,0.975364129753137,0.3889413351311384
0.2518777292576419,0.8537596210775606,0.9753721419088948,0.3889937955216335
0.25192173305380855,0.8537596210775606,0.9754061491098858,0.3890462700657482
0.2519657522278525,0.8537596210775606,0.9754080004945472,0.3890987587692109
0.2520097867878364,0.8537596210775606,0.9754170165402384,0.38915126163775354
0.25205383674182835,0.8537596210775606,0.9754224203601976,0.3892037786771109
0.2520979020979021,0.8537596210775606,0.9754545827118672,0.3892563098930209
0.2521419828641371,0.8537596210775606,0.9754770047473972,0.3893088552912246
0.25201119272472894,0.8531675547661338,0.9754994416922648,0.38909140002664944
0.25205527374497116,0.8531675547661338,0.9755009153107456,0.38914393734774405
0.2520993701889433,0.8531675547661338,0.9755029555528304,0.389196488858527
0.25196850393700787,0.8525754884547069,0.9755044070934202,0.38897893030758945
0.2520126006300315,0.8525754884547069,0.975546742751268,0.38903147372651525
0.25205671276037106,0.8525754884547069,0.9755480273295876,0.389084031342528
0.25210084033613445,0.8525754884547069,0.9755526081471244,0.38913660316138265
0.2521449833654351,0.8525754884547069,0.9755575412593352,0.3891891891888368
0.2520140105078809,0.85198342214328,0.9755650479124924,0.38897148263243586
0.2520581537922578,0.85198342214328,0.9755721862303663,0.3890240605565548
0.251927119831815,0.8513913558318532,0.9755764740684156,0.3888062728129502
0.251971263360785,0.8513913558318532,0.9755974240123926,0.3888588426172787
0.2520154223624255,0.8513913558318532,0.9755993830630774,0.38891142663926886
0.2518843120070114,0.8507992895204263,0.9756070149905238,0.38869353529853845
0.25192847124824685,0.8507992895204263,0.9756236242682456,0.3887461111859047
0.2519726459758022,0.8507992895204263,0.975637251749133,0.3887987012983487
0.25184145913714484,0.8502072232089994,0.9756536792051174,0.3885807062640229
0.25188563409928083,0.8502072232089994,0.9756822208650544,0.3886332882269816
0.2519298245614035,0.8502072232089994,0.9756889260266188,0.38868588442243795
0.2519740305316722,0.8502072232089994,0.9757392499700196,0.38873849485617135
0.252018252018252,0.8502072232089994,0.9757434260797796,0.3887911195339642
0.25206248902931366,0.8502072232089994,0.9757523976117636,0.3888437584616022
0.2521067415730337,0.8502072232089994,0.9757704782700658,0.388896411644874
0.2521510096575944,0.8502072232089994,0.975782578754393,0.3889490790895714
0.2521952932911837,0.8502072232089994,0.9758114011918112,0.3890017608014891
0.25223959248199546,0.8502072232089994,0.9758369550884288,0.38905445678642575
0.2522839072382291,0.8502072232089994,0.9758423983069426,0.38910716705018217
0.25232823756809,0.8502072232089994,0.9758699280817488,0.389159891598563
0.2523725834797891,0.8502072232089994,0.9758717828345242,0.38921263043737564
0.2524169449815433,0.8502072232089994,0.9758938685495522,0.38926538357243085
0.25246132208157523,0.8502072232089994,0.9758961200929732,0.38931815100954253
0.25250571478811323,0.8502072232089994,0.975913421484326,0.3893709327545275
0.25237425255012313,0.8496151568975725,0.9759269380734624,0.3891525423725282
0.25241864555848725,0.8496151568975725,0.9759367855543206,0.3892053159746942
0.2524630541871921,0.8496151568975725,0.9759419414288636,0.38925810389222776
0.25250747844448357,0.8496151568975725,0.9759460107290971,0.38931090613095437
0.2525519183386132,0.8496151568975725,0.9759698060682797,0.3893637226967028
0.2525963738778384,0.8496151568975725,0.9759875908796212,0.3894165535953048
0.25246478873239436,0.8490230905861457,0.9760418995390334,0.389197991586022
0.2525092445853143,0.8490230905861457,0.9760541762829968,0.3892508143318941
0.25255371609721733,0.8490230905861457,0.9760674905988752,0.38930365141813444
0.2525982032763784,0.8490230905861457,0.9760705521089854,0.38935650285058326
0.2524665257223397,0.8484310242747187,0.9761236936684072,0.389137813984711
0.252511013215859,0.8484310242747187,0.9761487741236172,0.3891906572511402
0.2525555163905534,0.8484310242747187,0.9761525802550964,0.389243514871302
0.2526000352547153,0.8484310242747187,0.9761598514799824,0.3892963868510454
0.2526445698166432,0.8484310242747187,0.9761599575503654,0.3893492731962229
0.2526891200846412,0.8484310242747187,0.976172545329694,0.38940217391268983
0.2527336860670194,0.8484310242747187,0.9762020208817594,0.38945508900630477
0.25277826777209383,0.8484310242747187,0.9762021687398924,0.38950801848292976
0.2528228652081863,0.8484310242747187,0.9762124647749392,0.38956096234842974
0.2528674783836245,0.8484310242747187,0.9762134931369556,0.38961392060867284
0.25291210730674196,0.8484310242747187,0.9762266449719736,0.3896668932695305
0.2529567519858782,0.8484310242747187,0.9762309245611772,0.38971988033687754
0.2530014124293785,0.8484310242747187,0.9762422156910138,0.38977288181659153
0.25286950379657425,0.8478389579632919,0.9762713061771404,0.38955386289409655
0.2527375485694101,0.8472468916518651,0.97630042301437,0.3893347843827232
0.2527821939586645,0.8472468916518651,0.976323030937382,0.3893877551016868
0.2528268551236749,0.8472468916518651,0.9763241645300728,0.3894407402364129
0.25269482240678565,0.8466548253404381,0.9763260485123956,0.38922155688587345
0.2527394839165783,0.8466548253404381,0.976352830407252,0.38927453382297517
0.25278416121619235,0.8466548253404381,0.9763542392822612,0.38932752518341934
0.2528288543140028,0.8466548253404381,0.9763615255842996,0.38938053097309716
0.25287356321839083,0.8466548253404381,0.9763747245624717,0.3894335511979029
0.2529182879377432,0.8466548253404381,0.9763795681043648,0.38948658586373397
0.2529630284804529,0.8466548253404381,0.9764405574306516,0.3895396349764913
0.25283085633404107,0.8460627590290113,0.97646428003735,0.38932025609554544
0.25287559723942665,0.8460627590290113,0.9765007653243912,0.3893732970023705
0.2529203539823009,0.8460627590290113,0.9765204633347706,0.38942635236372797
0.2529651265710745,0.8460627590290113,0.9765261744053167,0.38947942218552734
0.2528328611898017,0.8454706927175843,0.9765430744640832,0.3892599154964426
0.2527005489640517,0.8448786264061575,0.9765855129441384,0.38904034896365863
0.25274530641161885,0.8448786264061575,0.9765969323889367,0.3890933878660395
0.2527900797165633,0.8448786264061575,0.976611477895931,0.38914644123226066
0.25283486888731393,0.8448786264061575,0.97662070583243,0.3891995090682394
0.25287967393230554,0.8448786264061575,0.9766217858059444,0.3892525913798964
0.25292449485997875,0.8448786264061575,0.9766257495633484,0.38930568817315514
0.2529693316787804,0.8448786264061575,0.9766392494572812,0.38935879945394275
0.2530141843971631,0.8448786264061575,0.9766517487230936,0.3894119252281894
0.2530590530235857,0.8448786264061575,0.9766668459419774,0.38946506550182863
0.25292656970556937,0.8442865600947306,0.9766739274796364,0.3892452572672855
0.2529714387085329,0.8442865600947306,0.9766843148104872,0.38929838929803445
0.25301632363378285,0.8442865600947306,0.9766964353464678,0.3893515358358226
0.2530612244897959,0.8442865600947306,0.9768058024813592,0.38940469688659207
0.25310614128505504,0.8442865600947306,0.9768388114716112,0.3894578724562886
0.2529735487306941,0.8436944937833037,0.976846036974969,0.3892379131381318
0.2530184659090909,0.8436944937833037,0.9768662299093952,0.389291080453135
0.25306339904102293,0.8436944937833037,0.976877767525979,0.38934426229472696
0.2531083481349911,0.8436944937833037,0.976895765435815,0.389397458668862
0.25315331319950257,0.8436944937833037,0.9769071235332524,0.3894506695814979
0.25302061122956643,0.8431024274718768,0.9769071925065872,0.38923055897190123
0.2530655766838457,0.8431024274718768,0.9769223566969634,0.38928376161801553
0.2529328119445432,0.84251036116045,0.976933990388852,0.3890635680105813
0.2529777777777778,0.84251036116045,0.9769340161068996,0.389116762373175
0.25302275960170695,0.84251036116045,0.9769488359358818,0.38916997128365954
0.25306775742486215,0.84251036116045,0.9769530356220456,0.38922319474800354
0.25311277125578086,0.84251036116045,0.9769775224069464,0.38927643277217916
0.25315780110300656,0.84251036116045,0.9769994993010808,0.3893296853621617
0.25302491103202845,0.8419182948490231,0.9770157897541816,0.38910931727971027
0.2530699412706887,0.8419182948490231,0.977019498939706,0.3891625615759992
0.25311498754004985,0.8419182948490231,0.9770429494709308,0.38921582044579206
0.2531600498486737,0.8419182948490231,0.97707367643621,0.38926909389507297
0.2532051282051282,0.8419182948490231,0.977075635809162,0.38932238192982926
0.2532502226179875,0.8419182948490231,0.9770824112652888,0.38937568455605187
0.25311720698254364,0.8413262285375962,0.9770831300074634,0.3891551417222242
0.25316230179939425,0.8413262285375962,0.9770994051614592,0.3892084360445635
0.25320741268709906,0.8413262285375962,0.9771122770716324,0.38926174496608723
0.2532525396542506,0.8413262285375962,0.977146713989952,0.389315068492795
0.2532976827094474,0.8413262285375962,0.9771611860326884,0.38936840663068967
0.25334284186129435,0.8413262285375962,0.9771635688615588,0.38942175938577744
0.2533880171184023,0.8413262285375962,0.9771676377784566,0.38947512676406804
0.25325485999643305,0.8407341622261694,0.977180986966418,0.3892543859645564
0.25330003567606135,0.8407341622261694,0.9771839091862567,0.38930774503048715
0.25334522747546834,0.8407341622261694,0.9771908943720248,0.38936111872736556
0.2533904354032834,0.8407341622261694,0.9772097064015935,0.38941450706120995
0.25343565946814206,0.8407341622261694,0.9772264673853012,0.38946791003804226
0.2534808996786862,0.8407341622261694,0.9772482544511276,0.3895213276638876
0.25352615604356366,0.8407341622261694,0.9772495565718295,0.38957475994477425
0.25357142857142856,0.8407341622261694,0.9772551931394936,0.3896282068867341
0.25343811394891946,0.8401420959147424,0.977258298284498,0.38940724478559346
0.2534833869239014,0.8401420959147424,0.9772588323494492,0.3894606834084541
0.25352867607646956,0.8401420959147424,0.9772894455776396,0.3895141367001654
0.25357398141529663,0.8401420959147424,0.977308478403538,0.38956760466676804
0.25361930294906165,0.8401420959147424,0.9773176937841256,0.38962108731430606
0.2536646406864498,0.8401420959147424,0.9773219013878632,0.3896745846488267
0.25370999463615235,0.8401420959147424,0.977329686702028,0.38972809667638086
0.25357653791130186,0.8395500296033156,0.9773302940233322,0.3895069358601024
0.25362189232695403,0.8395500296033156,0.9773894830114233,0.38956043956008324
0.2536672629695885,0.8395500296033156,0.9773952318022624,0.3896139579609019
0.25371264984791553,0.8395500296033156,0.977434785242588,0.38966749106861853
0.2537580529706514,0.8395500296033156,0.9774625024696888,0.3897210388892959
0.2538034723465187,0.8395500296033156,0.977468140870581,0.3897746014290003
0.2536698890082349,0.8389579632918887,0.9774762418135832,0.38955326460445444
0.25371530886302596,0.8389579632918887,0.9774789791418216,0.3896068188063522
0.25358166189111747,0.8383658969804618,0.9774818508688796,0.3893853980472166
0.25362708221386354,0.8383658969804618,0.977489468395852,0.3894389438940328
0.2536725188104622,0.8383658969804618,0.9774911904781316,0.38949250446945494
0.25371797168966137,0.8383658969804618,0.9774922220856452,0.3895460797795608
0.2537634408602151,0.8383658969804618,0.9775004470492654,0.38959966983043154
0.25380892633088364,0.8383658969804618,0.9775348438605118,0.3896532746281517
0.25385442811043385,0.8383658969804618,0.977551531916984,0.38970689417880927
0.2538999462076385,0.8383658969804618,0.977575971957724,0.38976052848849535
0.2539454806312769,0.8383658969804618,0.9775817108218988,0.3898141775633045
0.2539910313901345,0.8383658969804618,0.9776138327313352,0.3898678414093347
0.25403659849300325,0.8383658969804618,0.9776192202763124,0.38992152003268726
0.25408218194868115,0.8383658969804618,0.9776207555355736,0.3899752134394668
0.25394831299353915,0.8377738306690349,0.9776475142110908,0.3897534774820834
0.2539938969664333,0.8377738306690349,0.977647649267916,0.38980716253407816
0.2540394973070018,0.8377738306690349,0.9776517429039064,0.3898608623773809
0.25408511402406175,0.8377738306690349,0.9776648063576404,0.3899145770181052
0.2541307471264368,0.8377738306690349,0.9776892650098348,0.38996830646236846
0.2541763966229567,0.8377738306690349,0.9777272045789988,0.3900220507162911
0.25404240028745956,0.837181764357608,0.9777277035803456,0.38980013783561795
0.2540880503144654,0.837181764357608,0.9777337377452556,0.3898538737244842
0.25395398993529833,0.8365896980461812,0.9777430831094216,0.3896318764645537
0.25399964048175444,0.8365896980461812,0.9777499077591992,0.38968560397096086
0.2538655160014383,0.8359976317347543,0.9777621543888269,0.3894635222724325
0.2537313432835821,0.8354055654233274,0.9777683292632976,0.3892413793099874
0.2537769784172662,0.8354055654233274,0.9777852471931708,0.38929507518242645
0.25382262996941896,0.8354055654233274,0.9777927902114448,0.38934878587160726
0.2538682979489025,0.8354055654233274,0.9778039034642932,0.38940251138366344
0.25391398236458523,0.8354055654233274,0.9778111427730732,0.3894562517247322
0.25377969762419006,0.8348134991119005,0.9778142954797592,0.3892339544509882
0.2538253825382538,0.8348134991119005,0.977816002499646,0.3892876863607689
0.253871083903493,0.8348134991119005,0.977819435824428,0.3893414331074706
0.2537367188906897,0.8342214328004737,0.9778283121974658,0.3891190278924896
0.25360230547550433,0.8336293664890467,0.9778573678793006,0.3888965612480886
0.25346784363177804,0.8330373001776199,0.9778618107272924,0.3886740331488135
0.25351351351351353,0.8330373001776199,0.9778657052641184,0.3887277248235129
0.25337898720490176,0.8324452338661931,0.9778731185949684,0.3885051119090094
0.2534246575342466,0.8324452338661931,0.9778740910227286,0.38855879508047675
0.2534703443302686,0.8324452338661931,0.977877389353338,0.3886124930897471
0.25351604760187524,0.8324452338661931,0.9778813238584708,0.3886662059429731
0.25356176735798014,0.8324452338661931,0.977884856284946,0.3887199336463105
0.25342712842712845,0.8318531675547661,0.977903605626711,0.38849716576764975
0.25329244091647124,0.8312611012433393,0.9779365529963056,0.38827433628282787
0.2533381450739805,0.8312611012433393,0.9779742351431292,0.38832803208372435
0.2533838657282079,0.8312611012433393,0.977975879286469,0.3883817427382312
0.25342960288808664,0.8312611012433393,0.977977866844422,0.3884354682525122
0.25347535656255643,0.8312611012433393,0.9779805513698284,0.38848920863273534
0.2535211267605634,0.8312611012433393,0.9780043830776156,0.3885429638850715
0.2533863102763229,0.8306690349319124,0.978009117904789,0.38831995571511363
0.2534320809248555,0.8306690349319124,0.9780094650923616,0.38837370242178704
0.25347786811201445,0.8306690349319124,0.9780160300685964,0.3884274640085011
0.25352367184676544,0.8306690349319124,0.9780182939122152,0.3884812404814359
0.2535694921380806,0.8306690349319124,0.97807554516073,0.38853503184677535
0.25361532899493855,0.8306690349319124,0.9780801505005484,0.38858883811070655
0.25366118242632435,0.8306690349319124,0.9780877159753816,0.3886426592794199
0.25370705244122965,0.8306690349319124,0.9780952315689896,0.38869649535910955
0.25375293904865254,0.8306690349319124,0.9781004153067512,0.38875034635597283
0.2537988422575977,0.8306690349319124,0.9781020330687112,0.3888042122762107
0.2538447620770762,0.8306690349319124,0.9781078854103028,0.38885809312602726
0.2538906985161057,0.8306690349319124,0.9781191235916852,0.38891198891163037
0.2539366515837104,0.8306690349319124,0.978120720598222,0.38896589963923106
0.2539826212889211,0.8306690349319124,0.9781217338312048,0.38901982531504403
0.25402860764077495,0.8306690349319124,0.9781440434506276,0.3890737659452874
0.253893516841724,0.8300769686204855,0.9781608694540268,0.38885036749374746
0.2537583771055968,0.8294849023090586,0.978234290171148,0.3886269070731502
0.25380434782608696,0.8294849023090586,0.978248424459681,0.38868081564674895
0.2538503352056532,0.8294849023090586,0.9782515387288108,0.38873473917833146
0.25371511417180137,0.8288928359976317,0.9782622535509682,0.3885111696957698
0.2537611020482146,0.8288928359976317,0.9782663223978474,0.38856508465132017
0.25380710659898476,0.8288928359976317,0.9782894977236898,0.388619014572854
0.25385312783318226,0.8288928359976317,0.9782935881287208,0.38867295946660385
0.2538991657598839,0.8288928359976317,0.978311715897066,0.38872691933880515
0.2539452203881734,0.8288928359976317,0.9783135246563296,0.3887808941956976
0.2539912917271408,0.8288928359976317,0.9783249777754062,0.38883488404352373
0.25385592451460715,0.8283007696862048,0.9783479922010354,0.388611111110752
0.2539019963702359,0.8283007696862048,0.9783660776304516,0.38866509237358166
0.2539480849518969,0.8283007696862048,0.9783791832743738,0.38871908863537297
0.25399419026870007,0.8283007696862048,0.978411011997421,0.38877309990237796
0.2538587252587616,0.827708703374778,0.978415049742468,0.38854919399630555
0.2539048310933527,0.827708703374778,0.9784435682182782,0.38860319666399096
0.2539509536784741,0.827708703374778,0.97845407247594,0.38865721434492845
0.2539970930232558,0.827708703374778,0.9784587229403854,0.3887112470453795
0.25404324913683446,0.827708703374778,0.9784667168152568,0.3887652947716094
0.2539076699382043,0.8271166370633511,0.9784703278855156,0.3885412320953157
0.253953826576986,0.8271166370633511,0.9784754815325752,0.3885952712096544
0.254,0.8271166370633511,0.9785133892910156,0.3886493253578266
0.25404619021640296,0.8271166370633511,0.9785376449954784,0.3887033945461068
0.2540923972353583,0.8271166370633511,0.9785556883121485,0.388757478780773
0.25395670365653994,0.8265245707519242,0.9785573765269387,0.3885332591145861
0.2540029112081514,0.8265245707519242,0.9785626346731118,0.38858733472476215
0.254049135577798,0.8265245707519242,0.9785688768453428,0.38864142538939533
0.25409537677466326,0.8265245707519242,0.9785768467573164,0.38869553111477323
0.2541416348079374,0.8265245707519242,0.978586499969336,0.3887496519071869
0.2541879096868172,0.8265245707519242,0.9786015111480072,0.38880378777293084
0.2542342014205063,0.8265245707519242,0.9786018419388008,0.3888579387183031
0.25428051001821494,0.8265245707519242,0.9786299180307372,0.38891210474960525
0.25414465294224814,0.8259325044404974,0.978633356532016,0.388687656728534
0.25400874635568516,0.8253404381290704,0.9786892115040448,0.38846314616098887
0.2540550391835247,0.8253404381290704,0.9786954419465984,0.38851727982126766
0.2541013488880787,0.8253404381290704,0.9786999132344244,0.3885714285710686
0.25396536007292614,0.8247483718176436,0.9787119899376996,0.38834680791711973
0.2538293216630197,0.8241563055062167,0.9787161608434748,0.38812212463368423
0.25369323363122376,0.8235642391947898,0.978730114628996,0.38789737869456453
0.25355709595038306,0.8229721728833629,0.9787490838368806,0.3876725700735486
0.2536033570516329,0.8229721728833629,0.9787572883958586,0.3877266387723037
0.2534671532846715,0.822380106571936,0.9787653607089032,0.38750174361799655
0.2535134148567257,0.822380106571936,0.9787694851610744,0.3875558035710683
0.25355969331872946,0.822380106571936,0.9787932749064524,0.3876098786099369
0.2536059886799343,0.822380106571936,0.9787962375642318,0.38766396874091796
0.25365230094959823,0.822380106571936,0.9787990011761818,0.3877180739703304
0.2535159817351598,0.8217880402605092,0.9788034342317872,0.3874930206584894
0.2535622944830106,0.8217880402605092,0.9788041213564768,0.3875471171293338
0.25360862415494245,0.8217880402605092,0.9788109926909538,0.38760122870670466
0.2536549707602339,0.8217880402605092,0.9788312603628052,0.3876553553969304
0.2537013343081704,0.8217880402605092,0.9788509450818988,0.38770949720634346
0.25374771480804387,0.8217880402605092,0.9788604320872484,0.38776365414127933
0.2536112634850978,0.8211959739490823,0.9788696286377034,0.38753841855230775
0.2536576444769568,0.8211959739490823,0.9788733918021202,0.38759256671753795
0.2537040424364368,0.8211959739490823,0.9788939459032512,0.3876467300164084
0.25375045737285035,0.8211959739490823,0.9789187719196646,0.3877009084552647
0.2537968892955169,0.8211959739490823,0.9789271642063426,0.3877551020404555
0.25366032210834555,0.8206039076376554,0.9789439636236464,0.3875297078145421
0.2535237049240344,0.8200118413262285,0.9789705668342696,0.3873042505589233
0.25338703771512266,0.8194197750148017,0.9789800186632244,0.38707873024715694
0.25325032045412926,0.8188277087033747,0.9790250730498048,0.38685314685278593
0.2532967032967033,0.8188277087033747,0.9790296746999484,0.38690725975624835
0.25315991939915733,0.8182356423919479,0.9790427492648976,0.3866815892553749
0.2532063026749725,0.8182356423919479,0.9790445561467058,0.3867356932975263
0.253252702950339,0.8182356423919479,0.979054654270736,0.3867898124821467
0.2532991202346041,0.8182356423919479,0.97907138825514,0.3868439468155942
0.25334555453712193,0.8182356423919479,0.9790757344347778,0.3868980963042302
0.2532086541987532,0.8176435760805211,0.9790814357320536,0.3866722665543078
0.2532550889418669,0.8176435760805211,0.9790845231785816,0.38672640716849915
0.2533015407190022,0.8176435760805211,0.9790935947131634,0.3867805629460048
0.253348009539534,0.8176435760805211,0.9791024841660536,0.38683473389319617
0.25339449541284403,0.8176435760805211,0.979123639457632,0.38688892001644776
0.25325747843641033,0.8170515097690941,0.9791387660962964,0.3866629307925779
0.2533039647577093,0.8170515097690941,0.979145612845365,0.3867171080282222
0.2533504681476042,0.8170515097690941,0.9791570953816258,0.38677130044806923
0.2533969886154976,0.8170515097690941,0.9791633515124556,0.3868255080585033
0.2534435261707989,0.8170515097690941,0.979166628148403,0.38687973086591276
0.25349008082292435,0.8170515097690941,0.9791852377014144,0.38693396887668896
0.2535366525812971,0.8170515097690941,0.979203836133692,0.38698822209722683
0.25339948548327823,0.8164594434576673,0.9792052707820004,0.3867620249610745
0.25326226796544754,0.8158673771462404,0.9792078633396988,0.386535764375515
0.25330882352941175,0.8158673771462404,0.9792178074363004,0.3865899845697043
0.25335539621253905,0.8158673771462404,0.979223050841024,0.38664421997719167
0.2534019860242736,0.8158673771462404,0.9792462144712816,0.38669847060438084
0.2532646680154497,0.8152753108348135,0.9792521300049232,0.38647207409450224
0.25312729948491536,0.8146832445233866,0.9792809651166756,0.38624561403472596
0.2531738730450782,0.8146832445233866,0.9792811018963916,0.38629983155494424
0.25322046374677953,0.8146832445233866,0.979290101906472,0.3863540642983887
0.2530830112276827,0.8140911782119598,0.9792964808202902,0.38612749227708826
0.25312960235640647,0.8140911782119598,0.9792992270408902,0.3861817160507545
0.25317621064260726,0.8140911782119598,0.9793243645866744,0.38623595505581787
0.2532228360957643,0.8140911782119598,0.9793307483049738,0.38629020929869695
0.25326947872536376,0.8140911782119598,0.9793326234063732,0.3863444787858139
0.253316138540899,0.8140911782119598,0.9793339235528556,0.38639876352359465
0.2533628155518703,0.8140911782119598,0.9793392424493303,0.3864530635184687
0.25340950976778476,0.8140911782119598,0.9793789669673594,0.3865073787768691
0.2534562211981567,0.8140911782119598,0.9793844066975408,0.3865617093052325
0.2535029498525074,0.8140911782119598,0.9793948628782332,0.3866160551099991
0.2535496957403651,0.8140911782119598,0.9794126338810782,0.38667041619761305
0.2535964588712652,0.8140911782119598,0.9794274074143,0.38672479257452175
0.25364323925475,0.8140911782119598,0.9794299972470704,0.38677918424717633
0.253690036900369,0.8140911782119598,0.979436432366859,0.38683359122203187
0.2537368518176785,0.8140911782119598,0.9794536887185696,0.3868880135055464
0.25378368401624213,0.8140911782119598,0.9794623421327237,0.38694245110418235
0.2536459294812627,0.8134991119005328,0.9794712851469198,0.38671545173056915
0.2536927621861152,0.8134991119005328,0.979473315557868,0.386769880365577
0.2535549399815328,0.812907045589106,0.9794756858917936,0.3865427927924303
0.25341706686368676,0.8123149792776792,0.97948393459868,0.3863156412779706
0.2534638832440421,0.8123149792776792,0.979484572076332,0.38637003660904323
0.2535107169253511,0.8123149792776792,0.9794892025024652,0.3864244472605866
0.2535575679172057,0.8123149792776792,0.9794905027158888,0.386478873239074
0.2536044362292052,0.8123149792776792,0.9794947372529,0.38653331455098267
0.2536513218709558,0.8123149792776792,0.9794960186321392,0.38658777120279314
0.25351331360946744,0.8117229129662522,0.9794970208598216,0.3863604339858286
0.2535601997410764,0.8117229129662522,0.9794989689958824,0.3864148816230871
0.25360710321864594,0.8117229129662522,0.9795037531431804,0.3864693446085167
0.2536540240518039,0.8117229129662522,0.9795083457542024,0.3865238229486081
0.25370096225018507,0.8117229129662522,0.9795340923283588,0.38657831664985565
0.2537479178234314,0.8117229129662522,0.9795602819520036,0.38663282571875723
0.25379489078119216,0.8117229129662522,0.9795674888862468,0.3866873501618145
0.2538418811331235,0.8117229129662522,0.9795981355981356,0.3867418899855326
0.2538888888888889,0.8117229129662522,0.9796152140103312,0.38679644519642076
0.2539359140581589,0.8117229129662522,0.9796165188534582,0.3868510158009913
0.2537977028529085,0.8111308466548254,0.9796286372058124,0.38662339494813414
0.25384472855289975,0.8111308466548254,0.979635658864688,0.3866779565336476
0.253891771682728,0.8111308466548254,0.979666172095394,0.38673253352116127
0.25393883225208524,0.8111308466548254,0.9796954482913088,0.3867871259171975
0.25398591027067113,0.8111308466548254,0.9797007912016118,0.38684173372828284
0.2540330057481921,0.8111308466548254,0.9797047629155546,0.38689635696094704
0.25408011869436203,0.8111308466548254,0.9797277877313626,0.38695099562172397
0.25394175477647934,0.8105387803433984,0.9797370824270456,0.38672316384144456
0.25398886827458256,0.8105387803433984,0.9797645587581758,0.38677779347329105
0.253850436073483,0.8099467140319716,0.9797658367763832,0.38654987284507314
0.25389755011135856,0.8099467140319716,0.9797667380770644,0.38660449342905584
0.25394468164098755,0.8099467140319716,0.97976864917615,0.3866591294513041
0.2539918306721129,0.8099467140319716,0.9797936377207036,0.3867137809183644
0.2538532961931291,0.8093546477205447,0.9797938710740944,0.38648572236322143
0.2539004457652303,0.8093546477205447,0.9798012138537175,0.38654036476706183
0.25394761285528517,0.8093546477205447,0.9798088694800556,0.3865950226240708
0.25399479747305836,0.8093546477205447,0.9798309151851788,0.3866496959408045
0.25404199962832186,0.8093546477205447,0.9798401968213348,0.38670438472382296
0.2539033457249071,0.8087625814091178,0.979857247381738,0.3864761635305459
0.25395054842907605,0.8087625814091178,0.9798676794315452,0.3865308432367613
0.25399776868724433,0.8087625814091178,0.979874901598068,0.38658553841763543
0.25404500650920586,0.8087625814091178,0.9798771819396914,0.38664024907973804
0.25390625,0.8081705150976909,0.979891064459296,0.3864118895962392
0.25395348837209303,0.8081705150976909,0.9798957195911316,0.38646659116611404
0.2540007443245255,0.8081705150976909,0.9798997625563606,0.3865213082256024
0.25404801786711334,0.8081705150976909,0.9799197025608096,0.38657604078128427
0.2539091586001489,0.8075784487862641,0.9799449101751884,0.3863475428405933
0.25377024762614037,0.8069863824748372,0.9799487574417532,0.3861189801696076
0.25381750465549346,0.8069863824748372,0.9799513109459668,0.3861736789909945
0.2538647792885081,0.8069863824748372,0.9799598008872183,0.386228393312189
0.2539120715350224,0.8069863824748372,0.979964521489216,0.3862831231397804
0.2537730575740637,0.8063943161634103,0.9799661816057756,0.3860544217683433
0.25382035035408124,0.8063943161634103,0.979975934418335,0.3861091424517973
0.25386766076421247,0.8063943161634103,0.9799923059428726,0.38616387865004687
0.2539149888143177,0.8063943161634103,0.9800011653408937,0.386218630369691
0.2537758717135931,0.8058022498519835,0.9800142834746216,0.38598979013009505
0.2538232002983961,0.8058022498519835,0.9800227557663824,0.38604453269003414
0.25387054653982466,0.8058022498519835,0.98002511750779,0.3860992907797775
0.2537313432835821,0.8052101835405565,0.9800294637447446,0.3858703362175388
0.2535920880761336,0.8046181172291297,0.9800346645562016,0.38564131668522006
0.2534527808883912,0.8040260509177027,0.9800573657102912,0.3854122321551627
0.2533134216912451,0.8034339846062759,0.9800613343350596,0.3851830825996922
0.25317401045556387,0.8028419182948491,0.9800679349633894,0.38495386799111875
0.25322128851540615,0.8028419182948491,0.9800757230751412,0.3850085178871993
0.25326858423608517,0.8028419182948491,0.9800914605075244,0.3850631833022053
0.2533158976274986,0.8028419182948491,0.980092577522636,0.3851178642427481
0.2531763826606876,0.8022498519834221,0.98010563823892,0.38488851015444286
0.2530368155484956,0.8016577856719953,0.9801156408776116,0.38465909090872613
0.2530841121495327,0.8016577856719953,0.9801230587215226,0.38471373774647427
0.25294447560291644,0.8010657193605684,0.9801411350581246,0.3844842284736335
0.2529917726252805,0.8010657193605684,0.9801426772654032,0.38453886599366677
0.25303908733869457,0.8010657193605684,0.9801802629897642,0.38459351904454697
0.25289936401047514,0.8004736530491415,0.9801810663046376,0.3843638948112911
0.2529466791393826,0.8004736530491415,0.9801854543991528,0.38441853852678887
0.25299401197604793,0.8004736530491415,0.9801953401560012,0.38447319778152045
0.25304136253041365,0.8004736530491415,0.9802186423651068,0.38452787258211507
0.2530887308124298,0.8004736530491415,0.9802385816771352,0.384582562935206
0.25313611683205395,0.8004736530491415,0.9802470666926192,0.3846372688474301
0.2531835205992509,0.8004736530491415,0.9802641899849543,0.384691990325428
0.2532309421239933,0.8004736530491415,0.9802744217923288,0.3847467273758443
0.25327838141626074,0.8004736530491415,0.9802894052344712,0.3848014800053271
0.2531384673037287,0.7998815867377146,0.9802894844985433,0.3845715912321995
0.2529985007496252,0.7992895204262878,0.9803041512275696,0.38434163701031093
0.2530459231490159,0.7992895204262878,0.9803099737751464,0.3843963553527099
0.2530933633295838,0.7992895204262878,0.9803326121873948,0.384451089277721
0.2531408213013313,0.7992895204262878,0.9803399696893058,0.3845058387920014
0.25318829707426854,0.7992895204262878,0.9803727306864228,0.3845606039022126
0.25323579065841306,0.7992895204262878,0.9803807303760912,0.38461538461501915
0.25328330206378985,0.7992895204262878,0.9804037555124414,0.38467018093708993
0.2533308313004316,0.7992895204262878,0.9804047009500474,0.38472499287509754
0.25319069069069067,0.7986974541148608,0.9804070285705382,0.3844947983465063
0.25323822038670923,0.7986974541148608,0.9804073134234106,0.3845496009118351
0.2530980097634247,0.798105387803434,0.9804360069268764,0.3843193157515945
0.25295774647887326,0.7975133214920072,0.9804380894862652,0.3840889649269226
0.25300525920360634,0.7975133214920072,0.9804568119334442,0.38414373306679533
0.2530527897801991,0.7975133214920072,0.9804588167453128,0.3841985168279286
0.2529124389327321,0.7969212551805802,0.9804695061890228,0.38396805020645214
0.25277203533170456,0.7963291888691534,0.9804696098632169,0.3837375178313032
0.25281954887218044,0.7963291888691534,0.980470849557949,0.3837922670848104
0.2528670802782478,0.7963291888691534,0.9804791903882124,0.38384703196310443
0.25272658894321176,0.7957371225577264,0.9804802150406908,0.38361638361601774
0.2527741207447809,0.7957371225577264,0.9805035051422109,0.383671139023328
0.2528216704288939,0.7957371225577264,0.98050705719577,0.38372591006387385
0.2528692380056444,0.7957371225577264,0.9805181347971688,0.38378069674435134
0.2529168234851336,0.7957371225577264,0.980518524000231,0.3838354990714603
0.25296442687747034,0.7957371225577264,0.9805307990531692,0.3838903170519047
0.25301204819277107,0.7957371225577264,0.9805441285115022,0.38394515069239205
0.25287139898324235,0.7951450562462996,0.9805457741801004,0.38371428571391963
0.2527306967984934,0.7945529899348727,0.980550996318136,0.3834833547646002
0.2527783009983048,0.7945529899348727,0.9805599148960658,0.38353815375785044
0.25263752825923136,0.7939609236234458,0.9805675640469612,0.38330713162747426
0.2526851328434144,0.7939609236234458,0.9805790833901132,0.38336192109740386
0.2527327553712778,0.7939609236234458,0.9805837640675504,0.38341672623265727
0.2527803958529689,0.7939609236234458,0.9805845045616022,0.3834715470399539
0.2528280542986425,0.7939609236234458,0.9806198774950304,0.3835263835260171
0.25287573071846126,0.7939609236234458,0.9806233417370483,0.383581235697574
0.25273481705016976,0.7933688573120189,0.9806268766817464,0.3833500214557914
0.2527824938690813,0.7933688573120189,0.9806392070859388,0.3834048640911928
0.25264150943396224,0.7927767910005921,0.9806458698157736,0.38317355844862466
0.2526891866389885,0.7927767910005921,0.9806559095305818,0.3832283915279677
0.2527368818422046,0.7927767910005921,0.9806710382771856,0.383283240303054
0.252784595053804,0.7927767910005921,0.9806736324191024,0.3833381047806238
0.2526435045317221,0.7921847246891652,0.980678247379868,0.38310665712203845
0.2525023607176582,0.7915926583777383,0.9806812667207028,0.38287514318405486
0.2523611635814129,0.7910005920663115,0.9806841507407263,0.3826435629381983
0.25221991309276404,0.7904085257548845,0.9807151390490024,0.3824119163559781
0.2522675736961451,0.7904085257548845,0.9807457783529274,0.3824666953154905
0.2523152523152523,0.7904085257548845,0.9807528974854364,0.38252148997097984
0.2523629489603025,0.7904085257548845,0.980768289464962,0.38257630032919315
0.25241066364152015,0.7904085257548845,0.9807727679222966,0.38263112639688157
0.2524583963691377,0.7904085257548845,0.9807870435468486,0.38268596818079975
0.25250614715339514,0.7904085257548845,0.9807950434760472,0.3827408256877064
0.2525539160045403,0.7904085257548845,0.9807951247158192,0.38279569892436416
0.25260170293282874,0.7904085257548845,0.980835342373747,0.3828505878975394
0.25264950794852387,0.7904085257548845,0.9808441770732969,0.38290549261400264
0.2525080446715881,0.7898164594434577,0.9808541773863062,0.382673551347883
0.25255585005679665,0.7898164594434577,0.9808553259601872,0.3827284464205193
0.2526036735466768,0.7898164594434577,0.9808852862888262,0.38278335724497
0.2526515151515151,0.7898164594434577,0.9808921464794182,0.3828382838280156
0.2526993748816064,0.7898164594434577,0.9808963347876718,0.38289322617644095
0.25274725274725274,0.7898164594434577,0.9809174981176844,0.3829481842970347
0.25279514875876447,0.7898164594434577,0.9809301322541052,0.3830031581965893
0.2528430629264594,0.7898164594434577,0.9809393431330372,0.38305814788190107
0.2528909952606635,0.7898164594434577,0.9809467284179962,0.3831131533597704
0.2529389457717103,0.7898164594434577,0.9809581113384582,0.3831681746370015
0.2529869144699412,0.7898164594434577,0.9809617500782556,0.38322321172040236
0.25284522003034904,0.7892243931320307,0.9809650881118126,0.3829909495758428
0.2528931891481692,0.7892243931320307,0.9809744977098962,0.3830459770111266
0.2527514231499051,0.7886323268206039,0.98100504572672,0.38281362264656443
0.2527993926741317,0.7886323268206039,0.9810188822584118,0.3828686404135444
0.2526575550493546,0.7880402605091771,0.9810329916424584,0.3826361937613112
0.25270552496677423,0.7880402605091771,0.9810387823569636,0.3826912018397703
0.25275351310292443,0.7880402605091771,0.9810388266390476,0.3827462257365122
0.25280151946818613,0.7880402605091771,0.9810565721602642,0.38280126545836096
0.25284954407294835,0.7880402605091771,0.9810584332359747,0.3828563210121448
0.25289758692760783,0.7880402605091771,0.9810655347976928,0.3829113924046954
0.25294564804256936,0.7880402605091771,0.981066450617927,0.38296647964284897
0.25280364949629347,0.7874481941977501,0.9810688261114228,0.38273381294927233
0.25285171102661597,0.7874481941977501,0.9810717050913272,0.3827888904874719
0.25289979083475944,0.7874481941977501,0.9810869999994304,0.38284398387988533
0.25294788893115255,0.7874481941977501,0.9810887600287376,0.38289909313335874
0.2529960053262317,0.7874481941977501,0.9811028927387576,0.3829542182547428
0.2530441400304414,0.7874481941977501,0.9811037114077048,0.3830093592508918
0.25290199809705044,0.7868561278863233,0.9811162153960122,0.3827764976954844
0.25295013323182336,0.7868561278863233,0.981123255660483,0.38283162897845935
0.25280791928421853,0.7862640615748964,0.9811436217018146,0.3825986747331379
0.25285605483625284,0.7862640615748964,0.9811454755031436,0.382653796282588
0.25290420872214814,0.7862640615748964,0.981148065379323,0.38270893371721093
0.25295238095238093,0.7862640615748964,0.9811584186489584,0.3827640870438743
0.25281005905886833,0.7856719952634695,0.9811660133346736,0.3825309887571986
0.2528582317073171,0.7856719952634695,0.981167125412423,0.3825861323334935
0.2529064227177435,0.7856719952634695,0.9811973174826608,0.38264129181047357
0.2529546321006481,0.7856719952634695,0.9812081094071056,0.38269646719501726
0.2528122020972355,0.7850799289520426,0.9812112703860424,0.3824632246895651
0.2526697177726926,0.7844878626406158,0.98123089250893,0.3822299148993862
0.252717909593744,0.7844878626406158,0.9812338361486108,0.3822850548178657
0.25276611980160246,0.7844878626406158,0.9812393384012824,0.38234021064744556
0.2528143484067926,0.7844878626406158,0.9812407130374166,0.38239538239501375
0.25286259541984735,0.7844878626406158,0.981249758207814,0.38245057006746214
0.2529108608513075,0.7844878626406158,0.9812516047807848,0.3825057736716866
0.25295914471172204,0.7844878626406158,0.9812558328522258,0.3825609932145872
0.2530074470116479,0.7844878626406158,0.981256043248703,0.38261622870306755
0.2530557677616501,0.7844878626406158,0.981271201210969,0.38267148014403546
0.2531041069723018,0.7844878626406158,0.9812727949918928,0.38272674754440295
0.2529614061902942,0.7838957963291888,0.98127676425356,0.3824931388122845
0.25281865086948213,0.783303730017762,0.9812849359621092,0.3822594625826995
0.25267584097859325,0.7827116637063352,0.9812866919497008,0.38202571882639014
0.2525329764863315,0.7821195973949082,0.9812963751211146,0.3817919075140818
0.2525812619502868,0.7821195973949082,0.9813012621625176,0.3818470877290716
0.25262956588257796,0.7821195973949082,0.9813035064938836,0.381902283896711
0.2526778882938026,0.7821195973949082,0.9813243458203113,0.3819574960239189
0.25272622919456667,0.7821195973949082,0.9813446850275842,0.3820127241176181
0.25277458859548413,0.7821195973949082,0.98135805513407,0.3820679681847356
0.25282296650717706,0.7821195973949082,0.9813610665046112,0.38212322823220235
0.2528713629402756,0.7821195973949082,0.9813658182917442,0.3821785042669531
0.25291977790541836,0.7821195973949082,0.9813727190387836,0.38223379629592696
0.25296821141325165,0.7821195973949082,0.9813731989027484,0.3822891043260668
0.2528251292855775,0.7815275310834814,0.9813770416401736,0.38205499276374055
0.25287356321839083,0.7815275310834814,0.981379728463038,0.38211029092451115
0.2529220157118222,0.7815275310834814,0.9813896861924304,0.38216560509517195
0.2529704867765427,0.7815275310834814,0.9814052454438922,0.38222093528267664
0.25282729538048687,0.7809354647720544,0.9814063062256908,0.3819866782504269
0.2526840490797546,0.7803433984606276,0.981414130585736,0.3817523533667557
0.2527325023969319,0.7803433984606276,0.9814199170103924,0.3818076477400707
0.2525891829689298,0.7797513321492007,0.9814242071007496,0.3815732290304865
0.2526376366775369,0.7797513321492007,0.9814294899792086,0.3816285134739855
0.25249424405218723,0.7791592658377738,0.9814435207603924,0.3813940008690695
0.25235079639224717,0.7785671995263469,0.981444667218625,0.3811594202894853
0.2523992322456814,0.7785671995263469,0.9814512043760892,0.3812146687922089
0.2524476866961029,0.7785671995263469,0.98145201128386,0.3812699333136343
0.2523041474654378,0.7779751332149201,0.9814566865053812,0.38103523270950396
0.2523526022661801,0.7779751332149201,0.9814609610721932,0.38109048723860917
0.2524010756819055,0.7779751332149201,0.9814616684550233,0.3811457577951341
0.2524495677233429,0.7779751332149201,0.9814955811032108,0.38120104438605296
0.25249807840122984,0.7779751332149201,0.9815004628179544,0.3812563470183446
0.25254660772631177,0.7779751332149201,0.9815122157270452,0.3813116656989916
0.25240292195309494,0.7773830669034932,0.9815206508356124,0.3810767667969017
0.25245145164391464,0.7773830669034932,0.9815211270591327,0.38113207547132805
0.2525,0.7773830669034932,0.9815255289280334,0.38118740020285236
0.2525485670321216,0.7773830669034932,0.981529639606449,0.3812427409984684
0.2525971527510581,0.7773830669034932,0.9815444336493382,0.38129809786517355
0.2526457571675967,0.7773830669034932,0.9815701135040036,0.3813534708099695
0.2526943802925327,0.7773830669034932,0.9815727921924852,0.38140885983986206
0.2527430221366699,0.7773830669034932,0.981575448870554,0.381464264961861
0.2527916827108202,0.7773830669034932,0.9815774774412784,0.38151968618297993
0.25284036202580396,0.7773830669034932,0.9815794383287612,0.3815751235102369
0.25288906009244994,0.7773830669034932,0.9815914384826478,0.3816305769506541
0.2529377769215951,0.7773830669034932,0.9816074393277714,0.3816860465112574
0.2529865125240848,0.7773830669034932,0.9816291302150786,0.3817415321990771
0.25303526691077277,0.7773830669034932,0.9816304892259412,0.3817970340211473
0.2530840400925212,0.7773830669034932,0.981631718193402,0.3818525519845065
0.2531328320802005,0.7773830669034932,0.981635195272873,0.3819080860961971
0.25298881604319323,0.7767910005920663,0.9816442904217476,0.3816727272723567
0.25303760848601736,0.7767910005920663,0.9816466723208714,0.38172825138164845
0.25289351851851855,0.7761989342806395,0.9816669282634658,0.38149279790447427
0.25294231140266255,0.7761989342806395,0.98166828177942,0.3815483119903161
0.2529911231184871,0.7761989342806395,0.981676614971844,0.3816038422351117
0.25303995367689636,0.7761989342806395,0.9816946627274524,0.38165938864591736
0.2528957528957529,0.7756068679692125,0.9817156645917422,0.3814237880328217
0.2529445838965051,0.7756068679692125,0.9817206558660424,0.3814793244026576
0.25280030899961375,0.7750148016577857,0.981721033748714,0.38124362894968
0.2528491404288198,0.7750148016577857,0.9817365214534626,0.38129915525742103
0.25289799072642966,0.7750148016577857,0.9817464571371431,0.3813546977417994
0.2527536231884058,0.7744227353463587,0.981756876022008,0.38111888111851006
0.25280247390800153,0.7744227353463587,0.9817600806426112,0.38117441352141235
0.2528513435144017,0.7744227353463587,0.9817641140233018,0.3812299621098008
0.2529002320185615,0.7744227353463587,0.9817743645459932,0.38128552689075257
0.25275575323921873,0.7738306690349319,0.981777033751782,0.3810495626818445
0.2528046421663443,0.7738306690349319,0.9817837652175578,0.38110511736367597
0.2528535500096731,0.7738306690349319,0.9817879113884936,0.38116068824693117
0.25290247678018574,0.7738306690349319,0.9817911585815472,0.38121627533869823
0.2529514224888717,0.7738306690349319,0.9817931756891932,0.38127187864606976
0.2530003871467286,0.7738306690349319,0.9818102188175952,0.38132749817614214
0.2530493707647628,0.7738306690349319,0.9818318100324,0.3813831339360161
0.25309837335398916,0.7738306690349319,0.9818387028469068,0.3814387859327965
0.2531473949254309,0.7738306690349319,0.9818401868666516,0.3814944541735922
0.25300271212708253,0.7732386027235051,0.9818421547483976,0.38125821047985037
0.2530517341600465,0.7732386027235051,0.981844885586731,0.38131386861276706
0.2531007751937985,0.7732386027235051,0.981855938734946,0.38136954299860637
0.2531498352393875,0.7732386027235051,0.9818614590441456,0.38142523364448827
0.2531989143078713,0.7732386027235051,0.98187320813755,0.3814809405575369
0.2532480124103161,0.7732386027235051,0.9818901096786248,0.381536663744881
0.25329712955779676,0.7732386027235051,0.9818933217979408,0.3815924032136531
0.2533462657613967,0.7732386027235051,0.981894429505266,0.38164815897098997
0.25339542103220797,0.7732386027235051,0.981899245342528,0.38170393102403266
0.25344459538133124,0.7732386027235051,0.9819011459318026,0.38175971937992625
0.2532996894409938,0.7726465364120781,0.9819046572533696,0.3815231691269486
0.25334886429819453,0.7726465364120781,0.9819146548148454,0.3815789473680491
0.2532038834951456,0.7720544701006513,0.9819169442151704,0.3813423015056962
0.25325305884637794,0.7720544701006513,0.981918379085258,0.3813980696106254
0.2533022533022533,0.7720544701006513,0.9819388479041128,0.3814538540291731
0.25335146687390714,0.7720544701006513,0.9819528944598171,0.3815096547684986
0.2532063738826273,0.7714624037892244,0.9819534755167468,0.3812728602776088
0.2530612244897959,0.7708703374777975,0.9819571587563236,0.3810359964877753
0.2531104199066874,0.7708703374777975,0.9819808135783836,0.38109176057331434
0.2531596344545985,0.7708703374777975,0.981991583225564,0.3811475409832344
0.2532088681446908,0.7708703374777975,0.9819934850019544,0.38120333772470455
0.2530636063022758,0.7702782711663706,0.9820006827417862,0.3809663250362309
0.2529182879377432,0.7696862048549438,0.9820062780297424,0.3807292429341715
0.25296750340533175,0.7696862048549438,0.982018661845816,0.38078500292874295
0.253016738030362,0.7696862048549438,0.9820202957854928,0.3808407792584528
0.25287132567646486,0.7690941385435168,0.9820396953295292,0.38060357456745636
0.25272585669781933,0.76850207223209,0.9820405818735984,0.3803663003659279
0.2527750730282376,0.76850207223209,0.9820434866828368,0.38042203985894757
0.25282430853135957,0.76850207223209,0.9820787471848248,0.3804777956906724
0.25267874537307616,0.7679100059206632,0.9820904723428028,0.3802403987096831
0.2525331254871395,0.7673179396092362,0.9821018704806714,0.38000293212101716
0.25258234262327034,0.7673179396092362,0.9821074490827286,0.3800586510260203
0.25263157894736843,0.7673179396092362,0.9821167242152552,0.38011438627327443
0.25268083447065703,0.7673179396092362,0.982124427890538,0.38017013786997045
0.25253510140405616,0.7667258732978094,0.982155838363808,0.379932521636711
0.2525843573239711,0.7667258732978094,0.9821631979276576,0.37998826291042526
0.25263363246195863,0.7667258732978094,0.9821713519213568,0.3800440205425472
0.2524878048780488,0.7661338069863824,0.9821774048661231,0.3798062811854211
0.25234192037470726,0.7655417406749556,0.982180995038172,0.3795684720383765
0.2521959789186024,0.7649496743635287,0.9821853390331066,0.3793305930706781
0.2522452167122218,0.7649496743635287,0.9821867177658448,0.37938628688848325
0.2522944737355985,0.7649496743635287,0.98218908608763,0.3794419970627694
0.2521484375,0.7643576080521018,0.982205862715559,0.37920399471250693
0.2521976948622778,0.7643576080521018,0.9822085559816078,0.37925969447671265
0.25205158264947247,0.7637655417406749,0.982210623771926,0.3790215954161099
0.25190541332812194,0.7631734754292481,0.9822193002778628,0.3787834263881076
0.2519546520719312,0.7631734754292481,0.98222165670572,0.3788390889048435
0.25180840664711635,0.7625814091178212,0.9822351815145548,0.3786008230448943
0.25185764567852953,0.7625814091178212,0.9822393511293044,0.3786564750841482
0.2519069039702719,0.7625814091178212,0.9822429278535194,0.37871214348683635
0.2519561815336463,0.7625814091178212,0.982247729616124,0.3787678282601765
0.2520054783799648,0.7625814091178212,0.9822505889627248,0.37882352941139136
0.25205479452054796,0.7625814091178212,0.9822539883635736,0.37887924694770725
0.25190839694656486,0.7619893428063943,0.9822611649810647,0.3786407766986556
0.2517619420516836,0.7613972764949675,0.9822730775255696,0.37840223628033853
0.2518112394752301,0.7613972764949675,0.9822770172485582,0.3784579164210508
0.25186055620838227,0.7613972764949675,0.9822890183296736,0.37851361295032543
0.2519098922624878,0.7613972764949675,0.9822914292794422,0.3785693258753991
0.25176332288401254,0.7608052101835405,0.9823006936900778,0.37833063447629345
0.2516166960611405,0.7602131438721137,0.982303862404554,0.37809187279114576
0.2516660133281066,0.7602131438721137,0.9823457090930564,0.37814754822521895
0.2515193099392276,0.7596210775606868,0.9823475953289244,0.37790868924852167
0.2515686274509804,0.7596210775606868,0.982347946041086,0.37796435410185036
0.2516179643067268,0.7596210775606868,0.982358256104952,0.3780200353561376
0.2516673205178501,0.7596210775606868,0.9823706288380216,0.37807573301863306
0.2517166960957426,0.7596210775606868,0.9823769613373468,0.3781314470965904
0.25176609105180536,0.7596210775606868,0.9823770765769584,0.378187177597268
0.25181550539744846,0.7596210775606868,0.9823804613375884,0.3782429245279278
0.2518649391440911,0.7596210775606868,0.9823880789368388,0.3782986878958371
0.2519143923031612,0.7596210775606868,0.982390580579589,0.3783544677082665
0.25196386488609585,0.7596210775606868,0.982396884298362,0.3784102639724912
0.252013356904341,0.7596210775606868,0.9824050946792476,0.378466076695791
0.2518664047151277,0.7590290112492599,0.9824089589170222,0.3782268771201451
0.25191589703281586,0.7590290112492599,0.9824119346913632,0.37828267925604353
0.25196540880503143,0.7590290112492599,0.9824202246561422,0.3783384978600359
0.2520149400432475,0.7590290112492599,0.9824212602394892,0.3783943329394132
0.25186787259142746,0.7584369449378331,0.9824223381643324,0.37815498154944116
0.2519174041297935,0.7584369449378331,0.9824291246734052,0.37821080602265494
0.2519669551534225,0.7584369449378331,0.982433487716066,0.3782666469802841
0.25201652567381466,0.7584369449378331,0.982434049108516,0.37832250442963145
0.25206611570247933,0.7584369449378331,0.9824388393232122,0.3783783783780039
0.25211572525093484,0.7584369449378331,0.9824706752709628,0.37843426883271264
0.25216535433070864,0.7584369449378331,0.9824743007049884,0.3784901758010732
0.25221500295333726,0.7584369449378331,0.9824879920805496,0.3785460992904055
0.25226467113036627,0.7584369449378331,0.9824925942646792,0.37860203930803377
0.2523143588733504,0.7584369449378331,0.9824996197292296,0.3786579958612866
0.25236406619385343,0.7584369449378331,0.9825000261745797,0.3787139689574967
0.2524137931034483,0.7584369449378331,0.9825048290689848,0.37876995860400137
0.25226645644461965,0.7578448786264061,0.9825129854566244,0.37853023805965774
0.25231618371772124,0.7578448786264061,0.982519192460778,0.37858621709515905
0.25236593059936907,0.7578448786264061,0.9825205894226758,0.3786422126900556
0.25241569710116346,0.7578448786264061,0.9825221660036044,0.37869822485169613
0.252465483234714,0.7578448786264061,0.982523759299722,0.3787542535874339
0.2525152890116394,0.7578448786264061,0.982525143256936,0.3788102989046265
0.2525651144435675,0.7578448786264061,0.9825432295189016,0.3788663608106358
0.25261495954213536,0.7578448786264061,0.9825484005239196,0.37892243931282804
0.2524674299249901,0.7572528123149793,0.982551122877672,0.37868245743855905
0.2525172754195459,0.7572528123149793,0.9825756583391048,0.3787385253179547
0.25256714060031593,0.7572528123149793,0.982579291249071,0.37879460980267526
0.25261702547896503,0.7572528123149793,0.9825840989820864,0.37885071090009875
0.2526669300671671,0.7572528123149793,0.9825865816883615,0.3789068286176073
0.2527168543766054,0.7572528123149793,0.9825871494756864,0.3789629629625877
0.2527667984189723,0.7572528123149793,0.9825955862292906,0.37901911394243104
0.25261909468274363,0.7566607460035524,0.9826244012052944,0.3787788974507213
0.2526690391459075,0.7566607460035524,0.9826275815444494,0.3788350377942
0.2525212576626458,0.7560686796921255,0.9826295780924068,0.3785947227983202
0.252373417721519,0.7554766133806986,0.9826297213904344,0.3783543365452139
0.2524233432245302,0.7554766133806986,0.9826333227932562,0.378410438908284
0.25247328848436884,0.7554766133806986,0.9826386879050756,0.37846655791153316
0.25232535127646943,0.7548845470692718,0.982640646589855,0.37822604568339785
0.252375296912114,0.7548845470692718,0.982649805413942,0.378282153982713
0.2522272817263908,0.7542924807578448,0.9826541021843564,0.3780415430263306
0.2522772277227723,0.7542924807578448,0.982664656406163,0.3780976405991198
0.2523271935036641,0.7542924807578448,0.9826724368121672,0.37815375482301405
0.25217908082408874,0.753700414446418,0.9826816513676526,0.37791301766327273
0.2522290469585893,0.753700414446418,0.9826991154249622,0.3779691211397668
0.25227903289734444,0.753700414446418,0.9827014085596923,0.37802524127653586
0.2523290386521308,0.753700414446418,0.9827100689451058,0.37808137808100223
0.25237906423473433,0.753700414446418,0.9827134817089412,0.37813753156059254
0.2524291096569502,0.753700414446418,0.9827266641293516,0.37819370172273753
0.25228084093613645,0.7531083481349912,0.982728486672814,0.3779527559051358
0.25233088672882364,0.7531083481349912,0.9827310689372252,0.37800891530423025
0.2521825396825397,0.7525162818235642,0.98273307540051,0.377767870411275
0.25223258583052194,0.7525162818235642,0.982734506860056,0.3778240190245942
0.2520841603811036,0.7519242155121374,0.982744251832976,0.37758287498104204
0.2519356759976176,0.7513321492007105,0.9827588044416592,0.3773416592324517
0.2519857029388404,0.7513321492007105,0.9827633556803036,0.3773977695163524
0.2520357497517378,0.7513321492007105,0.9827658748600844,0.3774538964898081
0.2520858164481526,0.7513321492007105,0.9827671351285988,0.37751004016026635
0.2519372143850586,0.7507400828892836,0.9827751907469052,0.3772686700383026
0.2519872813990461,0.7507400828892836,0.9827827853166388,0.3773248028563414
0.2520373683164381,0.7507400828892836,0.9827965102259332,0.377380952380576
0.25208747514910534,0.7507400828892836,0.98280061391448,0.3774371186184657
0.2521376019089282,0.7507400828892836,0.9828048194930156,0.3774933015774741
0.25218774860779636,0.7507400828892836,0.9828074475080536,0.3775495012650694
0.2522379152576089,0.7507400828892836,0.9828116627229502,0.37760571768872414
0.25228810187027456,0.7507400828892836,0.9828118283895172,0.3776619508559153
0.25233830845771144,0.7507400828892836,0.9828123064066367,0.3777182007741244
0.25238853503184716,0.7507400828892836,0.982819688544544,0.3777744674508375
0.25243878160461874,0.7507400828892836,0.9828272020906385,0.3778307508935447
0.2524890481879729,0.7507400828892836,0.9828317689695694,0.37788705110974097
0.2523401712806214,0.7501480165778567,0.9828381508837816,0.3776453055137812
0.25239043824701196,0.7501480165778567,0.9828472446468296,0.37770159487218247
0.2524407252440725,0.7501480165778567,0.9828474328533948,0.3777579010133381
0.2524910322837784,0.7501480165778567,0.982852827366524,0.3778142239447551
0.2525413593781144,0.7501480165778567,0.9828710038762688,0.3778705636739446
0.252591706539075,0.7501480165778567,0.982874840004032,0.37792692020842245
0.252642073778664,0.7501480165778567,0.9828803285449892,0.377983293555709
0.2526924611088951,0.7501480165778567,0.982880504022222,0.37803968372332875
0.25274286854179134,0.7501480165778567,0.98288087481916,0.37809609071881123
0.2525937749401437,0.7495559502664298,0.9828938001780788,0.37785405163370733
0.25264418279784473,0.7495559502664298,0.9829117185494028,0.37791044776081695
0.25269461077844313,0.7495559502664298,0.982917974530441,0.3779668607251043
0.2527450588939908,0.7495559502664298,0.9829201142909756,0.3780232905341107
0.2527955271565495,0.7495559502664298,0.982920508557424,0.37807973719538207
0.25284601557819053,0.7495559502664298,0.9829284985579264,0.3781362007164686
0.2528965241709948,0.7495559502664298,0.9829403390751584,0.37819268110492515
0.25294705294705294,0.7495559502664298,0.982951010461132,0.37824917836831107
0.2529976019184652,0.7495559502664298,0.9829560390664064,0.3783056925141901
0.25284829102538475,0.7489638839550029,0.9829568427828964,0.37806335923452994
0.2528988404638145,0.7489638839550029,0.9829945308093904,0.3781198625014907
0.2529494101179764,0.7489638839550029,0.9829964450918768,0.37817638266031006
0.2528,0.7483718176435761,0.9829970695917798,0.377933921363055
0.2528505701140228,0.7483718176435761,0.9830064206795576,0.377990430621632
0.2527010804321729,0.7477797513321492,0.983025155697304,0.3777478689991738
0.2527516509905944,0.7477797513321492,0.9830255907121596,0.3778043673343517
0.25280224179343475,0.7477797513321492,0.9830313334397868,0.3778608825725468
0.25285285285285286,0.7477797513321492,0.9830359411759108,0.3779174147213459
0.2529034841810172,0.7477797513321492,0.9830372865196856,0.37797396378833986
0.25295413579010617,0.7477797513321492,0.9830421101887404,0.3780305297811247
0.25280448717948717,0.7471876850207223,0.9830567339369768,0.3777877563235258
0.2528551392506512,0.7471876850207223,0.9830596098128372,0.37784431137686764
0.2529058116232465,0.7471876850207223,0.983095111976878,0.37790088336539546
0.25295650430948086,0.7471876850207223,0.9830966000151432,0.377957472296717
0.2530072173215718,0.7471876850207223,0.9831081669546892,0.3780140781784449
0.2530579506717465,0.7471876850207223,0.9831331301538256,0.3780707010181959
0.25310870437224225,0.7471876850207223,0.9831384026476148,0.37812734082359195
0.2531594784353059,0.7471876850207223,0.983148934053124,0.378183997602259
0.2532102728731942,0.7471876850207223,0.983151116975481,0.37824067136182776
0.2532610876981738,0.7471876850207223,0.9831544206918116,0.37829736210993364
0.2533119229225211,0.7471876850207223,0.983169870209286,0.3783540698542164
0.2533627785585224,0.7471876850207223,0.983178968887464,0.37841079460232036
0.25341365461847387,0.7471876850207223,0.983179023381177,0.37846753636189495
0.25346455111468164,0.7471876850207223,0.9831836148734464,0.37852429514059344
0.2535154680594616,0.7471876850207223,0.983188623511783,0.3785810709460743
0.25356640546513964,0.7471876850207223,0.9831943854157256,0.3786378637860002
0.2534163987138264,0.7465956187092955,0.9832058747054652,0.378394598649284
0.2534673366834171,0.7465956187092955,0.983206259694372,0.37845138055184246
0.25331724969843183,0.7460035523978685,0.9832087549007948,0.3782080144075459
0.2531671023527046,0.7454114860864417,0.9832094722719912,0.3779645752022634
0.25321802091713597,0.7454114860864417,0.9832096535608648,0.3780213181200238
0.2530677932005633,0.7448194197750148,0.9832129522871098,0.37777777777739924
0.25311871227364185,0.7448194197750148,0.9832147400925612,0.37783450968576043
0.2529684041054538,0.7442273534635879,0.9832159502255188,0.37759086812818843
0.2530193236714976,0.7442273534635879,0.9832474508819452,0.37764758900367723
0.25307026374068853,0.7442273534635879,0.983252677283426,0.3777043269226982
0.2531212243254128,0.7442273534635879,0.983255223027796,0.37776108189293445
0.25317220543806646,0.7442273534635879,0.9832630027556346,0.37781785392207384
0.25302175664786464,0.7436352871521611,0.9832740361913566,0.3775740267544686
0.2530727382631473,0.7436352871521611,0.9832783736499636,0.37763078773263375
0.2529222087867795,0.7430432208407342,0.9832838478170112,0.3773868591185506
0.25297319088893366,0.7430432208407342,0.9832840473415628,0.3774436090221774
0.2530241935483871,0.7430432208407342,0.9832937387602384,0.3775003759960115
0.25287356321839083,0.7424511545293073,0.983302766599904,0.37725631768915174
0.2529245663574022,0.7424511545293073,0.9833058545841342,0.3773130735666436
0.2527738551543272,0.7418590882178804,0.9833232911052812,0.3770689136318809
0.2528248587570621,0.7418590882178804,0.9833268591045732,0.3771256583893876
0.25267406659939456,0.7412670219064535,0.9833339657456152,0.37688139674856724
0.2527250706499798,0.7412670219064535,0.983336917766406,0.37693813036240864
0.2525741974560872,0.7406749555950266,0.9833470025840934,0.3766937669372901
0.25262520193861066,0.7406749555950266,0.9833548250955142,0.37675048938374955
0.2524742476267421,0.7400828892835998,0.9833737941002088,0.3765060240960062
0.25232323232323234,0.7394908229721728,0.983375627445404,0.3762614851630489
0.25237421701353807,0.7394908229721728,0.9834121244278208,0.37631816812254915
0.2524252223120453,0.7394908229721728,0.9834231572922398,0.3763748681629474
0.25227410551849605,0.738898756660746,0.9834256029460162,0.37613019891462957
0.2523251112009705,0.738898756660746,0.9834261406394368,0.3761868877162746
0.25237613751263904,0.738898756660746,0.9834342261133576,0.37624359360830295
0.25222491909385114,0.7383066903493192,0.9834358334750906,0.3759987939088621
0.2522759457819138,0.7383066903493192,0.9834383073034156,0.3760554885400305
0.25232699312019424,0.7383066903493192,0.9834591613616376,0.3761122002710726
0.25217567294070026,0.7377146240378922,0.9834661016010776,0.37586726998453734
0.2520242914979757,0.7371225577264654,0.9834665965746212,0.3756222658014004
0.25207531889046364,0.7371225577264654,0.9834703304708904,0.3756789378390891
0.25212636695018226,0.7371225577264654,0.983474446655423,0.3757356269801544
0.25197488353250963,0.7365304914150385,0.9834802143386816,0.3754904920008275
0.2520259319286872,0.7365304914150385,0.983483933402946,0.37554716981094094
0.2518743667679838,0.7359384251036116,0.9834882671503068,0.3753019323667699
0.251925415484394,0.7359384251036116,0.9834936757224396,0.37535859882190603
0.2517737684978715,0.7353463587921847,0.9834957577871084,0.375113258833809
0.2516220600162206,0.7347542924807579,0.9835029422461156,0.37486784473606466
0.25167308862299737,0.7347542924807579,0.9835039003766068,0.3749244712987136
0.2517241379310345,0.7347542924807579,0.9835309817578364,0.37498111497167
0.2517752079529316,0.7347542924807579,0.9835340592158296,0.37503777576269026
0.2518262987012987,0.7347542924807579,0.983536963258884,0.3750944536795352
0.2518774101887558,0.7347542924807579,0.9835550368170038,0.3751511487299704
0.2519285424279334,0.7347542924807579,0.9835722495216136,0.37520786092176633
0.2519796954314721,0.7347542924807579,0.9835958403540122,0.37526459026269804
0.2520308692120227,0.7347542924807579,0.983599714169606,0.37532133676054513
0.2520820637822466,0.7347542924807579,0.9836065631182328,0.3753781004230921
0.2521332791548151,0.7347542924807579,0.9836215998681808,0.3754348812581281
0.2521845153424101,0.7347542924807579,0.9836221909241852,0.3754916792734471
0.2522357723577236,0.7347542924807579,0.9836241384044307,0.37554849447684757
0.25228705021345804,0.7347542924807579,0.9836480931375492,0.3756053268761328
0.25233834892232615,0.7347542924807579,0.9836491334485448,0.3756621764791109
0.252389668497051,0.7347542924807579,0.9836493978131332,0.3757190432935945
0.25244100895036614,0.7347542924807579,0.9836496343281592,0.37577592732740134
0.25249237029501526,0.7347542924807579,0.9836543784276152,0.37583282858835343
0.25254375254375255,0.7347542924807579,0.983659281953328,0.3758897470842778
0.25259515570934254,0.7347542924807579,0.9836634661001312,0.3759466828230061
0.25264657980456023,0.7347542924807579,0.9836677841755436,0.37600363581237484
0.252698024842191,0.7347542924807579,0.9836686848600122,0.3760606060602253
0.2525458248472505,0.7341622261693309,0.9836712493845016,0.3758145173507329
0.25239356284375636,0.7335701598579041,0.9836836977817524,0.3755683540462999
0.25224123879380606,0.7329780935464772,0.9836852005017258,0.3753221161130039
0.2522926431628286,0.7329780935464772,0.9836874018143464,0.37537901758603504
0.25234406848756624,0.7329780935464772,0.9836920591667462,0.3754359363150094
0.2523955147808359,0.7329780935464772,0.983694740763578,0.3754928723077779
0.25244698205546495,0.7329780935464772,0.9836963294522244,0.3755498255721959
0.25249847032429124,0.7329780935464772,0.9837000070963337,0.3756067961161237
0.25234598123215013,0.7323860272350503,0.9837023562000852,0.3753603398570001
0.2523974699041012,0.7323860272350503,0.9837024117277386,0.37541729893740333
0.2524489795918367,0.7323860272350503,0.9837090624308792,0.37547427530694916
0.25229638701775875,0.7317939609236235,0.9837129919171532,0.3752276867027153
0.2523478971008575,0.7317939609236235,0.98371698008877,0.3752846515860768
0.25239942822136,0.7317939609236235,0.9837185201049654,0.3753416337682187
0.25245098039215685,0.7317939609236235,0.9837228980860226,0.3753986332570218
0.25250255362614915,0.7317939609236235,0.983726111846618,0.3754556500603719
0.2523498161013486,0.7312018946121965,0.9837353326619208,0.375208871334876
0.2524013897404455,0.7312018946121965,0.9837360399176622,0.3752658766328606
0.25224856909239574,0.7306098283007697,0.9837417077284432,0.3750189940734674
0.25230014312001636,0.7306098283007697,0.983746485019237,0.3750759878415637
0.2523517382413088,0.7306098283007697,0.983754175343188,0.37513299893562685
0.25219881366332586,0.7300177619893428,0.9837561071939616,0.3748859835812541
0.2520458265139116,0.7294256956779159,0.9837661566069292,0.37463889311197957
0.252097401268672,0.7294256956779159,0.9837731280288684,0.37469586374657693
0.25194433074089234,0.7288336293664891,0.9837732317878976,0.3744486692011392
0.2519959058341863,0.7288336293664891,0.98379669195967,0.37450562823204897
0.25204750204750204,0.7288336293664891,0.9838001066854892,0.3745626045941716
0.2520991193938153,0.7288336293664891,0.9838020333609364,0.3746195982954185
0.25215075788611224,0.7288336293664891,0.9838248343995202,0.3746766093437057
0.25220241753738987,0.7288336293664891,0.9838322960309692,0.3747336377469544
0.25225409836065577,0.7288336293664891,0.9838331486703288,0.3747906835130904
0.2523058003689281,0.7288336293664891,0.983834441313132,0.3748477466500443
0.2523575235752358,0.7288336293664891,0.983855291760254,0.37490482716575163
0.2524092679926184,0.7288336293664891,0.9838687692495172,0.3749619250681528
0.2524610336341263,0.7288336293664891,0.9838723684688072,0.37501904036519285
0.2523076923076923,0.7282415630550622,0.9838794644005084,0.37477148080400535
0.25215428805908907,0.7276494967436353,0.9838827775955372,0.37452384580184245
0.2520008208495793,0.7270574304322084,0.9838899289223142,0.37427613532421383
0.2518472906403941,0.7264653641207816,0.9838912220090492,0.374028349336609
0.2516936973927325,0.7258732978093546,0.9838956977069316,0.3737804878044957
0.25174537987679674,0.7258732978093546,0.9838983498705454,0.3738374752244995
0.25179708359005953,0.7258732978093546,0.9839014819131504,0.3738944800240152
0.25184880854560393,0.7258732978093546,0.9839021356467484,0.37395150221099466
0.2516950893774399,0.7252812314979278,0.9839065364759608,0.3737034777299409
0.25154130702836003,0.7246891651865008,0.9839132377511592,0.3734553775739881
0.25159301130524153,0.7246891651865008,0.9839155141401495,0.3735123588644328
0.2514391447368421,0.724097098875074,0.9839272706437094,0.373264153822294
0.25149084926999793,0.724097098875074,0.98392909509488,0.37332112332074063
0.25154257507198685,0.724097098875074,0.9839296714293716,0.3733781102117987
0.25159432215593497,0.724097098875074,0.9839368599795352,0.373435114503434
0.25164609053497944,0.724097098875074,0.9839414524487669,0.3734921362036178
0.25169788022226797,0.724097098875074,0.9839789737159343,0.37354917532032583
0.25174969123095925,0.724097098875074,0.9839805644824936,0.37360623186153863
0.25180152357422275,0.724097098875074,0.9839821105625756,0.37366330583524193
0.2518533772652389,0.724097098875074,0.9839969459989126,0.37372039724942613
0.2519052523171988,0.724097098875074,0.98399838535123,0.3737775061120865
0.2519571487433045,0.724097098875074,0.983999473448732,0.3738346324312233
0.252009066556769,0.724097098875074,0.9840011420392962,0.3738917762148417
0.25206100577081614,0.724097098875074,0.9840049681982797,0.37394893747095154
0.2521129663986807,0.724097098875074,0.9840092255220984,0.374006116207568
0.25216494845360826,0.724097098875074,0.984014929181284,0.3740633124327106
0.25221695194885546,0.724097098875074,0.9840215925738558,0.3741205261544043
0.25206270627062705,0.7235050325636472,0.98402247291316,0.37387180663874786
0.2521147101299773,0.7235050325636472,0.9840287206210688,0.37392900856754824
0.2521667354519191,0.7235050325636472,0.9840338868155638,0.3739862280026771
0.252218782249742,0.7235050325636472,0.9840369388612472,0.3740434649521725
0.25227085053674647,0.7235050325636472,0.9840461926294056,0.3741007194240771
0.2523229403262441,0.7235050325636472,0.9840464775005962,0.3741579914264384
0.2523750516315572,0.7235050325636472,0.9840551098550177,0.3742152809673091
0.25222061557529435,0.7229129662522202,0.9840553922704254,0.37396630934111724
0.25206611570247933,0.7223208999407934,0.984088242238145,0.3737172614485366
0.2521182062409589,0.7223208999407934,0.9840905324042726,0.373774509803538
0.2521703183133526,0.7223208999407934,0.984094419211022,0.37383177570055093
0.25222245193301635,0.7223208999407934,0.9840956743750108,0.37388905914763965
0.2522746071133168,0.7223208999407934,0.984099608990052,0.373946360152873
0.25232678386763185,0.7223208999407934,0.9841040913237192,0.37400367872432505
0.25237898220935046,0.7223208999407934,0.9841064826392129,0.37406101487007465
0.25243120215187254,0.7223208999407934,0.9841166702983896,0.37411836859820563
0.25227649006622516,0.7217288336293665,0.9841180422978608,0.3738690384906451
0.2521217139308632,0.7211367673179396,0.984130151233118,0.37361963190145664
0.2519668737060041,0.7205447010065127,0.984132912700986,0.37337014879544367
0.2518119693518327,0.7199526346950859,0.9841394930935154,0.3731205891373884
0.251864125932063,0.7199526346950859,0.9841615168144722,0.3731778425652137
0.2519163041226435,0.7199526346950859,0.984166633830535,0.3732351135662213
0.2517612929962702,0.7193605683836589,0.984169670910312,0.372985418265157
0.25181347150259065,0.7193605683836589,0.9841747900160144,0.37304267731002416
0.251865671641791,0.7193605683836589,0.9841748935025604,0.37309995393789314
0.2519178934273274,0.7193605683836589,0.9841808533256716,0.37315724815686396
0.25197013687266695,0.7193605683836589,0.984181256883908,0.373214559975042
0.2520224019912881,0.7193605683836589,0.9841836644272484,0.3732718894005374
0.2520746887966805,0.7193605683836589,0.9841839185472973,0.37332923644146543
0.2519194853704088,0.7187685020722321,0.9841903551497831,0.3730792870309617
0.25197177251971775,0.7187685020722321,0.9841918778753695,0.37313662209889337
0.25181648328835377,0.7181764357608053,0.9841954393471946,0.3728865662461573
0.2518687707641196,0.7181764357608053,0.9842004537184884,0.37294388931552647
0.25192107995846313,0.7181764357608053,0.9842025114238332,0.37300123001191565
0.251973410884919,0.7181764357608053,0.9842156601493676,0.3730585883434568
0.25202576355703304,0.7181764357608053,0.9842161299374872,0.3731159643182867
0.2518703241895262,0.7175843694493783,0.98421716632065,0.3728657129668512
0.2519226771980877,0.7175843694493783,0.9842191906720544,0.3729230769226923
0.25176715176715175,0.7169923031379515,0.9842248936947668,0.3726727188794429
0.25181950509461426,0.7169923031379515,0.9842260411141086,0.3727300707906279
0.2516638935108153,0.7164002368265245,0.984231471499832,0.3724796059716023
0.2517162471395881,0.7164002368265245,0.9842357380495032,0.3725369458124231
0.2515605493133583,0.7158081705150977,0.9842493117388024,0.3722863741335644
0.2514047866805411,0.7152161042036708,0.9842503859386,0.3720357252844935
0.2514571190674438,0.7152161042036708,0.9842669714985548,0.372093023255429
0.25150947324588796,0.7152161042036708,0.9842711481479688,0.3721503388782349
0.2515618492294877,0.7152161042036708,0.9842800022310918,0.37220767216106937
0.25161424703186835,0.7152161042036708,0.9842845118243956,0.3722650231120957
0.25166666666666665,0.7152161042036708,0.9842876027671768,0.3723223917394824
0.25171910814753073,0.7152161042036708,0.9843127909602388,0.37237977805140277
0.25177157148812007,0.7152161042036708,0.9843134306472684,0.37243718205603543
0.2518240567021055,0.7152161042036708,0.9843250605581372,0.3724946037615637
0.2518765638031693,0.7152161042036708,0.9843344714539928,0.3725520431761761
0.25172054223149115,0.7146240378922439,0.9843385274678138,0.3723010487349633
0.25177304964539005,0.7146240378922439,0.9843665910632852,0.3723584760138056
0.2518255789693303,0.7146240378922439,0.9843749172595556,0.372415921011648
0.2518781302170284,0.7146240378922439,0.9843796223939978,0.37247338373669225
0.2517219787100814,0.7140319715808171,0.9843865438852188,0.3722222222218368
0.25177453027139873,0.7140319715808171,0.9843883248172608,0.3722796727886252
0.2518271037794947,0.7140319715808171,0.984388417723814,0.37233714109254445
0.2518796992481203,0.7140319715808171,0.9843948318809131,0.37239462714180993
0.2519323166910382,0.7140319715808171,0.9844002610192736,0.37245213094464225
0.25198495612202254,0.7140319715808171,0.9844108706056688,0.3725096525092669
0.25203761755485893,0.7140319715808171,0.9844148367637424,0.37256719184391457
0.2520903010033445,0.7140319715808171,0.984416074113611,0.37262474895682124
0.2521430064812879,0.7140319715808171,0.9844188419992924,0.3726823238562274
0.2521957340025094,0.7140319715808171,0.9844425313203732,0.37273991655037914
0.2520393223175068,0.7134399052693902,0.9844478061224522,0.3724884080367085
0.252092050209205,0.7134399052693902,0.984449724714533,0.37254598856044274
0.25214480016739904,0.7134399052693902,0.9844500929540634,0.3726035868889153
0.2521975722059439,0.7134399052693902,0.9844538265497168,0.3726612030303857
0.25204102993510574,0.7128478389579633,0.9844638620475774,0.3724095267549497
0.2520938023450586,0.7128478389579633,0.9844664611251904,0.37246713070340365
0.2519371727748691,0.7122557726465364,0.9844697032464468,0.3722153465342674
0.25198994553833265,0.7122557726465364,0.984470745246423,0.37227293826357805
0.25204274041483343,0.7122557726465364,0.9844745493316278,0.37233054781762687
0.2520955574182733,0.7122557726465364,0.9844750172978995,0.3723881752046905
0.251938796897925,0.7116637063351096,0.9844898210359936,0.3721362229098305
0.2519916142557652,0.7116637063351096,0.9844908190380052,0.37219383805504036
0.2520444537638918,0.7116637063351096,0.9845071859580716,0.3722514710432805
0.2520973154362416,0.7116637063351096,0.9845104059230289,0.3723091218828412
0.2521501992867632,0.7116637063351096,0.984516741934118,0.37236679058201766
0.2522031053294167,0.7116637063351096,0.9845194298715814,0.37242447714911014
0.2520461699895068,0.7110716400236826,0.9845245701921624,0.3721722962500009
0.2520990764063812,0.7110716400236826,0.984532096254702,0.3722299705559439
0.2519420533277346,0.7104795737122558,0.9845329278536076,0.37197768133873316
0.25199496010079797,0.7104795737122558,0.9845371070461472,0.37203534335723243
0.2520478890989288,0.7104795737122558,0.9845441102461272,0.37209302325542737
0.251890756302521,0.7098875074008288,0.9845599952353092,0.37184059544076703
0.25194368564824543,0.7098875074008288,0.9845607575867056,0.37189826302690865
0.2519966372425389,0.7098875074008288,0.9845719548701192,0.3719559485027931
0.2520496110994324,0.7098875074008288,0.9845734447147791,0.3720136518767464
0.251892346509672,0.709295441089402,0.9845768471477964,0.37176105508107177
0.2519453207150368,0.709295441089402,0.9845839577322726,0.3718187461200353
0.2519983172065629,0.709295441089402,0.9845848157603134,0.3718764550671283
0.25205133599831686,0.709295441089402,0.98459128708234,0.3719341819306904
0.2521043771043771,0.709295441089402,0.9845922850238478,0.3719919267190666
0.25215744053883393,0.709295441089402,0.9845952078202704,0.37204968944060685
0.252,0.7087033747779752,0.9845975399961012,0.3717968628665178
0.2520530638029059,0.7087033747779752,0.9846019729586772,0.3718546132335365
0.252106149957877,0.7087033747779752,0.9846025441951668,0.37191238154381057
0.2521592584790394,0.7087033747779752,0.9846344000899204,0.3719701678057037
0.252212389380531,0.7087033747779752,0.9846347874784616,0.37202797202758486
0.2522655426765016,0.7087033747779752,0.9846358136082244,0.37208579421782856
0.25231871838111297,0.7087033747779752,0.984637653611886,0.372143634384814
0.25216107948555766,0.7081113084665482,0.98464445223066,0.37189054726329435
0.25221425558835936,0.7081113084665482,0.9846544607417194,0.37194837505792405
0.25226745412360263,0.7081113084665482,0.9846562059521606,0.3720062208394261
0.2523206751054852,0.7081113084665482,0.9846649522078934,0.3720640846161937
0.25237391854821695,0.7081113084665482,0.9846694192016974,0.37212196639662565
0.2522161249472351,0.7075192421551214,0.9846696406835274,0.37186867901003734
0.25226936879881784,0.7075192421551214,0.9846806784521752,0.3719265483967491
0.25232263513513514,0.7075192421551214,0.9846904540035252,0.3719844357972778
0.25237592397043296,0.7075192421551214,0.9846988768924672,0.3720423412200359
0.25242923531896916,0.7075192421551214,0.9847003858311928,0.3721002646734409
0.2524825691950137,0.7075192421551214,0.9847027003775692,0.3721582061659156
0.2525359256128487,0.7075192421551214,0.984715616889833,0.37221616570588867
0.25237793278376663,0.7069271758436945,0.9847178429637912,0.3719626168220422
0.25243128964059197,0.7069271758436945,0.984721233257474,0.3720205639503834
0.2524846690632269,0.7069271758436945,0.9847250623254906,0.372078529136415
0.25253807106598986,0.7069271758436945,0.9847299933143674,0.372136512388579
0.25237994499682675,0.7063351095322676,0.9847315496301878,0.3718827930170685
0.2524333474396953,0.7063351095322676,0.984738021702566,0.3719407638343743
0.2524867724867725,0.7063351095322676,0.9847446312795528,0.3719987527280186
0.25254022015241323,0.7063351095322676,0.9847476038650602,0.3720567597064575
0.25259369045098456,0.7063351095322676,0.984750702404154,0.37211478477815224
0.25264718339686576,0.7063351095322676,0.984753735383447,0.37217282795156953
0.2527006990044482,0.7063351095322676,0.984764843814085,0.3722308892351813
0.2527542372881356,0.7063351095322676,0.984765693994106,0.3722889686374649
0.25280779826234373,0.7063351095322676,0.9847716198059024,0.3723470661669027
0.25286138194150065,0.7063351095322676,0.9847822876900948,0.3724051818319826
0.25291498834004666,0.7063351095322676,0.9847823520146322,0.3724633156411978
0.25296861747243427,0.7063351095322676,0.9847930639236258,0.3725214676030465
0.2530222693531283,0.7063351095322676,0.9847974292828175,0.37257963772603264
0.25286380992787444,0.7057430432208407,0.984829041545776,0.37232547243440783
0.25291746233821344,0.7057430432208407,0.984829693770848,0.3723836301152004
0.2529711375212224,0.7057430432208407,0.9848314465980584,0.37244180596742904
0.2530248354914031,0.7057430432208407,0.9848327429500828,0.3724999999996115
0.25307855626326964,0.7057430432208407,0.9848372647631504,0.3725582122202709
0.2531322998513485,0.7057430432208407,0.9848481476060365,0.3726164426379359
0.2531860662701784,0.7057430432208407,0.9848611034869326,0.3726746912611402
0.2530274059910771,0.7051509769094139,0.9848632734993588,0.3724202626637764
0.2530811729706757,0.7051509769094139,0.984877839751012,0.37247849882682
0.25313496280552605,0.7051509769094139,0.984881690567766,0.37253675320574203
0.2531887755102041,0.7051509769094139,0.9848826904765504,0.3725950258090903
0.25302998086327877,0.7045589105979869,0.9848854344335032,0.3723404255315261
0.25308379413015736,0.7045589105979869,0.984887126468232,0.3723986856513088
0.25313763029142733,0.7045589105979869,0.984889767100946,0.3724569640058708
0.2531914893617021,0.7045589105979869,0.9848902130555836,0.37251526060377443
0.2530325601191743,0.7039668442865601,0.9849024173024084,0.3722604884153906
0.25308641975308643,0.7039668442865601,0.9849065894088048,0.37231877250626516
0.2531403023206302,0.7039668442865601,0.9849085980779204,0.372377074850848
0.2531942078364566,0.7039668442865601,0.9849150698989526,0.3724353954577158
0.25324813631522897,0.7039668442865601,0.9849174223862168,0.3724937343354504
0.25330208777162333,0.7039668442865601,0.9849238036956608,0.3725520914926392
0.25335606222032814,0.7039668442865601,0.9849280942953496,0.37261046693787464
0.25341005967604435,0.7039668442865601,0.9849394089351018,0.3726688606797549
0.25346408015348537,0.7039668442865601,0.984939641240956,0.37272727272688344
0.2535181236673774,0.7039668442865601,0.9849471612129403,0.37278570308786907
0.25357219023245897,0.7039668442865601,0.9849497288660748,0.3728441517713259
0.25362627986348124,0.7039668442865601,0.984959971208466,0.3729026187858737
0.253680392575208,0.7039668442865601,0.984974225233156,0.37296110414013756
0.2537345283824157,0.7039668442865601,0.9849837049965664,0.3730196078427478
0.2537886872998933,0.7039668442865601,0.9849860773336728,0.3730781299023403
0.2538428693424424,0.7039668442865601,0.9849972806760174,0.3731366703275565
0.253683536194747,0.7033747779751333,0.9850216265228172,0.3728813559318138
0.25373771892353697,0.7033747779751333,0.985023876809598,0.37293988384829974
0.25379192480239265,0.7033747779751333,0.985028001260014,0.3729984301408976
0.2536324786324786,0.7027827116637063,0.9850298678601476,0.37274297377885346
0.25347296430861294,0.7021906453522795,0.985037916102628,0.3724874371855399
0.2533133817870885,0.7015985790408525,0.9850379988912596,0.3722318203231535
0.25336754329698524,0.7015985790408525,0.9850382957471544,0.37229029217680143
0.2534217279726262,0.7015985790408525,0.9850428005081138,0.37234878240338076
0.253475935828877,0.7015985790408525,0.9850514937033183,0.3724072910115523
0.2535301668806162,0.7015985790408525,0.9850685845280388,0.37246581800998246
0.2535844211427349,0.7015985790408525,0.985069344176484,0.3725243634073434
0.253638698630137,0.7015985790408525,0.9850963842437516,0.3725829272123124
0.25369299935773926,0.7015985790408525,0.9850969205962068,0.3726415094335722
0.25374732334047106,0.7015985790408525,0.9851005563341146,0.3727001100798112
0.25358749196830155,0.7010065127294257,0.9851050692354376,0.37244416483131787
0.2536418166238218,0.7010065127294257,0.9851068730752248,0.3725027528704609
0.2536961645596743,0.7010065127294257,0.9851076618977924,0.37256135934511003
0.25375053579082724,0.7010065127294257,0.9851163001829176,0.3726199842639684
0.25359056806002145,0.7004144464179988,0.9851172706602728,0.372363865281322
0.25343053173241853,0.6998223801065719,0.9851215854380776,0.372107665669372
0.2534848809779112,0.6998223801065719,0.9851238944151184,0.372166246850995
0.25353925353925355,0.6998223801065719,0.9851247040197172,0.37222484648047877
0.2533791031967389,0.6992303137951451,0.9851330803503592,0.37196850393661746
0.2534334763948498,0.6992303137951451,0.9851342588362576,0.37202709088006314
0.253487872934106,0.6992303137951451,0.9851416257606986,0.3720856962819031
0.253327608415629,0.6986382474837182,0.9851581845420434,0.37182921065031055
0.25338200558299334,0.6986382474837182,0.9851654183452344,0.3718878033402964
0.2534364261168385,0.6986382474837182,0.9851661331232632,0.37194641449921534
0.2534908700322234,0.6986382474837182,0.98517754725431,0.372005044135801
0.25354533734422,0.6986382474837182,0.9851793033942466,0.3720636922587926
0.25359982806791315,0.6986382474837182,0.9851799018109282,0.37212235887693496
0.25365434221840066,0.6986382474837182,0.985189539455237,0.37218104399897833
0.2537088798107934,0.6986382474837182,0.9851954120385452,0.3722397476336785
0.2537634408602151,0.6986382474837182,0.9852136777632164,0.37229846978979686
0.25381802538180254,0.6986382474837182,0.9852191800370644,0.3723572104761001
0.2538726333907057,0.6986382474837182,0.9852213497475018,0.3724159697013607
0.2539272649020874,0.6986382474837182,0.9852215978799884,0.3724747474743565
0.2537666810159277,0.6980461811722913,0.9852304867942528,0.37221783741081654
0.25382131324004303,0.6980461811722913,0.9852518697022072,0.3722766024625075
0.25387596899224807,0.6980461811722913,0.985253305947269,0.3723353860725601
0.253930648287745,0.6980461811722913,0.9852577053382924,0.3723941882497667
0.25398535114174925,0.6980461811722913,0.985268393220299,0.3724530090029258
0.2538246067657832,0.6974541148608644,0.985270859981072,0.3721958925746482
0.2538793103448276,0.6974541148608644,0.985273211640348,0.3722547005842192
0.25393403750808363,0.6974541148608644,0.9852739255730572,0.3723135271803925
0.2539887882708064,0.6974541148608644,0.9852794924574052,0.372372372371981
0.25404356264826394,0.6974541148608644,0.985283357324664,0.37243123616780327
0.2540983606557377,0.6974541148608644,0.9852875262966232,0.3724901185766837
0.25415318230852213,0.6974541148608644,0.9852917394685674,0.3725490196074517
0.2542080276219249,0.6974541148608644,0.9852959600500004,0.37260793926894265
0.254262896611267,0.6974541148608644,0.9853008967124016,0.37266687756999756
0.25431778929188253,0.6974541148608644,0.985309667548071,0.3727258345194628
0.25415676959619954,0.6968620485494376,0.9853123913654014,0.3724683544299881
0.25421166306695464,0.6968620485494376,0.9853219374488158,0.37252729862280815
0.25426658025491466,0.6968620485494376,0.9853264574073816,0.3725862614747586
0.25432152117545376,0.6968620485494376,0.985336789168414,0.3726452429947008
0.2543764858439594,0.6968620485494376,0.9853368950786584,0.37270424319150186
0.25421530479896237,0.6962699822380106,0.9853376792741496,0.37244655581908553
0.25405405405405407,0.6956779159265838,0.9853430354293856,0.3721887868225413
0.2541089965397924,0.6956779159265838,0.9853432596850408,0.3722477427526574
0.25416396279472203,0.6956779159265838,0.9853465078037296,0.37230671736335963
0.2542189528342709,0.6956779159265838,0.9853541007180816,0.37236571066352814
0.25427396667388014,0.6956779159265838,0.9853674284760396,0.3724247226620485
0.25432900432900435,0.6956779159265838,0.985383522753227,0.37248375336781214
0.25438406581511147,0.6956779159265838,0.9853851760719678,0.37254280278971563
0.254439151147683,0.6956779159265838,0.9853856708196636,0.37260187093666197
0.25449426034221356,0.6956779159265838,0.9853874965580398,0.3726609578175589
0.25454939341421146,0.6956779159265838,0.9853899226103529,0.37272006344132075
0.25460455037919827,0.6956779159265838,0.9853934154522004,0.3727791878168666
0.25444299956653665,0.6950858496151568,0.9853980152596388,0.3725210217352891
0.2544981573813137,0.6950858496151568,0.9854079016347828,0.3725801332906264
0.2545533391153513,0.6950858496151568,0.9854128278106344,0.3726392636085586
0.2546085447842117,0.6950858496151568,0.9854143113207928,0.3726984126980203
0.2546637744034707,0.6950858496151568,0.985416511099861,0.37275758056795166
0.2547190279887177,0.6950858496151568,0.9854169544571691,0.37281676722729884
0.2547743055555556,0.6950858496151568,0.985435421823682,0.3728759726850132
0.25461254612546125,0.69449378330373,0.9854391115556668,0.3726175349424282
0.25466782457663917,0.69449378330373,0.9854408662649508,0.37267672756116416
0.25450597176981543,0.6939017169923032,0.9854426564461702,0.372418176040281
0.2545612510860122,0.6939017169923032,0.985448231090081,0.37247735579175734
0.25461655442102976,0.6939017169923032,0.9854526142909424,0.3725365543543434
0.25467188179052586,0.6939017169923032,0.9854530995047244,0.37259577173700986
0.2547272332101717,0.6939017169923032,0.9854563492598352,0.3726550079487328
0.25478260869565217,0.6939017169923032,0.9854576798016628,0.37271426299849403
0.2548380082626658,0.6939017169923032,0.9854596049423392,0.37277353689528137
0.25467594606350585,0.6933096506808762,0.9854767304507546,0.3725147128992412
0.2545138133565369,0.6927175843694494,0.9854851315469096,0.3722558065538546
0.2545691906005222,0.6927175843694494,0.9854910912830306,0.37231503579912967
0.2546245919477693,0.6927175843694494,0.9854930558294333,0.3723742838952149
0.2546800174140183,0.6927175843694494,0.9854933935801056,0.3724335508511109
0.25473546701502287,0.6927175843694494,0.9855007197069472,0.3724928366758246
0.2545731707317073,0.6921255180580225,0.9855272036755004,0.3722337207447111
0.25441080374646047,0.6915334517465956,0.985529854688234,0.3719745222926004
0.2544662309368192,0.6915334517465956,0.9855299216855444,0.3720337633377179
0.25452168228372196,0.6915334517465956,0.985533722891668,0.37209302325542065
0.25457715780296425,0.6915334517465956,0.9855362642311334,0.37215230205472855
0.2544146500981033,0.6909413854351687,0.9855465632326272,0.37189292542981695
0.2544701264718709,0.6909413854351687,0.9855496010451086,0.37195219123466633
0.254525627044711,0.6909413854351687,0.9855549596202956,0.37201147593202605
0.2545811518324607,0.6909413854351687,0.9855632496694218,0.3720707795309312
0.25463670085097095,0.6909413854351687,0.9855633809260056,0.3721301020404228
0.2546922741161065,0.6909413854351687,0.9855641753076698,0.3721894434695474
0.2547478716437459,0.6909413854351687,0.9855766800552684,0.3722488038273576
0.25480349344978165,0.6909413854351687,0.985577585817748,0.37230818312291153
0.25485913955012013,0.6909413854351687,0.9855881428615304,0.3723675813652732
0.2549148099606815,0.6909413854351687,0.985591683848048,0.3724269985635124
0.2547520209744374,0.6903493191237419,0.9855917494367484,0.37216725183490784
0.2548076923076923,0.6903493191237419,0.9855926381160492,0.3722266560251449
0.25486338797814206,0.6903493191237419,0.985595287196779,0.37228607918223705
0.254919108001749,0.6903493191237419,0.9855959468363014,0.3723455213152695
0.2549748523944894,0.6903493191237419,0.9856033557790214,0.37240498243333336
0.2550306211723535,0.6903493191237419,0.9856048937434272,0.3724644625455252
0.25508641435134544,0.6903493191237419,0.9856100944018852,0.3725239616609478
0.2549234135667396,0.6897572528123149,0.9856131532231028,0.37226393992611173
0.25476034143138543,0.6891651865008881,0.9856179726889296,0.3720038350906893
0.2548161120840631,0.6891651865008881,0.9856195060480442,0.3720632891157958
0.2548719071600613,0.6891651865008881,0.9856324768604858,0.3721227621479434
0.25492772667542707,0.6891651865008881,0.9856327606532682,0.37218225419624845
0.25498357064622124,0.6891651865008881,0.9856354193305504,0.37224176526983277
0.25503943908851884,0.6891651865008881,0.9856425418574573,0.37230129537782414
0.25509533201840895,0.6891651865008881,0.9856441007488606,0.3723608445293562
0.2549320473476545,0.6885731201894613,0.9856448334216166,0.37210046392537743
0.2547686910765183,0.6879810538780343,0.9856474703585674,0.3718399999996056
0.2548245614035088,0.6879810538780343,0.9856503746471889,0.37189950392023285
0.2548804562404036,0.6879810538780343,0.985652008348202,0.3719590268882099
0.25471698113207547,0.6873889875666075,0.985662618207017,0.37169841523892033
0.25477287689269257,0.6873889875666075,0.9856684659175778,0.37175792507165156
0.254828797190518,0.6873889875666075,0.9856811813479648,0.37181745396277593
0.2548847420417124,0.6873889875666075,0.985683036851936,0.37187700192145035
0.2547211242863417,0.6867969212551805,0.9856919096749096,0.37161621015497937
0.2545574346584669,0.6862048549437537,0.9856946058251552,0.37135533482818583
0.25461335676625657,0.6862048549437537,0.9856972809866732,0.371414837365412
0.2546693034497913,0.6862048549437537,0.9857032560391557,0.3714743589739642
0.25472527472527473,0.6862048549437537,0.985706869486491,0.37153389966301276
0.254781270608925,0.6862048549437537,0.9857136192793324,0.37159345944173394
0.2548372911169745,0.6862048549437537,0.9857162284000996,0.37165303831931007
0.2548933362656697,0.6862048549437537,0.9857166967006036,0.37171263630492896
0.2549494060712714,0.6862048549437537,0.9857180438018788,0.3717722534077846
0.255005500550055,0.6862048549437537,0.9857433625188776,0.37183188963707686
0.2550616197183099,0.6862048549437537,0.9857441188943356,0.37189154500201144
0.25511776359233984,0.6862048549437537,0.9857459004358944,0.37195121951179994
0.25517393218846324,0.6862048549437537,0.985750024624462,0.37201091317566
0.25523012552301255,0.6862048549437537,0.985753594235039,0.37207062600281504
0.2550660792951542,0.6856127886323268,0.985756560951047,0.371809279177643
0.25512227362855255,0.6856127886323268,0.985761797095202,0.37186897880499975
0.25495813133539,0.6850207223208999,0.9857631028879824,0.37160751565722466
0.25501432664756446,0.6850207223208999,0.9857651270636713,0.3716672020554993
0.2550705467372134,0.6850207223208999,0.9857654923729902,0.37172690763012667
0.25490628445424474,0.6844286560094731,0.985772473402328,0.3714652956294246
0.25474194971327746,0.6838365896980462,0.9858085660713752,0.37120359954966076
0.25479814692256786,0.6838365896980462,0.9858091509360531,0.371263259401726
0.2546337157987643,0.6832445233866193,0.9858095830921858,0.3710014467123515
0.2546899139262856,0.6832445233866193,0.9858202693650158,0.37106109324719283
0.2545253863134658,0.6826524570751924,0.9858211528195132,0.37079916385231376
0.25458158533892694,0.6826524570751924,0.9858287900847758,0.3708587970404535
0.25463780918727913,0.6826524570751924,0.985840724656604,0.37091844941250435
0.2546940578749724,0.6826524570751924,0.9858441881251618,0.37097812097772526
0.2545293857711003,0.6820603907637656,0.9858461289338388,0.3707160096536669
0.25458563535911605,0.6820603907637656,0.9858479666225451,0.37077566784640176
0.2546419098143236,0.6820603907637656,0.985848133433519,0.3708353452434477
0.2546982091532169,0.6820603907637656,0.9858498721927332,0.3708950418540793
0.2547545333923043,0.6820603907637656,0.9858561265429404,0.370954757687577
0.2545896925458969,0.6814683244523386,0.9858561551688454,0.3706924315616008
0.25464601769911505,0.6814683244523386,0.9858747465140092,0.3707521339986376
0.2547023677804824,0.6814683244523386,0.9858779350185932,0.370811855669707
0.2547587428065516,0.6814683244523386,0.9858790987953608,0.37087159658410523
0.2545937569183086,0.6808762581409118,0.9858819245848514,0.3706090879789787
0.2546501328609389,0.6808762581409118,0.9858831079886166,0.37066881547099784
0.25448504983388703,0.6802841918294849,0.985884945673448,0.3704061895547295
0.25431989366415597,0.679692125518058,0.9858928720693448,0.37014347896139643
0.25415466430312433,0.6791000592066312,0.9858961047446476,0.36988068365003907
0.2542109929078014,0.6791000592066312,0.985899998346674,0.3699403322040868
0.2542673464863667,0.6791000592066312,0.9859091876293844,0.3699999999996036
0.2543237250554324,0.6791000592066312,0.985910646609375,0.3700596870459013
0.2543801286316256,0.6791000592066312,0.9859115669373466,0.37011939335229793
0.2544365572315883,0.6791000592066312,0.985912685370046,0.3701791189281173
0.2542711337918793,0.6785079928952042,0.9859127652903612,0.36991607488662737
0.25432756324900135,0.6785079928952042,0.9859162127465976,0.3699757869245429
0.2543840177580466,0.6785079928952042,0.985917504981086,0.37003551824306474
0.2544404973357016,0.6785079928952042,0.9859237589971794,0.37009526885153293
0.25449700199866754,0.6785079928952042,0.9859245469508466,0.3701550387592932
0.2543314082629942,0.6779159265837774,0.9859282321016176,0.3698917783875858
0.25438791379693404,0.6779159265837774,0.9859374614253498,0.36995153473304426
0.25422222222222224,0.6773238602723505,0.9859376333938952,0.3696881564061309
0.254278728606357,0.6773238602723505,0.9859379008472856,0.36974789915926703
0.25411293908403737,0.6767317939609236,0.985938369961509,0.36948440277962574
0.2541694462975317,0.6767317939609236,0.985943855815655,0.3695441319103693
0.2542259786476868,0.6767317939609236,0.9859457957163036,0.36960388035530223
0.2542825361512792,0.6767317939609236,0.9859531592510252,0.36966364812379443
0.25433911882510013,0.6767317939609236,0.985953745146448,0.36972343522522155
0.2541731582461607,0.6761397276494967,0.9859623247186312,0.3694597217724919
0.25422974176313445,0.6761397276494967,0.9859630356721504,0.3695194952269123
0.25428635047873527,0.6761397276494967,0.9859734149030336,0.3695792880254928
0.25412026726057907,0.6755476613380699,0.9859737162778168,0.36931542320724153
0.25395411004678103,0.6749555950266429,0.9859810618654048,0.36905147296820096
0.2540106951871658,0.6749555950266429,0.9859902660824412,0.36911121903797084
0.25406730554936485,0.6749555950266429,0.9859947134606136,0.3691709844555612
0.2541239411502452,0.6749555950266429,0.9860014245401572,0.36923076923037185
0.25395763656633225,0.6743635287152161,0.9860069021333862,0.36896663427235926
0.254014272970562,0.6743635287152161,0.9860078539509152,0.36902640531306435
0.25407093464198083,0.6743635287152161,0.9860089055230687,0.36908619572222073
0.25412762159750113,0.6743635287152161,0.9860100355556616,0.3691460055092443
0.2541843338540504,0.6743635287152161,0.9860107313809396,0.369205834683557
0.25424107142857144,0.6743635287152161,0.986012677870196,0.369265683254587
0.2542978343380219,0.6743635287152161,0.9860127356793432,0.36932555123176836
0.25435462259937475,0.6743635287152161,0.9860131140350514,0.36938543862454154
0.25441143622961804,0.6743635287152161,0.9860135539417536,0.36944534544235275
0.25446827524575516,0.6743635287152161,0.986016554865591,0.3695052716946549
0.25452513966480445,0.6743635287152161,0.9860231634886056,0.3695652173909064
0.2545820295037997,0.6743635287152161,0.9860347739192816,0.3696251825405724
0.2546389447797899,0.6743635287152161,0.9860385332015796,0.3696851671531237
0.254695885509839,0.6743635287152161,0.9860426219702928,0.36974517123803735
0.25475285171102663,0.6743635287152161,0.986042643801625,0.3698051948047968
0.254586129753915,0.6737714624037893,0.9860434760586088,0.36954050982262515
0.25441933318415755,0.6731793960923623,0.9860476977757988,0.36927573887586046
0.25425246195165624,0.6725873297809355,0.9860536605343684,0.36901088192261633
0.2543093798970226,0.6725873297809355,0.9860687724515996,0.36907082521077794
0.2541424093148231,0.6719952634695086,0.986075018744285,0.36880584890293244
0.2541993281075028,0.6719952634695086,0.9860798286785812,0.36886577835514284
0.25425627240143367,0.6719952634695086,0.986080702119682,0.3689257272871037
0.25431324221375756,0.6719952634695086,0.986081338408259,0.3689856957083143
0.2543702375616316,0.6719952634695086,0.9860878190775856,0.3690456836282799
0.2544272584622282,0.6719952634695086,0.9860940170029482,0.36910569105651214
0.25448430493273544,0.6719952634695086,0.9861060291508076,0.36916571800252884
0.2543171114599686,0.6714031971580817,0.9861147122411846,0.3689004554322625
0.2543741588156124,0.6714031971580817,0.9861161292152856,0.3689604685208313
0.2542068656046668,0.6708111308466548,0.986124254694146,0.36869508623455094
0.25426391382405744,0.6708111308466548,0.9861257142480836,0.36875508543491464
0.25409652076318745,0.670219064535228,0.9861295178469772,0.36848958333293474
0.25392905253704534,0.6696269982238011,0.9861402788960149,0.3682239947904201
0.25398607680215585,0.6696269982238011,0.986144625022936,0.36828394659680086
0.25404312668463613,0.6696269982238011,0.9861448689256976,0.36834391792827736
0.2541002022017524,0.6696269982238011,0.9861529899510288,0.36840390879438945
0.2541573033707865,0.6696269982238011,0.9861532154184228,0.3684639192046834
0.2542144302090357,0.6696269982238011,0.986157104351946,0.3685239491687115
0.25404676258992803,0.6690349319123742,0.986173990021676,0.36825810656632746
0.2541038902630987,0.6690349319123742,0.9861753067436224,0.36831812255501173
0.253936122357175,0.6684428656009473,0.9861775631766304,0.36805215973880234
0.25399325084364455,0.6684428656009473,0.986177581741016,0.36811216172115296
0.254050405040504,0.6684428656009473,0.9861825585236396,0.3681721832704308
0.25410758496511365,0.6684428656009473,0.9861833430304054,0.36823222439620884
0.25416479063484915,0.6684428656009473,0.9861948410525748,0.36829228510806594
0.2539968475568566,0.6678507992895204,0.9861983025968256,0.36802610114152573
0.25382882882882885,0.6672587329780936,0.9861998247466957,0.36775983031449716
0.25366073439963954,0.6666666666666666,0.9862158954701604,0.3674934725844571
0.2537178909418657,0.6666666666666666,0.9862172130858852,0.367553451933663
0.2537750732476899,0.6666666666666666,0.9862302261706246,0.3676134508647655
0.2538322813345356,0.6666666666666666,0.9862364893415212,0.3676734693873557
0.25388951521984215,0.6666666666666666,0.9862381361342084,0.36773350751103095
0.2539467749210645,0.6666666666666666,0.9862480319392724,0.367793565245395
0.25400406045567336,0.6666666666666666,0.9862499886929148,0.3678536426000579
0.25383574007220217,0.6660746003552398,0.9862550635869738,0.36758699558855645
0.25389302640487477,0.6660746003552398,0.986261336104723,0.3676470588231298
0.25395033860045146,0.6660746003552398,0.9862613472635336,0.3677071416894189
0.2540076766764507,0.6660746003552398,0.986262418751799,0.3677672441970504
0.2540650406504065,0.6660746003552398,0.9862753059474872,0.36782736635565716
0.254122430539869,0.6660746003552398,0.9862831892148552,0.36788750817487814
0.25395390872119294,0.6654825340438129,0.9862877151107936,0.3676206050691014
0.25401129943502826,0.6654825340438129,0.9862894373533946,0.3676807327441209
0.25406871609403253,0.6654825340438129,0.9862962347949712,0.36774088009120814
0.25412615871580374,0.6654825340438129,0.9863072440435964,0.36780104712001893
0.2539574853007689,0.664890467732386,0.986314472860337,0.36753395516242116
0.25401492874915177,0.664890467732386,0.9863150137261104,0.3675941080192399
0.25407239819004523,0.664890467732386,0.9863162737696756,0.36765428056925126
0.2541298936410953,0.664890467732386,0.9863282197867014,0.3677144728221277
0.2541874151199638,0.664890467732386,0.9863285555472748,0.36777468478754816
0.2542449626443287,0.664890467732386,0.986350904921633,0.36783491647519756
0.25407608695652173,0.6642984014209592,0.986351238228115,0.36756756756716735
0.25390713476783694,0.6637063351095323,0.9863616009199538,0.3673001310611987
0.25373810602628,0.6631142687981054,0.986362270058297,0.36703260691423184
0.25356900067980964,0.6625222024866785,0.9863632248843066,0.36676499508317884
0.25339981867633726,0.6619301361752516,0.9863634356245152,0.3664972955249233
0.25345726592609386,0.6619301361752516,0.9863653625817832,0.3665573770487799
0.2532879818594104,0.6613380698638247,0.986375415394479,0.3662895556644626
0.2533454298026763,0.6613380698638247,0.9863758889906074,0.3663496228267559
0.25340290381125224,0.6613380698638247,0.9863783098276212,0.3664097096928912
0.25346040390288177,0.6613380698638247,0.9863862896084226,0.36646981627256525
0.25329096686336816,0.6607460035523979,0.9863946012248496,0.3662018047575978
0.25312145289443816,0.6601539372409709,0.9863971895293486,0.3659337052834851
0.2529518619436876,0.6595618709295441,0.9864035384346272,0.3656655178069192
0.25300931183284125,0.6595618709295441,0.9864064126379188,0.3657255416936242
0.25283961835529306,0.6589698046181173,0.986421765711848,0.3654572319812114
0.25289706884798907,0.6589698046181173,0.9864218070090696,0.36551724137890945
0.25295454545454543,0.6589698046181173,0.9864228542371252,0.36557727048736394
0.2527847238008638,0.6583777383066903,0.9864261566791848,0.3653088042045925
0.25284220100045474,0.6583777383066903,0.9864314449682292,0.3653688187937505
0.25267227655219465,0.6577856719952635,0.9864415220363096,0.36510023003574754
0.25272975432211103,0.6577856719952635,0.9864423421786436,0.36516023007355136
0.25278725824800913,0.6577856719952635,0.98644342034702,0.36522024983523343
0.25284478834774693,0.6577856719952635,0.9864489382125888,0.36528028933052115
0.25290234463919875,0.6577856719952635,0.986449141889516,0.3653403485691484
0.252959927140255,0.6577856719952635,0.9864671477806524,0.36540042756085517
0.2530175358688226,0.6577856719952635,0.9864709902571276,0.3654605263153882
0.2528473804100228,0.6571936056838366,0.9864716599314958,0.36519164336199383
0.252904989747095,0.6571936056838366,0.9864796455335114,0.36525172754155333
0.2527347310847767,0.6566015393724097,0.9864845890910234,0.3649827217372982
0.25279234100752224,0.6566015393724097,0.9864906096690552,0.365042791309671
0.25262197902416783,0.6560094730609828,0.9864922506665608,0.3647736625510389
0.25267958950969216,0.6560094730609828,0.986495529487879,0.3648337174839581
0.25250912408759124,0.655417406749556,0.9864960729927978,0.36456446566730805
0.25256673511293637,0.655417406749556,0.9864984204822778,0.36462450592845225
0.25262437243267916,0.655417406749556,0.98650043564115,0.364684565968961
0.25268203606482537,0.655417406749556,0.9865022412787594,0.3647446457986099
0.25273972602739725,0.655417406749556,0.9865082900690868,0.3648047454271811
0.25279744233843343,0.655417406749556,0.986511382904674,0.3648648648644631
0.252855185015989,0.655417406749556,0.98651664770448,0.3649250041202509
0.2526844870916153,0.6548253404381291,0.986525902709108,0.36465545664318544
0.25274223034734916,0.6548253404381291,0.9865286916201672,0.3647155812032255
0.2528,0.6548253404381291,0.9865297141398656,0.3647757255932657
0.2528577960676726,0.6548253404381291,0.9865413916262632,0.36483588982311776
0.25291561856848843,0.6548253404381291,0.986549856622036,0.36489607390260037
0.2529734675205855,0.6548253404381291,0.9865532471207084,0.3649562778415382
0.2530313429421185,0.6548253404381291,0.9865597450043362,0.3650165016497629
0.25308924485125855,0.6548253404381291,0.9865599277102376,0.36507674533711226
0.2531471732661936,0.6548253404381291,0.986562178468225,0.3651370089134308
0.25297619047619047,0.6542332741267022,0.9865623566343408,0.3648670959216715
0.2530341195328601,0.6542332741267022,0.986563836394332,0.3649273447816321
0.2530920751259734,0.6542332741267022,0.9865663475026571,0.3649876135421246
0.2531500572737686,0.6542332741267022,0.986566360601468,0.36504790221301026
0.25320806599450046,0.6542332741267022,0.9865679477120296,0.36510821080415734
0.2532661013064405,0.6542332741267022,0.9865683114155386,0.36516853932544036
0.2533241632278771,0.6542332741267022,0.986570880019792,0.3652288877867402
0.2531529465718872,0.6536412078152753,0.9865893082551398,0.36495867768554796
0.25321100917431194,0.6536412078152753,0.9865906487058304,0.36501901140644166
0.25326909841706813,0.6536412078152753,0.9865913394969424,0.36507936507896255
0.2533272143184947,0.6536412078152753,0.9865925955914668,0.365139738713009
0.25338535689694747,0.6536412078152753,0.986594135353009,0.3652001323184859
0.2532139577594123,0.6530491415038484,0.9866007812473436,0.36492969396154934
0.25327210103329506,0.6530491415038484,0.9866089138037468,0.36499007279906787
0.2533302710151585,0.6530491415038484,0.9866092801440598,0.36505047161965354
0.2533884677234091,0.6530491415038484,0.9866097926469226,0.3651108904332284
0.25344669117647056,0.6530491415038484,0.9866133565580004,0.3651713292497213
0.2535049413927833,0.6530491415038484,0.9866138047983052,0.36523178807906737
0.25333333333333335,0.6524570751924216,0.9866256607760536,0.36496108627215884
0.2533915842722465,0.6524570751924216,0.9866260054026632,0.3650215303076461
0.25321987120515177,0.6518650088809946,0.9866281869398772,0.364750703991646
0.25304807913503563,0.6512729425695678,0.9866320356830368,0.3644797879386294
0.25310630464795214,0.6512729425695678,0.9866339301027044,0.36454018226968804
0.25316455696202533,0.6512729425695678,0.9866356313762435,0.36460059661875505
0.2529926335174954,0.6506808762581409,0.9866359536755596,0.3643295209676061
0.2528206309002993,0.650088809946714,0.9866386956517752,0.36405835543726256
0.2526485490557347,0.6494967436352872,0.9866430080387968,0.36378709998301584
0.25270674959686706,0.6494967436352872,0.9866444652683316,0.363847429518668
0.25276497695852534,0.6494967436352872,0.986645657900709,0.3639077790674355
0.2525927633095183,0.6489046773238603,0.986651522608617,0.36363636363596025
0.25265099124020285,0.6489046773238603,0.9866538221148864,0.36369669819106826
0.25270924602259626,0.6489046773238603,0.9866542347819512,0.3637570527709208
0.25276752767527677,0.6489046773238603,0.9866577608766888,0.36381742738548867
0.2528258362168397,0.6489046773238603,0.9866615694431856,0.3638778220447492
0.25288417166589755,0.6489046773238603,0.9866676296129072,0.3639382367586866
0.2529425340410801,0.6489046773238603,0.9866712110924688,0.36399867153729154
0.2530009233610342,0.6489046773238603,0.9866846028693874,0.36405912639056137
0.2528284460863542,0.6483126110124334,0.9866877114545096,0.36378737541487866
0.2528868360277136,0.6483126110124334,0.9866996859971388,0.3638478152512992
0.25294525294525294,0.6483126110124334,0.9867056637684436,0.3639082751740728
0.253003696857671,0.6483126110124334,0.9867118625002492,0.3639687551932143
0.25306216778368384,0.6483126110124334,0.9867166367831768,0.3640292553187451
0.2528895053166898,0.6477205447010065,0.9867276481514428,0.3637572734825554
0.2529479768786127,0.6477205447010065,0.986730364645046,0.36381775856294823
0.2530064754856614,0.6477205447010065,0.9867304455973508,0.36387826376144533
0.2530650011566042,0.6477205447010065,0.9867339643247528,0.3639387890880857
0.25312355391022673,0.6477205447010065,0.986739207302342,0.36399933455291483
0.2531821337653321,0.6477205447010065,0.9867444255749924,0.3640599001659853
0.25324074074074077,0.6477205447010065,0.9867459589016596,0.3641204859373559
0.25306783977772634,0.6471284783895797,0.986752026858764,0.36384820239640003
0.25312644742936546,0.6471284783895797,0.9867719570753796,0.3639087730976481
0.2529534398888117,0.6465364120781527,0.986774366513468,0.3636363636359594
0.25278035217794254,0.6459443457667259,0.9867777570120992,0.3633638634467231
0.2526071842410197,0.6453522794552989,0.9867802680451844,0.3630912724846056
0.2524339360222531,0.6447602131438721,0.9867808470699184,0.36281859070424327
0.2522606074658011,0.6441681468324453,0.9867822374781312,0.36254581806024205
0.2523191094619666,0.6441681468324453,0.986798301395831,0.3626062322942131
0.252377638598933,0.6441681468324453,0.9868011637736448,0.3626666666662621
0.25220417633410674,0.6435760805210183,0.9868154615196224,0.36239373228831023
0.25203063355766997,0.6429840142095915,0.9868263952790186,0.3621207069018962
0.2520891364902507,0.6429840142095915,0.9868348257455556,0.3621810905448681
0.2521476665892733,0.6429840142095915,0.9868557578194012,0.3622414943291484
0.25220622387366465,0.6429840142095915,0.9868624428270864,0.3623019182648163
0.25203252032520324,0.6423919478981646,0.986871846712374,0.3620286953616239
0.25185873605947956,0.6417998815867377,0.9868719832533503,0.36175538127775303
0.2519172670230072,0.6417998815867377,0.9868895865199784,0.36181575433871405
0.2519758251975825,0.6417998815867377,0.9868903301263708,0.36187614755426045
0.25203441060218557,0.6417998815867377,0.9869002778058432,0.3619365609344866
0.25209302325581395,0.6417998815867377,0.986909566903824,0.36199699448949324
0.2521516631774831,0.6417998815867377,0.98691391596575,0.36205744822938796
0.2519776640297813,0.6412078152753108,0.986917842342655,0.36178386504051696
0.2520363043984175,0.6412078152753108,0.9869215956742728,0.36184430337413553
0.25186219739292365,0.640615748963884,0.9869266254185972,0.3615705931491354
0.2516880093131548,0.6400236826524571,0.9869278917130242,0.36129679144344506
0.251746623195156,0.6400236826524571,0.9869286753766736,0.36135717867250133
0.25180526438388073,0.6400236826524571,0.9869320612787268,0.3614175860912029
0.25186393289841563,0.6400236826524571,0.9869333615672352,0.36147801370967664
0.251689582847821,0.6394316163410302,0.9869409310040924,0.36120401337752106
0.2517482517482518,0.6394316163410302,0.986952014225818,0.3612644254888069
0.2518069480065283,0.6394316163410302,0.986954890087088,0.3613248578115718
0.251865671641791,0.6394316163410302,0.9869551363714786,0.3613853103559606
0.25192442267319803,0.6394316163410302,0.9869567590889236,0.3614457831321246
0.25198320111992534,0.6394316163410302,0.9869591896675408,0.3615062761502221
0.25204200700116686,0.6394316163410302,0.9869604054078972,0.361566789420418
0.25210084033613445,0.6394316163410302,0.9869607126585884,0.3616273229528842
0.2521597011440579,0.6394316163410302,0.9869625351222258,0.3616878767577993
0.25221858944418496,0.6394316163410302,0.9869885162483938,0.3617484508453488
0.25227750525578135,0.6394316163410302,0.9869888768691196,0.3618090452257249
0.2523364485981308,0.6394316163410302,0.9869897216064124,0.36186965990912673
0.2523954194905352,0.6394316163410302,0.9869946165958704,0.3619302949057604
0.25222066386161757,0.6388395500296034,0.986996217463424,0.36165577342007343
0.25227963525835867,0.6388395500296034,0.9869986057613952,0.3617163928926547
0.2523386342376052,0.6388395500296034,0.987009987821906,0.36177703269028977
0.25239766081871345,0.6388395500296034,0.9870109103318464,0.36183769282320233
0.25245671502105754,0.6388395500296034,0.987011642089176,0.36189837330162317
0.2522817692487714,0.6382474837181764,0.9870207884981036,0.36162361623575634
0.25234082397003743,0.6382474837181764,0.9870237106943957,0.3616842811604729
0.2523999063451182,0.6382474837181764,0.9870252047119896,0.3617449664425469
0.2522248243559719,0.6376554174067496,0.9870260642974232,0.3614700453092095
0.2522839072382291,0.6376554174067496,0.987035393119876,0.36153071500462897
0.25234301780693535,0.6376554174067496,0.9870362474900798,0.3615914050692597
0.25216779939067263,0.6370633510953226,0.9870404597202886,0.3613163196772297
0.25222691045475853,0.6370633510953226,0.9870523593129704,0.36137699412217966
0.25205158264947247,0.6364712847838958,0.9870525933869668,0.36110178031534773
0.2518761726078799,0.6358792184724689,0.987053022151926,0.36082647404629264
0.25193525686136525,0.6358792184724689,0.9870553875440112,0.36088709677378705
0.25199436884091975,0.6358792184724689,0.9870555112363872,0.3609477398752446
0.2518188218727998,0.635287152161042,0.9870698974167892,0.3606722689071564
0.2518779342723005,0.635287152161042,0.9870770640505462,0.36073289628468336
0.2519370744306175,0.635287152161042,0.9870823665946884,0.360793544048013
0.25176139032409584,0.6346950858496152,0.9870857496588916,0.36051790818859625
0.2518205308902983,0.6346950858496152,0.987088689035884,0.36057854019468244
0.2518796992481203,0.6346950858496152,0.9870935166370638,0.36063919259841576
0.2519388954171563,0.6346950858496152,0.987095192505929,0.36069986541009125
0.2519981194170193,0.6346950858496152,0.9871015711340344,0.36076055864001044
0.2520573712673407,0.6346950858496152,0.987102270661252,0.3608212722984824
0.2521166509877705,0.6346950858496152,0.987108365817084,0.3608820063958227
0.2521759585979769,0.6346950858496152,0.987109312016918,0.360942760942354
0.25223529411764706,0.6346950858496152,0.9871158144022608,0.3610035359484059
0.2522946575664862,0.6346950858496152,0.9871178242093726,0.3610643314243151
0.2523540489642185,0.6346950858496152,0.9871181844916336,0.361125147380425
0.2524134683305863,0.6346950858496152,0.9871277283107428,0.36118598382708617
0.2522373999057937,0.6341030195381883,0.9871354101647414,0.3609098567813957
0.25229681978798585,0.6341030195381883,0.9871366195414192,0.36097067745156447
0.25235626767200753,0.6341030195381883,0.9871379771292133,0.3610315186242346
0.25241574357765734,0.6341030195381883,0.9871425377928332,0.3610923803097748
0.2524752475247525,0.6341030195381883,0.9871431016124323,0.3611532625185608
0.25229898608818674,0.6335109532267614,0.9871474104439136,0.36087689713281357
0.252122641509434,0.6329188869153345,0.9871485151281838,0.36060043852210905
0.25218211842415666,0.6329188869153345,0.9871533484075043,0.36066126855559794
0.2522416234072676,0.6329188869153345,0.9871726584412236,0.3607221191155027
0.2520651404295492,0.6323268206039077,0.9871736422691224,0.36044549443091206
0.2521246458923513,0.6323268206039077,0.9871755969193436,0.3605063291135165
0.25218417945690674,0.6323268206039077,0.9871786073076,0.36056718433450125
0.2522437411431271,0.6323268206039077,0.9871898538315484,0.36062806010426907
0.2523033309709426,0.6323268206039077,0.98719262996627,0.3606889564332296
0.2523629489603025,0.6323268206039077,0.9871982508240064,0.36074987333179964
0.2521862443866698,0.6317347542924807,0.9872001379521986,0.3604729729725652
0.25224586288416073,0.6317347542924807,0.9872034941749352,0.360533873964789
0.2523055095767321,0.6317347542924807,0.9872043062774196,0.36059479553862556
0.25236518448438977,0.6317347542924807,0.987213211627152,0.36065573770451015
0.25242488762715876,0.6317347542924807,0.9872156963383276,0.3607167004728848
0.25248461902508285,0.6317347542924807,0.9872223903517988,0.3607776838541989
0.2525443786982248,0.6317347542924807,0.98722451181896,0.36083868785890877
0.2526041666666667,0.6317347542924807,0.987224586933813,0.36089971249747793
0.2526639829505091,0.6317347542924807,0.9872349843707452,0.3609607577803768
0.2527238275698721,0.6317347542924807,0.9872353081579204,0.3610218237180828
0.2527837005448946,0.6317347542924807,0.9872401109996508,0.36108291032108075
0.25284360189573457,0.6317347542924807,0.987246443310078,0.3611440175998625
0.25290353164256935,0.6317347542924807,0.9872519237084728,0.36120514556492683
0.2529634898055951,0.6317347542924807,0.9872548646662918,0.36126629422677975
0.25302347640502726,0.6317347542924807,0.9872581169826412,0.3613274635959343
0.2530834914611006,0.6317347542924807,0.9872626834695276,0.3613886536829108
0.25290628706998813,0.6311426879810539,0.9872728517475544,0.36111111111070265
0.25272899857617465,0.6305506216696269,0.9872787026928582,0.3608334745040807
0.25255162591977215,0.6299585553582001,0.9872788233219876,0.3605557438152472
0.2526115859449193,0.6299585553582001,0.9872866153222636,0.3606168446022011
0.25267157444787464,0.6299585553582001,0.9872881394315104,0.3606779661012863
0.2524940617577197,0.6293664890467733,0.987290173599572,0.3604000678076944
0.25255405084343074,0.6293664890467733,0.9872972849381548,0.36046117327866894
0.25261406844106465,0.6293664890467733,0.9873057931164332,0.3605222994739003
0.2526741145709532,0.6293664890467733,0.987307180341316,0.3605834464039332
0.2527341892534475,0.6293664890467733,0.9873082810922796,0.3606446140793198
0.25279429250891794,0.6293664890467733,0.9873094710654936,0.3607058025106193
0.2528544243577545,0.6293664890467733,0.9873137370670986,0.36076701170839814
0.25267665952890794,0.6287744227353463,0.987315548860804,0.36048879837026315
0.2527367920038077,0.6287744227353463,0.9873200545701306,0.3605499915120676
0.2527969531064032,0.6287744227353463,0.9873241525161398,0.3606112054325281
0.25285714285714284,0.6287744227353463,0.9873248180906812,0.36067244014222977
0.2526792093355561,0.6281823564239195,0.9873251998528668,0.36039402173872137
0.2527393997141496,0.6281823564239195,0.9873292532544438,0.36045524035970633
0.25256135334762925,0.6275902901124926,0.9873296389759952,0.3601766904515106
0.2526215443279314,0.6275902901124926,0.9873301754728864,0.3602378929477641
0.2524433849821216,0.6269982238010657,0.987340977645076,0.3599592114203929
0.25226514067715783,0.6264061574896388,0.9873437411235289,0.35968043515172393
0.2523253040782256,0.6264061574896388,0.987348753620088,0.3597415844946603
0.2523854961832061,0.6264061574896388,0.9873503890739452,0.3598027546331563
0.2524457170126461,0.6264061574896388,0.9873517461558148,0.3598639455778218
0.25250596658711216,0.6264061574896388,0.987357874389374,0.3599251573392741
0.25256624492719026,0.6264061574896388,0.9873631473035982,0.3599863899281376
0.25262655205348616,0.6264061574896388,0.9873690708252568,0.36004764335504386
0.25268688798662525,0.6264061574896388,0.9873751087569212,0.36010891763063185
0.25274725274725274,0.6264061574896388,0.9873752008242384,0.3601702127655477
0.2528076463560335,0.6264061574896388,0.9873777530019217,0.3602315287704449
0.2526290630975143,0.625814091178212,0.987380020935034,0.359952324195061
0.2526894573272771,0.625814091178212,0.987383318842231,0.3600136239777919
0.25274988043998087,0.625814091178212,0.987388052309898,0.3600749446427515
0.25257115522602247,0.6252220248667851,0.9873907911583126,0.3597955706980569
0.25239234449760767,0.6246299585553582,0.987391823106576,0.35951610155010977
0.2522134481933477,0.6240378922439314,0.98739840359903,0.35923653715023757
0.2520344662517951,0.6234458259325044,0.987398963948864,0.3589568774497349
0.25209480488388797,0.6234458259325044,0.9874012000313346,0.35901807023484394
0.25191570881226055,0.6228537596210776,0.9874073787392008,0.35873827791945356
0.2519760479041916,0.6228537596210776,0.9874116273243732,0.3587994542969978
0.2520364159080019,0.6228537596210776,0.9874186387094316,0.35886065154316826
0.2520968128444764,0.6228537596210776,0.9874193072401888,0.35892186966864476
0.2521572387344199,0.6228537596210776,0.9874213336152304,0.3589831086841146
0.2522176935986574,0.6228537596210776,0.9874246528164464,0.35904436860027233
0.25227817745803355,0.6228537596210776,0.987430845072679,0.35910564942781975
0.2523386903334133,0.6228537596210776,0.98743496370415,0.359166951177466
0.2523992322456814,0.6228537596210776,0.98743729661505,0.3592282738599276
0.2522198224142069,0.6222616933096506,0.9874407257971456,0.35894808743128354
0.25228036485837735,0.6222616933096506,0.9874535016083053,0.35900939368020435
0.2523409363745498,0.6222616933096506,0.9874550216732096,0.3590707208742051
0.2521613832853026,0.6216696269982238,0.9874553526320646,0.35879036391552993
0.2522219553206822,0.6216696269982238,0.9874632557512576,0.35885167464073775
0.2522825564632388,0.6216696269982238,0.9874818042655068,0.35891300632329465
0.25210285988944964,0.6210775606867969,0.9874853565114884,0.3586324786320679
0.2519230769230769,0.62048549437537,0.987488618546331,0.358351855017541
0.25174320750180335,0.6198934280639432,0.9874942054781648,0.3580711354305058
0.2518037518037518,0.6198934280639432,0.9874962743046818,0.35813237557680827
0.25186432523454416,0.6198934280639432,0.9875036677394182,0.3581936366742385
0.2516843118383061,0.6193013617525163,0.9875119449380918,0.35791274593628714
0.2517448856799037,0.6193013617525163,0.987513431128151,0.35797399041711125
0.251564756860857,0.6187092954410894,0.9875321334674728,0.357692965941742
0.25138454129544907,0.6181172291296625,0.9875347192784608,0.357411845258062
0.2514450867052023,0.6181172291296625,0.9875351312382878,0.357473035438726
0.251505661286437,0.6181172291296625,0.9875388762946028,0.3575342465749313
0.251566265060241,0.6181172291296625,0.9875407594648192,0.3575954786774447
0.25162689804772237,0.6181172291296625,0.98754482584435,0.35765673175703994
0.25168756027000966,0.6181172291296625,0.987548777119506,0.3577180058244988
0.2517482517482518,0.6181172291296625,0.987552297444262,0.35777930089060994
0.25180897250361794,0.6181172291296625,0.9875543073718092,0.35784061696616964
0.25162846803377564,0.6175251628182357,0.9875570445971812,0.3575591360983202
0.2516891891891892,0.6175251628182357,0.9875683019659848,0.35762043545304306
0.2517499396572532,0.6175251628182357,0.9875794285496968,0.3576817558294925
0.2518107194591985,0.6175251628182357,0.9875806585541356,0.357743097238484
0.25187152861627626,0.6175251628182357,0.9875825763218388,0.3578044596908406
0.25169082125603864,0.6169330965068087,0.9875851100937844,0.35752273117131594
0.2517516308287026,0.6169330965068087,0.987585564474651,0.35758407686986976
0.25181246979217015,0.6169330965068087,0.9875894362451232,0.35764544362409495
0.2518733381677544,0.6169330965068087,0.9875967734841664,0.35770683144483373
0.25193423597678916,0.6169330965068087,0.9876089430270156,0.35776824034293586
0.25199516324062876,0.6169330965068087,0.9876105194550862,0.35782967032925855
0.2520561199806483,0.6169330965068087,0.9876130497260396,0.35789112141466634
0.2518751512218727,0.6163410301953819,0.9876162129501174,0.35760906904802503
0.25193610842207165,0.6163410301953819,0.9876222438467216,0.357670503349528
0.25175502299685304,0.6157489638839551,0.9876254429437824,0.35738831615079075
0.25181598062953997,0.6157489638839551,0.9876317829458504,0.35744973363079613
0.25187696778881086,0.6157489638839551,0.987637941603902,0.35751117222372
0.25193798449612403,0.6157489638839551,0.9876394748543736,0.3575726319404509
0.25175672401259996,0.6151568975725281,0.9876400764669416,0.35729023383727704
0.25157537566650506,0.6145648312611013,0.9876449909086752,0.3570077386066386
0.2513939393939394,0.6139727649496743,0.9876465597943463,0.3567251461984182
0.25121241513094084,0.6133806986382475,0.987653324918352,0.35644245656246404
0.25127334465195245,0.6133806986382475,0.9876546026864436,0.35650378527143906
0.2513343037360505,0.6133806986382475,0.9876659996048472,0.3565651350882127
0.2513952924047561,0.6133806986382475,0.9876713558232826,0.356626506023684
0.25145631067961166,0.6133806986382475,0.9876744899970598,0.3566878980887595
0.25151735858218016,0.6133806986382475,0.9876752635235864,0.3567493112943534
0.2515784361340457,0.6133806986382475,0.9876762217827756,0.3568107456513871
0.2516395433568132,0.6133806986382475,0.9876828864366932,0.35687220117078966
0.25170068027210885,0.6133806986382475,0.9876894508196128,0.35693367786349783
0.2517618469015796,0.6133806986382475,0.9876896187656464,0.35699517574045575
0.25182304326689353,0.6133806986382475,0.9876922009283516,0.3570566948126151
0.25188426938973985,0.6133806986382475,0.987699673123023,0.3571182350909351
0.2519455252918288,0.6133806986382475,0.9877023814902546,0.35717979658638266
0.25200681099489175,0.6133806986382475,0.9877024831880856,0.35724137930993205
0.2520681265206813,0.6133806986382475,0.9877087575685776,0.35730298327256527
0.252129471890971,0.6133806986382475,0.9877106582037536,0.35736460848527185
0.25219084712755596,0.6133806986382475,0.987710977833888,0.35742625495904884
0.252008765522279,0.6127886323268206,0.9877118308201104,0.35714285714244415
0.2518265952264978,0.6121965660153937,0.9877134954269092,0.3568593615181374
0.2518879415347138,0.6121965660153937,0.9877189214010956,0.35692095270928664
0.2519493177387914,0.6121965660153937,0.9877212216927368,0.35698256516444105
0.2517669997562759,0.6116044997039668,0.9877358863720715,0.3566988950272112
0.25182837640175526,0.6116044997039668,0.9877494630165568,0.35676049041574986
0.25188978297976106,0.6116044997039668,0.9877541648287518,0.35682210708076123
0.25170731707317073,0.61101243339254,0.9877595947215748,0.35653826222104124
0.2515247621371066,0.6104203670811131,0.9877841574703664,0.35625431928085827
0.2515861395802831,0.6104203670811131,0.9877873180418886,0.35631588042122136
0.2516475469855992,0.6104203670811131,0.9878003276019244,0.35637746284092775
0.25146484375,0.6098283007696862,0.9878008189394354,0.35609334485697636
0.2515262515262515,0.6098283007696862,0.9878049033084442,0.3561549100964054
0.25158768930141673,0.6098283007696862,0.9878135183515332,0.3562164966276342
0.25140483752748594,0.6092362344582594,0.9878144717134144,0.3559322033894169
0.25146627565982405,0.6092362344582594,0.9878167240320236,0.35599377270327087
0.25152774382791493,0.6092362344582594,0.9878230274063317,0.35605536332138565
0.25158924205378974,0.6092362344582594,0.9878250832080702,0.35611697525482083
0.2516507703595011,0.6092362344582594,0.9878332365821884,0.35617860851464345
0.2517123287671233,0.6092362344582594,0.9878336038172236,0.3562402631119283
0.25177391729875215,0.6092362344582594,0.9878345668883532,0.356301939057758
0.25183553597650515,0.6092362344582594,0.9878356795689164,0.3563636363632225
0.25189718482252144,0.6092362344582594,0.9878519016975378,0.35642535503941986
0.2519588638589618,0.6092362344582594,0.9878531546768065,0.35648709509745546
0.2517756551555229,0.6086441681468324,0.9878625337342508,0.35620235620194224
0.2518373346398824,0.6086441681468324,0.9878680631110996,0.3562640790153545
0.2516540063709875,0.6080521018354056,0.987870475310016,0.35597920277254963
0.2514705882352941,0.6074600355239786,0.9878774184108552,0.35569422776869664
0.25128708016670753,0.6068679692125518,0.9878780124646204,0.3554091539524291
0.2511034820990682,0.6062759029011249,0.9878838094831046,0.3551239812723446
0.2509197939661516,0.605683836589698,0.987885326645454,0.35483870967700515
0.25098135426889107,0.605683836589698,0.9878902989295222,0.35490026019039234
0.25104294478527606,0.605683836589698,0.9878955518880131,0.35496183206065435
0.2508591065292096,0.6050917702782712,0.9878989143302652,0.3546763838274531
0.2506751780014731,0.6044997039668443,0.9879040588987996,0.3543908365146845
0.2507367387033399,0.6044997039668443,0.9879226494336082,0.3544523520218039
0.25079832964873494,0.6044997039668443,0.9879278574325194,0.3545138888884744
0.25061425061425063,0.6039076376554174,0.9879278769869032,0.35422816461149725
0.25067584173015484,0.6039076376554174,0.987930599842508,0.35428968391761256
0.25073746312684364,0.6039076376554174,0.987931302363309,0.3543512245957292
0.25079911482665357,0.6039076376554174,0.987933442248581,0.35441278665698633
0.25086079685194296,0.6039076376554174,0.987934256194847,0.3544743701125306
0.25092250922509224,0.6039076376554174,0.9879348534021546,0.3545359749735164
0.25098425196850394,0.6039076376554174,0.9879390960084744,0.3545976012511062
0.2507999015505784,0.6033155713439905,0.9879452112424388,0.35431154381043356
0.2508616445100936,0.6033155713439905,0.9879504202990236,0.35437315249480333
0.2506771731100714,0.6027235050325637,0.9879511510587482,0.35408695652132427
0.25073891625615763,0.6027235050325637,0.9879553206260614,0.3541485475730761
0.2508006898250801,0.6027235050325637,0.9879597484846891,0.3542101600552566
0.25086249383932974,0.6027235050325637,0.9879626307119016,0.3542717939790525
0.25092432832141975,0.6027235050325637,0.9879657428503876,0.3543334493556587
0.2509861932938856,0.6027235050325637,0.98797225465347,0.35439512619627767
0.25080147965474725,0.6021314387211367,0.9879744834777158,0.3541086350970779
0.2506166748889985,0.6015393724097099,0.9879759048673132,0.35382204422734037
0.25067850974586725,0.6015393724097099,0.987979093958108,0.35388366422807654
0.25074037512339586,0.6015393724097099,0.98798108259885,0.3539453056954565
0.2508022710441866,0.6015393724097099,0.9879956566591332,0.35400696864069964
0.2508641975308642,0.6015393724097099,0.9879959852890844,0.3540686530750333
0.2509261546060756,0.6015393724097099,0.9879976350279888,0.3541303590096927
0.2509881422924901,0.6015393724097099,0.9879997915033728,0.35419208645592065
0.2510501606127996,0.6015393724097099,0.9880012840489052,0.3542538354249681
0.25111220958971825,0.6015393724097099,0.9880060801688912,0.35431560592809364
0.2511742892459827,0.6015393724097099,0.9880080527082792,0.35437739797656387
0.2512363996043521,0.6015393724097099,0.9880096291365434,0.35443921158165304
0.2512985406876082,0.6015393724097099,0.988011894272618,0.35450104675464367
0.2513607125185552,0.6015393724097099,0.9880230642635082,0.3545629035068256
0.2514229151200198,0.6015393724097099,0.9880300489345896,0.354624781849497
0.2514851485148515,0.6015393724097099,0.9880329757246972,0.3546866817939637
0.25154741272592224,0.6015393724097099,0.9880331734432816,0.3547486033515395
0.2516097077761268,0.6015393724097099,0.9880356782096666,0.35481054653354605
0.2516720336883825,0.6015393724097099,0.9880390888436944,0.35487251135131304
0.25173439048562934,0.6015393724097099,0.9880443863166836,0.3549344978161779
0.25179677819083024,0.6015393724097099,0.988047220098048,0.3549965059394862
0.2518591968269707,0.6015393724097099,0.988048509232336,0.3550585357325911
0.2519216464170593,0.6015393724097099,0.9880546747792384,0.3551205872068541
0.251984126984127,0.6015393724097099,0.9880602191951122,0.3551826603736444
0.252046638551228,0.6015393724097099,0.9880667676005396,0.3552447552443391
0.2518610421836228,0.6009473060982831,0.9880688559299876,0.35495716034230107
0.2516753536857781,0.6003552397868561,0.9880760427110624,0.35466946484743267
0.25173783515392256,0.6003552397868561,0.9880784761791964,0.354731502535879
0.25180034765334,0.6003552397868561,0.988084448484878,0.35479356193100425
0.25161450571286637,0.5997631734754293,0.9880866929303668,0.35450568678873495
0.25167701863354036,0.5997631734754293,0.9880892910532793,0.35456772838600287
0.2514910536779324,0.5991711071640023,0.988095401530106,0.354279712934994
0.2513049962714392,0.5985790408525755,0.9881064757602722,0.3539915966382389
0.2513674788662357,0.5985790408525755,0.9881102072568536,0.35405358080854865
0.25142999253916937,0.5985790408525755,0.9881105564425268,0.3541155866896009
0.2512437810945274,0.5979869745411486,0.9881106734622752,0.35382729024305865
0.2513062950982832,0.5979869745411486,0.9881108454710128,0.35388927820561
0.25136884021901446,0.5979869745411486,0.9881125758517492,0.3539512878916457
0.2511824744834454,0.5973949082297217,0.9881156131532878,0.35366281107564357
0.2512450199203187,0.5973949082297217,0.9881182756323894,0.35372480280414054
0.251307596513076,0.5973949082297217,0.9881235797326452,0.35378681626886793
0.2513702042850025,0.5973949082297217,0.988127334159747,0.3538488514812595
0.2514328432594069,0.5973949082297217,0.9881428868239732,0.3539109084527573
0.25124626121635096,0.5968028419182948,0.9881439968346756,0.3536221715484341
0.2510595861381202,0.596210775606868,0.988150410952731,0.3533333333329163
0.2511221945137157,0.596210775606868,0.9881506249423632,0.3533953325140592
0.25118483412322273,0.596210775606868,0.9881581977387136,0.3534573534569363
0.25124750499001997,0.596210775606868,0.9881614194367468,0.3535193961730075
0.25131020713750934,0.596210775606868,0.9881765847693806,0.35358146067374013
0.2513729405891163,0.596210775606868,0.9881787913358472,0.35364354697061
0.25143570536828963,0.596210775606868,0.9881797741729372,0.3537056550751008
0.2514985014985015,0.596210775606868,0.9881836110199408,0.3537677849987044
0.25156132900324757,0.596210775606868,0.9881852804707716,0.3538299367529207
0.25162418790604696,0.596210775606868,0.9881863659557688,0.3538921103492575
0.2516870782304424,0.596210775606868,0.988187665073384,0.3539543057992311
0.25175,0.596210775606868,0.9881877152963204,0.35401652311436543
0.2518129532383096,0.596210775606868,0.9881914230748052,0.3540787623061929
0.2518759379689845,0.596210775606868,0.9881927907668756,0.35414102338625375
0.25193895421566176,0.596210775606868,0.988197210402468,0.35420330636609665
0.25175175175175174,0.5956187092954411,0.9881986567380796,0.3539138082669526
0.2518147684605757,0.5956187092954411,0.9882050664501636,0.3539760731874782
0.25187781672508763,0.5956187092954411,0.988209341204076,0.3540383600206979
0.2516904583020286,0.5950266429840142,0.9882120486120448,0.35374868004182086
0.25175350701402804,0.5950266429840142,0.9882135466000144,0.35381094877620595
0.25181658732147333,0.5950266429840142,0.9882137015989864,0.3538732394362018
0.2518796992481203,0.5950266429840142,0.988218456800786,0.3539355520333909
0.2519428428177488,0.5950266429840142,0.988220976357622,0.35399788657936365
0.2520060180541625,0.5950266429840142,0.988222827759,0.3540602430857191
0.25181840983195386,0.5944345766725874,0.9882236815133444,0.35377026074658696
0.25163070747616656,0.5938425103611604,0.988227106548651,0.35348017621103567
0.251693851944793,0.5938425103611604,0.9882341582844824,0.353542474444418
0.2517570281124498,0.5938425103611604,0.9882383413252716,0.35360479464086514
0.2518202360030128,0.5938425103611604,0.9882399010677508,0.3536671368119936
0.2518834756403817,0.5938425103611604,0.9882443256897436,0.3537295009694283
0.2519467470484803,0.5938425103611604,0.9882482380731484,0.3537918871248022
0.2520100502512563,0.5938425103611604,0.9882484282511828,0.3538542952897563
0.2520733852726816,0.5938425103611604,0.988252060806016,0.35391672547594016
0.25188536953242835,0.5932504440497336,0.9882525255604004,0.35362625727856517
0.25169725924063363,0.5926583777383067,0.9882587896862174,0.35333568655094055
0.2517605633802817,0.5926583777383067,0.9882602409875432,0.3533980582520087
0.2518238993710692,0.5926583777383067,0.9882609268548674,0.35346045197698256
0.25188726723704075,0.5926583777383067,0.9882627585388836,0.35352286773752944
0.2519506670022653,0.5926583777383067,0.9882634886544608,0.35358530554532497
0.25201409869083585,0.5926583777383067,0.9882639459208442,0.3536477654120526
0.2520775623268698,0.5926583777383067,0.9882642814507174,0.3537102473494046
0.2521410579345088,0.5926583777383067,0.9882672727756534,0.35377275136908115
0.25220458553791886,0.5926583777383067,0.9882715447761304,0.3538352774827908
0.25201612903225806,0.5920663114268798,0.9882730243799288,0.35354428142082917
0.25207965717166625,0.5920663114268798,0.9882750161122824,0.35360678924993477
0.2518910741301059,0.5914742451154529,0.9882775002015828,0.35331564986695513
0.2519546027742749,0.5914742451154529,0.9882778223077868,0.3533781393699383
0.25176589303733604,0.590882178804026,0.988286522035644,0.3530868565359334
0.25182942215493315,0.590882178804026,0.9882889782839446,0.3531493276712016
0.2518929833417466,0.590882178804026,0.9882913868180074,0.3532118209162328
0.2519565766220651,0.590882178804026,0.9883050087866618,0.35327433628276667
0.25176767676767675,0.5902901124925992,0.9883057360150668,0.35298282881884085
0.2518312705228593,0.5902901124925992,0.9883059444738418,0.3530453257786176
0.2518948964123295,0.5902901124925992,0.9883114324957004,0.35310784487296487
0.2517058377558757,0.5896980461811723,0.9883115110253384,0.3528161530282736
0.25151668351870576,0.5891059798697454,0.9883117082754144,0.35252435783837605
0.2515802781289507,0.5891059798697454,0.9883130044639208,0.35258681785925455
0.25164390490642385,0.5891059798697454,0.9883131401816936,0.3526493000173016
0.25170756387553755,0.5891059798697454,0.9883136887121768,0.35271180432428806
0.2517712550607287,0.5891059798697454,0.9883151573559006,0.35277433079199316
0.25183497848645914,0.5891059798697454,0.9883194160063812,0.35283687943220454
0.2518987341772152,0.5891059798697454,0.9883278086052008,0.35289945025671815
0.25196252215750825,0.5891059798697454,0.98833705938241,0.35296204327733843
0.2520263424518744,0.5891059798697454,0.9883386253672728,0.353024658505878
0.25209019508487457,0.5891059798697454,0.9883393139672904,0.353087295954158
0.2521540800810948,0.5891059798697454,0.9883448766866558,0.353149955634008
0.25196451204055764,0.5885139135583185,0.9883449460490106,0.3528576499818307
0.25202839756592293,0.5885139135583185,0.9883457669629544,0.3529202911410678
0.25209231549581534,0.5885139135583185,0.9883488733136504,0.3529829545450346
0.252156265854896,0.5885139135583185,0.9883497988698768,0.3530456402055825
0.2522202486678508,0.5885139135583185,0.9883557608236836,0.35310834813457115
0.25203045685279185,0.5879218472468917,0.9883560243361058,0.35281577544814985
0.25184056867225185,0.5873297809354647,0.9883642133796292,0.3525230987913355
0.2516505840528187,0.5867377146240379,0.9883659448171294,0.35223031810869665
0.25171450342900686,0.5867377146240379,0.9883683839361328,0.35229292570167725
0.25177845528455284,0.5867377146240379,0.988368799791684,0.35235555555513537
0.25158831003811943,0.5861456483126111,0.9883705286671408,0.35206258890427394
0.2516522623284189,0.5861456483126111,0.988375813898618,0.3521252000707161
0.2517162471395881,0.5861456483126111,0.9883840218651349,0.3521878335107857
0.25152594099694814,0.5855535820011841,0.9883849932843876,0.3518946806613836
0.25133553803103537,0.5849615156897573,0.9883856032899748,0.3516014234871241
0.2513994910941476,0.5849615156897573,0.9883864138804204,0.35166399715209784
0.25146347671163144,0.5849615156897573,0.9883865389645932,0.35172659309320714
0.2515274949083503,0.5849615156897573,0.9883902498505668,0.3517892113223497
0.2515915457091928,0.5849615156897573,0.9883941945746336,0.3518518518514313
0.25165562913907286,0.5849615156897573,0.9883988199599214,0.35191451469236656
0.25171974522292995,0.5849615156897573,0.9883989519634038,0.3519771998570784
0.25178389398572887,0.5849615156897573,0.9883998319989058,0.35203990735749846
0.2515931684934999,0.5843694493783304,0.9884012524212636,0.351746258018111
0.25165731769505356,0.5843694493783304,0.9884016843637056,0.3518089467113953
0.2514664626370824,0.5837773830669035,0.9884052043591992,0.35151515151473073
0.251530612244898,0.5837773830669035,0.9884098419847438,0.35157782135811005
0.25159479459045675,0.5837773830669035,0.9884100951736704,0.35164051355164755
0.25165900969882593,0.5837773830669035,0.988411661342964,0.3517032281073015
0.2517232575950983,0.5837773830669035,0.9884128099468614,0.3517659650370389
0.2517875383043922,0.5837773830669035,0.9884130982888844,0.35182872435283497
0.2518518518518518,0.5837773830669035,0.988413268665972,0.35189150606667385
0.2519161982626469,0.5837773830669035,0.9884143427918408,0.35195431019054796
0.2517250191668796,0.5831853167554766,0.988415068068352,0.35166012138479835
0.25178936605316976,0.5831853167554766,0.9884216683397072,0.3517229066233959
0.25185374584505243,0.5831853167554766,0.988428170696894,0.35178571428529304
0.25191815856777494,0.5831853167554766,0.9884297574471604,0.3518485443825042
0.25172678434382195,0.5825932504440497,0.988433607063635,0.3515541264733193
0.2517911975435005,0.5825932504440497,0.9884347247787946,0.35161693764474566
0.25185564371640645,0.5825932504440497,0.9884353956344912,0.35167977126476796
0.2519201228878648,0.5825932504440497,0.9884389267145666,0.351742627345423
0.2517285531370038,0.5820011841326228,0.9884395501600058,0.3514479799781269
0.25179303278688525,0.5820011841326228,0.988445558184055,0.35151081709237303
0.25185754547783756,0.5820011841326228,0.9884472849218822,0.35157367668055123
0.251922091235264,0.5820011841326228,0.9884479591883124,0.35163655875472055
0.2517303255575494,0.581409117821196,0.9884522244524748,0.35134168157381807
0.2517948717948718,0.581409117821196,0.9884564428511438,0.35140454464083787
0.2518594511413183,0.581409117821196,0.9884577773361568,0.3514674302071659
0.25192406362237046,0.581409117821196,0.98845925721098,0.35153033828488334
0.25198870926353606,0.581409117821196,0.9884646208807903,0.35159326888608017
0.25179671457905545,0.5808170515097691,0.9884722619748936,0.3512981199637679
0.25186136071887033,0.5808170515097691,0.9884858047812476,0.3513610315182027
0.25192604006163327,0.5808170515097691,0.988489510955755,0.35142396560946515
0.25173388132545593,0.5802249851983422,0.9884928525310448,0.35112862773157366
0.2517985611510791,0.5802249851983422,0.9884928617473256,0.3511915427338549
0.2518632742225649,0.5802249851983422,0.9884939923732584,0.35125448028631623
0.2519280205655527,0.5802249851983422,0.9884983385333684,0.35131744040108354
0.2519928002057084,0.5802249851983422,0.9885014415871998,0.35138042309029127
0.25205761316872427,0.5802249851983422,0.9885112972401376,0.351443428366083
0.25212245948031903,0.5802249851983422,0.98851154817294,0.3515064562406107
0.25218733916623776,0.5802249851983422,0.9885143772260228,0.35156950672603504
0.251994851994852,0.5796329188869154,0.9885211150638332,0.351273771079592
0.2518022657054583,0.5790408525754884,0.9885212500166888,0.3509779293015693
0.2518671130569148,0.5790408525754884,0.988522142159785,0.3510409188796924
0.25167439464193714,0.5784487862640616,0.9885247856402736,0.35074492909668753
0.2514815769131667,0.5778567199526347,0.9885248691857348,0.35044883303368873
0.2515463917525773,0.5778567199526347,0.9885307416879509,0.35051176153665764
0.25161124001031193,0.5778567199526347,0.98853306500815,0.3505747126432555
0.2516761217122228,0.5778567199526347,0.9885335588840508,0.35063768636566317
0.2517410368841888,0.5778567199526347,0.9885357031794804,0.35070068271607024
0.2515479876160991,0.5772646536412078,0.988536148711696,0.35040431266804084
0.25161290322580643,0.5772646536412078,0.9885375002011474,0.3504672897192033
0.2516778523489933,0.5772646536412078,0.9885411418795118,0.35053028941176484
0.2517428350116189,0.5772646536412078,0.988541506669814,0.35059331175793745
0.2515495867768595,0.5766725873297809,0.988547882551642,0.3502967092245366
0.2516145698785843,0.5766725873297809,0.988551629747186,0.35035971222979284
0.25167958656330747,0.5766725873297809,0.9885586125659064,0.35042273790207734
0.251744636857069,0.5766725873297809,0.988560912885529,0.3504857862536251
0.2515511892450879,0.576080521018354,0.9885633183124344,0.35018895087234997
0.25161623997931215,0.576080521018354,0.9885652539373188,0.35025197984118955
0.25168132436627005,0.576080521018354,0.98856583532481,0.35031503150272714
0.2517464424320828,0.576080521018354,0.9885701186743888,0.35037810586922025
0.25181159420289856,0.576080521018354,0.9885771003442636,0.35044120295293524
0.2516179135387005,0.5754884547069272,0.988580733900838,0.3501440922185969
0.2516830657690316,0.5754884547069272,0.9885812133528572,0.3502071698788776
0.2517482517482518,0.5754884547069272,0.9885886068019404,0.3502702702698469
0.25155440414507774,0.5748963883955003,0.9885955817978748,0.3499729681019374
0.25161959056750455,0.5748963883955003,0.988605504197769,0.35003604902625285
0.25168481078278904,0.5748963883955003,0.9886057421269074,0.350099152694727
0.25175006481721546,0.5748963883955003,0.9886071542233033,0.35016227911966297
0.25155601659751037,0.5743043220840734,0.988607768627568,0.34986474301129866
0.25136186770428015,0.5737122557726465,0.9886083030035504,0.34956709956667587
0.2511676180591593,0.5731201894612197,0.9886165629103753,0.3492693487277019
0.2512328056060213,0.5731201894612197,0.9886278401618912,0.3493323709847801
0.2510384215991693,0.5725281231497927,0.9886300777317314,0.3490344703117943
0.25110360945209037,0.5725281231497927,0.9886338920377508,0.34909747292376386
0.2509090909090909,0.5719360568383659,0.9886425572922048,0.3487994222779658
0.2509742790335152,0.5719360568383659,0.9886426687667964,0.34886240520000944
0.251039501039501,0.5719360568383659,0.988644916533217,0.3489254108718895
0.250844814140889,0.5713439905269391,0.9886468908013568,0.3486271676296338
0.25091003640145604,0.5713439905269391,0.9886504196826668,0.34869015356777827
0.25097529258777634,0.5713439905269391,0.9886526708431684,0.34875316226918196
0.25104058272632673,0.5713439905269391,0.9886553138744084,0.3488161937461871
0.2511059068436118,0.5713439905269391,0.9886555164976024,0.34887924801114495
0.25117126496616343,0.5713439905269391,0.9886563289025828,0.34894232507641537
0.2509763082530591,0.5707519242155121,0.9886578435710144,0.3486437613015649
0.25104166666666666,0.5707519242155121,0.988664403516498,0.3487068185924496
0.2508465746288096,0.5701598579040853,0.9886684904836888,0.34840810419639184
0.250911933298593,0.5701598579040853,0.9886688091240146,0.34847114166775
0.2507167057597081,0.5695677915926584,0.98867022625109,0.34817227651061433
0.2505213764337852,0.5689757252812315,0.988671552227588,0.3478733031669963
0.25058670143415906,0.5689757252812315,0.9886788527985348,0.3479362780589528
0.2506520605112154,0.5689757252812315,0.9886795186980528,0.34799927575550516
0.25045656144012524,0.5683836589698046,0.9886881885407804,0.3477001086558593
0.25052192066805845,0.5683836589698046,0.9886903455846274,0.34776308639696707
0.2505873140172279,0.5683836589698046,0.9886944726523426,0.347826086956097
0.2503916449086162,0.5677915926583778,0.9887027924903372,0.34752672585570865
0.25045703839122485,0.5677915926583778,0.9887098768255004,0.3475897064149431
0.2505224660397074,0.5677915926583778,0.9887105979881567,0.3476527098056292
0.2505879278808466,0.5677915926583778,0.9887150154267996,0.34771573604018424
0.25065342394145324,0.5677915926583778,0.9887167493015356,0.3477787851310348
0.250718954248366,0.5677915926583778,0.988717035380276,0.34784185709061605
0.2507845188284519,0.5677915926583778,0.9887185457039372,0.34790495193137255
0.25058854302903477,0.5671995263469508,0.9887208452707936,0.3476052249632905
0.25065410779696495,0.5671995263469508,0.9887245225384148,0.3476682997636831
0.2507197068830149,0.5671995263469508,0.988728147514876,0.34773139745874
0.25078534031413613,0.5671995263469508,0.9887309562258868,0.347794518060929
0.2508510081173082,0.5671995263469508,0.988733041664458,0.3478576615827265
0.25091671031953905,0.5671995263469508,0.9887381375050764,0.34792082803661856
0.2509824469478648,0.5671995263469508,0.9887410271571964,0.34798401743509955
0.2510482180293501,0.5671995263469508,0.9887429037593116,0.34804722979067365
0.2511140235910878,0.5671995263469508,0.98874466460329,0.34811046511585364
0.2511798636601993,0.5671995263469508,0.9887463586216784,0.3481737234231617
0.25124573826383423,0.5671995263469508,0.9887511647710594,0.34823700472512886
0.25104931794333685,0.566607460035524,0.9887595209390208,0.3479367387743427
0.2511151928627657,0.566607460035524,0.9887614202059316,0.3479999999995744
0.2511811023622047,0.566607460035524,0.9887663329681716,0.34806328423307137
0.2509845103701759,0.5660153937240971,0.9887694731056508,0.34776282284424515
0.2507878151260504,0.5654233274126702,0.988769609830782,0.3474622521371039
0.2508536905700026,0.5654233274126702,0.9887718325625128,0.3475254730708988
0.2509196006305833,0.5654233274126702,0.9887742050085137,0.3475887170150428
0.25098554533508544,0.5654233274126702,0.9887855791050588,0.34765198398210057
0.2510515247108307,0.5654233274126702,0.9887936642901588,0.347715273984646
0.2511175387851696,0.5654233274126702,0.9887939194988686,0.34777858703526243
0.2511835875854813,0.5654233274126702,0.988802860972156,0.3478419231465418
0.2512496711391739,0.5654233274126702,0.9888065818196952,0.34790528233108586
0.2513157894736842,0.5654233274126702,0.9888073003772122,0.3479686646015051
0.251381942616478,0.5654233274126702,0.9888159964698802,0.3480320699704194
0.25118483412322273,0.5648312611012434,0.9888165600096216,0.3477310005463207
0.2512509876218067,0.5648312611012434,0.9888196197749526,0.3477943857086515
0.2513171759747102,0.5648312611012434,0.9888201371331,0.3478577939831654
0.2511198945981555,0.5642391947898164,0.9888224441691004,0.34755652808126597
0.25118608328940434,0.5642391947898164,0.9888260524188456,0.34761991610389614
0.25125230688109673,0.5642391947898164,0.988826712078036,0.34768332725240103
0.2510548523206751,0.5636471284783896,0.98883911496489,0.34738186462281756
0.2508572935900818,0.5630550621669627,0.9888471371853425,0.34708029197037654
0.2509234828496042,0.5630550621669627,0.9888628075582336,0.3471436393498199
0.2507257851675904,0.5624629958555358,0.9888628993148842,0.34684191310654683
0.25079197465681097,0.5624629958555358,0.988864390472138,0.3469052400945159
0.2508581991021917,0.5624629958555358,0.9888698694225656,0.34696859021140686
0.25066032752245115,0.5618709295441089,0.988870150877841,0.34666666666624
0.25046235138705414,0.5612788632326821,0.988870245580194,0.34636463280921886
0.2502642706131078,0.5606867969212552,0.9888838524626328,0.3460624885798766
0.2500660851176315,0.5600947306098283,0.98889837259245,0.34576023391770183
0.25013220518244317,0.5600947306098283,0.9888992781373444,0.3458234326444279
0.25019836022216346,0.5600947306098283,0.9889045802896426,0.34588665447854944
0.25026455026455025,0.5600947306098283,0.9889051298882288,0.34594989943274185
0.25033077533739084,0.5600947306098283,0.9889062289880716,0.3460131675196901
0.2501323451561673,0.5595026642984015,0.9889113512244848,0.3457106274003412
0.24993380990203865,0.5589105979869745,0.9889116239071616,0.34540797658208305
0.2497351694915254,0.5583185316755477,0.9889193582818174,0.3451052150041475
0.2495364238410596,0.5577264653641207,0.9889198020942676,0.34480234260572223
0.24960254372019078,0.5577264653641207,0.9889252133354816,0.344865458538837
0.24966869864829047,0.5577264653641207,0.988925333217758,0.34492859758287564
0.24946977730646872,0.5571343990526939,0.988926024976546,0.34462552645992806
0.24953593211349775,0.5571343990526939,0.9889270482119312,0.34468864468821736
0.2493368700265252,0.5565423327412671,0.9889317670193308,0.3443854185744032
0.2491377023083046,0.5559502664298401,0.988931975335501,0.34408208134805196
0.24920382165605096,0.5559502664298401,0.9889340028104504,0.34414513468896235
0.249269976108309,0.5559502664298401,0.9889353071517368,0.34420821114326755
0.249336165693043,0.5559502664298401,0.9889456602079922,0.3442713107236788
0.249136786188579,0.5553582001184133,0.9889535827883787,0.3439677301059164
0.24920297555791712,0.5553582001184133,0.9889619638955622,0.34403080872871233
0.24926920010629816,0.5553582001184133,0.9889650775232568,0.3440939104911351
0.24933545986177566,0.5553582001184133,0.988969710740023,0.3441570354059198
0.2491358681201808,0.5547661338069864,0.9889710277565428,0.34385321100874655
0.24920212765957447,0.5547661338069864,0.988973896133012,0.34391631491974106
0.24926842245278,0.5547661338069864,0.9889761826276836,0.3439794419966353
0.24906865353911656,0.5541740674955595,0.988977511236676,0.34367541766067
0.2491349480968858,0.5541740674955595,0.9889780106364512,0.3437385236866819
0.24920127795527156,0.5541740674955595,0.988982990811612,0.343801652892134
0.2492676431424767,0.5541740674955595,0.988983552854378,0.3438648052897998
0.24933404368673415,0.5541740674955595,0.9889844239790612,0.3439279808924619
0.24940047961630696,0.5541740674955595,0.9889864418489492,0.3439911797129126
0.24946695095948826,0.5541740674955595,0.988989188950856,0.3440544017639534
0.24926686217008798,0.5535820011841326,0.9889922835474492,0.34374999999957184
0.24933333333333332,0.5535820011841326,0.988994473703246,0.3438132009556299
0.24939983995732196,0.5535820011841326,0.9890064706579512,0.3438764251558792
0.24946638207043756,0.5535820011841326,0.9890075091650814,0.34393967261314534
0.2495329597010942,0.5535820011841326,0.9890082838814048,0.3440029433402634
0.24959957287773626,0.5535820011841326,0.9890125217431094,0.3440662373500776
0.24966622162883845,0.5535820011841326,0.9890150701121152,0.344129554655442
0.24973290598290598,0.5535820011841326,0.9890281514046996,0.34419289526922003
0.2497996259684745,0.5535820011841326,0.9890282363464784,0.3442562592042843
0.2498663816141101,0.5535820011841326,0.9890299479913852,0.3443196464735173
0.24993317294840953,0.5535820011841326,0.989031004408838,0.3443830570898108
0.2497326203208556,0.5529899348727058,0.9890311373714143,0.344078099097011
0.24979941160738164,0.5529899348727058,0.9890335315304252,0.34414148857731636
0.24986623863028357,0.5529899348727058,0.9890343599618558,0.34420490141840304
0.24993310141824993,0.5529899348727058,0.9890377783801368,0.34426833763318715
0.25,0.5529899348727058,0.9890391667450928,0.34433179723459423
0.2500669344042838,0.5529899348727058,0.989043827161962,0.3443952802355593
0.25013390465988217,0.5529899348727058,0.9890442959105514,0.3444587866490271
0.24993302973479775,0.5523978685612788,0.9890461378023978,0.3441534489114117
0.25,0.5523978685612788,0.989047200444775,0.3442169341445627
0.2500670061645671,0.5523978685612788,0.9890484973947882,0.344280442803999
0.2501340482573727,0.5523978685612788,0.9890485557335388,0.3443439749026896
0.250201126307321,0.5523978685612788,0.9890635133324864,0.34440753045361294
0.25,0.551805802249852,0.9890640291212028,0.3441019014210218
0.25006707807888384,0.551805802249852,0.9890649598972638,0.34416543574550873
0.25013419216317767,0.551805802249852,0.9890652212394796,0.3442289935360435
0.24993288590604026,0.5512137359384252,0.9890728518642422,0.34392316217171703
0.24973147153598282,0.5506216696269982,0.9890779977494156,0.3436172178085491
0.24952994896588773,0.5500296033155714,0.9890860769789442,0.34331116038390175
0.2493283181085438,0.5494375370041444,0.9890901142995,0.3430049898350908
0.24939532383767804,0.5494375370041444,0.9890967442369858,0.34306839186648364
0.24946236559139784,0.5494375370041444,0.9890986334506756,0.34313181734103837
0.24926055391234203,0.5488454706927176,0.9891016503498264,0.3428254437865527
0.24932759548144162,0.5488454706927176,0.9891029295634924,0.3428888477894724
0.24939467312348668,0.5488454706927176,0.989110841606338,0.3429522752492929
0.24946178686759957,0.5488454706927176,0.9891154148150744,0.3430157261790338
0.24925975773889636,0.5482534043812907,0.9891160467743432,0.34270910436670576
0.249057619816909,0.5476613380698638,0.9891190054913956,0.3424023690537994
0.24912469701050363,0.5476613380698638,0.989121536069122,0.34246575342422775
0.2491918103448276,0.5476613380698638,0.9891302362756024,0.3425291612660023
0.24898949070331447,0.5470692717584369,0.9891322322758124,0.3422222222217923
0.24878706199460918,0.5464772054470101,0.9891426605412684,0.34191516947539896
0.2485845241304934,0.5458851391355832,0.98914625484341,0.34160800296363086
0.2483818770226537,0.5452930728241563,0.989146393519313,0.34130072262324984
0.2481791205826814,0.5447010065127295,0.9891480679700752,0.3409933283909709
0.248246087425796,0.5447010065127295,0.9891482636083692,0.3410565338271881
0.2483130904183536,0.5447010065127295,0.9891487239651968,0.3411197626988654
0.24838012958963282,0.5447010065127295,0.9891494595200834,0.3411830150190395
0.2484472049689441,0.5447010065127295,0.9891525529149648,0.3412462908007567
0.2485143165856294,0.5447010065127295,0.9891548300875934,0.341309590057073
0.2485814644690624,0.5447010065127295,0.9891585417189628,0.3413729128010539
0.24864864864864866,0.5447010065127295,0.9891597652612883,0.3414362590457749
0.24871586915382535,0.5447010065127295,0.9891639301327682,0.3414996288043209
0.24878312601406166,0.5447010065127295,0.9891643010884796,0.3415630220897868
0.24885041925885854,0.5447010065127295,0.9891790605404878,0.3416264389152769
0.24864718614718614,0.5441089402013025,0.9891807365256232,0.3413184772511943
0.24871447902571042,0.5441089402013025,0.989182852508981,0.3413818722135367
0.24851109907958852,0.5435168738898757,0.9891864491803066,0.34107375069620693
0.24830760898998105,0.5429248075784487,0.9891873351355632,0.34076551467812743
0.24837486457204766,0.5429248075784487,0.9891874396781252,0.3408288422222045
0.24844215659712815,0.5429248075784487,0.9891904942134704,0.3408921933081194
0.24850948509485093,0.5429248075784487,0.9891919498784784,0.34095556794900217
0.24857685009487665,0.5429248075784487,0.989196881410048,0.3410189661579924
0.24864425162689804,0.5429248075784487,0.9892006297707931,0.34108238794823936
0.2487116897206401,0.5429248075784487,0.9892016444315908,0.34114583333290244
0.24877916440586,0.5429248075784487,0.9892046361405384,0.34120930232515045
0.24884667571234736,0.5429248075784487,0.9892082076587708,0.3412727949381622
0.248914223669924,0.5429248075784487,0.9892088415392268,0.3413363111851263
0.2489818083084442,0.5429248075784487,0.9892212232283084,0.34139985107924126
0.2487778381314503,0.5423327412670219,0.9892241535284492,0.34109104449780014
0.24884542243955446,0.5423327412670219,0.9892282441561346,0.3411545623831815
0.24891304347826088,0.5423327412670219,0.9892285675535746,0.34121810392953716
0.24898070127752106,0.5423327412670219,0.9892353376411402,0.34128166915009034
0.24877650897226752,0.5417406749555951,0.9892359753616472,0.34097261039643845
0.24884416644003263,0.5417406749555951,0.989237787267313,0.34103615355901706
0.24891186071817192,0.5417406749555951,0.989240411467582,0.3410997204096339
0.24897959183673468,0.5417406749555951,0.9892443579187258,0.34116331096153724
0.24904735982580295,0.5417406749555951,0.9892452503256632,0.3412269252279854
0.2488429077048734,0.5411486086441681,0.9892498760964454,0.3409175680711835
0.24891067538126363,0.5411486086441681,0.9892553942438308,0.34098116023086855
0.2487060746390629,0.5405565423327413,0.9892565843557436,0.34067164179061316
0.24877384196185287,0.5405565423327413,0.9892609649137696,0.3407352117928133
0.24884164622512947,0.5405565423327413,0.98926192944558,0.34079880552401776
0.24890948745910577,0.5405565423327413,0.989263299918707,0.34086242299751485
0.24870466321243523,0.5399644760213144,0.9892640447443092,0.3405526512318311
0.24877250409165302,0.5399644760213144,0.9892662609123024,0.3406162464981676
0.2485675306957708,0.5393724097098875,0.9892664363179128,0.3403063130365498
0.2486353711790393,0.5393724097098875,0.989270146818215,0.34036988604477636
0.2487032487032487,0.5393724097098875,0.9892723015089976,0.34043348280973246
0.24877116329874385,0.5393724097098875,0.98927258497812,0.34049710334473715
0.248565965583174,0.5387803433984606,0.9892779202270175,0.3401869158874184
0.24863387978142076,0.5387803433984606,0.9892780773703822,0.34025051411435575
0.24870183110139382,0.5387803433984606,0.9892845457240996,0.3403141361252223
0.24876981957353744,0.5387803433984606,0.9892860545597516,0.3403777819333624
0.24883784522832922,0.5387803433984606,0.9892900002380474,0.34044145155213046
0.24890590809628008,0.5387803433984606,0.9892957984746038,0.34050514499489043
0.24897400820793433,0.5387803433984606,0.9892973837649794,0.34056886227501676
0.24904214559386972,0.5387803433984606,0.9892977280885428,0.34063260340589363
0.2491103202846975,0.5387803433984606,0.9892979326203728,0.3406963684009154
0.24917853231106243,0.5387803433984606,0.98930196807204,0.3407601572734863
0.24897288414133115,0.5381882770870338,0.9893034269390876,0.3404494382018147
0.24904109589041096,0.5381882770870338,0.9893057188370468,0.3405132047195525
0.24883529734173745,0.5375962107756068,0.989309501262572,0.3402023229669709
0.24862938596491227,0.53700414446418,0.9893108132551192,0.3398913247138263
0.24869755963805867,0.53700414446418,0.989312648893963,0.33995502248832293
0.2487657707076248,0.53700414446418,0.9893157305561104,0.34001874414202277
0.24883401920438958,0.53700414446418,0.9893293310761848,0.34008248968835614
0.24890230515916575,0.53700414446418,0.9893300930711686,0.3401462591407635
0.2489706286027999,0.53700414446418,0.9893312984444986,0.3402100525126954
0.24903898956617243,0.53700414446418,0.9893341640413432,0.34027386981761254
0.24910738808019775,0.53700414446418,0.9893360884908216,0.3403377110689855
0.24917582417582418,0.53700414446418,0.9893411973000332,0.3404015762802951
0.24924429788403407,0.53700414446418,0.9893506702058203,0.3404654654650324
0.24903793293018142,0.5364120781527532,0.9893594434776458,0.34015393279476125
0.2491064063788837,0.5364120781527532,0.9893625771962752,0.34021779947384406
0.24917491749174916,0.5364120781527532,0.9893640027594376,0.340281690140412
0.24896836313617607,0.5358200118413262,0.9893658984910504,0.3399699474075307
0.24903687396807925,0.5358200118413262,0.9893666477149428,0.3400338155171321
0.24910542251582715,0.5358200118413262,0.9893679201625478,0.34009770762827773
0.2491740088105727,0.5358200118413262,0.9893724756950442,0.3401616237545
0.24924263288350318,0.5358200118413262,0.9893839213979168,0.34022556390934106
0.2493112947658402,0.5358200118413262,0.9893910323530956,0.34028952810635354
0.24910443648387987,0.5352279455298994,0.9893949619745126,0.3399774351255538
0.24917309812568908,0.5352279455298994,0.9894019722385694,0.34004137671575985
0.2492417976288944,0.5352279455298994,0.9894079725325812,0.34010534236224516
0.24931053502482073,0.5352279455298994,0.9894118364716632,0.34016933207858807
0.24910344827586206,0.5346358792184724,0.9894149616753348,0.33985698155771465
0.24917218543046357,0.5346358792184724,0.9894201793117684,0.3399209486161671
0.24896494617720122,0.5340438129070456,0.9894222662515308,0.33960843373450605
0.24903368304803974,0.5340438129070456,0.9894293005591568,0.3396723780827897
0.24910245788456228,0.5340438129070456,0.9894305162301094,0.3397363465155737
0.24917127071823206,0.5340438129070456,0.9894371708469872,0.3398003390464676
0.24924012158054712,0.5340438129070456,0.9894407519142194,0.33986435568909135
0.24930901050304036,0.5340438129070456,0.9894438559821754,0.33992839645707507
0.24937793751727952,0.5340438129070456,0.989446234981768,0.33999246136405903
0.24944690265486727,0.5340438129070456,0.9894497363875148,0.3400565504236942
0.24951590594744122,0.5340438129070456,0.9894500509155127,0.3401206636496414
0.24958494742667406,0.5340438129070456,0.989454695074066,0.3401848010555719
0.24965402712427345,0.5340438129070456,0.989454953342835,0.3402489626551675
0.2497231450719823,0.5340438129070456,0.9894627269650124,0.3403131484621201
0.2497923013015785,0.5340438129070456,0.989464101778038,0.3403773584901318
0.24958448753462603,0.5334517465956187,0.9894698367903954,0.3400641630491977
0.24965364366860626,0.5334517465956187,0.9894719927391908,0.34012835032044153
0.24972283813747229,0.5334517465956187,0.9894726812276292,0.3401925618270151
0.24979207097310785,0.5334517465956187,0.989479675657486,0.34025679758264715
0.24958402662229617,0.5328596802841918,0.9894816786858608,0.33994334277576954
0.24965325936199723,0.5328596802841918,0.9894873307664802,0.34000755572302604
0.24972253052164262,0.5328596802841918,0.9894873348361586,0.34007179293362927
0.2497918401332223,0.5328596802841918,0.989491022995741,0.3401360544213341
0.2498611882287618,0.5328596802841918,0.989493530752118,0.3402003401999056
0.24965287420161067,0.5322676139727649,0.9894974711763784,0.33988657844947084
0.24972222222222223,0.5322676139727649,0.9894975485388297,0.3399508413684441
0.24979160878021672,0.5322676139727649,0.9895049157937124,0.340015128592606
0.24986103390772652,0.5322676139727649,0.9895210073050182,0.34007944013574826
0.24993049763691966,0.5322676139727649,0.989522159060098,0.3401437760116726
0.25,0.5322676139727649,0.9895236947066356,0.3402081362341914
0.25006954102920725,0.5322676139727649,0.9895386607825534,0.3402725208171275
0.25013912075681694,0.5322676139727649,0.9895442644178074,0.3403369297743143
0.25020873921514053,0.5322676139727649,0.9895480506336324,0.34040136311959523
0.2502783964365256,0.5322676139727649,0.9895494795389128,0.3404658208668249
0.2500696184906711,0.5316755476613381,0.989556191942683,0.34015151515108
0.2501392757660167,0.5316755476613381,0.9895572540946036,0.3402159499900933
0.2502089718584564,0.5316755476613381,0.9895585143158564,0.3402804092454913
0.25027870680044595,0.5316755476613381,0.9895630165842516,0.3403448929311547
0.25006969612489544,0.5310834813499112,0.9895693764196656,0.34003032600411365
0.2501394311210262,0.5310834813499112,0.9895767454666846,0.3400947867294225
0.2502092050209205,0.5310834813499112,0.9895808382680032,0.3401592718994509
0.25,0.5304914150384843,0.9895815596407604,0.3398444908017645
0.2500697739324588,0.5304914150384843,0.9895838632911562,0.33990895295859336
0.2501395868230039,0.5304914150384843,0.9895868129397996,0.3399734395745977
0.2499301870985758,0.5298993487270575,0.9895893069010806,0.33965844402233486
0.25,0.5298993487270575,0.9895914762372712,0.33972290757215884
0.24979044425817268,0.5293072824156305,0.9895931251997084,0.33940774487427966
0.24986025712688653,0.5293072824156305,0.9895935781086144,0.33947218530429185
0.24993010902991333,0.5293072824156305,0.9895969365245918,0.3395366502084515
0.25,0.5293072824156305,0.9895970060501972,0.3396011396007038
0.25006993006993006,0.5293072824156305,0.989603421249354,0.33966565349500494
0.24986010072747622,0.5287152161042037,0.989605590816975,0.3393501805049793
0.24993003078645395,0.5287152161042037,0.9896084649616432,0.3394146712272342
0.25,0.5287152161042037,0.9896089465069752,0.3394791864660153
0.2500700084010081,0.5287152161042037,0.9896097720005728,0.3395437262353055
0.25014005602240896,0.5287152161042037,0.989611215178558,0.33960829054909814
0.2502101428971701,0.5287152161042037,0.9896133031946376,0.3396728794213973
0.250280269058296,0.5287152161042037,0.9896147143531018,0.33973749286621796
0.25035043453882816,0.5287152161042037,0.9896155361622588,0.33980213089758515
0.2501402131239484,0.5281231497927767,0.9896168611726022,0.339486203615168
0.25021037868162693,0.5281231497927767,0.9896184732935642,0.33955081842362156
0.250280583613917,0.5281231497927767,0.989618868593194,0.3396154578331826
0.2503508279539714,0.5281231497927767,0.9896221328262278,0.33968012185790336
0.25042111173498033,0.5281231497927767,0.9896232998764012,0.33974481051184696
0.2504914349901713,0.5281231497927767,0.9896281119624596,0.33980952380908735
0.250561797752809,0.5281231497927767,0.9896307097881336,0.33987426176370916
0.2506322000561956,0.5281231497927767,0.9896308494040412,0.3399390243898074
0.2507026419336706,0.5281231497927767,0.9896370039653372,0.3400038117014883
0.2507731234186112,0.5281231497927767,0.9896373734688116,0.3400686237128687
0.2508436445444319,0.5281231497927767,0.989641162493466,0.3401334604380762
0.2509142053445851,0.5281231497927767,0.9896425500455686,0.34019832189124904
0.2509848058525605,0.5281231497927767,0.9896443007391016,0.3402632080865364
0.25105544610188574,0.5281231497927767,0.98964590191884,0.3403281190380982
0.2511261261261261,0.5281231497927767,0.9896471940549074,0.340393054760105
0.2511968459588848,0.5281231497927767,0.9896472936475966,0.3404580152667387
0.2512676056338028,0.5281231497927767,0.9896479094085128,0.3405230005721914
0.251338405184559,0.5281231497927767,0.9896539135910276,0.3405880106906665
0.25140924464487036,0.5281231497927767,0.9896576969743538,0.340653045636378
0.2514801240484917,0.5281231497927767,0.9896640494993824,0.34071810542355074
0.2512690355329949,0.5275310834813499,0.9896701587427446,0.34040114613136807
0.2513399153737659,0.5275310834813499,0.9896703999143656,0.3404661826514544
0.25112866817155755,0.5269390171699231,0.989671597181604,0.3401490540794405
0.2511995484053062,0.5269390171699231,0.9896835612881358,0.3402140672778502
0.251270468661773,0.5269390171699231,0.9896872883137412,0.3402791053331509
0.25134142897486583,0.5269390171699231,0.989693438167594,0.3403441682596009
0.2514124293785311,0.5269390171699231,0.9896967743023836,0.3404092560714693
0.2514834699067533,0.5269390171699231,0.989698107487536,0.3404743687830362
0.25127190503109104,0.5263469508584961,0.9896993309586176,0.3401568777497061
0.2513429459994346,0.5263469508584961,0.9897003443122284,0.3402219670872013
0.25141402714932126,0.5263469508584961,0.9897112541095988,0.3402870813392754
0.2514851485148515,0.5263469508584961,0.98971354851818,0.3403522205202363
0.25127334465195245,0.5257548845470693,0.9897174049480026,0.3400344629518886
0.2513444664590999,0.5257548845470693,0.9897177319429484,0.3400995787050392
0.2511325028312571,0.5251628182356424,0.9897189968566072,0.33978165102427027
0.2509204191447182,0.5245707519242155,0.9897215704951944,0.3394636015321293
0.2509915014164306,0.5245707519242155,0.9897239852668456,0.33952864533391747
0.25106262397279683,0.5245707519242155,0.989737373711475,0.3395937140662544
0.2511337868480726,0.5245707519242155,0.9897418941632924,0.33965880774347634
0.25120499007655234,0.5245707519242155,0.9897446516986026,0.3397239263799302
0.25127623369256946,0.5245707519242155,0.9897497396283116,0.3397890699899743
0.25134751773049646,0.5245707519242155,0.9897532043750727,0.3398542385879778
0.2514188422247446,0.5245707519242155,0.9897542599480036,0.3399194321883208
0.2514902072097644,0.5245707519242155,0.9897626245083786,0.33998465080539464
0.2515616127200454,0.5245707519242155,0.9897672964495678,0.3400498944536014
0.25163305879011644,0.5245707519242155,0.9897723835361538,0.34011516314735457
0.25170454545454546,0.5245707519242155,0.9897725849610508,0.3401804569010784
0.2517760727479398,0.5245707519242155,0.989773856168995,0.34024577572920844
0.2515633882888005,0.5239786856127886,0.9897755582234148,0.33992702131701896
0.25163491612169464,0.5239786856127886,0.989777047589472,0.33999231655737955
0.25170648464163825,0.5239786856127886,0.989777170403658,0.3400576368871697
0.25177809388335703,0.5239786856127886,0.9897801396152108,0.34012298232085286
0.25156516789982925,0.5233866193013618,0.9897876926832972,0.33980395925383783
0.2516367776828921,0.5233866193013618,0.9897881868308864,0.3398692810453131
0.2517084282460137,0.5233866193013618,0.9897886492660192,0.33993462795572377
0.25149530048419255,0.5227945529899348,0.989789614326864,0.339615384614946
0.2515669515669516,0.5227945529899348,0.9897905925165396,0.3396807078279899
0.2516386434881733,0.5227945529899348,0.9897906270823902,0.3397460561750134
0.2517103762827822,0.5227945529899348,0.9897971240053044,0.3398114296705252
0.25149700598802394,0.522202486678508,0.989798898761574,0.33949191685868363
0.2515687393040502,0.522202486678508,0.9898038613598908,0.3395572666020636
0.2513552068473609,0.5216104203670812,0.9898163369140768,0.339237581824744
0.2511415525114155,0.5210183540556542,0.98982123542222,0.33891777392600053
0.2512132457893234,0.5210183540556542,0.989823670291051,0.3389830508470187
0.251284980011422,0.5210183540556542,0.9898238419401012,0.3390483529180738
0.2513567552127963,0.5210183540556542,0.9898320586472732,0.33911368015370347
0.25142857142857145,0.5210183540556542,0.9898373352431952,0.33917903256845666
0.25150042869391254,0.5210183540556542,0.9898477634243076,0.33924441017689316
0.25157232704402516,0.5210183540556542,0.9898506063293386,0.33930981299358426
0.2513583071203889,0.5204262877442274,0.9898526718401712,0.33898958735012
0.25143020594965676,0.5204262877442274,0.9898555055960604,0.3390549662483554
0.2515021459227468,0.5204262877442274,0.9898556108234884,0.33912037036993103
0.25157412707498567,0.5204262877442274,0.9898647292870132,0.3391857997294468
0.25164614944174063,0.5204262877442274,0.9898689130257864,0.3392512543415136
0.25143184421534936,0.5198342214328004,0.9898691092094668,0.3389307083570205
0.2515038670867946,0.5198342214328004,0.98987277281806,0.3389961389956995
0.25128939828080227,0.5192421551213736,0.9898748279330204,0.33867541996480466
0.25136142161077674,0.5192421551213736,0.9898780001959704,0.3387408265735272
0.2514334862385321,0.5192421551213736,0.9898803946103584,0.33880625845040063
0.2515055921995985,0.5192421551213736,0.9898892971416572,0.3388717156100704
0.25157773952954676,0.5192421551213736,0.9898979896288984,0.3389371980671932
0.2516499282639885,0.5192421551213736,0.9898983258582904,0.339002705836437
0.25172215843857637,0.5192421551213736,0.9898999803152466,0.33906823893248117
0.2517944300890037,0.5192421551213736,0.9899067175685824,0.3391337973700164
0.25186674325100517,0.5192421551213736,0.989912118112518,0.33919938116374493
0.25193909796035624,0.5192421551213736,0.9899129721110717,0.3392649903283802
0.25201149425287356,0.5192421551213736,0.9899160975430408,0.3393306248786469
0.25208393216441505,0.5192421551213736,0.9899211936908554,0.33939628482928136
0.2521564117308798,0.5192421551213736,0.9899265274150072,0.33946197019503127
0.25194132873166525,0.5186500888099467,0.989930191582106,0.3391405342620453
0.2520138089758343,0.5186500888099467,0.9899347973001648,0.33920619554651055
0.2517985611510791,0.5180580224985198,0.989937045839075,0.33888458559212375
0.2518710420264824,0.5180580224985198,0.9899393155236964,0.3389502227382776
0.2519435646415203,0.5180580224985198,0.9899460272511332,0.33901588531532884
0.25172811059907835,0.5174659561870929,0.9899480504195112,0.33869405153995885
0.2515125324114088,0.5168738898756661,0.9899498995250602,0.33837209302281546
0.2515850144092219,0.5168738898756661,0.9899503617984632,0.3384376817208234
0.251369270683194,0.5162818235642392,0.9899521290252034,0.3381155486618317
0.2511534025374856,0.5156897572528123,0.989952577187148,0.3377932906724314
0.25093740986443613,0.5150976909413855,0.9899544618555518,0.3374709076799319
0.2507212925562608,0.5145056246299585,0.9899574526525076,0.3371483996115865
0.2507936507936508,0.5145056246299585,0.989960551452156,0.33721381451255894
0.2508660508083141,0.5145056246299585,0.9899612599385792,0.3372792548025867
0.2506497256713832,0.5139135583185317,0.989961778856464,0.33695652173868973
0.25043327556325823,0.5133214920071048,0.9899636401034676,0.3366336633658959
0.25050563420976596,0.5133214920071048,0.989963794494114,0.3366990291257727
0.25057803468208095,0.5133214920071048,0.9899675660292336,0.33676442027534087
0.25065047701647875,0.5133214920071048,0.9899694295235122,0.3368298368293959
0.25072296124927707,0.5133214920071048,0.989970387691747,0.33689527880274545
0.2507954874168354,0.5133214920071048,0.9899721964870364,0.336960746210208
0.2508680555555556,0.5133214920071048,0.9899731395793184,0.3370262390666144
0.25065123010130247,0.5127294256956779,0.9899769450583332,0.3367029548984703
0.2507237984944991,0.5127294256956779,0.9899840371192652,0.33676842309891725
0.2507964089197799,0.5127294256956779,0.989984632642362,0.3368339167634639
0.2508690614136732,0.5127294256956779,0.9899866183262572,0.3368994359069698
0.25065198493190377,0.5121373593842511,0.9899878050588278,0.3365758754859401
0.25072463768115943,0.5121373593842511,0.989992315583044,0.3366413699158849
0.25079733256016234,0.5121373593842511,0.9899950517237276,0.3367068898399635
0.25087006960556846,0.5121373593842511,0.9899955451311062,0.3367724352730646
0.25094284885407603,0.5121373593842511,0.9899974208579404,0.3368380062300882
0.2507254788160186,0.5115452930728241,0.9899993410861504,0.33651411879215837
0.2507982583454282,0.5115452930728241,0.9900050287713232,0.33657966497813274
0.2505807200929152,0.5109532267613973,0.9900051624787808,0.33625560101261126
0.2506534998547778,0.5109532267613973,0.990006157535254,0.3363211223690051
0.2504357931435212,0.5103611604499704,0.9900171048617948,0.3359968816990322
0.25050857308921826,0.5103611604499704,0.9900178830934196,0.3360623781671997
0.2502906976744186,0.5097690941385435,0.9900181437890692,0.33573796061566274
0.2503634777551614,0.5097690941385435,0.9900193767010008,0.33580343213684377
0.2501454333915067,0.5091770278271166,0.990021747258352,0.33547883752637697
0.25021821355833573,0.5091770278271166,0.9900224546122404,0.3355442840416963
0.25,0.5085849615156898,0.9900233270345538,0.33521951219468005
0.2500727802037846,0.5085849615156898,0.9900245624463976,0.33528493364514744
0.24985439720442632,0.5079928952042628,0.9900271607873056,0.3349599843837079
0.24992717739586368,0.5079928952042628,0.9900312740557768,0.33502538071021787
0.2497086247086247,0.507400828892836,0.9900369608752492,0.3347002538562266
0.24948994462255902,0.5068087625814092,0.9900378490209883,0.33437499999955794
0.24956268221574343,0.5068087625814092,0.9900450871880524,0.3344403203746311
0.24963546223388744,0.5068087625814092,0.9900544044148936,0.3345056662754468
0.24970828471411902,0.5068087625814092,0.9900563588076344,0.3345710377169703
0.24978114969360957,0.5068087625814092,0.9900564355668696,0.33463643471417853
0.24985405720957385,0.5068087625814092,0.9900586703244112,0.33470185728206014
0.24992700729927006,0.5068087625814092,0.990065531651557,0.3347673054356155
0.25,0.5068087625814092,0.99007519315126,0.3348327791898568
0.25007303534910896,0.5068087625814092,0.9900760546488668,0.33489827855980797
0.25014611338398596,0.5068087625814092,0.9900766429457152,0.3349638035605045
0.2502192341420637,0.5068087625814092,0.990087494359912,0.33502935420699387
0.25029239766081873,0.5068087625814092,0.9900883302972224,0.33509493051433525
0.2503656039777713,0.5068087625814092,0.9900904263045088,0.3351605324975997
0.25043885313048564,0.5068087625814092,0.990090980293769,0.33522616017186985
0.25021949078138717,0.5062166962699822,0.9900920472678594,0.3349001175083704
0.2502927400468384,0.5062166962699822,0.990094115501565,0.33496571988202545
0.2500732064421669,0.5056246299585554,0.9900946545819204,0.33463949843215907
0.2501464557703574,0.5056246299585554,0.9900977805089276,0.3347050754453733
0.2502197480222678,0.5056246299585554,0.9901000440657136,0.33477067816498246
0.25,0.5050325636471285,0.9901012811782994,0.33444422662178797
0.25007329228965114,0.5050325636471285,0.9901014759889044,0.33450980392112567
0.2501466275659824,0.5050325636471285,0.9901027543189064,0.3345754069420947
0.25022000586682314,0.5050325636471285,0.99010312661315,0.33464103569983156
0.25029342723004694,0.5050325636471285,0.990106765206434,0.33470669020948424
0.2500733783387144,0.5044404973357016,0.9901091320247162,0.33437990580803406
0.2501467997651204,0.5044404973357016,0.9901114345333344,0.3344455348376333
0.2499265785609398,0.5038484310242747,0.990112726930202,0.33411857086724417
0.25,0.5038484310242747,0.9901173623754028,0.3341841743565172
0.2500734645900676,0.5038484310242747,0.9901200130440928,0.334249803613068
0.2501469723691946,0.5038484310242747,0.9901223102490156,0.3343154586520807
0.2502205233754778,0.5038484310242747,0.9901241952560618,0.33438113948875103
0.25029411764705883,0.5038484310242747,0.9901261891871024,0.3344468461382871
0.2503677552221242,0.5038484310242747,0.9901284929890626,0.33451257861590866
0.25014714537963506,0.5032563647128478,0.9901311208567728,0.33418517790401875
0.25022078304386225,0.5032563647128478,0.9901341262573732,0.3342508847813102
0.2502944640753828,0.5032563647128478,0.9901350899508732,0.3343166175020145
0.2500736377025037,0.5026642984014209,0.9901352585693188,0.3339889850506971
0.2501473187978786,0.5026642984014209,0.9901360076241724,0.3340546921105143
0.2502210433244916,0.5026642984014209,0.9901367695784732,0.3341204250290721
0.2502948113207547,0.5026642984014209,0.9901492752602372,0.33418618382163845
0.2500737245650251,0.5020722320899941,0.9901521933955242,0.33385826771609156
0.24985250737463127,0.5014801657785672,0.990152404625928,0.3335302224842972
0.24992623192682206,0.5014801657785672,0.9901535441252556,0.33359590389872895
0.25,0.5014801657785672,0.990154109429372,0.3336616111872653
0.2500738116327133,0.5014801657785672,0.9901556469732464,0.33372734436519824
0.25014766686355583,0.5014801657785672,0.99015806285273,0.3337931034478318
0.2499261447562777,0.5008880994671403,0.9901604434793596,0.3334647221122874
0.25,0.5008880994671403,0.990163169860674,0.3335304553514186
0.25007389890629617,0.5008880994671403,0.9901686301503024,0.33359621451059673
0.2498521584861029,0.5002960331557135,0.9901688875049371,0.3332676000784357
0.24992605737947352,0.5002960331557135,0.9901691678031308,0.333333333332889
0.24970414201183433,0.4997039668442866,0.9901692973945656,0.33300453738365515
0.24948209529446583,0.4991119005328597,0.9901698603349638,0.33267561168069215
0.2492599171107164,0.4985198342214328,0.9901707928691884,0.3323465561471774
0.24903760734379626,0.4979277679100059,0.9901763868328636,0.33201737070622744
0.24911137440758294,0.4979277679100059,0.99018691979565,0.3320829220133758
0.24918518518518518,0.4979277679100059,0.9901955520953414,0.332148499209666
0.24925903971547125,0.4979277679100059,0.990204110405326,0.33221410231043824
0.2490364660539579,0.49733570159857904,0.9902062737068948,0.33188463058035345
0.24881376037959668,0.49674363528715215,0.9902129208923932,0.3315550286500196
0.24888757045387125,0.49674363528715215,0.9902171256743426,0.33162055335923907
0.24896142433234422,0.49674363528715215,0.9902172328508788,0.33168610397267245
0.24903532205402196,0.49674363528715215,0.9902262775136657,0.33175168050568404
0.24910926365795724,0.49674363528715215,0.9902305832063972,0.33181728297365043
0.24888624888624888,0.49615156897572527,0.9902349001209194,0.331487341771707
0.24896019013666074,0.49615156897572527,0.9902376620814352,0.3315529179026213
0.24903417533432393,0.49615156897572527,0.9902380048626428,0.331618519983726
0.24910820451843044,0.49615156897572527,0.9902481081037948,0.3316841480304277
0.2488849241748439,0.4955595026642984,0.9902510860054472,0.3313539192394599
0.24895895300416418,0.4955595026642984,0.9902545708587148,0.33141952088650795
0.2487354953882773,0.49496743635287155,0.9902546041499192,0.3310891089104459
0.2488095238095238,0.49496743635287155,0.990255650244206,0.3311546840954153
0.24888359630842513,0.49496743635287155,0.99026084792215,0.3312202852610444
0.24895771292435973,0.49496743635287155,0.9902620203149322,0.3312859124227764
0.24903187369675306,0.49496743635287155,0.9902638468294632,0.3313515655960667
0.24880810488676997,0.49437537004144466,0.990264212345106,0.33102081268538214
0.2488822652757079,0.49437537004144466,0.9902664711894644,0.3310864393334166
0.24895646988670245,0.49437537004144466,0.9902671379671572,0.3311520920082795
0.24903071875932,0.49437537004144466,0.9902746385285696,0.3312177707254569
0.24910501193317422,0.49437537004144466,0.9902792627817004,0.3312834755004471
0.249179349447926,0.49437537004144466,0.9902809047525016,0.33134920634876075
0.24925373134328357,0.49437537004144466,0.990281515059044,0.3314149632859207
0.24932815765900268,0.49437537004144466,0.9902828761695596,0.3314807463274622
0.24910394265232974,0.4937833037300178,0.9902843472889312,0.3311494937458318
0.24917836868837764,0.4937833037300178,0.9902863896951472,0.33121525019812453
0.2492528392109982,0.4937833037300178,0.9902877759595616,0.3312810327701599
0.24902840059790732,0.4931912374185909,0.9902880261397424,0.3309495431064274
0.24910287081339713,0.4931912374185909,0.9902914615524347,0.33101529902597965
0.24917738558181274,0.4931912374185909,0.990295329582192,0.3310810810806351
0.2492519449431478,0.4931912374185909,0.9902986818005364,0.3311468892859782
0.24932654893744388,0.4931912374185909,0.9902989780953688,0.3312127236576056
0.24940119760479043,0.4931912374185909,0.9903002597616342,0.33127858421112677
0.24947589098532494,0.4931912374185909,0.9903033816148968,0.33134447096216324
0.24955062911923306,0.4931912374185909,0.9903054502176204,0.3314103839263491
0.24962541204674857,0.4931912374185909,0.9903072304439012,0.3314763231193309
0.24970023980815348,0.4931912374185909,0.9903081815774528,0.3315422885567677
0.24977511244377812,0.4931912374185909,0.9903086349999036,0.33160828025433076
0.2495500899820036,0.492599171107164,0.9903087824808092,0.3312761298024603
0.24962496249624963,0.492599171107164,0.9903122260184444,0.3313420947825086
0.24969987995198079,0.492599171107164,0.9903237587939232,0.3314080860381913
0.24977484238967276,0.492599171107164,0.9903238048944492,0.33147410358521084
0.24984984984984984,0.492599171107164,0.9903319747559384,0.3315401474392825
0.249924902373085,0.492599171107164,0.9903425443484004,0.33160621761613374
0.24969951923076922,0.4920071047957371,0.990345237155771,0.33127366952317305
0.24947400060114217,0.49141503848431023,0.990345877097889,0.33094098883527906
0.24954900781719783,0.49141503848431023,0.9903466105274908,0.33100697906236487
0.24962406015037594,0.49141503848431023,0.990350685347548,0.33107299561183884
0.2496991576413959,0.49141503848431023,0.9903531952630358,0.3311390384994535
0.2494733674390611,0.49082297217288334,0.9903533023399144,0.33080606544249014
0.24954846478025286,0.49082297217288334,0.990354568464474,0.3308720814204272
0.24962360734718458,0.49082297217288334,0.9903590255885896,0.33093812375204806
0.24969879518072288,0.49082297217288334,0.99036279929524,0.33100419245313656
0.24977402832178366,0.49082297217288334,0.9903654158020548,0.331070287539489
0.24984930681133213,0.49082297217288334,0.9903656593873846,0.33113640902691466
0.24992463069038287,0.49082297217288334,0.9903724761273672,0.33120255693123485
0.25,0.49082297217288334,0.9903736373807326,0.3312687312682841
0.25007541478129713,0.49082297217288334,0.9903754915844742,0.3313349320539093
0.25015087507543754,0.49082297217288334,0.9903793722378836,0.33140115930397007
0.24992453969212194,0.49023090586145646,0.990394343892392,0.3310675729703644
0.25,0.49023090586145646,0.990396124176378,0.3311337732449036
0.25007550588945937,0.49023090586145646,0.99040145747731,0.33119999999955263
0.2501510574018127,0.49023090586145646,0.9904014690722848,0.33126625325020276
0.25022665457842247,0.49023090586145646,0.9904054036718763,0.33133253301275783
0.2503022974607013,0.49023090586145646,0.9904056314632824,0.33139883930313463
0.25037798609011186,0.49023090586145646,0.9904060575829688,0.3314651721372626
0.250151240169389,0.4896388395500296,0.9904071002139267,0.33113113113068354
0.24992435703479576,0.48904677323860274,0.9904084044405496,0.3307969563471695
0.25,0.48904677323860274,0.9904088875145194,0.33086320849144096
0.25007568876778685,0.48904677323860274,0.990413019151358,0.3309294871790394
0.24984857662023016,0.48845470692717585,0.9904150456551646,0.3305950711275827
0.24992426537412904,0.48845470692717585,0.9904165958461566,0.33066132264484277
0.25,0.48845470692717585,0.9904217164782294,0.33072760072113966
0.2500757805395574,0.48845470692717585,0.9904234544557344,0.330793905372447
0.2501516070345664,0.48845470692717585,0.9904253814645568,0.33086023661475156
0.24992417349105248,0.48786264061574897,0.9904302667764942,0.33052547131924714
0.25,0.48786264061574897,0.9904307682421218,0.3305917753255299
0.25007587253414265,0.48786264061574897,0.9904366612299792,0.3306581059385567
0.2501517911353977,0.48786264061574897,0.9904375159424132,0.3307244631743462
0.25022775584573337,0.48786264061574897,0.9904380193763922,0.3307908470489296
0.2503037667071689,0.48786264061574897,0.990438668847293,0.3308572575783512
0.25037982376177453,0.48786264061574897,0.990439137913548,0.3309236947786682
0.25045592705167175,0.48786264061574897,0.990440508760329,0.3309901586659506
0.25053207661903315,0.48786264061574897,0.9904424671674854,0.33105664925628125
0.25060827250608275,0.48786264061574897,0.9904471062946928,0.3311231665657562
0.25068451475509584,0.48786264061574897,0.9904503053814976,0.331189710610484
0.2507608034083993,0.48786264061574897,0.990452626313944,0.3312562814065867
0.25083713850837136,0.48786264061574897,0.990457016584138,0.33132287897019885
0.25091352009744217,0.48786264061574897,0.990457218960827,0.33138950331746825
0.2506853487663722,0.4872705743043221,0.9904574222552012,0.33105390184991346
0.25076173065204144,0.4872705743043221,0.990462501720216,0.3311204988931341
0.250838159097836,0.4872705743043221,0.990464804875939,0.33118712273596984
0.25091463414634146,0.4872705743043221,0.990466822411532,0.3312537733946006
0.25099115584019516,0.4872705743043221,0.9904703841303556,0.3313204508852195
0.2510677242220866,0.4872705743043221,0.990474975948674,0.3313871552240327
0.2508391821788221,0.4866785079928952,0.9904767536854336,0.33105114780462563
0.2506105006105006,0.4860864416814683,0.990478455902074,0.33071500503479784
0.25068702290076333,0.4860864416814683,0.990482046014991,0.33078162771913194
0.25076359193646913,0.4860864416814683,0.9904853249275474,0.3308482772512133
0.2508402077604644,0.4860864416814683,0.9904863036817372,0.3309149536472737
0.2509168704156479,0.4860864416814683,0.9904894460059548,0.3309816569235582
0.25099357994497096,0.4860864416814683,0.9904940609806874,0.33104838709632506
0.25107033639143733,0.4860864416814683,0.9904941293908976,0.3311151441818457
0.2511471397981034,0.4860864416814683,0.9904942119612272,0.33118192819640435
0.25091799265605874,0.4854943753700414,0.9904956771349104,0.3308452693156694
0.2509947964493419,0.4854943753700414,0.99050114732606,0.33091202582683077
0.25107164727495407,0.4854943753700414,0.9905022547870954,0.3309788092831026
0.25114854517611024,0.4854943753700414,0.9905023766639294,0.3310456197008021
0.2512254901960784,0.4854943753700414,0.990502623350189,0.33111245709625964
0.2513024823781796,0.4854943753700414,0.9905026786116184,0.3311793214858187
0.25137952176578787,0.4854943753700414,0.9905041006533876,0.33124621288583606
0.2514566084023306,0.4854943753700414,0.9905062274043248,0.33131313131268175
0.25153374233128833,0.4854943753700414,0.9905080428635809,0.3313800767827389
0.25161092359619514,0.4854943753700414,0.9905117082830952,0.33144704931240404
0.25168815224063845,0.4854943753700414,0.99051213600724,0.33151404891808683
0.25145839729812713,0.4849023090586146,0.9905125558431144,0.3311767084508241
0.25153562653562656,0.4849023090586146,0.990513186885847,0.33124368048488895
0.25161290322580643,0.4849023090586146,0.990513620184366,0.33131067961120064
0.25138291333743085,0.4843102427471877,0.990517836725614,0.33097309326275065
0.2514601905932985,0.4843102427471877,0.9905200497037076,0.331040064750663
0.251230012300123,0.4837181764357608,0.9905215464674556,0.33070228698599
0.2513072900645955,0.4837181764357608,0.9905219461223442,0.33076923076878073
0.2510769230769231,0.48312611012433393,0.9905354964126338,0.3304312613884951
0.25115420129270544,0.48312611012433393,0.9905391213168302,0.3304981773993069
0.2512315270935961,0.48312611012433393,0.9905400692525704,0.3305651205180834
0.2513089005235602,0.48312611012433393,0.9905416052719256,0.33063209076130023
0.2513863216266174,0.48312611012433393,0.9905471139839808,0.33069908814544646
0.2514637904468413,0.48312611012433393,0.9905471692938608,0.33076611268702444
0.25154130702836003,0.48312611012433393,0.990547399533084,0.3308331644025499
0.25131051495528833,0.48253404381290704,0.9905504127055316,0.33049472830449694
0.2513880320789636,0.48253404381290704,0.9905509910005484,0.3305617521796348
0.25146559703795124,0.48253404381290704,0.9905512176758172,0.33062880324498567
0.2515432098765432,0.48253404381290704,0.9905522773800776,0.3306958815170988
0.2516208706390861,0.48253404381290704,0.9905523596910936,0.3307629870125364
0.25169857936998147,0.48253404381290704,0.9905526688885168,0.330830119747875
0.2517763361136855,0.48253404381290704,0.9905574760755368,0.3308972797397036
0.2515451174289246,0.48194197750148016,0.9905591719385468,0.3305583756340671
0.2516228748068006,0.48194197750148016,0.9905595688822206,0.33062550771685234
0.25139146567717996,0.48134991119005327,0.9905647485507992,0.3302864107247168
0.2514692236313022,0.48134991119005327,0.9905671889418256,0.3303535148309185
0.25154702970297027,0.48134991119005327,0.9905681876155,0.33042064620966904
0.25162488393686167,0.48134991119005327,0.9905682565403442,0.3304878048775979
0.251702786377709,0.48134991119005327,0.9905697373613838,0.3305549908513482
0.2517807370703004,0.48134991119005327,0.9905703718565612,0.3306222041475767
0.25154894671623296,0.4807578448786264,0.990572528726238,0.3302826926983491
0.25162689804772237,0.4807578448786264,0.9905748608541292,0.3303498779491014
0.25170489770613763,0.4807578448786264,0.9905755386522171,0.3304170905387147
0.2514728682170543,0.48016577856719955,0.990580517768664,0.33007733007687895
0.25155086848635233,0.48016577856719955,0.9905805954589606,0.33014451455277494
0.2516289171579274,0.48016577856719955,0.9905835919567164,0.3302117263839136
0.25170701427684666,0.48016577856719955,0.9905919504379632,0.3302789655870054
0.25178515988823347,0.48016577856719955,0.9905937849719062,0.3303462321787748
0.25186335403726706,0.48016577856719955,0.9905989777203824,0.3304135261759593
0.251941596769183,0.48016577856719955,0.9906053594253204,0.33048084759531066
0.25201988812927284,0.48016577856719955,0.9906117864983331,0.33054819645359385
0.2520982281628847,0.48016577856719955,0.9906128051962212,0.33061557276758763
0.251865671641791,0.47957371225577267,0.9906136706906904,0.3302752293573466
0.25194401244167963,0.47957371225577267,0.9906141238041452,0.33034257748731355
0.25171126322339765,0.4789816459443458,0.9906146652762446,0.33000203956716007
0.2517896047307812,0.4789816459443458,0.9906146675116788,0.3300693594446728
0.25186799501867996,0.4789816459443458,0.990615309758972,0.33013670679408
0.25194643413266893,0.4789816459443458,0.990619966412182,0.33020408163220133
0.25171339563862927,0.4783895796329189,0.9906233108299908,0.329863237394935
0.2514802119040199,0.477797513321492,0.9906245320406182,0.32952225398076496
0.2515586034912718,0.477797513321492,0.990627405545321,0.3295895446187027
0.2513252260679763,0.4772054470100651,0.9906298155512814,0.32924836601262
0.2514036182158453,0.4772054470100651,0.9906336175098174,0.3293156281915807
0.2514820592823713,0.4772054470100651,0.9906358700450576,0.3293829178581503
0.2515605493133583,0.4772054470100651,0.990637078126822,0.3294502350291821
0.25132688104901657,0.47661338069863823,0.9906422680422692,0.32910874897747106
0.2514053716427233,0.47661338069863823,0.9906425502194112,0.32917603761966646
0.25148391127772574,0.47661338069863823,0.9906464339393048,0.3292433537827789
0.2515625,0.47661338069863823,0.9906522767500135,0.32931069748369585
0.25132854016880274,0.47602131438721135,0.990653226207969,0.32896890343653623
0.25140712945590993,0.47602131438721135,0.9906537920802304,0.3290362185385286
0.2514857679074132,0.47602131438721135,0.9906555103046916,0.3291035611947994
0.25156445556946183,0.47602131438721135,0.9906652439077424,0.3291709314222702
0.2516431924882629,0.47602131438721135,0.990669849508198,0.32923832923787677
0.2514088916718848,0.47542924807578446,0.9906701206399616,0.3288961703866046
0.2514876291888506,0.47542924807578446,0.9906711760943764,0.3289635395325257
0.25156641604010027,0.47542924807578446,0.9906735566241702,0.3290309362830958
0.25164525227201506,0.47542924807578446,0.9906759884662828,0.3290983606552851
0.25141065830721004,0.47483718176435763,0.9906770728517096,0.32875589260049015
0.25148949513954216,0.47483718176435763,0.9906778089673816,0.32882328823242957
0.25156838143036386,0.47483718176435763,0.9906792761676426,0.3288907115025204
0.25164731722623157,0.47483718176435763,0.99068493140974,0.32895816242776704
0.2517263025737602,0.47483718176435763,0.9906906703730354,0.32902564102518816
0.25180533751962325,0.47483718176435763,0.9906910781216228,0.32909314731181627
0.251570351758794,0.47424511545293074,0.9906914015434698,0.32875025651504064
0.25164938737040526,0.47424511545293074,0.9906916271072256,0.3288177339896948
0.251414204902577,0.47365304914150386,0.9906923577439584,0.32847464586281944
0.25149324111914495,0.47365304914150386,0.9906943742773542,0.3285420944553991
0.25157232704402516,0.47365304914150386,0.990694476261376,0.3286095707532951
0.25133689839572193,0.47306098283007697,0.9906946263514064,0.32826622843011377
0.2514159848961611,0.47306098283007697,0.990695592376978,0.32833367577517864
0.251180358829084,0.4724689165186501,0.9907021552589328,0.3279901356345652
0.2512594458438287,0.4724689165186501,0.9907023091281402,0.32805755395638125
0.2510236220472441,0.4718768502072232,0.9907051510898016,0.32771381578902037
0.2511027095148078,0.4718768502072232,0.9907104855919175,0.32778120501702557
0.2511818468326505,0.4718768502072232,0.9907132623273398,0.3278486219658156
0.2512610340479193,0.4718768502072232,0.9907162512210336,0.3279160666524986
0.2513402712078209,0.4718768502072232,0.990717538838238,0.3279835390941967
0.25110410094637226,0.4712847838957963,0.9907206498410016,0.32763943198143575
0.251183338592616,0.4712847838957963,0.9907228793989729,0.327706875256854
0.2509469696969697,0.4706927175843694,0.9907306607772746,0.32736256948688425
0.25071045153141774,0.4701006512729426,0.9907431760488437,0.3270181219105842
0.25078963992419456,0.4701006512729426,0.990743233815693,0.3270854788872909
0.2505529225908373,0.4695085849615157,0.9907482223347306,0.32674083230280127
0.2506321112515803,0.4695085849615157,0.9907523872454872,0.32680815990063833
0.2503951944356623,0.4689165186500888,0.9907536303263316,0.3264633140968256
0.25015812776723595,0.46832445233866193,0.990759429601551,0.3261183261178723
0.25023726668775703,0.46832445233866193,0.9907622756906532,0.32618556700985535
0.25031645569620253,0.46832445233866193,0.9907662132619776,0.3262528356357597
0.2503956948401393,0.46832445233866193,0.9907663232533466,0.32632013201274734
0.25047498416719444,0.46832445233866193,0.99077697796452,0.3263874561579945
0.25055432372505543,0.46832445233866193,0.990780991405976,0.32645480808869154
0.25063371356147024,0.46832445233866193,0.9907817151570196,0.3265221878220433
0.25071315372424724,0.46832445233866193,0.9907821848431048,0.3265895953752684
0.2507926442612555,0.46832445233866193,0.9907840368028612,0.3266570307655999
0.250872185220425,0.46832445233866193,0.990787016588942,0.3267244940102851
0.2509517766497462,0.46832445233866193,0.9907870417392812,0.3267919851265856
0.2510314185972707,0.46832445233866193,0.9907872014204702,0.326859504131777
0.2507936507936508,0.46773238602723505,0.9907879295635376,0.3265137425083284
0.2508732931089235,0.46773238602723505,0.9907906000789776,0.3265812319135596
0.25095298602287164,0.46773238602723505,0.9907958563938912,0.32664874922427156
0.2510327295837305,0.46773238602723505,0.9907978254621136,0.3267162944577754
0.25111252383979654,0.46773238602723505,0.9907981530149744,0.3267838676313965
0.25119236883942764,0.46773238602723505,0.9907994070368508,0.3268514687624746
0.25127226463104324,0.46773238602723505,0.9908004333786558,0.3269190978683638
0.2513522112631244,0.46773238602723505,0.9908048440121826,0.3269867549664327
0.25143220878421385,0.46773238602723505,0.9908068964589264,0.327054440074064
0.25151225724291626,0.46773238602723505,0.9908073969489442,0.3271221532086549
0.2515923566878981,0.46773238602723505,0.9908083487406132,0.32718989438761725
0.25167250716788786,0.46773238602723505,0.9908100834508548,0.32725766362837694
0.2517527087316762,0.46773238602723505,0.9908121220793866,0.3273254609483745
0.251832961428116,0.46773238602723505,0.9908127110309456,0.3273932863650651
0.25191326530612246,0.46773238602723505,0.9908187492170992,0.327461139895918
0.25199362041467305,0.46773238602723505,0.9908289955520496,0.32752902155841723
0.25207402680280794,0.46773238602723505,0.9908326525157763,0.3275969313700612
0.25215448451962974,0.46773238602723505,0.990834348692568,0.32766486934836275
0.25223499361430396,0.46773238602723505,0.9908384803503096,0.32773283551084953
0.2523155541360588,0.46773238602723505,0.9908411213354767,0.3278008298750635
0.2523961661341853,0.46773238602723505,0.9908509221712344,0.3278688524585611
0.2521572387344199,0.46714031971580816,0.99085236026696,0.32752179327476255
0.25191815856777494,0.4665482534043813,0.990852918603033,0.32717458999331667
0.251998720818676,0.4665482534043813,0.9908571249733672,0.3272425249164881
0.25207933461292387,0.4665482534043813,0.9908587359640236,0.32731048805769614
0.25216,0.4665482534043813,0.9908634889794694,0.3273784794345258
0.2519206145966709,0.4659561870929544,0.9908648810382934,0.32703095782210834
0.2516810758885687,0.46536412078152756,0.9908678428391928,0.326683291770118
0.2517616912235746,0.46536412078152756,0.9908682855346448,0.3267511951772621
0.2518423582185197,0.46536412078152756,0.9908689640648364,0.32681912681867115
0.2516025641025641,0.46477205447010067,0.990869680187713,0.32647119983318956
0.25168323180506574,0.46477205447010067,0.9908774719183766,0.32653910149704846
0.2517639512508018,0.46477205447010067,0.99087787729101,0.32660703141206765
0.2518447224895733,0.46477205447010067,0.9908786684956656,0.32667498959588204
0.2519255455712452,0.46477205447010067,0.9908894421862996,0.3267429760661414
0.2520064205457464,0.46477205447010067,0.9908900501300022,0.32681099084050996
0.25208734746307,0.46477205447010067,0.9908904862998188,0.3268790339366666
0.25216832637327335,0.46477205447010067,0.990891050249964,0.3269471053723053
0.25224935732647813,0.46477205447010067,0.990897762580394,0.32701520516513444
0.25233044037287045,0.46477205447010067,0.9908980834584014,0.3270833333328772
0.25241157556270094,0.46477205447010067,0.990898096379679,0.3271514898932717
0.252492762946285,0.46477205447010067,0.9909022365290396,0.3272196748640707
0.2525740025740026,0.46477205447010067,0.9909106328093008,0.3272878882630418
0.2526552944962987,0.46477205447010067,0.990916766123972,0.32735613010796744
0.2527366387636832,0.46477205447010067,0.9909253008577324,0.3274244004166448
0.2528180354267311,0.46477205447010067,0.9909266104076896,0.3274926992068862
0.25289948453608246,0.46477205447010067,0.9909304762114544,0.3275610264965183
0.25265871737028683,0.4641799881586738,0.9909346057033585,0.32721202003293254
0.25274016763378465,0.4641799881586738,0.9909348234673072,0.3272803172610755
0.2524991938084489,0.4635879218472469,0.990939319522376,0.3269311064713597
0.2525806451612903,0.4635879218472469,0.9909469560888136,0.32699937356396186
0.25233946434333654,0.46299585553582,0.9909473252349874,0.32664995822844894
0.25209812782440283,0.4624037892243931,0.9909484297768372,0.3263003969078366
0.2521795285760413,0.4624037892243931,0.9909545787846896,0.32636857500999045
0.25193798449612403,0.46181172291296624,0.990956422086914,0.3260188087769727
0.2520193861066236,0.46181172291296624,0.9909583515326256,0.32608695652128233
0.25210084033613445,0.46181172291296624,0.9909621246485923,0.32615513276140806
0.2521823472356935,0.46181172291296624,0.9909624032564532,0.32622333751522686
0.2522639068564036,0.46181172291296624,0.9909748872628464,0.3262915708006307
0.2523455192494338,0.46181172291296624,0.990976758082894,0.3263598326355263
0.25210355987055016,0.46121965660153935,0.9909776413468574,0.32600962544419665
0.2521851731952088,0.46121965660153935,0.9909782279844126,0.3260778568434106
0.25226683937823835,0.46121965660153935,0.990979239871104,0.32614611680925604
0.2520246193715581,0.46062759029011247,0.9909833022378904,0.32579564489066515
0.25210628645495786,0.46062759029011247,0.9909834190123816,0.3258638743450925
0.2521880064829822,0.46062759029011247,0.9909851732051842,0.32593213238328805
0.2522697795071336,0.46062759029011247,0.9909870947070404,0.3260004190232175
0.2523516055789815,0.46062759029011247,0.990989611882243,0.32606873428286204
0.25243348475016225,0.46062759029011247,0.9909897716770264,0.32613707818021753
0.2525154170723791,0.46062759029011247,0.9909926462965468,0.3262054507332952
0.25227272727272726,0.46003552397868563,0.9909994249195556,0.32585447682906654
0.25235466060409223,0.46003552397868563,0.9910043775254678,0.3259228187914888
0.2521117608836907,0.45944345766725875,0.9910094496349232,0.3255716383465112
0.2521936951576211,0.45944345766725875,0.9910100589588484,0.3256399496428492
0.2519505851755527,0.45885139135583186,0.991015298202669,0.32528856243396004
0.25203252032520324,0.45885139135583186,0.991015323132278,0.3253568429886271
0.2521145087833442,0.45885139135583186,0.9910157299136456,0.32542515221453283
0.25187113569801495,0.458259325044405,0.9910187304622188,0.3250734985295716
0.2516276041666667,0.4576672587329781,0.9910240669906678,0.3247216971219955
0.25138391403451643,0.4570751924215512,0.991026903229701,0.32436974789870177
0.2514657980456026,0.4570751924215512,0.991027553821493,0.32443790712288734
0.2515477354187032,0.4570751924215512,0.9910305235838868,0.3245060949974404
0.2516297262059974,0.4570751924215512,0.9910322774716094,0.32457431154042915
0.25171177045973264,0.4570751924215512,0.991032568068902,0.32464255676993725
0.25146771037182,0.4564831261101243,0.9910348770539428,0.32429022081973125
0.25154975530179446,0.4564831261101243,0.991036064263833,0.3243584350016454
0.2516318537859008,0.4564831261101243,0.9910432314428006,0.32442667788719176
0.2517140058765916,0.4564831261101243,0.9910455824035178,0.32449494949449126
0.25146962769431747,0.45589105979869743,0.9910526109858084,0.3241422858341029
0.2512250898399216,0.4552989934872706,0.9910558998883356,0.32378947368375227
0.25130718954248366,0.4552989934872706,0.9910602340604,0.32385765424254015
0.2513893429225237,0.4552989934872706,0.9910640919203844,0.32392586352102437
0.2514715500327011,0.4552989934872706,0.9910657738382704,0.3239941015373549
0.2512266928361138,0.4547069271758437,0.9910662151634344,0.32364096080864396
0.2513089005235602,0.4547069271758437,0.9910756196873962,0.3237091675443255
0.2513911620294599,0.4547069271758437,0.9910769654765768,0.3237774030349546
0.25147347740667975,0.4547069271758437,0.9910812835478412,0.3238456672987191
0.2515558467081559,0.4547069271758437,0.9910875273988148,0.32391396035382225
0.2516382699868938,0.4547069271758437,0.9911017936142784,0.3239822822184825
0.25172074729596855,0.4547069271758437,0.9911033859367646,0.3240506329109337
0.2514754098360656,0.4541148608644168,0.9911086414100628,0.32369698248529777
0.2515578878320761,0.4541148608644168,0.9911088845248396,0.32376530181465313
0.2516404199475066,0.4541148608644168,0.9911089111435718,0.323833649988986
0.2517230062356416,0.4541148608644168,0.9911170778188608,0.3239020270265681
0.25180564674983585,0.4541148608644168,0.99112327413375,0.3239704329456868
0.25188834154351397,0.4541148608644168,0.991123896337546,0.3240388677646446
0.2519710906701708,0.4541148608644168,0.9911253172803614,0.32410733150175947
0.2517252711140322,0.45352279455298994,0.9911266337344318,0.323753169906557
0.2518080210387903,0.45352279455298994,0.9911363329552048,0.3238216021978077
0.2518908253863861,0.45352279455298994,0.9911419795996336,0.323890063424488
0.2519736842105263,0.45352279455298994,0.9911482537752494,0.3239585536049542
0.2520565975649885,0.45352279455298994,0.9911516832101032,0.32402707275757797
0.25181040157998685,0.45293072824156305,0.9911571021435857,0.3236725195679774
0.2518933157721436,0.45293072824156305,0.9911608996734826,0.3237410071937853
0.2519762845849802,0.45293072824156305,0.9911649908997386,0.3238095238090644
0.25205930807248766,0.45293072824156305,0.991171652290488,0.3238780694322248
0.25181278839815424,0.45233866193013617,0.991174919330306,0.32352318441622485
0.2518958127266733,0.45233866193013617,0.9911779175598888,0.323591698432408
0.2519788918205805,0.45233866193013617,0.9911806272415056,0.3236602414738044
0.2517321016166282,0.4517465956187093,0.99118067185405,0.3233050847453031
0.2518151815181518,0.4517465956187093,0.9911816612609036,0.32337359610040917
0.2518983162759987,0.4517465956187093,0.9911829077633878,0.3234421364980567
0.25198150594451785,0.4517465956187093,0.991190452300916,0.3235107059567165
0.25206475057813016,0.4517465956187093,0.9911924696442792,0.3235793044948753
0.25181758096497026,0.4511545293072824,0.9911935795865928,0.32322375397621045
0.251900826446281,0.4511545293072824,0.9911985280292924,0.3232923207462521
0.251984126984127,0.4511545293072824,0.9912000935478642,0.323360916613162
0.2517366854118425,0.45056246299585556,0.9912043126219944,0.32300509337814787
0.25181998676373263,0.45056246299585556,0.991204653247384,0.3230736573971202
0.2519033432638199,0.45056246299585556,0.9912058854503684,0.3231422505303255
0.25198675496688744,0.45056246299585556,0.991207393504751,0.3232108727963121
0.25207022192779066,0.45056246299585556,0.9912115144347378,0.3232795242136436
0.2521537442014579,0.45056246299585556,0.991214671031446,0.3233482048008996
0.25223732184289027,0.45056246299585556,0.9912176087488256,0.32341691457667543
0.2523209549071618,0.45056246299585556,0.9912244253114492,0.32348565355958225
0.25240464344941954,0.45056246299585556,0.9912314038215152,0.3235544217682472
0.252156602521566,0.4499703966844287,0.9912377827533816,0.32319795874927393
0.2522402920677066,0.4499703966844287,0.9912401471818488,0.3232666950229339
0.25232403718459495,0.4499703966844287,0.9912419746559098,0.32333546053985024
0.25207572235137826,0.4493783303730018,0.9912447288532076,0.3229787234037949
0.2521594684385382,0.4493783303730018,0.9912465819990576,0.32304745690526415
0.25191093386507146,0.4487862640615749,0.9912472636882056,0.3226905065980921
0.25199468085106386,0.4487862640615749,0.9912478271270097,0.32275920800464913
0.2517459261722647,0.448194197750148,0.991249148645092,0.3224020442925547
0.2518296739853626,0.448194197750148,0.9912497818316652,0.32247071352456597
0.2519134775374376,0.448194197750148,0.9912534128924118,0.322539412014878
0.2519973368841545,0.448194197750148,0.9912535330394792,0.3226081397821943
0.2520812520812521,0.448194197750148,0.9912568516140698,0.32267689684523404
0.25216522318454365,0.448194197750148,0.9912578617446222,0.3227456832227325
0.25191602799066976,0.44760213143872113,0.9912590266693772,0.3223880597010317
0.252,0.44760213143872113,0.9912611999288328,0.32245681381911684
0.25208402800933644,0.44760213143872113,0.991266387869665,0.32252559726916363
0.25216811207471646,0.44760213143872113,0.9912676176530693,0.32259441006994644
0.25191858525191857,0.44701006512729424,0.9912717120470153,0.32223644899655135
0.2520026702269693,0.44701006512729424,0.9912736054183342,0.32230522945524864
0.25208681135225375,0.44701006512729424,0.9912791096247277,0.32237403928220326
0.25217100868403475,0.44701006512729424,0.991281801012642,0.322442878496229
0.2522552622786502,0.44701006512729424,0.991283266835676,0.32251174711615566
0.25233957219251335,0.44701006512729424,0.9912852308150664,0.32258064516082907
0.25242393848211303,0.44701006512729424,0.9912924947790605,0.32264957264911137
0.2525083612040134,0.44701006512729424,0.9912990304501864,0.32271852959988057
0.25259284041485447,0.44701006512729424,0.991299682220325,0.32278751603203115
0.25267737617135205,0.44701006512729424,0.9913065502770172,0.3228565319644734
0.252761968530298,0.44701006512729424,0.9913074293029908,0.3229255774161339
0.2525117213663764,0.44641799881586736,0.991307758561417,0.3225668449193245
0.2525963149078727,0.44641799881586736,0.9913085154124112,0.3226358579370652
0.2526809651474531,0.44641799881586736,0.9913098936800864,0.32270490049172756
0.2527656721421388,0.44641799881586736,0.9913131829565216,0.3227739726022781
0.25251509054325955,0.44582593250444047,0.9913145818545128,0.3224149004491208
0.25259979872526,0.44582593250444047,0.9913203747961724,0.32248394004236486
0.2523489932885906,0.44523386619301364,0.9913214750313132,0.3221246519592727
0.25243370258476,0.44523386619301364,0.99132184141628,0.32219365895412266
0.2525184687709872,0.44523386619301364,0.9913230380782576,0.32226269552128656
0.2522673832717501,0.44464179988158675,0.9913248183474648,0.3219031290179693
0.25235215053763443,0.44464179988158675,0.9913287946727694,0.3219721329041469
0.25243697478991595,0.44464179988158675,0.9913341363293002,0.32204116638032704
0.25252185608607935,0.44464179988158675,0.9913406835483892,0.32211022946554696
0.2522704339051463,0.44404973357015987,0.9913420117307364,0.32175032174985974
0.2520188425302826,0.443457667258733,0.991344241004493,0.32139025960048184
0.2517670817906429,0.4428656009473061,0.9913450397396292,0.3210300429179928
0.2518518518518518,0.4428656009473061,0.9913460489188106,0.32109894827169916
0.25193667901650385,0.4428656009473061,0.9913580915021738,0.3211678832112166
0.25202156334231807,0.4428656009473061,0.991367182343202,0.32123684775560385
0.25210650488709135,0.4428656009473061,0.9913731385724396,0.32130584192393635
0.2521915037086986,0.4428656009473061,0.991373292892312,0.32137486573530566
0.25227655986509273,0.4428656009473061,0.9913734242657364,0.32144391920881993
0.252361673414305,0.4428656009473061,0.9913759860362932,0.32151300236360375
0.2524468444144448,0.4428656009473061,0.9913763535320316,0.32158211521879804
0.2525320729237002,0.4428656009473061,0.9913766314094854,0.32165125779356024
0.2526173590003377,0.4428656009473061,0.9913833017787008,0.3217204301070643
0.2527027027027027,0.4428656009473061,0.9913870803488682,0.3217896321785006
0.2524501520784049,0.4422735346358792,0.991389135210942,0.32142857142810877
0.2525354969574036,0.4422735346358792,0.99138922946506,0.3214977404772648
0.2526208995603652,0.4422735346358792,0.991391391322486,0.3215669393021631
0.2527063599458728,0.4422735346358792,0.9913966693977116,0.32163616792203453
0.25279187817258886,0.4422735346358792,0.9913970860626626,0.3217054263561263
0.25287745429925523,0.4422735346358792,0.9914013816797864,0.32177471462370255
0.25296308838469356,0.4422735346358792,0.9914025688060928,0.3218440327440438
0.2530487804878049,0.4422735346358792,0.9914035172122566,0.3219133807364472
0.2531345306675703,0.4422735346358792,0.9914059025760602,0.3219827586202266
0.25322033898305085,0.4422735346358792,0.991406016784438,0.3220521664147127
0.2533062054933876,0.4422735346358792,0.9914084512264868,0.32212160413925234
0.2533921302578019,0.4422735346358792,0.9914087404161648,0.3221910718132095
0.2534781133355955,0.4422735346358792,0.991414948599702,0.32226056945596476
0.2535641547861507,0.4422735346358792,0.991416594871324,0.3223300970869154
0.2533106960950764,0.4416814683244523,0.9914308237817392,0.32196806214886775
0.2530570652173913,0.44108940201302543,0.9914322807400456,0.3216058709255026
0.2531430513081889,0.44108940201302543,0.9914347434093556,0.3216753022447871
0.2532290958531611,0.44108940201302543,0.9914353286744206,0.32174476354952586
0.25297517851071066,0.4404973357015986,0.9914368405697558,0.32138228941638325
0.2530612244897959,0.4404973357015986,0.9914533238319514,0.32145171743310746
0.25314732902347736,0.4404973357015986,0.9914608491252644,0.32152117545329617
0.2528931245745405,0.4399052693901717,0.9914626274119098,0.3211584179809499
0.2529792305073204,0.4399052693901717,0.9914669325236364,0.32122784262815723
0.25306539509536785,0.4399052693901717,0.9914756531939208,0.32129729729683365
0.25315161839863715,0.4399052693901717,0.9914811515038424,0.3213667820064568
0.25323790047716427,0.4399052693901717,0.9914817788455784,0.32143629677652086
0.2533242413910672,0.4399052693901717,0.9914831183188392,0.3215058416265375
0.2534106412005457,0.4399052693901717,0.991483249442165,0.3215754165760348
0.25315591948140564,0.43931320307874483,0.991484380469694,0.3212121212116573
0.25324232081911263,0.43931320307874483,0.9914891291330236,0.3212816626970897
0.25332878115397744,0.43931320307874483,0.9914898258057504,0.32135123430009904
0.25341530054644806,0.43931320307874483,0.9914945966104698,0.32142083604025506
0.253501879057055,0.43931320307874483,0.9914959456923568,0.32149046793714425
0.2535885167464115,0.43931320307874483,0.9914980320074248,0.32156013001037015
0.25333333333333335,0.43872113676731794,0.9914982988526032,0.32119635890720827
0.25341997264021887,0.43872113676731794,0.9914983922590674,0.321265987426373
0.2535066712281902,0.43872113676731794,0.9914997300191836,0.3213356461400388
0.2532511978097194,0.43812907045589106,0.991499841089704,0.32097158967639544
0.2529955494693598,0.43753700414446417,0.991501150129245,0.3206073752706854
0.25273972602739725,0.4369449378330373,0.991501814788896,0.3202430028201041
0.2528263103802672,0.4369449378330373,0.9915031289378052,0.32031249999953565
0.25257025359835505,0.4363528715216104,0.9915055478157752,0.31994790536094214
0.25265683921837506,0.4363528715216104,0.99150640023445,0.320017368649123
0.252400548696845,0.43576080521018357,0.9915111224688468,0.31965255157391115
0.2521440823327616,0.4351687388987567,0.9915142336725242,0.31928757602038693
0.2522306108442004,0.4351687388987567,0.9915204502171552,0.31935694112488844
0.25231719876416064,0.4351687388987567,0.9915205174666686,0.31942633637502427
0.25240384615384615,0.4351687388987567,0.991529459686157,0.3194957617904503
0.2524905530745448,0.4351687388987567,0.9915326625054456,0.3195652173908396
0.25257731958762886,0.4351687388987567,0.9915339811817616,0.3196347031958823
0.2526641457545548,0.4351687388987567,0.9915381363195096,0.3197042192252855
0.25240715268225583,0.4345766725873298,0.9915387130085698,0.31933869915115576
0.2524939800481596,0.4345766725873298,0.9915388553823496,0.3194081810265151
0.25258086717136957,0.4345766725873298,0.9915404783835732,0.3194776931442576
0.25266781411359723,0.4345766725873298,0.9915407932856452,0.31954723552413233
0.2524104683195592,0.4339846062759029,0.9915430890952336,0.3191813629431448
0.2521529452290734,0.433392539964476,0.9915462123079528,0.31881533100998793
0.25223983459682975,0.433392539964476,0.9915469773724496,0.31888477455845454
0.25232678386763185,0.433392539964476,0.9915497665113516,0.3189542483655479
0.2524137931034483,0.433392539964476,0.9915529190479032,0.31902375245104936
0.25250086236633323,0.433392539964476,0.9915549117864884,0.31909328683475713
0.2525879917184265,0.433392539964476,0.9915566372766152,0.319162851536487
0.25232999654815325,0.43280047365304913,0.9915579874221,0.31879633667637725
0.2520718232044199,0.43220840734162225,0.9915581586493384,0.318429661940647
0.25215889464594127,0.43220840734162225,0.9915613408766843,0.31849912739918557
0.2522460262612301,0.43220840734162225,0.9915647917214148,0.3185686231721289
0.2519875561700657,0.43161634103019536,0.9915695938388462,0.3182016586638733
0.2520746887966805,0.43161634103019536,0.9915744104597116,0.31827111984236356
0.25181598062953997,0.43102427471876853,0.9915746906390088,0.31790393013053886
0.2519031141868512,0.43102427471876853,0.991574751377357,0.3179733566276191
0.251644167532018,0.43043220840734164,0.991575165311784,0.31760594145868687
0.2517313019390582,0.43043220840734164,0.9915772465864854,0.31767533318721186
0.2514721163837894,0.42984014209591476,0.9915786557293786,0.3173076923072266
0.2515592515592516,0.42984014209591476,0.9915801844066496,0.3173770491798621
0.25164644714038126,0.42984014209591476,0.9915820680210264,0.3174464363790707
0.25173370319001387,0.42984014209591476,0.99158445486165,0.3175158539247474
0.2518210197710718,0.42984014209591476,0.9915906671856478,0.31758530183680445
0.2515614156835531,0.42924807578448787,0.9915957744512682,0.31721723911570127
0.2516487330787921,0.42924807578448787,0.9915960945055368,0.31728665207830864
0.2517361111111111,0.42924807578448787,0.9915962722116064,0.31735609542522886
0.2518235498436957,0.42924807578448787,0.991596946594064,0.31742556917641657
0.25191104933981934,0.42924807578448787,0.9915987159332154,0.31749507335184396
0.25199860966284326,0.42924807578448787,0.991598941006856,0.3175646079715006
0.25208623087621695,0.42924807578448787,0.9915995694205032,0.3176341730553936
0.25217391304347825,0.42924807578448787,0.9916000878098112,0.31770376862354777
0.25191370911621436,0.428656009473061,0.9916023301238446,0.3173350865653895
0.2520013922728855,0.428656009473061,0.991602534733341,0.3174046470841457
0.2520891364902507,0.428656009473061,0.9916116262437442,0.31747423810521225
0.25217694183211425,0.428656009473061,0.9916126156154716,0.31754385964865645
0.2519163763066202,0.4280639431616341,0.9916157273232656,0.3171748190387966
0.25165562913907286,0.4274718768502072,0.9916182176368826,0.31680561649799777
0.25174337517433754,0.4274718768502072,0.9916185932331802,0.31687513715116833
0.2514823857690966,0.4268798105387803,0.9916220058770924,0.31650570675984946
0.2515701325889742,0.4268798105387803,0.9916235658656378,0.31657519209613055
0.25165794066317626,0.4268798105387803,0.9916284823886904,0.3166447079485891
0.25174581005586594,0.4268798105387803,0.9916291049623585,0.3167142543373326
0.25183374083129584,0.4268798105387803,0.9916297781484726,0.31678383128248583
0.25192173305380855,0.4268798105387803,0.9916310654273686,0.31685343880419153
0.25166025865082137,0.42628774422735344,0.9916326013982328,0.3164835164830497
0.2517482517482518,0.42628774422735344,0.9916358937035352,0.31655308859043224
0.2518363064008394,0.42628774422735344,0.9916366011556934,0.31662269129240905
0.2515745276417075,0.4256956779159266,0.9916383674511172,0.31625247415831914
0.2513125656282814,0.4251036116044997,0.9916393740081983,0.3158820941482352
0.25140056022408963,0.4251036116044997,0.9916427287520028,0.3159515951590489
0.25148861646234677,0.4251036116044997,0.991642816741186,0.3160211267600963
0.2515767344078486,0.4251036116044997,0.9916434412698576,0.3160906889715778
0.251664914125482,0.4251036116044997,0.9916438498683788,0.31616028181371164
0.2517531556802244,0.4251036116044997,0.991644653241547,0.31622990530673384
0.25184145913714484,0.4251036116044997,0.9916457327004318,0.3162995594708984
0.25157894736842107,0.42451154529307283,0.99164850004229,0.31592861863799937
0.2516672516672517,0.42451154529307283,0.9916543058020184,0.3159982371083912
0.25140449438202245,0.42391947898164595,0.9916544453862008,0.3156270663429313
0.2514927994380049,0.42391947898164595,0.9916605386335836,0.315696649029515
0.2515811665495432,0.42391947898164595,0.9916618150139958,0.31576626240306066
0.2516695957820738,0.42391947898164595,0.9916675569402928,0.31583590648387305
0.25140646976090014,0.42332741267021906,0.9916686648885024,0.3154643723798546
0.2514948997537812,0.42332741267021906,0.9916696231712534,0.3155339805820567
0.2512315270935961,0.4227353463587922,0.9916715822822322,0.3151622158459239
0.25131995776135163,0.4227353463587922,0.9916730330121788,0.31523178807900254
0.25140845070422535,0.4227353463587922,0.9916753103447282,0.315301391035081
0.25149700598802394,0.4227353463587922,0.9916759794140956,0.31537102473451456
0.2512332628611698,0.4221432800473653,0.991677527174464,0.3149988955153263
0.25132181882270005,0.4221432800473653,0.991682119503014,0.3150684931502171
0.251410437235543,0.4221432800473653,0.9916837655225132,0.31513812154649345
0.25149911816578485,0.4221432800473653,0.9916841099913278,0.31520778072455424
0.2515878616796048,0.4221432800473653,0.9916888723041322,0.31527747070481615
0.2516766678432757,0.4221432800473653,0.9916899094725112,0.31534719150771423
0.2514124293785311,0.4215512137359384,0.9916969199299772,0.31497456314927763
0.2515012363122571,0.4215512137359384,0.99170187448096,0.3150442477871425
0.25159010600706716,0.4215512137359384,0.9917039975379184,0.3151139632657412
0.25167903852951573,0.4215512137359384,0.9917053433837286,0.3151837096055522
0.2514144271570014,0.42095914742451157,0.991706460806818,0.31481071507590996
0.25150336045277677,0.42095914742451157,0.9917068356640082,0.3148804251545362
0.2515923566878981,0.42095914742451157,0.9917135873791674,0.31495016611248855
0.25168141592920357,0.42095914742451157,0.9917152793041046,0.3150199379702893
0.2514164305949009,0.4203670811130847,0.9917192307595042,0.3146465765561459
0.25115125752745304,0.4197750148016578,0.991726204996216,0.31427304964492164
0.25124025513819986,0.4197750148016578,0.9917313801768206,0.3143427178004626
0.2509748316199929,0.4191829484902309,0.9917357349575238,0.3139689578709284
0.251063829787234,0.4191829484902309,0.9917362003381782,0.31403858948722274
0.25115289109613337,0.4191829484902309,0.991736433479984,0.31410825199598214
0.2512420156139106,0.4191829484902309,0.991743584701611,0.31417794541776967
0.25133120340788073,0.4191829484902309,0.9917453418638116,0.3142476697731665
0.2510653409090909,0.418590882178804,0.99174549772256,0.31387347391740034
0.2507992895204263,0.41799881586737714,0.9917657770074776,0.31349911190006413
0.2508884150675195,0.41799881586737714,0.9917677901010497,0.31356873195600465
0.2509776039815144,0.41799881586737714,0.9917769573716556,0.3136383829404463
0.2507112375533428,0.41740674955595025,0.9917783563542122,0.3132637191730481
0.2504446816079687,0.41681468324452337,0.991785510063981,0.31288888888842
0.2505338078291815,0.41681468324452337,0.9917875351989104,0.312958435207355
0.25062299750801,0.41681468324452337,0.9917894026821644,0.3130280124495088
0.25071225071225073,0.41681468324452337,0.9917926791120792,0.31309762063551055
0.25080156750979693,0.41681468324452337,0.991798801228566,0.3131672597860078
0.25089094796863864,0.41681468324452337,0.9917992982731876,0.31323692992166663
0.25062388591800355,0.41622261693309653,0.9918019744590404,0.3128615932349558
0.2507132667617689,0.41622261693309653,0.9918035525334872,0.3129312263516341
0.25080271138066357,0.41622261693309653,0.9918049140881632,0.3130008904714809
0.25089221984296933,0.41622261693309653,0.9918066802786932,0.31307058561520656
0.25098179221706535,0.41622261693309653,0.9918087542632792,0.3131403118035396
0.2507142857142857,0.41563055062166965,0.991813947064106,0.31276453553082934
0.2508038585209003,0.41563055062166965,0.9918145169110736,0.31283422459846105
0.2505360972122945,0.41503848431024276,0.9918146343026628,0.3124582126137494
0.2502681444404719,0.4144464179988159,0.9918220225200892,0.3120820329910597
0.25,0.413854351687389,0.9918229068805012,0.3117056856182596
0.25008944543828265,0.413854351687389,0.9918242129976632,0.311775200713179
0.25017895490336434,0.413854351687389,0.991825682840994,0.3118447468208554
0.2502685284640172,0.413854351687389,0.991828567626815,0.3119143239620471
0.2503581661891118,0.413854351687389,0.9918294749982908,0.31198393215753073
0.2504478681476173,0.413854351687389,0.9918319027131256,0.31205357142810164
0.25053763440860216,0.413854351687389,0.9918329442067296,0.31212324179457374
0.25026891358910003,0.4132622853759621,0.9918373870862084,0.3117463153188692
0.2503586800573888,0.4132622853759621,0.99183885372759,0.3118159481791147
0.2500897021887334,0.4126702190645352,0.9918449505429164,0.3114387846286632
0.2501794687724336,0.4126702190645352,0.9918466762933908,0.3115083798877982
0.2502692998204668,0.4126702190645352,0.9918477654993,0.3115780062579118
0.25,0.41207815275310833,0.9918483482335012,0.3112005365521792
0.2500898311174991,0.41207815275310833,0.9918497183831372,0.31127012522314357
0.2501797268152408,0.41207815275310833,0.99185032114286,0.31133974502301454
0.25026968716289105,0.41207815275310833,0.9918525464521442,0.3114093959726842
0.25,0.41148608644168144,0.991854445594026,0.3110315506820091
0.2500899604174163,0.41148608644168144,0.9918560854934052,0.31110116383122177
0.2501799856011519,0.41148608644168144,0.991856957395344,0.3111708081481753
0.24990997479294202,0.4108940201302546,0.9918576059398894,0.31079265561977154
0.24963976945244956,0.4103019538188277,0.991858399004632,0.3104143337061366
0.24972972972972973,0.4103019538188277,0.991864102903414,0.31048387096727154
0.2498197548666186,0.4103019538188277,0.991869871629896,0.31055343939007407
0.24990984493328525,0.4103019538188277,0.991873076880894,0.3106230389954954
0.25,0.4103019538188277,0.9918745855460472,0.31069266980450594
0.2500902201371346,0.4103019538188277,0.9918759383681052,0.3107623318380945
0.25018050541516246,0.4103019538188277,0.9918783522442176,0.3108320251172688
0.2502708559046587,0.4103019538188277,0.9918807929847098,0.31090174966305556
0.25,0.40970988750740084,0.9918838859884376,0.31052277316533594
0.2500903505601735,0.40970988750740084,0.9918883685242,0.3105924596045562
0.2501807664497469,0.40970988750740084,0.9918894760032828,0.3106621773283732
0.2502712477396022,0.40970988750740084,0.9919045960264375,0.3107319263578588
0.25,0.40911782119597395,0.9919059293422176,0.31035257129977617
0.25009048136083967,0.40911782119597395,0.9919059333943796,0.31042228211992445
0.2501810282404055,0.40911782119597395,0.9919061450169868,0.3104920242637394
0.2502716407098877,0.40911782119597395,0.9919098991082156,0.31056179775233805
0.2503623188405797,0.40911782119597395,0.991910596540786,0.31063160260685646
0.25009061254077564,0.40852575488454707,0.9919186190611686,0.31025179856068
0.25018129079042783,0.40852575488454707,0.9919211346586798,0.3103215650995964
0.250272034820457,0.40852575488454707,0.9919214994864995,0.31039136302247083
0.25036284470246734,0.40852575488454707,0.991924183166921,0.31046119235048497
0.25045372050816694,0.40852575488454707,0.9919246964621417,0.31053105310483925
0.25054466230936817,0.40852575488454707,0.9919290609871164,0.3106009453067536
0.2502724300762804,0.4079336885731202,0.9919321625379972,0.31022062134126666
0.25036337209302323,0.4079336885731202,0.991933758894652,0.31029047511774527
0.2504543802253726,0.4079336885731202,0.9919346320583486,0.310360360359889
0.25054545454545457,0.4079336885731202,0.9919361081632724,0.31043027708896315
0.2502728264823572,0.4073416222616933,0.9919372375346248,0.3100495718787534
0.25,0.4067495559502664,0.9919373540064552,0.3096686950637611
0.2500910083727703,0.4067495559502664,0.9919412519210996,0.30973850315552487
0.2501820830298616,0.4067495559502664,0.9919473664703562,0.30980834272782604
0.24990892531876138,0.4061574896388396,0.9919511969610624,0.3094271538109853
0.25,0.4061574896388396,0.991953069665783,0.3094969546577733
0.25009114108640174,0.4061574896388396,0.991956586420992,0.3095667870031384
0.25018234865062,0.4061574896388396,0.9919571100666742,0.30963665086840664
0.2502736227654141,0.4061574896388396,0.9919580401876174,0.3097065462749233
0.2503649635036496,0.4061574896388396,0.991958085108804,0.3097764732440529
0.25009127418765975,0.4055654233274127,0.991960096824567,0.30939476061380095
0.2501826150474799,0.4055654233274127,0.9919611360832874,0.30946464874585744
0.24990865911582025,0.4049733570159858,0.991961787896798,0.3090826931762113
0.2496345029239766,0.4043812907045589,0.99197461662667,0.3087005649712794
0.24972577696526507,0.4043812907045589,0.9919762880077364,0.30877034357999816
0.24981711777615215,0.4043812907045589,0.9919790094480784,0.3088401537413321
0.24990852542993047,0.4043812907045589,0.9919794467818884,0.3089099954766875
0.25,0.4043812907045589,0.991980310945812,0.3089798688074898
0.2500915415598682,0.4043812907045589,0.9919817016257276,0.3090497737551839
0.2501831501831502,0.4043812907045589,0.9919818489523882,0.30911971034123403
0.2502748259435691,0.4043812907045589,0.9919851747709376,0.30918967858712393
0.250366568914956,0.4043812907045589,0.9919867474901344,0.30925967851435676
0.25045837917125047,0.4043812907045589,0.9919882322816638,0.30932971014445515
0.2505502567865004,0.4043812907045589,0.9919882978227116,0.30939977349896136
0.2506422018348624,0.4043812907045589,0.9919904112711676,0.3094698685994369
0.25073421439060206,0.4043812907045589,0.9919914790915544,0.3095399954674632
0.2504590525156078,0.40378922439313203,0.9919947935649956,0.3091568449677958
0.2505510653930933,0.40378922439313203,0.99200107815593,0.30922693266785656
0.25027563395810365,0.40319715808170514,0.9920034416109904,0.3088435374144934
0.25036764705882353,0.40319715808170514,0.9920047491840254,0.3089135858466582
0.2504597278411181,0.40319715808170514,0.9920204559486948,0.30898366606123334
0.25055187637969095,0.40319715808170514,0.9920240124308022,0.309053778079854
0.2506440927493559,0.40319715808170514,0.9920266063752056,0.3091239219241754
0.2507363770250368,0.40319715808170514,0.9920310613074068,0.3091940976158723
0.25082872928176797,0.40319715808170514,0.9920342019853914,0.3092643051766389
0.2509211495946942,0.40319715808170514,0.992038073486669,0.3093345446281894
0.25064504238849983,0.40260509177027826,0.9920386693757268,0.3089504770554108
0.25073746312684364,0.40260509177027826,0.9920412307269292,0.3090206771183636
0.25082995204721503,0.40260509177027826,0.9920418797125552,0.3090909090904361
0.25092250922509224,0.40260509177027826,0.9920442988850988,0.3091611729933892
0.25101513473606496,0.40260509177027826,0.992045602663016,0.30923146884900393
0.2511078286558346,0.40260509177027826,0.9920471941166148,0.3093017966790811
0.25120059106021425,0.40260509177027826,0.9920481047498046,0.30937215650544125
0.25129342202512933,0.40260509177027826,0.992049718649246,0.3094425483499249
0.2513863216266174,0.40260509177027826,0.9920510827894784,0.3095129722343925
0.2514792899408284,0.40260509177027826,0.992054947770237,0.3095834281807241
0.25157232704402516,0.40260509177027826,0.9920595888257336,0.3096539162108199
0.25129533678756477,0.40201302545885137,0.9920663740709728,0.30926895923432507
0.2513883746760459,0.40201302545885137,0.992067683820786,0.3093394077444013
0.2511111111111111,0.40142095914742454,0.992069542991459,0.30895420369057236
0.25120414968506855,0.40142095914742454,0.9920723127322186,0.30902461257928954
0.251297257227576,0.40142095914742454,0.9920744168900288,0.30909505356688466
0.25101965146459027,0.40082889283599765,0.9920753036345002,0.3087095303232838
0.25111275964391694,0.40082889283599765,0.9920760860050252,0.3087799315844751
0.25120593692022264,0.40082889283599765,0.9920776789820724,0.30885036496303
0.25129918337045287,0.40082889283599765,0.9920786747146906,0.3089208304809318
0.2513924990716673,0.40082889283599765,0.9920810018902252,0.3089913281601835
0.2514858841010401,0.40082889283599765,0.9920817978293786,0.30906185802280856
0.2515793385358603,0.40082889283599765,0.992081928568507,0.3091324200908504
0.2513011152416357,0.40023682652457077,0.99208530739012,0.3087462891066282
0.2513945704722945,0.40023682652457077,0.9920860063408864,0.30881681132890026
0.25148809523809523,0.40023682652457077,0.992086046299667,0.3088873657751715
0.2515816896166729,0.40023682652457077,0.992091465041608,0.3089579524675333
0.2516753536857781,0.40023682652457077,0.9920919781452486,0.30902857142809737
0.2517690875232775,0.40023682652457077,0.992092924137397,0.30909922267899553
0.2518628912071535,0.40023682652457077,0.992093367825337,0.3091699062423798
0.25195676481550505,0.40023682652457077,0.992094641928609,0.3092406221404225
0.25205070842654737,0.40023682652457077,0.9920959924122076,0.30931137039531625
0.25214472211861244,0.40023682652457077,0.992099050504117,0.309382151029274
0.25223880597014925,0.40023682652457077,0.992102397512759,0.30945296406452916
0.2523329600597238,0.40023682652457077,0.9921103278781508,0.30952380952333525
0.2524271844660194,0.40023682652457077,0.9921120359835752,0.30959468742796625
0.2521479267837131,0.3996447602131439,0.9921130210000788,0.30920751259686874
0.2522421524663677,0.3996447602131439,0.9921174433306033,0.30927835051498953
0.2523364485981308,0.3996447602131439,0.9921197348785956,0.30934922089778405
0.2524308152580404,0.3996447602131439,0.992119837341154,0.30942012376757505
0.25252525252525254,0.3996447602131439,0.99212208731602,0.30949105914670566
0.25261976047904194,0.3996447602131439,0.9921228863788176,0.30956202705753966
0.25271433919880193,0.3996447602131439,0.992123136551782,0.30963302752246114
0.2524344569288389,0.399052693901717,0.992125845151626,0.30924523973340917
0.25252903709254404,0.399052693901717,0.992126698116104,0.3093162000913105
0.25262368815592207,0.399052693901717,0.99212838722616,0.3093871930222474
0.25271841019872515,0.399052693901717,0.992134894698914,0.30945821854865285
0.2528132033008252,0.399052693901717,0.9921355810334334,0.3095292766929809
0.2529080675422139,0.399052693901717,0.9921382661413428,0.30960036747770614
0.253003003003003,0.399052693901717,0.9921394747524188,0.30967149092532337
0.2530980097634247,0.399052693901717,0.992140781259622,0.30974264705834864
0.2531930879038317,0.399052693901717,0.992145513324474,0.30981383589931816
0.2529124389327321,0.3984606275902901,0.9921517073190032,0.30942528735584685
0.25300751879699246,0.3984606275902901,0.992152369444083,0.3094964359618151
0.2531026701767582,0.3984606275902901,0.9921557320556502,0.3095676172948331
0.2528216704288939,0.3978685612788632,0.9921608173938556,0.30917874396087747
0.2529168234851336,0.3978685612788632,0.9921615462046453,0.30924988495120453
0.25301204819277107,0.3978685612788632,0.9921615932474536,0.30932105868767207
0.25310734463276835,0.3978685612788632,0.9921624215753088,0.3093922651928949
0.2532027128862095,0.3978685612788632,0.9921633991107066,0.30946350448950855
0.2529212212589521,0.39727649496743633,0.992165169120696,0.3090741593730852
0.2526395173453997,0.39668442865600945,0.9921656845518398,0.3086846348762811
0.25273481705016976,0.39668442865600945,0.9921683734434156,0.3087557603681882
0.2528301886792453,0.39668442865600945,0.9921713827322644,0.30882691864437356
0.2529256323140808,0.39668442865600945,0.9921739551188936,0.3088981097275097
0.2526435045317221,0.3960923623445826,0.9921760175479756,0.3085081853811246
0.252738949754439,0.3960923623445826,0.9921777155986982,0.3085793357928824
0.2528344671201814,0.3960923623445826,0.9921784223420942,0.3086505190306662
0.25293005671077506,0.3960923623445826,0.992179287195333,0.3087217351171985
0.2530257186081694,0.3960923623445826,0.9921845218600328,0.30879298407522243
0.25312145289443816,0.3960923623445826,0.9921845720984056,0.30886426592750216
0.25321725965177894,0.3960923623445826,0.992186502322992,0.30893558069682275
0.2533131389625142,0.3960923623445826,0.99219015179927,0.3090069284059907
0.2534090909090909,0.3960923623445826,0.9921955906570424,0.3090783090778332
0.2535051155740811,0.3960923623445826,0.992196831485218,0.3091497227351988
0.25360121304018196,0.3960923623445826,0.9921972683001076,0.3092211694009569
0.25369738339021614,0.3960923623445826,0.9922028266339368,0.30929264909799836
0.253793626707132,0.3960923623445826,0.992204564319468,0.309364161849235
0.2535104364326376,0.39550029603315573,0.9922048156641434,0.30897317298749805
0.25322703113135914,0.39490822972172884,0.9922079409421548,0.3085820032380157
0.25332320546904674,0.39490822972172884,0.9922083205679966,0.30865340120267054
0.2530395136778115,0.39431616341030196,0.9922172670570656,0.308261976393877
0.2531356898517674,0.39431616341030196,0.9922182762128376,0.3083333333328571
0.2532319391634981,0.39431616341030196,0.9922188072581408,0.30840472331510604
0.25332826169646255,0.39431616341030196,0.9922202298056242,0.3084761463635811
0.2534246575342466,0.39431616341030196,0.9922212728167346,0.308547602501261
0.2535211267605634,0.39431616341030196,0.992223334670924,0.3086190917511455
0.2536176694592536,0.39431616341030196,0.9922233488710313,0.3086906141362559
0.25333333333333335,0.39372409709887507,0.992224953264381,0.3082985628182533
0.2534298780487805,0.39372409709887507,0.9922293904373892,0.30837004405238694
0.2535264963781929,0.39372409709887507,0.992229576899032,0.3084415584410819
0.2536231884057971,0.39372409709887507,0.992232242223774,0.3085131060074102
0.2533384204502098,0.3931320307874482,0.992232248433124,0.30812064965149555
0.25305343511450384,0.3925399644760213,0.9922334014404856,0.30772801113899884
0.2531500572737686,0.3925399644760213,0.9922342318046112,0.3077994428964593
0.2532467532467532,0.3925399644760213,0.9922390625861954,0.30787090782399507
0.2533435231180741,0.3925399644760213,0.9922434741508,0.307942405944716
0.25344036697247707,0.3925399644760213,0.9922436181112416,0.30801393728175314
0.25353728489483746,0.3925399644760213,0.9922437591035752,0.30808550185825917
0.25325172149961744,0.3919478981645944,0.9922443739225848,0.3076923076918308
0.2533486414083429,0.3919478981645944,0.9922458929598998,0.30776383077590613
0.25344563552833077,0.3919478981645944,0.992245921175291,0.3078353871187976
0.25354270394484874,0.3919478981645944,0.992247153360018,0.30790697674370904
0.25363984674329504,0.3919478981645944,0.9922472069730854,0.3079785996738658
0.25373706400919893,0.3919478981645944,0.9922515533609602,0.308050255932515
0.25383435582822084,0.3919478981645944,0.9922522834011304,0.3081219455429252
0.2539317222861527,0.3919478981645944,0.9922565587199564,0.30819366852838687
0.2540291634689179,0.3919478981645944,0.9922613423353088,0.308265424912212
0.254126679462572,0.3919478981645944,0.9922626443518472,0.30833721471773423
0.2542242703533026,0.3919478981645944,0.9922649795013204,0.3084090379683091
0.2543219362274299,0.3919478981645944,0.9922762444462812,0.3084808946873139
0.2544196771714066,0.3919478981645944,0.9922837137938004,0.3085527848981477
0.25413302575932334,0.3913558318531676,0.9922844281319324,0.3081585081580308
0.2542307692307692,0.3913558318531676,0.9922858723292144,0.3082303567260322
0.25432858791843016,0.3913558318531676,0.9922870688287296,0.3083022388054927
0.2540415704387991,0.3907637655417407,0.9922994473455746,0.307907627711209
0.25413939160569887,0.3907637655417407,0.9922996785565964,0.30797946803498677
0.2542372881355932,0.3907637655417407,0.992302656027438,0.3080513418898375
0.2543352601156069,0.3907637655417407,0.99230303814586,0.30812324929924223
0.25404780262143406,0.3901716992303138,0.99230316170628,0.3077282278771782
0.2537601234091786,0.3895796329188869,0.9923077614091196,0.30733302195188106
0.25385802469135804,0.3895796329188869,0.9923089376790072,0.30740481195934477
0.2539560015438055,0.3895796329188869,0.9923175314346068,0.30747663551354093
0.25405405405405407,0.3895796329188869,0.9923183458847612,0.3075484926379891
0.253765932792584,0.38898756660746003,0.9923232807459356,0.3071528751748377
0.25386398763523954,0.38898756660746003,0.9923252241219762,0.3072246902029357
0.25396211828372633,0.38898756660746003,0.9923254095779346,0.3072965388208504
0.25406032482598606,0.38898756660746003,0.9923265281119132,0.30736842105215356
0.2541586073500967,0.38898756660746003,0.9923277717548296,0.30744033692043915
0.25425696594427244,0.38898756660746003,0.9923410647206996,0.30751228644932305
0.25435540069686413,0.38898756660746003,0.9923439674901098,0.3075842696624433
0.25406661502711075,0.38839550029603315,0.9923459470208476,0.30718801217465647
0.25377760557923285,0.38780343398460626,0.9923475968741756,0.3067915690861729
0.25387596899224807,0.38780343398460626,0.9923492308623812,0.3068634340590205
0.25397440868553706,0.38780343398460626,0.9923493581100198,0.30693533270805035
0.25368502715283164,0.3872113676731794,0.9923505529683698,0.306538551675172
0.25378346915017463,0.3872113676731794,0.9923511906908706,0.30661040787575233
0.2534937888198758,0.38661930136175254,0.9923529102167616,0.30621336459506676
0.25359223300970873,0.38661930136175254,0.9923546956117963,0.30628517823591933
0.25369075369075367,0.38661930136175254,0.992354879204612,0.30635702556836975
0.2537893509521959,0.38661930136175254,0.9923606557335808,0.3064289066161334
0.25388802488335926,0.38661930136175254,0.9923609633096656,0.306500821402948
0.25398677557370675,0.38661930136175254,0.9923622482306464,0.3065727699525731
0.25408560311284045,0.38661930136175254,0.9923629443177512,0.30664475228879123
0.25418450759050215,0.38661930136175254,0.9923632774680732,0.30671676843540674
0.2542834890965732,0.38661930136175254,0.9923661298034708,0.3067888184162468
0.25438254772107516,0.38661930136175254,0.992376157986702,0.30686090225516033
0.2544816835541699,0.38661930136175254,0.9923776894996744,0.30693301997601946
0.25458089668615985,0.38661930136175254,0.9923802971455944,0.30700517160271823
0.2546801872074883,0.38661930136175254,0.9923803796832892,0.30707735715917317
0.25477955520873974,0.38661930136175254,0.9923826525354904,0.30714957666932363
0.25487900078064013,0.38661930136175254,0.9923839866297666,0.3072218301571311
0.254978524014057,0.38661930136175254,0.9923857792769536,0.30729411764657993
0.255078125,0.38661930136175254,0.9923872712732362,0.30736643916167683
0.25478702618210236,0.38602723505032566,0.992391754898002,0.3069679849336076
0.254886630179828,0.38602723505032566,0.9923942812509524,0.30704026371508486
0.254986312084474,0.38602723505032566,0.992395160895617,0.30711257654214924
0.25508607198748046,0.38602723505032566,0.9923981060759748,0.3071849234388613
0.2551859099804305,0.38602723505032566,0.9924065205615392,0.30725730442930405
0.25489428347689896,0.38543516873889877,0.9924073362475778,0.306858354937065
0.25499412455934195,0.38543516873889877,0.9924088136640934,0.3069306930688277
0.25509404388714735,0.38543516873889877,0.99241011800822,0.307003065314305
0.25480203841630733,0.3848431024274719,0.9924105473805866,0.30660377358442636
0.2549019607843137,0.3848431024274719,0.99241095965667,0.3066761028539674
0.2550019615535504,0.3848431024274719,0.9924111524643198,0.3067484662571894
0.25510204081632654,0.3848431024274719,0.99241474664346,0.30682086381826024
0.25480957989791914,0.384251036116045,0.9924153161575064,0.3064211520297377
0.2549096622152396,0.384251036116045,0.9924170312438994,0.306493506493027
0.2546168958742633,0.3836589698046181,0.992417669395708,0.3060935285776971
0.2543238993710692,0.3830669034931912,0.9924189799530984,0.30569336168154265
0.2540306724341329,0.38247483718176434,0.992423294982048,0.30529300567059786
0.25413060582218727,0.38247483718176434,0.992426534948752,0.30536516189978036
0.2538370720188902,0.38188277087033745,0.9924294673572982,0.30496453900661247
0.25393700787401574,0.38188277087033745,0.9924343936942404,0.3050366516902273
0.25364316660102404,0.3812907045589106,0.992435063338502,0.30463576158892425
0.25374310480693457,0.3812907045589106,0.9924380730898166,0.3047078306122479
0.25344895545920376,0.38069863824748373,0.9924406915440784,0.30430667297633035
0.2535488958990536,0.38069863824748373,0.9924415223456218,0.30437869822437214
0.2536489151873767,0.38069863824748373,0.9924481632065558,0.3044507575752776
0.2537490134175217,0.38069863824748373,0.992455705209756,0.30452285105327326
0.2538491906829846,0.38069863824748373,0.9924574355536712,0.3045949786826086
0.2539494470774092,0.38069863824748373,0.9924601412456336,0.304667140487556
0.2540497826945871,0.38069863824748373,0.992460806920789,0.3047393364924109
0.2541501976284585,0.38069863824748373,0.9924667429948106,0.3048115667214919
0.2542506919731119,0.38069863824748373,0.9924710870716666,0.30488383119914053
0.25395569620253167,0.38010657193605685,0.9924781504737634,0.3044818591410896
0.25366046695686584,0.37951450562462996,0.992481535331824,0.3040796963942067
0.25376088677751385,0.37951450562462996,0.9924838047095887,0.3041518386709314
0.25346534653465347,0.3789224393132031,0.992489832911684,0.3037494067389596
0.25356576862123614,0.3789224393132031,0.992491262276493,0.303821504865411
0.2536662703131193,0.3789224393132031,0.9924917205743616,0.30389363722649015
0.25337034099920697,0.3783303730017762,0.9924936222474608,0.30349085727807573
0.25347084490281635,0.3783303730017762,0.99249873616467,0.3035629453676906
0.25357142857142856,0.3783303730017762,0.9924990810136336,0.30363506771156507
0.2536720921000397,0.3783303730017762,0.9925013243668316,0.30370722433412023
0.25377283558379665,0.3783303730017762,0.992507299324807,0.30377941525979985
0.25387365911799764,0.3783303730017762,0.992507636572902,0.30385164051307145
0.25357710651828297,0.3777383066903493,0.9925083002914508,0.3034482758615883
0.2536779324055666,0.3777383066903493,0.9925143140182668,0.3035204567074165
0.2533810660302307,0.3771462403789224,0.9925153349113768,0.3031168213176254
0.25348189415041783,0.3771462403789224,0.9925162154439168,0.30318895763873865
0.2531847133757962,0.3765541740674956,0.9925177284676684,0.30278505117781007
0.2528872958980486,0.3759621077560687,0.9925181095719672,0.3023809523804716
0.25298804780876494,0.3759621077560687,0.992518451771636,0.30245296499118385
0.2526903148664807,0.3753700414446418,0.9925222620028892,0.3020485945683615
0.2527910685805423,0.3753700414446418,0.9925227611726648,0.30212056230592843
0.25289190267251693,0.3753700414446418,0.992523114201732,0.30219256434651615
0.2529928172386273,0.3753700414446418,0.992523522659982,0.30226460071465605
0.2530938123752495,0.3753700414446418,0.9925273047759796,0.30233667143490284
0.2531948881789137,0.3753700414446418,0.9925284995876792,0.3024087765318346
0.25329604474630446,0.3753700414446418,0.9925298592630084,0.3024809160300532
0.2533972821742606,0.3753700414446418,0.99253289018622,0.3025530899541836
0.25309876049580166,0.3747779751332149,0.99253306405506,0.3021479713599006
0.2532,0.3747779751332149,0.992535876306598,0.30222010026211127
0.25290116046418565,0.37418590882178804,0.9925385803105486,0.30181470869101823
0.2530024019215372,0.37418590882178804,0.9925442421171196,0.3018867924523489
0.25310372446936324,0.37418590882178804,0.9925443580391762,0.3019589106540815
0.2532051282051282,0.37418590882178804,0.992546235027944,0.3020310633209045
0.2529058116232465,0.37359384251036115,0.9925479460536016,0.30162523900525473
0.2530072173215718,0.37359384251036115,0.992551070641572,0.3016973464016223
0.25310870437224225,0.37359384251036115,0.9925513965593292,0.3017694882826366
0.2532102728731942,0.37359384251036115,0.9925520003462672,0.3018416646730416
0.2533119229225211,0.37359384251036115,0.9925528453790348,0.3019138755976046
0.25301204819277107,0.37300177619893427,0.992558805546208,0.3015075376879606
0.2531137002812374,0.37300177619893427,0.9925589839669182,0.3015797032067945
0.2528135048231511,0.3724097098875074,0.99256143942853,0.3011730907344956
0.25291515882589466,0.3724097098875074,0.9925621971648128,0.3012452107274876
0.25301689460981497,0.3724097098875074,0.9925641184310005,0.30131736526897934
0.25311871227364185,0.3724097098875074,0.9925696998101564,0.3013895543838018
0.2532206119162641,0.3724097098875074,0.9925697742782402,0.30146177809681024
0.25332259363672976,0.3724097098875074,0.9925699736465896,0.3015340364328834
0.2534246575342466,0.3724097098875074,0.9925740325114312,0.301606329416924
0.2535268037081822,0.3724097098875074,0.9925763782337876,0.30167865707385855
0.2532258064516129,0.37181764357608055,0.9925786688792112,0.301271288078194
0.2529245663574022,0.37122557726465366,0.9925798959413604,0.3008637236079633
0.25302663438256656,0.37122557726465366,0.9925800344705972,0.3009359251255078
0.2531287848203472,0.37122557726465366,0.9925845388706576,0.3010081613053268
0.25323101777059775,0.37122557726465366,0.9925871257797791,0.30108043217238706
0.25292929292929295,0.3706335109532268,0.9925888199620604,0.30067243035494534
0.2526273241713824,0.3700414446417999,0.992593376036341,0.3002642325241395
0.2527294783663567,0.3700414446417999,0.9925940223377976,0.30033637674146874
0.25283171521035597,0.3700414446417999,0.992594621221042,0.3004085556351822
0.2529340348037232,0.3700414446417999,0.9925969795302564,0.3004807692302869
0.25303643724696356,0.3700414446417999,0.9926011980886984,0.30055301755181385
0.2531389226407452,0.3700414446417999,0.9926021369737276,0.30062530062481824
0.2532414910858995,0.3700414446417999,0.9926031929757552,0.3006976184743792
0.25334414268342115,0.3700414446417999,0.9926074785291572,0.3007699711256003
0.25344687753446876,0.3700414446417999,0.992610394717161,0.300842358603609
0.2535496957403651,0.3700414446417999,0.9926138472594784,0.30091478093355695
0.2536525974025974,0.3700414446417999,0.9926155290699324,0.30098723814062023
0.2537555826228177,0.3700414446417999,0.992617952394892,0.3010597302499991
0.2538586515028432,0.3700414446417999,0.9926204055177156,0.301132257286918
0.25396180414465663,0.3700414446417999,0.9926208597822584,0.30120481927662573
0.25365853658536586,0.369449378330373,0.9926239073185136,0.30079537237840376
0.2533550223668158,0.3688573120189461,0.992624448389356,0.3003857280612337
0.2530512611879577,0.36826524570751923,0.9926247742480268,0.2999758861822999
0.25315425315425316,0.36826524570751923,0.9926249527034524,0.30004823926628027
0.2528501628664495,0.36767317939609234,0.9926315754543612,0.2996381182142337
0.2529531568228106,0.36767317939609234,0.9926323951793788,0.2997104247099418
0.2530562347188264,0.36767317939609234,0.9926347986567896,0.29978276611103044
0.2527517325723604,0.36708111308466546,0.992637024677963,0.29937228392032816
0.2528548123980424,0.36708111308466546,0.9926388919010478,0.29944457860371887
0.2529579763361893,0.36708111308466546,0.9926429058134996,0.2995169082120773
0.2530612244897959,0.36708111308466546,0.9926490251314324,0.2995892727707177
0.25316455696202533,0.36708111308466546,0.9926501024350918,0.2996616723049785
0.25326797385620914,0.36708111308466546,0.9926602389318122,0.29973410684022267
0.25337147527584797,0.36708111308466546,0.992663084547582,0.2998065764018379
0.2534750613246116,0.36708111308466546,0.9926644923548752,0.29987908101523625
0.25316973415132926,0.3664890467732386,0.992664970745346,0.2994678277692313
0.2532733224222586,0.3664890467732386,0.9926675520392284,0.29954028550641243
0.25337699549733933,0.3664890467732386,0.9926697379200028,0.29961277831510236
0.2534807534807535,0.3664890467732386,0.9926698994855648,0.29968530622077055
0.2535845964768538,0.3664890467732386,0.992672581144139,0.2997578692489113
0.2532786885245902,0.36589698046181174,0.9926753982850132,0.2993460886408341
0.25338253382533826,0.36589698046181174,0.9926759999645188,0.2994186046506793
0.2534864643150123,0.36589698046181174,0.9926788680861856,0.2994911558027634
0.2531801395157981,0.36530491415038485,0.9926806389610487,0.2990790111483288
0.2532840722495895,0.36530491415038485,0.9926885183184676,0.2991515151510316
0.253388090349076,0.36530491415038485,0.9926921697578226,0.29922405431571425
0.2530813475760066,0.36471284783895797,0.9926941834256556,0.29881154499102736
0.2531853678586108,0.36471284783895797,0.992694317513824,0.29888403687481957
0.25287828947368424,0.3641207815275311,0.992696702779406,0.29847124484300086
0.25298231180584124,0.3641207815275311,0.992696735875604,0.2985436893199046
0.25308641975308643,0.3641207815275311,0.9926974828771752,0.2986161689725679
0.2527789213668176,0.3635287152161042,0.9926978218543612,0.2982030111699872
0.2528830313014827,0.3635287152161042,0.992699534686575,0.2982754432834608
0.25298722702925425,0.3635287152161042,0.9927011835468312,0.2983479105923247
0.25309150865622426,0.3635287152161042,0.9927032886258064,0.2984204131222379
0.25278350515463915,0.3629366489046773,0.9927047126266222,0.2980068060277124
0.2528877887788779,0.3629366489046773,0.9927072351319002,0.29807926087965214
0.25299215848122164,0.3629366489046773,0.9927073280775688,0.2981517509722786
0.2530966143682907,0.3629366489046773,0.9927094212645292,0.29822427633130866
0.2527881040892193,0.3623445825932504,0.9927108094309196,0.297810218977618
0.2528925619834711,0.3623445825932504,0.9927126947752598,0.29788269651935034
0.25299710624224886,0.3623445825932504,0.9927192578126408,0.2979552093471302
0.2531017369727047,0.3623445825932504,0.9927202582104432,0.2980277574867327
0.253206454282168,0.3623445825932504,0.9927213358604086,0.298100340963958
0.25289735099337746,0.3617525162818236,0.9927256849178738,0.2976857490859956
0.2525879917184265,0.3611604499703967,0.9927312603081052,0.2972709551652077
0.2522783761391881,0.3605683836589698,0.992731342564584,0.2968559590538661
0.25196850393700787,0.35997631734754293,0.9927324648385648,0.2964407606040987
0.25207296849087896,0.35997631734754293,0.9927340966997448,0.29651304559815006
0.2521775197013687,0.35997631734754293,0.992736187391392,0.296585365853174
0.25228215767634854,0.35997631734754293,0.9927372343241798,0.29665772139497776
0.2523868825238688,0.35997631734754293,0.9927391217918424,0.29673011224939344
0.25249169435215946,0.35997631734754293,0.9927392118165116,0.2968025384422784
0.25259659326963024,0.35997631734754293,0.9927395852287316,0.2968749999995154
0.25270157938487114,0.35997631734754293,0.9927396122844464,0.2969474969470123
0.2528066528066528,0.35997631734754293,0.99274147561604,0.2970200293107024
0.2529118136439268,0.35997631734754293,0.992741764919947,0.2970925971165443
0.2530170620058261,0.35997631734754293,0.9927429963431796,0.2971652003905221
0.2527060782681099,0.35938425103611604,0.9927452661563424,0.29674896113371224
0.25281132861307787,0.35938425103611604,0.9927475906084996,0.2968215158919357
0.2525,0.35879218472468916,0.992751869069264,0.2964049889943794
0.25218841183826596,0.35820011841326227,0.9927519516185264,0.2959882583165405
0.25229357798165136,0.35820011841326227,0.992754090336658,0.2960606802050448
0.2523988318731748,0.35820011841326227,0.9927553541221352,0.2961331375423442
0.2525041736227045,0.35820011841326227,0.992756319367638,0.2962056303544721
0.25260960334029225,0.35820011841326227,0.992756421192688,0.2962781586674875
0.2527151211361738,0.35820011841326227,0.9927577896515778,0.29635072250747474
0.2528207271207689,0.35820011841326227,0.9927591414798482,0.2964233219005438
0.2525083612040134,0.3576080521018354,0.9927592196068192,0.2960058809110561
0.25261396905060646,0.3576080521018354,0.9927614910105138,0.29607843137206385
0.25271966527196654,0.3576080521018354,0.9927662355809136,0.2961510174057418
0.2524068647969862,0.35701598579040855,0.9927673366406038,0.2957332025497845
0.25251256281407036,0.35701598579040855,0.9927680917245936,0.2958057395138635
0.25261834939254296,0.35701598579040855,0.9927728892309676,0.29587831207017223
0.2527242246437552,0.35701598579040855,0.9927745294670244,0.2959509202449134
0.2528301886792453,0.35701598579040855,0.992776526325392,0.2960235640643158
0.2525167785234899,0.35642391947898167,0.992783382445747,0.2956052050081077
0.2526227444397818,0.35642391947898167,0.9927835517809748,0.2956777996065872
0.25272879932829556,0.35642391947898167,0.9927885552398716,0.29575042986932537
0.252834943301134,0.35642391947898167,0.9927893085275856,0.2958230958226103
0.25252100840336134,0.3558318531675548,0.9927914340726012,0.2954042762344615
0.2526271542664985,0.3558318531675548,0.992794431656708,0.29547689282154
0.25273338940285955,0.3558318531675548,0.9927945189973622,0.2955495451187669
0.25283971392511567,0.3558318531675548,0.9927970734052188,0.2956222331524902
0.2529461279461279,0.3558318531675548,0.9927983574763406,0.29569495694908376
0.25305263157894736,0.3558318531675548,0.9927989783095104,0.2957677165349473
0.2531592249368155,0.3558318531675548,0.9928025837607124,0.29584051193650657
0.2532659081331648,0.3558318531675548,0.9928075955472506,0.2959133431802134
0.2533726812816189,0.3558318531675548,0.9928079154763304,0.2959862102925454
0.25347954449599325,0.3558318531675548,0.992810196648266,0.2960591133000067
0.25358649789029536,0.3558318531675548,0.992811234715048,0.2961320522291273
0.2536935415787252,0.3558318531675548,0.9928112416730126,0.2962050271064633
0.2533783783783784,0.3552397868561279,0.9928159475983532,0.2957850628538399
0.2534854245880862,0.3552397868561279,0.992823928948183,0.2958579881651945
0.25359256128486896,0.3552397868561279,0.9928274213898448,0.29593094944464343
0.2536997885835095,0.3552397868561279,0.9928305790362584,0.29600394671880353
0.25380710659898476,0.3552397868561279,0.9928330176031716,0.2960769800143177
0.25391451544646637,0.3552397868561279,0.9928333423614476,0.2961500493578554
0.25359864521591874,0.354647720544701,0.992838856848096,0.2957294495181512
0.25370605675561203,0.354647720544701,0.9928390357494143,0.29580246913531627
0.2538135593220339,0.354647720544701,0.9928454460333151,0.2958755248204572
0.2534972445951674,0.3540556542332741,0.9928470534012102,0.29545454545405914
0.2536047497879559,0.3540556542332741,0.992848848784669,0.2955275512720612
0.2532880780653373,0.35346358792184723,0.992850236047429,0.2951062778047534
0.2533955857385399,0.35346358792184723,0.9928537852925684,0.29517923362126886
0.2535031847133758,0.35346358792184723,0.99285399396442,0.29525222551880137
0.2531860662701784,0.35287152161042035,0.9928547872739988,0.29483057135741614
0.2532936676583085,0.35287152161042035,0.9928556844543936,0.2949035131118341
0.2534013605442177,0.35287152161042035,0.9928568932417658,0.2949764909670958
0.25308379413015736,0.35227945529899346,0.9928584139944364,0.294554455445058
0.2531914893617021,0.35227945529899346,0.992860873379876,0.29462738301511127
0.25287356321839083,0.35168738898756663,0.9928619273944036,0.29420505200545694
0.25298126064735943,0.35168738898756663,0.992862008053331,0.29427792915482665
0.25308904985087344,0.35168738898756663,0.9928638379967554,0.2943508424177492
0.252770673486786,0.35109532267613974,0.9928644623845108,0.29392812887188
0.2528784648187633,0.35109532267613974,0.9928646052861604,0.2940009915711543
0.2529863481228669,0.35109532267613974,0.9928652355875822,0.2940738904036789
0.25309432351685873,0.35109532267613974,0.9928659014063608,0.2941468253963386
0.2527754056362084,0.35050325636471286,0.9928669916142898,0.29372364177574734
0.25288338316958564,0.35050325636471286,0.9928678367771652,0.29379652605410367
0.252991452991453,0.35050325636471286,0.9928691899036052,0.2938694465122954
0.2526720820863617,0.34991119005328597,0.992870680468286,0.2934458788475766
0.25278015397775877,0.34991119005328597,0.9928742775724206,0.29351874844748915
0.25288831835686776,0.34991119005328597,0.9928751374416314,0.2935916542469049
0.2529965753424658,0.34991119005328597,0.9928784273449522,0.2936645962728049
0.2531049250535332,0.34991119005328597,0.9928790702788122,0.2937375745521968
0.2532133676092545,0.34991119005328597,0.9928805505423828,0.29381058911211544
0.2533219031290184,0.34991119005328597,0.9928815478480372,0.2938836399796222
0.25300171526586623,0.3493191237418591,0.9928898911448428,0.2934593384725295
0.2526812526812527,0.3487270574304322,0.9928925826100784,0.2930348258701595
0.25278969957081543,0.3487270574304322,0.9928946116588682,0.29310773824285685
0.25289823958780594,0.3487270574304322,0.992897252687412,0.29318068690842264
0.25300687285223367,0.3487270574304322,0.9928987361146208,0.29325367189396123
0.2526858616244091,0.3481349911190053,0.9929009512380784,0.2928286852584767
0.2523645743766122,0.3475429248075784,0.9929017274607568,0.29240348692354745
0.25204301075268815,0.3469508584961516,0.9929054169339756,0.29197807673095255
0.2521514629948365,0.3469508584961516,0.9929062356387456,0.292050834786455
0.2522600086095566,0.3469508584961516,0.9929066397375196,0.29212362911217454
0.25193798449612403,0.3463587921847247,0.9929072075895492,0.2916978309643592
0.2520465316673847,0.3463587921847247,0.9929101180828116,0.2917705735655972
0.2521551724137931,0.3463587921847247,0.9929114894243714,0.2918433524564842
0.2522639068564036,0.3463587921847247,0.9929120682885006,0.29191616766418305
0.25194132873166525,0.3457667258732978,0.9929133749106438,0.2914898926873087
0.2516184721622788,0.34517465956187093,0.9929135045398744,0.29106340489217325
0.25172711571675305,0.34517465956187093,0.9929136513144888,0.2911360798996371
0.25140388768898486,0.34458259325044405,0.992913743503606,0.29070929070880297
0.2515125324114088,0.34458259325044405,0.992914799099636,0.2907819135643386
0.25118893212278426,0.34399052693901716,0.9929172077409818,0.2903548225882179
0.2512975778546713,0.34399052693901716,0.9929188813502476,0.2904273931512242
0.2514063176114236,0.34399052693901716,0.9929201048792936,0.2904999999995121
0.2510822510822511,0.3433984606275903,0.992932279266766,0.29007251812904444
0.2511909917713296,0.3433984606275903,0.9929335101712872,0.29014507253578015
0.2512998266897747,0.3433984606275903,0.9929338490557658,0.2902176632469476
0.25140875596012136,0.3433984606275903,0.9929340976451548,0.29029029028980224
0.2510841283607979,0.3428063943161634,0.9929352515998646,0.2898623279093993
0.2507592190889371,0.34221432800473656,0.9929365259809012,0.2894341512263522
0.2508680555555556,0.34221432800473656,0.9929394380601376,0.28950663661358655
0.2505427702996092,0.34162226169330967,0.9929436161171764,0.2890781563121371
0.25021720243266726,0.3410301953818828,0.992952757562014,0.2886494612874096
0.24989135158626685,0.3404381290704559,0.9929603318931344,0.28822055137795793
0.24956521739130436,0.339846062759029,0.9929620451898576,0.28779142642217403
0.24923879947803393,0.3392539964476021,0.9929641802823868,0.287362086258288
0.24934725848563968,0.3392539964476021,0.9929648419366944,0.2874341610228375
0.24945581192860253,0.3392539964476021,0.9929675745105212,0.28750627195134304
0.2495644599303136,0.3392539964476021,0.9929718909596073,0.28757841907102977
0.2496732026143791,0.3392539964476021,0.9929725016055744,0.28765060240915014
0.24978204010462074,0.3392539964476021,0.9929726468720484,0.28772282199298377
0.2494548626253816,0.33866193013617524,0.9929730922636304,0.2872928176790695
0.24956369982547993,0.33866193013617524,0.992974750957814,0.2873649836719556
0.24967263203841117,0.33866193013617524,0.9929815663203204,0.28743718592915973
0.2497816593886463,0.33866193013617524,0.992983162157672,0.2875094244780236
0.24989078200087375,0.33866193013617524,0.992991933304492,0.28758169934591665
0.25,0.33866193013617524,0.9929991197730064,0.2876540105602355
0.25010931351114996,0.33866193013617524,0.9930004662553592,0.2877263581484047
0.24978127734033245,0.33806986382474835,0.9930025150348384,0.28729559748378797
0.24945295404814005,0.33747779751332146,0.9930037296049364,0.28686462002970753
0.24956217162872155,0.33747779751332146,0.993004196331806,0.2869368235585346
0.24967148488830487,0.33747779751332146,0.993006940935956,0.28700906344362
0.24934268185801928,0.33688573120189463,0.9930085615245792,0.2865776882392493
0.2494519947391495,0.33688573120189463,0.9930091186680892,0.28664987405492676
0.24912280701754386,0.33629366489046775,0.9930139771447932,0.2862181909796069
0.24923211935059236,0.33629366489046775,0.9930148267862042,0.2862903225801562
0.24934152765583845,0.33629366489046775,0.9930163817720792,0.2863624905465239
0.2494510320597277,0.33629366489046775,0.9930204656682032,0.28643469490621803
0.2491212653778559,0.33570159857904086,0.9930234312819112,0.2860025220676068
0.24923076923076923,0.33570159857904086,0.9930322281502202,0.2860746720479469
0.24934036939313983,0.33570159857904086,0.993032325088812,0.28614685844008625
0.24945006599208094,0.33570159857904086,0.9930328985681344,0.2862190812715957
0.24955985915492956,0.33570159857904086,0.9930359693349248,0.2862913405700738
0.24966974900924702,0.33570159857904086,0.9930376998874666,0.28636363636314716
0.2497797356828194,0.33570159857904086,0.9930385425189744,0.2864359686784701
0.249889819303658,0.33570159857904086,0.9930394115970078,0.286508337543725
0.2495590828924162,0.335109532267614,0.993043264594868,0.2860753095774738
0.24966916629907365,0.335109532267614,0.9930442830017387,0.28614762386199805
0.2497793468667255,0.335109532267614,0.9930535630928956,0.28621997471506055
0.24944812362030905,0.3345174659561871,0.9930576781155004,0.28578654527012265
0.2495583038869258,0.3345174659561871,0.9930621042918164,0.2858588413857995
0.2496685815289439,0.3345174659561871,0.9930668714404278,0.2859311740885794
0.2497789566755084,0.3345174659561871,0.9930689348388436,0.286003543406243
0.24988942945599293,0.3345174659561871,0.9930726728342234,0.2860759493665991
0.25,0.3345174659561871,0.9930734648058634,0.2861483919974846
0.2501106684373617,0.3345174659561871,0.9930751594733936,0.2862208713267647
0.25022143489813997,0.3345174659561871,0.9930764584869164,0.2862933873823328
0.25033229951262737,0.3345174659561871,0.9930790071987284,0.2863659401921104
0.25,0.3339253996447602,0.9930791328005676,0.28593155893487154
0.24966740576496674,0.3333333333333333,0.9930843342149094,0.28549695740316144
0.24977817213842057,0.3333333333333333,0.9930844145744192,0.2855693634283715
0.24944518419884598,0.33274126702190643,0.9930857137166862,0.2851344495175214
0.24955595026642985,0.33274126702190643,0.9930873309598504,0.2852068003040014
0.24966681474900043,0.33274126702190643,0.9930902298348891,0.28527918781676903
0.24977777777777777,0.33274126702190643,0.9930904842614576,0.2853516120837955
0.24944419742107604,0.3321492007104796,0.9930936057417572,0.2849162011168286
0.2491103202846975,0.3315571343990527,0.993095482972446,0.284480568960648
0.24922118380062305,0.3315571343990527,0.9930975984100324,0.28455284552796534
0.24888691006233304,0.3309650680876258,0.9931001585898862,0.2841168996183156
0.2489977728285078,0.3309650680876258,0.9931017271655258,0.2841891204875629
0.24910873440285206,0.3309650680876258,0.993102906688899,0.2842613780823983
0.24877396344181898,0.33037300177619894,0.9931052493527148,0.2838250254318599
0.24843889384478143,0.32978093546477205,0.993106610699283,0.2833884507753939
0.24854975457385095,0.32978093546477205,0.9931083456050912,0.28346055979594753
0.2486607142857143,0.32978093546477205,0.9931121643970102,0.2835327055225437
0.24832514515408666,0.32918886915334516,0.9931127724226014,0.28309572301376645
0.2479892761394102,0.3285968028419183,0.9931129655288689,0.2826585179521454
0.24765310683951722,0.3280047365304914,0.9931162684408356,0.2822210901676198
0.24731663685152058,0.32741267021906456,0.9931221334435644,0.2817834394899556
0.24742729306487696,0.32741267021906456,0.9931229100712168,0.2818552497446677
0.247538048343778,0.32741267021906456,0.9931240778156624,0.28192709660924714
0.24720107478728168,0.3268206039076377,0.9931241752361816,0.28148903620552695
0.24686379928315413,0.3262285375962108,0.9931271165316158,0.2810507523586017
0.24697445091887046,0.3262285375962108,0.9931271768250044,0.28112244897910144
0.24663677130044842,0.3256364712847839,0.9931291714506312,0.28068384791989737
0.24674742036787797,0.3256364712847839,0.993130950885716,0.2807554874931287
0.24685816876122083,0.3256364712847839,0.9931316891468268,0.2808271636451567
0.2469690166142793,0.3256364712847839,0.9931322429444768,0.28089887640400385
0.24663072776280323,0.325044404973357,0.9931370814866224,0.28045977011445195
0.24674157303370786,0.325044404973357,0.993139451165744,0.2805314256510168
0.2468525179856115,0.325044404973357,0.9931403705470008,0.2806031178119295
0.24696356275303644,0.325044404973357,0.9931448609856964,0.2806748466252762
0.24707470747074708,0.325044404973357,0.993145120171154,0.2807466121191718
0.24718595227375056,0.325044404973357,0.9931454644607848,0.2808184143217599
0.2472972972972973,0.325044404973357,0.9931458203830714,0.280890253261213
0.24740874267688148,0.325044404973357,0.9931488943773246,0.28096212896573236
0.24752028854824165,0.325044404973357,0.993148982290279,0.28103404146354805
0.2476319350473613,0.325044404973357,0.993152224030022,0.2811059907829193
0.2477436823104693,0.325044404973357,0.9931534107907471,0.281177976952134
0.24785553047404063,0.325044404973357,0.9931545263706,0.2812499999995091
0.24796747967479674,0.325044404973357,0.993154822084348,0.2813220599533907
0.2480795300497063,0.325044404973357,0.993156924718076,0.28139415684215385
0.24819168173598552,0.325044404973357,0.9931593385081116,0.28146629069420265
0.24785165083672547,0.32445233866193013,0.9931596753098456,0.28102564102515004
0.24796380090497738,0.32445233866193013,0.9931605490327464,0.28109771736293543
0.24807605251244907,0.32445233866193013,0.9931664625550524,0.2811698306819101
0.2477355072463768,0.32386027235050324,0.9931667355038768,0.2807287657167272
0.24784775713638424,0.32386027235050324,0.993167755445397,0.280800821354745
0.24796010879419764,0.32386027235050324,0.9931678222463356,0.28087291399180664
0.24761904761904763,0.32326820603907636,0.9931694633944887,0.28043143297331463
0.24773139745916514,0.32326820603907636,0.99317335975048,0.2805034677621596
0.24784384929641398,0.32326820603907636,0.9931764216103548,0.280575539567854
0.24795640326975477,0.32326820603907636,0.9931779397398056,0.28064764841893813
0.24761472058155384,0.32267613972764947,0.9931809156246072,0.28020565552650095
0.24772727272727274,0.32267613972764947,0.9931840844279975,0.2802777063507557
0.2478399272396544,0.32267613972764947,0.9931884633289668,0.28034979423819173
0.24795268425841674,0.32267613972764947,0.9931886445261549,0.28042191921741444
0.24806554392353208,0.32267613972764947,0.993190391279309,0.2804940813170587
0.24817850637522768,0.32267613972764947,0.9931920966150164,0.28056628056578903
0.24783599088838268,0.32208407341622264,0.993194522723054,0.2801235839335971
0.24749316317228806,0.32149200710479575,0.9931951324806532,0.27968065928356717
0.2476060191518468,0.32149200710479575,0.9931969786971891,0.2797527047908531
0.24726277372262773,0.32089994079336887,0.993197640460495,0.27930945632519766
0.24737562756732087,0.32089994079336887,0.9931988923613736,0.27938144329847747
0.24748858447488584,0.32089994079336887,0.9932038746030928,0.2794534673880106
0.24760164458656922,0.32089994079336887,0.9932088670212926,0.27952552862250984
0.2477148080438757,0.32089994079336887,0.9932097626596396,0.279597627030718
0.24782807498856882,0.32089994079336887,0.9932112086389412,0.2796697626414072
0.24794144556267156,0.32089994079336887,0.9932134719681204,0.2797419354833792
0.24759725400457666,0.320307874481942,0.9932186307391968,0.27929788332423716
0.24771062271062272,0.320307874481942,0.9932227557367816,0.2793699974175304
0.2478240952817224,0.320307874481942,0.99322650248131,0.2794421487598387
0.24793767186067828,0.320307874481942,0.9932303178040642,0.27951433738002995
0.2480513525905548,0.320307874481942,0.993230380441678,0.27958656330700166
0.2481651376146789,0.320307874481942,0.993233068467196,0.2796588265696813
0.24782010096374485,0.3197158081705151,0.9932339538885332,0.2792140641153301
0.24793388429752067,0.3197158081705151,0.9932371211778728,0.27928626842464377
0.24758842443729903,0.3191237418590882,0.9932405551531148,0.27884117951321724
0.24770220588235295,0.3191237418590882,0.993241570030214,0.2789133247084342
0.247816091954023,0.3191237418590882,0.9932450043536778,0.2789855072458847
0.24747010119595217,0.3185316755476613,0.993248634565778,0.27853999482218456
0.247583985273815,0.3185316755476613,0.993249879315132,0.27861211807304487
0.2472375690607735,0.31793960923623443,0.9932573848682492,0.278166278165786
0.2473514509442653,0.31793960923623443,0.993263240326608,0.27823834196841973
0.24700460829493087,0.3173475429248076,0.9932651739201934,0.2777921741378856
0.2471184877823882,0.3173475429248076,0.99326850351467,0.27786417833024907
0.24723247232472326,0.3173475429248076,0.9932712344624062,0.27793621985950256
0.24688509460083063,0.3167554766133807,0.9932721771929596,0.2774896265555243
0.24653739612188366,0.31616341030195383,0.9932762193389733,0.2770428015559279
0.24665127020785219,0.31616341030195383,0.9932769507190052,0.27711468603998507
0.24676524953789278,0.31616341030195383,0.9932778070179902,0.2771866078375559
0.24687933425797504,0.31616341030195383,0.99327956879264,0.27725856697770074
0.24699352451433856,0.31616341030195383,0.9932809732501862,0.27733056348951013
0.24710782045349375,0.31616341030195383,0.9932835449868176,0.27740259740210493
0.24675925925925926,0.31557134399052694,0.9932847915361463,0.2769550532600946
0.24687355257063456,0.31557134399052694,0.9932861390152944,0.27702702702653453
0.2469879518072289,0.31557134399052694,0.9932922598926992,0.2770990382111009
0.24710245711636533,0.31557134399052694,0.9932928590595448,0.2771710868429812
0.24721706864564008,0.31557134399052694,0.993294112376164,0.2772431729513929
0.24733178654292343,0.31557134399052694,0.9932976546332866,0.2773152965655843
0.24698235840297122,0.31497927767910006,0.9932989622004696,0.27686703096489895
0.24709707385044125,0.31497927767910006,0.993301367878448,0.2769390942212668
0.24674721189591078,0.31438721136767317,0.9933017199921654,0.2764904972658442
0.24686192468619247,0.31438721136767317,0.9933025281073996,0.27656249999950727
0.2469767441860465,0.31438721136767317,0.9933031352455132,0.2766345402443626
0.24709167054443928,0.31438721136767317,0.9933080479714548,0.27670661802973123
0.24720670391061453,0.31438721136767317,0.99330938309582,0.2767787333849645
0.24685607824871914,0.3137951450562463,0.9933096629786662,0.27632950990565935
0.24697110904007455,0.3137951450562463,0.9933131000133976,0.27640156453666487
0.24708624708624707,0.3137951450562463,0.993315739563202,0.27647365675485397
0.24720149253731344,0.3137951450562463,0.9933179730555604,0.2765457865896453
0.24731684554363043,0.3137951450562463,0.9933226100298522,0.2766179540704882
0.2469654528478058,0.3132030787448194,0.9933232659369632,0.2761681023226602
0.24661373190098085,0.31261101243339257,0.993324038626472,0.2757180156653033
0.2467289719626168,0.31261101243339257,0.9933247182610356,0.2757900235043385
0.24684431977559607,0.31261101243339257,0.9933292749868384,0.2758620689650242
0.2469597754911132,0.31261101243339257,0.9933339352895922,0.27593415207685207
0.24707533926064576,0.31261101243339257,0.9933372542826028,0.2760062728693448
0.24719101123595505,0.31261101243339257,0.9933373156784204,0.27607843137205584
0.24730679156908666,0.31261101243339257,0.9933389197876106,0.2761506276145696
0.24742268041237114,0.31261101243339257,0.993339992376188,0.27622286162650134
0.24753867791842477,0.31261101243339257,0.9933432407968528,0.2762951334374974
0.24765478424015008,0.31261101243339257,0.9933450631397288,0.27636744307723504
0.24777099953073675,0.31261101243339257,0.9933451164931656,0.27643979057542295
0.24741784037558687,0.3120189461219657,0.9933478867655974,0.27598847865884163
0.2470643494598403,0.3114268798105388,0.9933481404903756,0.27553693032952237
0.24718045112781956,0.3114268798105388,0.9933503259454914,0.27560911710718283
0.2468265162200282,0.3108348134991119,0.9933538021706048,0.27515723270390907
0.2464722483537159,0.310242747187685,0.993358585738414,0.27470511140186565
0.24658823529411764,0.310242747187685,0.9933587145349588,0.2747771368636911
0.24670433145009416,0.310242747187685,0.9933615090555272,0.27484920010441083
0.2468205369759774,0.310242747187685,0.993362909756352,0.2749213011537562
0.2469368520263902,0.310242747187685,0.9933635879278728,0.27499344004149023
0.24705327675624705,0.310242747187685,0.9933669395641334,0.2750656167974067
0.24716981132075472,0.310242747187685,0.993368852441207,0.275137831451331
0.24728645587541292,0.310242747187685,0.9933700856848386,0.2752100840331198
0.2469310670443815,0.30965068087625813,0.9933712504760336,0.27475702652958256
0.2465753424657534,0.30905861456483125,0.9933724844916908,0.27430373095063615
0.24669187145557656,0.30905861456483125,0.9933755227539024,0.27437582128728555
0.24680851063829787,0.30905861456483125,0.993380093259106,0.2744479495263202
0.2469252601702933,0.30905861456483125,0.9933840127026614,0.2745201156976393
0.2465688594415523,0.30846654825340436,0.9933851669747364,0.2740662809042932
0.24668560606060605,0.30846654825340436,0.993385542852562,0.2741383846351284
0.24680246328754146,0.30846654825340436,0.9933873527096666,0.2742105263152957
0.24691943127962085,0.30846654825340436,0.9933876436583358,0.27428270597476284
0.24656235182550973,0.30787448194197753,0.9933918803486964,0.2738283306998748
0.24667931688804554,0.30787448194197753,0.9933921837626838,0.2739004477213918
0.24679639297579498,0.30787448194197753,0.9933935448775713,0.27397260273923213
0.24691358024691357,0.30787448194197753,0.9933968006677868,0.27404479578343227
0.24703087885985747,0.30787448194197753,0.9933991263491996,0.2741170268840606
0.24714828897338403,0.30787448194197753,0.9934011202935928,0.27418929607121706
0.24679029957203993,0.30728241563055064,0.9934033847409744,0.27373417721469584
0.24690770694576594,0.30728241563055064,0.9934070902278662,0.273806383539469
0.2470252260828177,0.30728241563055064,0.9934077353437778,0.2738786279678437
0.24666666666666667,0.30669034931912376,0.9934119834056714,0.2734230667717413
0.24678418294425916,0.30669034931912376,0.9934132750010316,0.273495248151565
0.2469018112488084,0.30669034931912376,0.9934139491625478,0.27356746765200124
0.2470195517405818,0.30669034931912376,0.9934143785296377,0.2736397253032565
0.24713740458015268,0.30669034931912376,0.9934199614162706,0.27371202113556925
0.2467780429594272,0.30609828300769687,0.9934220381313204,0.27325581395299414
0.24689589302769818,0.30609828300769687,0.993423286785662,0.27332804652342857
0.24653607262302915,0.30550621669627,0.9934239097912452,0.272871496562171
0.24617590822179733,0.3049141503848431,0.9934326535939342,0.2724147051039754
0.2458153993304639,0.3043220840734162,0.993433343651591,0.27195767195717757
0.24593301435406698,0.3043220840734162,0.9934356240239426,0.27202963746973585
0.24605074198180948,0.3043220840734162,0.9934362543182462,0.2721016410794421
0.24568965517241378,0.3037300177619893,0.993437520385608,0.2716441620328654
0.24580737901293723,0.3037300177619893,0.9934409010984232,0.27171610169442084
0.24592521572387344,0.3037300177619893,0.9934434220377328,0.2717880794697042
0.2460431654676259,0.3037300177619893,0.9934463979111268,0.2718600953890127
0.2461612284069098,0.3037300177619893,0.993452367359533,0.27193214948267536
0.24627940470475276,0.3037300177619893,0.9934531392310896,0.2720042417810537
0.24591738712776176,0.30313795145056244,0.993453624220838,0.2715460090156815
0.24555502162421913,0.3025458851391356,0.9934552229401796,0.2710875331560041
0.2456730769230769,0.3025458851391356,0.993457510936468,0.27115945874187736
0.2453102453102453,0.3019538188277087,0.9934594428537804,0.2707006369421805
0.24542829643888353,0.3019538188277087,0.9934616045597168,0.2707724980085311
0.24554646124217622,0.3019538188277087,0.9934634056852334,0.2708443972379546
0.2451830443159923,0.30136175251628183,0.9934637912806974,0.27038512616152394
0.2453012048192771,0.30136175251628183,0.9934641798749464,0.2704569606796328
0.24541947926711669,0.30136175251628183,0.9934660629404812,0.27052883337712946
0.24553786782440906,0.30136175251628183,0.9934665179577312,0.27060074428446007
0.24565637065637067,0.30136175251628183,0.9934688564881148,0.27067269343210293
0.24529212940608403,0.30076968620485495,0.9934715078709492,0.270212765956952
0.24541062801932367,0.30076968620485495,0.993471562209114,0.2702846501724235
0.24552924117931368,0.30076968620485495,0.9934751331673448,0.2703565726445291
0.24564796905222436,0.30076968620485495,0.9934767225719658,0.270428533403817
0.24576681180454765,0.30076968620485495,0.9934792245471462,0.2705005324808682
0.24540174249757987,0.30017761989342806,0.9934802449597412,0.2700399467371882
0.24552058111380146,0.30017761989342806,0.993480441534588,0.2701118806601337
0.2451550387596899,0.2995855535820012,0.9934844368015504,0.2696509459094437
0.24478914202617547,0.2989934872705743,0.9934856424280704,0.2691897654579271
0.2449078564500485,0.2989934872705743,0.9934856975018758,0.2692615302581026
0.245026686074721,0.2989934872705743,0.993486276931388,0.26933333333283827
0.2446601941747573,0.2984014209591474,0.9934886009564056,0.26887169911927017
0.2447790189412336,0.2984014209591474,0.9934944852578552,0.2689434364989713
0.24489795918367346,0.2984014209591474,0.9934946724914456,0.2690152121692406
0.245017015070491,0.2984014209591474,0.9934951561652048,0.2690870261607435
0.245136186770428,0.2984014209591474,0.9934956419238604,0.26915887850417775
0.24525547445255474,0.2984014209591474,0.9934992331792902,0.269230769230274
0.2453748782862707,0.2984014209591474,0.9934997068746704,0.269302698369796
0.2454943984413054,0.2984014209591474,0.9935006585927062,0.26937466595354
0.24512670565302144,0.29780935464772057,0.9935031828220118,0.2689120555996116
0.24524622135543636,0.29780935464772057,0.993504046630126,0.26898395721875606
0.24536585365853658,0.29780935464772057,0.993504213490722,0.26905589729824764
0.24548560273304051,0.29780935464772057,0.9935051552172564,0.26912787586895354
0.24560546875,0.29780935464772057,0.9935064393868184,0.2691998929617739
0.24523693209574987,0.2972172883362937,0.9935101011839071,0.2687366167018601
0.24535679374389052,0.2972172883362937,0.9935157502549924,0.26880856760325295
0.24547677261613693,0.2972172883362937,0.993517398513726,0.26888055704288966
0.2455968688845401,0.2972172883362937,0.9935191899592256,0.26895258505174136
0.245717082721488,0.2972172883362937,0.9935197894257785,0.26902465166081213
0.24534769833496572,0.2966252220248668,0.9935216971437132,0.2685607075846024
0.24546790788829007,0.2966252220248668,0.9935241223728608,0.26863270777430337
0.24558823529411763,0.2966252220248668,0.9935243557023534,0.2687047465803572
0.245708680725846,0.2966252220248668,0.9935268774008414,0.2687768240338392
0.24533856722276742,0.2960331557134399,0.9935278456968776,0.26831231553478746
0.24545900834560627,0.2960331557134399,0.9935283166016696,0.26838432635484516
0.2455795677799607,0.2960331557134399,0.9935323172279776,0.2684563758384305
0.2452088452088452,0.295441089402013,0.993533504740206,0.26799140708865576
0.24532940019665683,0.295441089402013,0.9935366403523463,0.26806338973896177
0.24495818986719134,0.29484902309058614,0.9935387683803836,0.2675980655556569
0.24507874015748032,0.29484902309058614,0.993540076820912,0.267669981187357
0.24519940915805022,0.29484902309058614,0.9935406728361408,0.2677419354833752
0.24532019704433497,0.29484902309058614,0.9935417211187224,0.2678139284749008
0.24544110399211433,0.29484902309058614,0.9935445653987358,0.2678859601931567
0.2455621301775148,0.29484902309058614,0.9935445751953232,0.2679580306693992
0.24568327577701035,0.29484902309058614,0.993554927293724,0.2680301399349186
0.2458045409674235,0.29484902309058614,0.99355540772427,0.2681022880210384
0.24592592592592594,0.29484902309058614,0.9935561721618388,0.26817447495911634
0.24604743083003952,0.29484902309058614,0.993556200930394,0.26824670078054363
0.24567474048442905,0.29425695677915925,0.9935604999566564,0.2677801724132971
0.24530168150346193,0.29366489046773236,0.9935711382950232,0.26731339261604947
0.24492825333993073,0.29307282415630553,0.9935745365732688,0.2668463611854878
0.24455445544554455,0.29248075784487865,0.9935747087203206,0.2663790779180804
0.2446755819712729,0.29248075784487865,0.9935788685266485,0.2664509169358578
0.24430128840436074,0.29188869153345176,0.9935831408926186,0.265983274884856
0.24392662369856222,0.2912966252220249,0.9935833238407812,0.2655153804636162
0.24404761904761904,0.2912966252220249,0.9935833522645584,0.26558704453391685
0.24416873449131513,0.2912966252220249,0.9935878966371754,0.2656587472997199
0.2442899702085402,0.2912966252220249,0.9935879138823004,0.26573048879237454
0.24391455538996523,0.290704558910598,0.9935957545213888,0.2652620205289474
0.24353876739562624,0.2901124925991711,0.993596124562454,0.26479329910785293
0.24365987071108902,0.2901124925991711,0.9935963226880244,0.26486486486436867
0.24378109452736318,0.2901124925991711,0.9935981821016212,0.26493646931553516
0.24390243902439024,0.2901124925991711,0.9935986378577656,0.2650081124927433
0.24352589641434264,0.2895204262877442,0.9936023998835966,0.26453881525511636
0.2436472346786248,0.2895204262877442,0.9936024927185434,0.2646103896098933
0.24376869391824527,0.2895204262877442,0.9936031927169092,0.2646820027058636
0.24389027431421445,0.2895204262877442,0.9936059151229576,0.2647536545744902
0.2440119760479042,0.2895204262877442,0.9936062118496848,0.26482534524726964
0.24413379930104842,0.2895204262877442,0.993608900977648,0.2648970747557333
0.24375624375624375,0.28892835997631733,0.9936113814706752,0.26442698455653424
0.24387806096951525,0.28892835997631733,0.9936132059977784,0.2644986449859535
0.244,0.28892835997631733,0.9936136921792982,0.26457034426624254
0.24412206103051526,0.28892835997631733,0.9936172294863326,0.2646420824290046
0.24424424424424424,0.28892835997631733,0.99361828475333,0.2647138595058773
0.2443665498247371,0.28892835997631733,0.9936254784395228,0.2647856755285322
0.24448897795591182,0.28892835997631733,0.9936304495709464,0.2648575305286758
0.24461152882205514,0.28892835997631733,0.9936351274697854,0.2649294245380485
0.24473420260782347,0.28892835997631733,0.9936369632410388,0.2650013575884255
0.24485699949824385,0.28892835997631733,0.9936374046902045,0.2650733297116164
0.24497991967871485,0.28892835997631733,0.9936387288320871,0.26514534093946535
0.24460070316423907,0.28833629366489044,0.993638771441818,0.26467391304298166
0.2442211055276382,0.2877442273534636,0.9936405038134006,0.26420222886604317
0.24384112619406736,0.2871521610420367,0.9936408737683576,0.2637302881996121
0.24396378269617705,0.2871521610420367,0.9936454169292208,0.2638020125097018
0.24408656265727227,0.2871521610420367,0.99364696106593,0.26387377584281124
0.24420946626384693,0.2871521610420367,0.993649255333272,0.2639455782307958
0.24382871536523928,0.28656009473060984,0.9936526295519228,0.2634730538917188
0.2439516129032258,0.28656009473060984,0.9936553075687592,0.26354478627774985
0.24407463439233484,0.28656009473060984,0.993655948110934,0.26361655773370796
0.24419778002018164,0.28656009473060984,0.9936561648047056,0.2636883682915217
0.24432104997476023,0.28656009473060984,0.9936564354236556,0.2637602179831544
0.24393939393939393,0.28596802841918295,0.9936593663352932,0.2632869991818417
0.24406265790803436,0.28596802841918295,0.9936626804677786,0.26335877862545737
0.2441860465116279,0.28596802841918295,0.9936710943322876,0.26343059721793777
0.2438037430450177,0.28537596210775606,0.9936734483051136,0.2629569012542767
0.24392712550607287,0.28537596210775606,0.993674022867716,0.2630286493855876
0.24354430379746836,0.2847838957963292,0.9936743581332286,0.2625545851523415
0.24366767983789261,0.2847838957963292,0.9936818093105289,0.26262626262576566
0.2437911809427268,0.2847838957963292,0.9936902302662098,0.2626979792458165
0.24391480730223122,0.2847838957963292,0.9936910402981852,0.2627697350445727
0.24403855910705224,0.2847838957963292,0.9936923541213468,0.2628415300541478
0.24416243654822334,0.2847838957963292,0.9936931221223028,0.2629133643066907
0.24428643981716608,0.2847838957963292,0.9936969737309538,0.2629852378343854
0.24441056910569106,0.2847838957963292,0.9936998056197068,0.26305715066945096
0.24453482460599898,0.2847838957963292,0.9937021379060468,0.26312910284414187
0.2441505595116989,0.2841918294849023,0.9937040978126426,0.2626538987683127
0.24427480916030533,0.2841918294849023,0.993708125411231,0.26272577996666213
0.24389002036659876,0.2835997631734754,0.9937090268646772,0.2622502053102064
0.24401426388181355,0.2835997631734754,0.9937114488845832,0.26232201533356636
0.24413863404689093,0.2835997631734754,0.9937139439509308,0.262393864694107
0.2442631310555839,0.2835997631734754,0.993715698355342,0.26246575342416034
0.2443877551020408,0.2835997631734754,0.9937199817349084,0.2625376815560935
0.24451250638080654,0.2835997631734754,0.9937227018628784,0.2626096491223098
0.24463738508682328,0.2835997631734754,0.9937232818860008,0.2626816561552472
0.24425140521205926,0.2830076968620486,0.9937234446342672,0.2622051563352131
0.2443762781186094,0.2830076968620486,0.9937272969966092,0.2622770919062243
0.2445012787723785,0.2830076968620486,0.993728872382285,0.26234906695888793
0.24462640736949848,0.2830076968620486,0.9937321476661788,0.2624210815257173
0.24475166410650281,0.2830076968620486,0.9937326963507198,0.262493135639261
0.24436475409836064,0.2824156305506217,0.9937330609483612,0.26201592968914833
0.24397744746283956,0.2818235642391948,0.9937353710184996,0.2615384615379641
0.2441025641025641,0.2818235642391948,0.993739739011866,0.26161033250843363
0.24422780913288866,0.2818235642391948,0.9937461077961472,0.26168224299015674
0.24383983572895276,0.2812314979277679,0.9937476353510256,0.26120428924888395
0.24396507447354904,0.2812314979277679,0.9937516883227048,0.26127612761226376
0.24357656731757452,0.28063943161634103,0.9937574766978108,0.260797799174193
0.24370179948586118,0.28063943161634103,0.9937575022064964,0.26086956521689375
0.24382716049382716,0.28063943161634103,0.9937589189194408,0.2609413707674628
0.24395265054040144,0.28063943161634103,0.9937625852556732,0.26101321585853327
0.24356333676622038,0.28004736530491414,0.993763165407464,0.260534288074413
0.24368882019577537,0.28004736530491414,0.9937634542196518,0.260606060605563
0.24381443298969072,0.28004736530491414,0.9937688672502928,0.2606778726917041
0.2439401753481176,0.28004736530491414,0.9937696009095662,0.2607497243655443
0.24406604747162022,0.28004736530491414,0.9937728406327088,0.2608216156598277
0.24419204956117707,0.28004736530491414,0.9937738310631736,0.2608935466073347
0.24431818181818182,0.28004736530491414,0.9937746293650204,0.2609655172408817
0.24444444444444444,0.28004736530491414,0.99377466065854,0.2610375275933213
0.24457083764219234,0.28004736530491414,0.993777369392618,0.26110957769754256
0.24418003103983446,0.27945529899348726,0.9937781863726548,0.260629486471065
0.2443064182194617,0.27945529899348726,0.9937817189210918,0.2607014636835674
0.2439150699119627,0.27886323268206037,0.9937924968672712,0.26022099447464037
0.24404145077720207,0.27886323268206037,0.9937958909271736,0.26029289859027316
0.24416796267496113,0.27886323268206037,0.9937960183949248,0.2603648424538969
0.24429460580912862,0.27886323268206037,0.9937962074101174,0.2604368260984792
0.24442138038401662,0.27886323268206037,0.9937970270948736,0.2605088495570243
0.24402907580477673,0.27827116637063354,0.9937971030946776,0.2600276625167912
0.24415584415584415,0.27827116637063354,0.9937976326021384,0.2600996126171004
0.2442827442827443,0.27827116637063354,0.9937985689609736,0.2601716025458625
0.24440977639105566,0.27827116637063354,0.9937992242555758,0.2602436323361577
0.2445369406867846,0.27827116637063354,0.9938018646811104,0.26031570202110277
0.24466423737636647,0.27827116637063354,0.9938024836655056,0.2603878116338511
0.24479166666666666,0.27827116637063354,0.9938028543485068,0.26045996120759296
0.24491922876498176,0.27827116637063354,0.993805117338842,0.2605321507755553
0.24504692387904067,0.27827116637063354,0.993807415154526,0.26060438037100186
0.24517475221700574,0.27827116637063354,0.9938090336463964,0.2606766500272336
0.2453027139874739,0.27827116637063354,0.993813714538182,0.260748959777588
0.2454308093994778,0.27827116637063354,0.993815371723255,0.2608213096554398
0.24503657262277953,0.27767910005920665,0.9938185656373056,0.260338606716127
0.2451646628332462,0.27767910005920665,0.9938237372114728,0.260410882842367
0.24476987447698745,0.27708703374777977,0.9938251063368496,0.25992779783343695
0.24437467294610152,0.2764949674363529,0.9938284165366492,0.2594444444439463
0.24450261780104712,0.2764949674363529,0.9938309238397154,0.2595165323696047
0.24463069669984286,0.2764949674363529,0.9938320671038828,0.25958866036637235
0.24475890985324947,0.2764949674363529,0.9938353705692532,0.2596608284676698
0.24488725747246984,0.2764949674363529,0.9938388069001592,0.25973303670695463
0.24501573976915006,0.2764949674363529,0.9938408985298236,0.25980528511772155
0.24461942257217847,0.275902901124926,0.9938430667077458,0.25932109070623527
0.24474789915966386,0.275902901124926,0.9938436596020674,0.2593932646808266
0.24487651077246453,0.275902901124926,0.99384562186822,0.2594654788413726
0.24500525762355416,0.275902901124926,0.9938492238475644,0.2595377332214455
0.24513413992635455,0.275902901124926,0.993849788493888,0.2596100278546549
0.24526315789473685,0.275902901124926,0.993850136198598,0.259682362774648
0.24539231174302265,0.275902901124926,0.993851712563706,0.2597547380151093
0.24552160168598525,0.275902901124926,0.9938545181395144,0.259827153609761
0.24512387981022668,0.2753108348134991,0.9938599237034792,0.25934188510825795
0.24525316455696203,0.2753108348134991,0.9938632659632324,0.2594142259409242
0.24538258575197888,0.2753108348134991,0.993866557374314,0.25948660714235877
0.24498416050686378,0.2747187685020722,0.9938694115226636,0.25900083728669115
0.2451135763338616,0.2747187685020722,0.9938706317592424,0.25907314349475563
0.2452431289640592,0.2747187685020722,0.9938733729295076,0.2591454900860696
0.24484399788471709,0.27412670219064533,0.9938755509174212,0.25865921787659657
0.24497354497354498,0.27412670219064533,0.993875933899222,0.2587314892423068
0.24457384859714135,0.27353463587921845,0.9938772312968014,0.2582448295131964
0.2441737288135593,0.2729425695677916,0.9938802437872428,0.2577578976791214
0.24430312665606782,0.2729425695677916,0.9938826353041496,0.2578299776281369
0.24390243902439024,0.27235050325636473,0.993885753561062,0.2573426573421589
0.2440318302387268,0.27235050325636473,0.9938858393059868,0.25741466144326197
0.24363057324840764,0.27175843694493784,0.9938872779151232,0.25692695214055944
0.24375995751460436,0.27175843694493784,0.993893692852052,0.25699888017867284
0.2438894792773645,0.27175843694493784,0.9938973231437516,0.2570708485013217
0.24401913875598086,0.27175843694493784,0.993898745198317,0.2571428571423586
0.24361702127659574,0.27116637063351096,0.9938991864122236,0.25665452507655384
0.24321447578499203,0.27057430432208407,0.9939023105440046,0.25616591928201266
0.24334398296059637,0.27057430432208407,0.9939073117008932,0.25623773479064244
0.24347362812999468,0.27057430432208407,0.9939095099698904,0.25630959057717945
0.24360341151385928,0.27057430432208407,0.9939100646834128,0.25638148667551824
0.24373333333333333,0.27057430432208407,0.9939104994664034,0.25645342311959113
0.24386339381003203,0.27057430432208407,0.9939106685781348,0.25652539994336887
0.24399359316604377,0.27057430432208407,0.9939107780478416,0.25659741718086015
0.24412393162393162,0.27057430432208407,0.9939127936807716,0.2566694748661118
0.24425440940673437,0.27057430432208407,0.9939144299290572,0.25674157303320916
0.24385026737967913,0.2699822380106572,0.9939168486717544,0.2562517561107685
0.24398073836276082,0.2699822380106572,0.993918649153276,0.2563237774025367
0.243576017130621,0.2693901716992303,0.9939205269788765,0.2558335676126584
0.2437064809855383,0.2693901716992303,0.9939214341507135,0.25590551181052484
0.24383708467309753,0.2693901716992303,0.9939260504457652,0.25597749648332685
0.24396782841823056,0.2693901716992303,0.9939304511543978,0.25604952166523
0.24409871244635192,0.2693901716992303,0.9939318405896034,0.25612158739043844
0.24422973698336017,0.2693901716992303,0.9939354192318252,0.2561936936931949
0.24436090225563908,0.2693901716992303,0.9939380566037396,0.2562658406077805
0.24449220849005912,0.2693901716992303,0.9939388464269854,0.25633802816851525
0.2446236559139785,0.2693901716992303,0.993942152109758,0.25641025640975756
0.24421732114039807,0.2687981053878034,0.9939433710167584,0.25591882750795664
0.24434876210979548,0.2687981053878034,0.9939439972146822,0.25599097829101514
0.24394184168012925,0.2682060390763766,0.9939453848624906,0.25549915397581247
0.24407327586206898,0.2682060390763766,0.993952067707174,0.25557122707989605
0.24366576819407007,0.2676139727649497,0.9939526746136148,0.25507900677151013
0.24379719525350593,0.2676139727649497,0.9939536921908833,0.25515100197522783
0.24392876416621695,0.2676139727649497,0.9939555853939752,0.25522303783123457
0.24406047516198703,0.2676139727649497,0.993956510626546,0.25529511437397157
0.2441923284710967,0.2676139727649497,0.9939592667794284,0.25536723163791913
0.24432432432432433,0.2676139727649497,0.9939633794129704,0.25543938965759655
0.24445646295294754,0.2676139727649497,0.9939728533245415,0.2555115884675621
0.24458874458874458,0.2676139727649497,0.9939765483004452,0.2555838281024131
0.2441797509474824,0.2670219064535228,0.9939868824526684,0.2550904977370576
0.24431202600216684,0.2670219064535228,0.9939890361960516,0.25516265912255615
0.24444444444444444,0.2670219064535228,0.9939940956980589,0.25523486134641665
0.2440347071583514,0.2664298401420959,0.9939956310199958,0.25474101330264276
0.24416711882799783,0.2664298401420959,0.9939957247997602,0.25481313703234354
0.24375678610206297,0.26583777383066903,0.9939961163024142,0.25431888983240947
0.24388919065725148,0.26583777383066903,0.9939969558753148,0.2543909348436936
0.24347826086956523,0.26524570751924215,0.9939978223381244,0.25389628789975593
0.24361065796628603,0.26524570751924215,0.9939985042077544,0.2539682539677549
0.24374319912948858,0.26524570751924215,0.9939992436899664,0.2540402608444116
0.24333151878062056,0.26465364120781526,0.9940012783597734,0.2535450935899716
0.2429193899782135,0.2640615748963884,0.9940021724239478,0.2530496453895718
0.24305177111716622,0.2640615748963884,0.9940023281964288,0.253121452893939
0.24318429661941113,0.2640615748963884,0.9940050575438042,0.2531933011632817
0.24277141298417895,0.26346950858496154,0.994008553942212,0.2526973310613975
0.24290393013100436,0.26346950858496154,0.9940091303419692,0.25276909968708955
0.2430365920262152,0.26346950858496154,0.9940127667422658,0.2528409090904099
0.24262295081967214,0.26287744227353466,0.9940147672732372,0.25234441602678126
0.2427556041552761,0.26287744227353466,0.9940148398267744,0.25241614553673786
0.24288840262582057,0.26287744227353466,0.9940167789447004,0.2524879158368622
0.24302134646962234,0.26287744227353466,0.994017672492944,0.25255972696195816
0.24315443592552027,0.26287744227353466,0.9940178538856024,0.2526315789468692
0.2432876712328767,0.26287744227353466,0.9940200749703184,0.25270347182647857
0.24287280701754385,0.26228537596210777,0.9940231876162812,0.25220609165905095
0.24300603400987383,0.26228537596210777,0.9940233995053018,0.25227790432751895
0.24313940724478594,0.26228537596210777,0.9940255101556754,0.2523497579032319
0.242723778143877,0.2616933096506809,0.9940266711686844,0.25185185185135256
0.2423076923076923,0.261101243339254,0.994027504642433,0.2513536620114699
0.24244090159428258,0.261101243339254,0.9940341248430768,0.25142531356848585
0.24202420242024203,0.2605091770278271,0.9940366899716204,0.250926717992087
0.24160704457897633,0.2599171107164002,0.9940380762817288,0.25042783799151436
0.24174008810572686,0.2599171107164002,0.994039776046912,0.2504992867327389
0.2418732782369146,0.2599171107164002,0.9940422378311538,0.2505707762552084
0.24200661521499447,0.2599171107164002,0.994044222939446,0.25064230659384834
0.24158852730281302,0.25932504440497334,0.9940469522084074,0.2501427755563253
0.24172185430463577,0.25932504440497334,0.9940513033011628,0.2502142245067843
0.24185532854776368,0.25932504440497334,0.9940536645491288,0.25028571428521496
0.2419889502762431,0.25932504440497334,0.9940556544970764,0.25035724492662265
0.24212271973466004,0.25932504440497334,0.9940571771808464,0.2504288164660529
0.24170353982300885,0.25873297809354645,0.9940600381696324,0.24992851015105907
0.24183729939125623,0.25873297809354645,0.994060055553014,0.2499999999995006
0.24141749723145073,0.2581409117821196,0.994062990365794,0.24949928469191832
0.2409972299168975,0.25754884547069273,0.9940658445080764,0.24899828276996425
0.24113082039911307,0.25754884547069273,0.9940664267882096,0.24906956770634278
0.24126455906821964,0.25754884547069273,0.9940667351023936,0.24914089347029092
0.2413984461709212,0.25754884547069273,0.9940675710710878,0.24921226009689385
0.24153248195446975,0.25754884547069273,0.9940689520793244,0.24928366762127704
0.24166666666666667,0.25754884547069273,0.9940696359988954,0.2493551160786063
0.24124513618677043,0.25695677915926585,0.9940704249426252,0.2488532110086748
0.2413793103448276,0.25695677915926585,0.9940743550467592,0.2489245769997873
0.24151363383416805,0.25695677915926585,0.9940771739033036,0.24899598393524347
0.2410913140311804,0.25636471284783896,0.9940790824536174,0.24849354375846747
0.24122562674094708,0.25636471284783896,0.9940802115543096,0.24856486796735353
0.2408026755852843,0.2557726465364121,0.9940804902385768,0.24806201550337642
0.24093697713329615,0.2557726465364121,0.994081136404809,0.2481332567484953
0.24107142857142858,0.2557726465364121,0.9940826469884234,0.24820453892509653
0.24120603015075376,0.2557726465364121,0.9940857185384444,0.24827586206846594
0.24134078212290502,0.2557726465364121,0.9940861433114928,0.24834722621392988
0.24147568474007824,0.2557726465364121,0.9940882047355382,0.24841863139685522
0.24161073825503357,0.2557726465364121,0.9940900063160888,0.24849007765264972
0.2417459429210968,0.2557726465364121,0.9940919630177248,0.24856156501676163
0.24188129899216126,0.2557726465364121,0.9940920841645732,0.24863309352468027
0.24145658263305322,0.2551805802249852,0.994092805105687,0.24812895797301798
0.24103139013452915,0.2545885139135583,0.9940943297889188,0.2476245321043089
0.2406057206954571,0.2539964476021314,0.9940963563390656,0.24711981566770314
0.24074074074074073,0.2539964476021314,0.994096593167442,0.2471910112354554
0.240314430095452,0.2534043812907046,0.9940983403671072,0.24668587896203642
0.24044943820224718,0.2534043812907046,0.994099288801624,0.24675699048667246
0.24058459808881394,0.2534043812907046,0.994103763532946,0.246828143021415
0.24015748031496062,0.2528123149792777,0.9941038226532776,0.24632246899286633
0.23972988182329769,0.2522202486678508,0.9941058747330492,0.2458165031731876
0.23986486486486486,0.2522202486678508,0.994106634750854,0.24588744588694622
0.24,0.2522202486678508,0.994108950265888,0.24595842956070124
0.2395715896279594,0.2516281823564239,0.9941095896850052,0.24545192029981794
0.23970671178793007,0.2516281823564239,0.9941158669411484,0.24552281917916524
0.23984198645598195,0.2516281823564239,0.9941181143633476,0.2455937590286826
0.23941276115189158,0.25103611604499704,0.994118634092573,0.24508670520181244
0.23898305084745763,0.25044404973357015,0.9941189409040324,0.2445793581955107
0.2385528547201809,0.2498519834221433,0.99412189371243,0.2440717177554286
0.23868778280542988,0.2498519834221433,0.994122002469265,0.24414231993007593
0.2388228636106395,0.2498519834221433,0.9941249966681172,0.24421296296246323
0.23895809739524349,0.2498519834221433,0.9941287291802684,0.24428364688806756
0.23909348441926345,0.2498519834221433,0.9941323036651976,0.24435437174240704
0.23922902494331066,0.2498519834221433,0.994132578751576,0.24442513756104092
0.23936471922858762,0.2498519834221433,0.9941355071127878,0.24449594437956976
0.23893303064699206,0.2492599171107164,0.9941398921758652,0.24398725007194302
0.239068710959682,0.2492599171107164,0.9941398945409768,0.24405797101399299
0.23920454545454545,0.2492599171107164,0.9941420217656998,0.24412873296557736
0.23934053439454236,0.2492599171107164,0.9941426023434148,0.24419953596237726
0.23947667804323094,0.2492599171107164,0.9941436080509568,0.24427038004011523
0.2396129766647695,0.2492599171107164,0.9941448199627404,0.24434126523455532
0.239749430523918,0.2492599171107164,0.9941466177513776,0.2444121915815031
0.23988603988603988,0.2492599171107164,0.9941473773009456,0.24448315911680565
0.24002280501710377,0.2492599171107164,0.994148322681367,0.24455416787635176
0.2401597261836851,0.2492599171107164,0.9941495872508412,0.24462521789607194
0.23972602739726026,0.24866785079928952,0.9941497324253086,0.2441150828242604
0.23929183323814962,0.24807578448786263,0.994159738378358,0.24360465116229088
0.23942857142857144,0.24807578448786263,0.9941605102050262,0.2436754870596921
0.2389937106918239,0.24748371817643577,0.9941620281284892,0.24316463059868576
0.2391304347826087,0.24748371817643577,0.9941626962777588,0.24323537969109166
0.23926731539782484,0.24748371817643577,0.9941632214581516,0.24330616996457582
0.23940435280641467,0.24748371817643577,0.99416392604743,0.24337700145510424
0.23896848137535817,0.2468916518650089,0.9941644041314563,0.2428654630163901
0.23910550458715596,0.2468916518650089,0.994165767691568,0.24293620739827673
0.23924268502581755,0.2468916518650089,0.9941693513189742,0.24300699300649314
0.23938002296211253,0.2468916518650089,0.9941706494329487,0.24307781987708685
0.2395175186674325,0.2468916518650089,0.9941752404983122,0.2431486880461474
0.2396551724137931,0.2468916518650089,0.99417590693757,0.24321959754980632
0.23979298447383554,0.2468916518650089,0.9941762013056026,0.2432905484242376
0.23993095512082854,0.2468916518650089,0.994177732173642,0.2433615407056571
0.23949337938975246,0.246299585553582,0.9941777604032628,0.24284880326861863
0.23963133640552994,0.246299585553582,0.9941789436896952,0.2429197080286972
0.23919308357348704,0.24570751924215511,0.9941794301071925,0.24240654205557485
0.23875432525951557,0.24511545293072823,0.9941806004634196,0.24189307624840456
0.23889209463358338,0.24511545293072823,0.994182500689089,0.24196376388027155
0.2384526558891455,0.24452338661930137,0.994187381951309,0.24144986845901487
0.2385904101675332,0.24452338661930137,0.994187946743584,0.2415204678357574
0.23872832369942196,0.24452338661930137,0.9941913113491988,0.24159110851076068
0.23828802776171198,0.24393132030787448,0.9941958223480932,0.24107665301295828
0.23842592592592593,0.24393132030787448,0.9941959902557936,0.2411472051502171
0.23856398378691374,0.24393132030787448,0.9941980231841524,0.24121779859434786
0.23870220162224798,0.24393132030787448,0.9942016354309516,0.24128843338163772
0.2382608695652174,0.2433392539964476,0.9942033464612624,0.2407732864669869
0.23839907192575405,0.2433392539964476,0.9942066045676724,0.2408438324050084
0.23853743470690655,0.2433392539964476,0.9942067700624272,0.2409144196946935
0.23809523809523808,0.2427471876850207,0.9942091505507368,0.24039871005520216
0.23823358512492737,0.2427471876850207,0.9942121315200884,0.24046920821064371
0.23837209302325582,0.2427471876850207,0.9942130054630784,0.2405397477261061
0.2385107620709715,0.2427471876850207,0.9942148018081738,0.2406103286379977
0.23864959254947612,0.2427471876850207,0.9942150521346662,0.2406809509827698
0.23878858474082704,0.2427471876850207,0.9942157769131594,0.24075161479691637
0.23834498834498835,0.24215512137359385,0.9942170628508572,0.2402349486044927
0.23848396501457725,0.24215512137359385,0.9942172601936864,0.24030552291371862
0.23862310385064178,0.24215512137359385,0.9942175082353776,0.2403761387006461
0.23876240513718622,0.24215512137359385,0.9942187238090894,0.2404467960018516
0.2383177570093458,0.24156305506216696,0.9942190531591856,0.23992943251934712
0.23787258912916423,0.24097098875074008,0.9942218103946968,0.2394117647053824
0.23801169590643276,0.24097098875074008,0.994224928850998,0.23948220064674922
0.23815096547688708,0.24097098875074008,0.9942276652622106,0.2395526780454094
0.2382903981264637,0.24097098875074008,0.994228808992456,0.23962319693797515
0.23842999414176919,0.24097098875074008,0.9942306328221912,0.2396937573611019
0.23856975381008205,0.24097098875074008,0.9942308360042772,0.23976435935148824
0.23870967741935484,0.24097098875074008,0.9942308764945182,0.23983500294587598
0.23884976525821597,0.24097098875074008,0.9942309385780655,0.23990568818105026
0.23899001761597183,0.24097098875074008,0.9942324231488988,0.23997641509383966
0.2391304347826087,0.24097098875074008,0.99423248875713,0.24004718372111608
0.23927101704879483,0.24097098875074008,0.9942335017965378,0.240117994099795
0.23941176470588235,0.24097098875074008,0.9942335824165554,0.24018884626683554
0.23896409652736905,0.2403789224393132,0.9942346028674344,0.23966942148710332
0.23910482921083628,0.2403789224393132,0.994235157516894,0.23974018305234915
0.23865645256334708,0.23978685612788633,0.994235873079774,0.2392203189599253
0.23879716981132076,0.23978685612788633,0.9942388669962312,0.23929098965976586
0.2383480825958702,0.23919478981645945,0.994239269142638,0.23877068557869624
0.2384887839433294,0.23919478981645945,0.9942424915245012,0.2388412651487758
0.238629651506202,0.23919478981645945,0.99424714628683,0.23891188645721734
0.23817966903073287,0.23860272350503256,0.994249212520885,0.238391008576844
0.23832052040212892,0.23860272350503256,0.9942536702656156,0.23846153846103849
0.2378698224852071,0.23801065719360567,0.994257030109617,0.23794021899920406
0.23741859088217881,0.23741859088217881,0.9942585949689144,0.23741859088167883
0.23755924170616113,0.23741859088217881,0.9942618561902123,0.23748889546885152
0.23770005927682275,0.23741859088217881,0.9942633664381836,0.23755924170566114
0.23784104389086597,0.23741859088217881,0.9942653343348862,0.23762962962912965
0.23798219584569733,0.23741859088217881,0.9942684793806498,0.2377000592763228
0.2375296912114014,0.23682652457075193,0.9942689922715322,0.23717758671755515
0.23767082590612001,0.23682652457075193,0.9942751046353068,0.23724792408016432
0.23781212841854935,0.23682652457075193,0.9942785217180888,0.2373183031736323
0.2379535990481856,0.23682652457075193,0.994283076929784,0.23738872403510836
0.23809523809523808,0.23682652457075193,0.9942832407637066,0.23745918670178556
0.23823704586063132,0.23682652457075193,0.9942836546242592,0.23752969121090145
0.23837902264600716,0.23682652457075193,0.9942883175227246,0.2376002375997376
0.2385211687537269,0.23682652457075193,0.9942883713989092,0.23767082590562005
0.2386634844868735,0.23682652457075193,0.9942891091864368,0.23774145616591905
0.23880597014925373,0.23682652457075193,0.9942894875333474,0.23781212841804936
0.23894862604540024,0.23682652457075193,0.9942913929643178,0.2378828426994703
0.2384937238493724,0.23623445825932504,0.9942920880487058,0.23735871505006517
0.23863636363636365,0.23623445825932504,0.9942931161716304,0.23742933650649198
0.2381807301017355,0.23564239194789816,0.9942937332701832,0.23690476190426196
0.23832335329341317,0.23564239194789816,0.9942946766398896,0.23697529026445985
0.23846614739364888,0.23564239194789816,0.9942967489298472,0.23704586063082816
0.23860911270983212,0.23564239194789816,0.9942976089902268,0.23711647304090605
0.23875224955008997,0.23564239194789816,0.9943062877861152,0.2371871275322771
0.2382953181272509,0.2350503256364713,0.9943081712143198,0.23666169895628095
0.23843843843843843,0.2350503256364713,0.9943090846690592,0.236732259987574
0.23858173076923078,0.2350503256364713,0.994309748074663,0.23680286310716486
0.23872519542994589,0.2350503256364713,0.9943106487518318,0.236873508352722
0.23826714801444043,0.2344582593250444,0.994312647447498,0.23634735899681428
0.23841059602649006,0.2344582593250444,0.994314378937002,0.23641791044726126
0.23795180722891565,0.23386619301361752,0.9943147316011196,0.2358913108385565
0.23809523809523808,0.23386619301361752,0.9943170737248213,0.23596176821933282
0.2382388419782871,0.23386619301361752,0.994330541985532,0.23603226770192015
0.2383826191913096,0.23386619301361752,0.9943305980603973,0.23610280932406671
0.23852657004830918,0.23386619301361752,0.994331355619777,0.23617339312356583
0.23867069486404835,0.23386619301361752,0.9943314311159172,0.23624401913825602
0.23881499395405079,0.23386619301361752,0.99433152040829,0.23631468740602116
0.23895946763460374,0.23386619301361752,0.9943341549936108,0.23638539796479027
0.2391041162227603,0.23386619301361752,0.994341508101554,0.23645615085253807
0.23864324651726226,0.23327412670219064,0.9943443887874804,0.2359281437120749
0.2387878787878788,0.23327412670219064,0.9943476438647958,0.23599880203603799
0.23893268647665253,0.23327412670219064,0.994349158934811,0.23606950269572538
0.23907766990291263,0.23327412670219064,0.994349490130843,0.2361402457291974
0.2392228293867638,0.23327412670219064,0.994349974019986,0.23621103117456002
0.2393681652490887,0.23327412670219064,0.9943562244660876,0.23628185906996485
0.23890577507598784,0.23268206039076378,0.9943569300468692,0.23575284942961405
0.23905109489051096,0.23268206039076378,0.9943603017222504,0.23582358235773593
0.23919659160073037,0.23268206039076378,0.9943644797048444,0.23589435774259737
0.23934226552984167,0.23268206039076378,0.9943677503376752,0.23596517562243619
0.23948811700182815,0.23268206039076378,0.994372224089762,0.23603603603553616
0.2396341463414634,0.23268206039076378,0.994374818464004,0.23610693902022706
0.23917022574740696,0.2320899940793369,0.9943750787167396,0.23557692307642322
0.23931623931623933,0.2320899940793369,0.9943765758905898,0.23564773068780795
0.23946243127672573,0.2320899940793369,0.9943789314621334,0.23571858087743158
0.23899755501222494,0.23149792776791,0.9943800289943672,0.23518796992431218
0.23853211009174313,0.23090586145648312,0.9943873964357408,0.2346570397106915
0.2386780905752754,0.23090586145648312,0.994396153721392,0.23472765573227172
0.23882424984690753,0.23090586145648312,0.9943965255141636,0.2347983142680131
0.23835784313725492,0.23031379514505623,0.9943984789405812,0.2342667871118157
0.23850398528510117,0.23031379514505623,0.9943986468920608,0.2343373493970905
0.23803680981595093,0.22972172883362937,0.9943992922231356,0.23380536306066318
0.238182934315531,0.22972172883362937,0.9944004331846296,0.23387582881203786
0.23832923832923833,0.22972172883362937,0.99440362952265,0.23394633705105278
0.23847572218807622,0.22972172883362937,0.9944063326012942,0.23401688781614674
0.23862238622386223,0.22972172883362937,0.9944081441251372,0.23408748114580485
0.23876923076923076,0.22972172883362937,0.9944107622250032,0.23415811707855874
0.23891625615763548,0.22972172883362937,0.9944125205449832,0.23422879565298646
0.23906346272335183,0.22972172883362937,0.994413263401036,0.23429951690771278
0.23921085080147966,0.22972172883362937,0.9944140604994738,0.23437028088140902
0.23935842072794572,0.22972172883362937,0.9944160659272692,0.2344410876127933
0.23950617283950618,0.22972172883362937,0.994419117443266,0.23451193714063048
0.23965410747374924,0.22972172883362937,0.99442388264341,0.2345828295037324
0.23980222496909764,0.22972172883362937,0.994425565946242,0.23465376474095773
0.23995052566481137,0.22972172883362937,0.9944258895563838,0.23472474289121228
0.2400990099009901,0.22972172883362937,0.9944315561657626,0.23479576399344879
0.24024767801857586,0.22972172883362937,0.9944317743520472,0.23486682808666734
0.24039653035935563,0.22972172883362937,0.9944329077374888,0.23493793520991502
0.23992560446373218,0.2291296625222025,0.9944332768944276,0.2344033918832071
0.2400744416873449,0.2291296625222025,0.9944337346148936,0.2344744016959559
0.24022346368715083,0.2291296625222025,0.9944365805467276,0.23454545454495482
0.24037267080745342,0.2291296625222025,0.9944381111207828,0.23461655046933966
0.24052206339341206,0.2291296625222025,0.9944398132609116,0.2346876895082935
0.24067164179104478,0.2291296625222025,0.9944401471711324,0.23475887170104714
0.24019912881144992,0.2285375962107756,0.9944408526830026,0.2342233009703741
0.2403486924034869,0.2285375962107756,0.9944426310576164,0.23429438543197376
0.24049844236760123,0.2285375962107756,0.9944466888885108,0.23436551305353798
0.24064837905236908,0.2285375962107756,0.9944506087154104,0.23443668387438646
0.24017467248908297,0.22794552989934871,0.9944509077616348,0.23390036451954896
0.24032459425717853,0.22794552989934871,0.9944540646863956,0.2339714372526149
0.24047470331043097,0.22794552989934871,0.9944548614992644,0.23404255319098974
0.24,0.22735346358792186,0.9944561642365152,0.233505624809473
0.2401500938086304,0.22735346358792186,0.9944570186671003,0.23357664233526682
0.24030037546933666,0.22735346358792186,0.9944606843792244,0.23364770307221108
0.24045084533500313,0.22735346358792186,0.9944711749044696,0.23371880705975603
0.24060150375939848,0.22735346358792186,0.9944715498575424,0.23378995433739994
0.24075235109717869,0.22735346358792186,0.9944796188142552,0.2338611449446892
0.24027603513174403,0.22676139727649497,0.9944801320841128,0.23332318001777638
0.23979912115505336,0.22616933096506808,0.9944835028852812,0.23278488726336394
0.2399497487437186,0.22616933096506808,0.994487314778864,0.23285583663467266
0.24010056568196103,0.22616933096506808,0.9944877659183238,0.23292682926779312
0.24025157232704403,0.22616933096506808,0.9944920273934206,0.2329978652023062
0.23977344241661422,0.2255772646536412,0.994498048032478,0.2324588163509343
0.23929471032745592,0.22498519834221434,0.9945017203573664,0.23191943851033356
0.23944549464398235,0.22498519834221434,0.9945021473146471,0.23199023198973248
0.23959646910466584,0.22498519834221434,0.9945029943630486,0.23206106870179058
0.23974763406940064,0.22498519834221434,0.9945032342890264,0.23213194868612239
0.2398989898989899,0.22498519834221434,0.9945035739401789,0.2322028719823908
0.24005053695514844,0.22498519834221434,0.9945047456731404,0.2322738386303074
0.2402022756005057,0.22498519834221434,0.9945073549773916,0.232344848669632
0.24035420619860848,0.22498519834221434,0.9945082174288782,0.23241590214017335
0.24050632911392406,0.22498519834221434,0.9945140162648718,0.23248699908178874
0.24002533248891703,0.22439313203078745,0.9945191295994288,0.23194614443034514
0.24017743979721165,0.22439313203078745,0.9945195842347776,0.23201714110755078
0.23969562460367788,0.22380106571936056,0.9945197638495198,0.23147581138958023
0.23921319796954316,0.22320899940793368,0.9945200752639496,0.2309341500760703
0.23936507936507936,0.22320899940793368,0.9945246224818703,0.23100490196028492
0.23951715374841168,0.22320899940793368,0.9945249091184784,0.231075697210656
0.2396694214876033,0.22320899940793368,0.9945316795052708,0.23114653586706654
0.23918575063613232,0.22261693309650682,0.9945323484442892,0.23060410916846724
0.23933800127307447,0.22261693309650682,0.994532643603101,0.23067484662526752
0.2394904458598726,0.22261693309650682,0.9945362012226788,0.23074562749259675
0.2390057361376673,0.22202486678507993,0.9945377320579032,0.2302025782683773
0.2385204081632653,0.22143280047365305,0.9945387670472864,0.22965919557825415
0.23867262284620294,0.22143280047365305,0.9945390447938988,0.22972972972923045
0.2388250319284802,0.22143280047365305,0.9945398635222116,0.22980030721916278
0.2389776357827476,0.22143280047365305,0.9945440853229888,0.2298709280880072
0.2391304347826087,0.22143280047365305,0.99454594704961,0.2299415923757688
0.23928342930262317,0.22143280047365305,0.9945487273384814,0.23001230012250198
0.23879641485275288,0.22084073416222616,0.99454922964163,0.22946785604379483
0.23894939141575913,0.22084073416222616,0.9945514664669476,0.22953846153796234
0.2391025641025641,0.22084073416222616,0.9945541300207564,0.22960911049503788
0.23925593329057088,0.22084073416222616,0.994556966290981,0.22967980295516582
0.23876765083440307,0.2202486678507993,0.994557865940181,0.2291345857709822
0.23892100192678228,0.2202486678507993,0.994560537129271,0.22920517560024023
0.2390745501285347,0.2202486678507993,0.9945617162167362,0.22927580893632674
0.23922829581993568,0.2202486678507993,0.9945649101388964,0.2293464858194762
0.23938223938223938,0.2202486678507993,0.9945681374718572,0.22941720628997264
0.23953638119768192,0.2202486678507993,0.9945693697664092,0.2294879703881499
0.23969072164948454,0.2202486678507993,0.9945723735613672,0.2295587781543914
0.23984526112185686,0.2202486678507993,0.9945820383901374,0.22962962962913055
0.23935483870967741,0.21965660153937241,0.9945829630191012,0.22908305032367507
0.23886378308586184,0.21906453522794553,0.99458327791415,0.22853613341518964
0.23901808785529716,0.21906453522794553,0.9945835037789412,0.228606734630332
0.2391725921137686,0.21906453522794553,0.9945851560997668,0.22867737948034153
0.23932729624838292,0.21906453522794553,0.994585386942798,0.22874806800568337
0.23948220064724918,0.21906453522794553,0.9945865267191644,0.22881880024687268
0.23898963730569947,0.21847246891651864,0.9945906544041088,0.22827095576813694
0.23849643551523006,0.21788040260509178,0.9945960773089412,0.22772277227672877
0.23865110246433205,0.21788040260509178,0.9945972755084532,0.2277932528623918
0.23880597014925373,0.21788040260509178,0.9945985773934928,0.22786377708928432
0.2383116883116883,0.2172883362936649,0.9945986146575494,0.2273149581908916
0.23846653671215073,0.2172883362936649,0.9946006862695438,0.22738537794249986
0.23862158647594278,0.2172883362936649,0.9946011331008592,0.2274558413382058
0.23877683799609628,0.2172883362936649,0.9946029583822652,0.22752634841859598
0.23828125,0.216696269982238,0.9946055214882874,0.22697674418554764
0.23778501628664495,0.21610420367081112,0.99460781744732,0.22642679900694532
0.2379400260756193,0.21610420367081112,0.9946087617741416,0.22649705243512014
0.23809523809523808,0.21610420367081112,0.9946151752547026,0.2265673494718786
0.23825065274151436,0.21610420367081112,0.994615767880112,0.2266376901578371
0.23840627041149576,0.21610420367081112,0.99461609689237,0.2267080745336627
0.238562091503268,0.21610420367081112,0.9946165272188288,0.22677850264007285
0.2380640941792021,0.21551213735938426,0.9946179353761184,0.22622747047805936
0.23821989528795812,0.21551213735938426,0.9946204169976858,0.2262977929743225
0.23772102161100198,0.21492007104795738,0.9946207836309452,0.22574626865621772
0.23787680209698558,0.21492007104795738,0.9946209165475008,0.22581648522500675
0.2380327868852459,0.21492007104795738,0.9946222486353196,0.22588674548798918
0.23753280839895013,0.2143280047365305,0.994627591315958,0.22533457827525608
0.23768877216021012,0.2143280047365305,0.9946281828039174,0.22540473225354868
0.2378449408672799,0.2143280047365305,0.9946282995705996,0.2254749299278726
0.23800131492439186,0.2143280047365305,0.9946302634987894,0.22554517133906526
0.2381578947368421,0.2143280047365305,0.994636557369898,0.22561545652801496
0.23765635286372613,0.2137359384251036,0.9946410126226146,0.2250623441391523
0.2378129117259552,0.2137359384251036,0.9946426174535652,0.22513252260629904
0.23796967699406724,0.2137359384251036,0.9946438182441328,0.22520274485290132
0.23746701846965698,0.21314387211367672,0.994644455104122,0.22464898595893984
0.2376237623762376,0.21314387211367672,0.9946485593432628,0.224719101123097
0.23712021136063408,0.21255180580224986,0.9946488522168724,0.2241648454568852
0.23661599471249173,0.21195973949082297,0.994653651072602,0.22361024359725293
0.23677248677248677,0.21195973949082297,0.9946561165293776,0.2236800999682613
0.23626737260092653,0.2113676731793961,0.994657172962378,0.22312499999950156
0.23642384105960265,0.2113676731793961,0.9946590355182524,0.22319474835836373
0.23591782637508282,0.2107756068679692,0.994660649302098,0.22263914946791935
0.23607427055702918,0.2107756068679692,0.9946619257639276,0.22270878948964862
0.23623092236230922,0.2107756068679692,0.994662751261118,0.22277847309086582
0.2357237715803453,0.21018354055654234,0.9946631375623864,0.22222222222172391
0.23521594684385383,0.20959147424511546,0.9946648335686878,0.22166562304270765
0.23537234042553193,0.20959147424511546,0.9946655875000288,0.22173504541134006
0.23552894211576847,0.20959147424511546,0.9946685739681084,0.22180451127769718
0.23568575233022637,0.20959147424511546,0.9946699531559212,0.22187402068267315
0.23584277148567623,0.20959147424511546,0.9946710281084864,0.22194357366721335
0.236,0.20959147424511546,0.9946711655723915,0.22201317027231457
0.2361574382921948,0.20959147424511546,0.9946714947624886,0.222082810539025
0.2356475300400534,0.20899940793368857,0.9946729014616364,0.22152494508892756
0.23580494321977288,0.20899940793368857,0.994673564216006,0.2215944758312658
0.23529411764705882,0.20840734162226168,0.9946736739286024,0.22103610674989432
0.2354515050167224,0.20840734162226168,0.9946748279112152,0.22110552763769278
0.23560910307898258,0.20840734162226168,0.9946808514916314,0.2211749921452763
0.23576691225720026,0.20840734162226168,0.9946879248723064,0.22124450031376963
0.2359249329758713,0.20840734162226168,0.994688140871514,0.2213140521843495
0.23608316566063045,0.20840734162226168,0.9946884641454524,0.2213836477982441
0.23624161073825503,0.20840734162226168,0.9946892257216232,0.22145328719673382
0.23572867696440564,0.20781527531083482,0.994690871020955,0.22089364380063478
0.23521505376344087,0.20722320899940794,0.9946930942957946,0.22033364809518977
0.23537323470073973,0.20722320899940794,0.994695673405134,0.22040302266952722
0.23553162853297444,0.20722320899940794,0.9946991152659386,0.22047244094438395
0.235016835016835,0.20663114268798105,0.9946995469293828,0.21991178323831745
0.23517520215633422,0.20663114268798105,0.994701490959365,0.2199810904501797
0.23533378287255563,0.20663114268798105,0.9947018657690108,0.2200504413614189
0.23549257759784076,0.20663114268798105,0.9947036240622272,0.2201198360133779
0.23565158676569886,0.20663114268798105,0.9947045695312104,0.22018927444745168
0.23581081081081082,0.20663114268798105,0.9947050487784193,0.22025875670508752
0.23597025016903314,0.20663114268798105,0.994712346190348,0.22032828282778505
0.2361299052774019,0.20663114268798105,0.9947140054374326,0.22039785285709618
0.23628977657413677,0.20663114268798105,0.994715796889346,0.22046746683462543
0.23577235772357724,0.20603907637655416,0.9947164934237516,0.21990521326964446
0.2359322033898305,0.20603907637655416,0.9947177330489144,0.2199747155494391
0.23609226594301222,0.20603907637655416,0.9947185149202769,0.2200442617762965
0.23625254582484725,0.20603907637655416,0.9947186910779556,0.22011385199191222
0.23641304347826086,0.20603907637655416,0.99472024417574,0.22018348623803446
0.23657375934738273,0.20603907637655416,0.9947238134450564,0.2202531645564644
0.23673469387755103,0.20603907637655416,0.9947240422771346,0.22032288698905605
0.23689584751531653,0.20603907637655416,0.9947244449740604,0.22039265357771645
0.23637602179836512,0.2054470100651273,0.9947270373402106,0.2198289515357711
0.2365371506475801,0.2054470100651273,0.9947304101513366,0.21989860582966725
0.23669849931787176,0.2054470100651273,0.9947328027528486,0.21996830427842484
0.23686006825938566,0.2054470100651273,0.994733308629662,0.22003804692404277
0.23702185792349728,0.2054470100651273,0.9947370193992936,0.2201078338085733
0.23718386876281614,0.2054470100651273,0.9947378417629368,0.22017766497412186
0.23734610123119015,0.2054470100651273,0.9947409975248565,0.22024754046284759
0.2375085557837098,0.2054470100651273,0.9947424124208172,0.22031746031696295
0.23767123287671232,0.2054470100651273,0.9947428854771088,0.22038742457873417
0.23783413296778616,0.2054470100651273,0.9947432795941084,0.2204574332904811
0.23799725651577502,0.2054470100651273,0.9947448632688168,0.2205274864945774
0.23816060398078243,0.2054470100651273,0.9947460632574276,0.2205975842334506
0.23832417582417584,0.2054470100651273,0.9947464113751874,0.22066772654958228
0.23848797250859108,0.2054470100651273,0.9947491628635796,0.2207379134855079
0.23865199449793673,0.2054470100651273,0.9947495706893408,0.22080814508381716
0.23881624225739848,0.2054470100651273,0.99475873530572,0.22087842138715402
0.23898071625344353,0.2054470100651273,0.9947600752879636,0.22094874243821663
0.23914541695382494,0.2054470100651273,0.9947656622640106,0.22101910827975768
0.2386206896551724,0.20485494375370042,0.9947668742210882,0.22045237336681733
0.23878536922015184,0.20485494375370042,0.9947670252238798,0.2205226258758573
0.23895027624309392,0.20485494375370042,0.9947740355213148,0.22059292317451093
0.23911541119557705,0.20485494375370042,0.9947756073971544,0.2206632653056254
0.2392807745504841,0.20485494375370042,0.9947756903792564,0.2207336523121027
0.23875432525951557,0.20426287744227353,0.9947758020290498,0.22016592214372768
0.23822714681440443,0.20367081113084665,0.9947772074261484,0.21959782955583884
0.2383922383922384,0.20367081113084665,0.9947773884367196,0.21966794380537794
0.23786407766990292,0.2030787448194198,0.9947822941228112,0.21909932928727063
0.238029146426093,0.2030787448194198,0.9947829101575638,0.2191693290729856
0.2375,0.2024866785079929,0.9947835488879104,0.21860019175405734
0.23766504517025713,0.2024866785079929,0.994786972046916,0.21867007672584593
0.23783031988873435,0.2024866785079929,0.9947870910452534,0.21874000639540989
0.23799582463465555,0.2024866785079929,0.9947911865439854,0.2188099808056453
0.23746518105849582,0.20189461219656601,0.99479202948702,0.2182399999995033
0.23763066202090594,0.20189461219656601,0.9947925964730022,0.21830985915443288
0.23709902370990238,0.20130254588513913,0.9947931265346184,0.2177393531855424
0.23726448011165388,0.20130254588513913,0.994797511733408,0.21780909673236692
0.23743016759776536,0.20130254588513913,0.994798543197235,0.21787888497226854
0.2375960866526904,0.20130254588513913,0.9947985842518036,0.21794871794822138
0.23706293706293707,0.20071047957371227,0.994803085190194,0.2173773645394201
0.2365290412876137,0.20011841326228538,0.994806490205643,0.21680564464350607
0.23669467787114845,0.20011841326228538,0.9948072968722308,0.2168752005128176
0.23686054660126138,0.20011841326228538,0.9948085021901912,0.2169448010264612
0.2370266479663394,0.20011841326228538,0.994808648784344,0.21701444622743293
0.23719298245614034,0.20011841326228538,0.994809495762053,0.21708413615878427
0.23735955056179775,0.20011841326228538,0.9948113776109708,0.21715387086362187
0.23752635277582573,0.20011841326228538,0.9948135914900808,0.2172236503851078
0.2369901547116737,0.1995263469508585,0.9948139115999316,0.21665059466359884
0.23715693173821253,0.1995263469508585,0.9948140334732174,0.2167202572342304
0.23732394366197182,0.1995263469508585,0.994817437092528,0.21678996461835226
0.23749119097956306,0.1995263469508585,0.9948212885224974,0.21685971685922065
0.23765867418899858,0.1995263469508585,0.9948227649745374,0.2169295140001475
0.23782639378969656,0.1995263469508585,0.994823118587735,0.2169993560845006
0.2379943502824859,0.1995263469508585,0.9948270378390092,0.21706924315570356
0.23745583038869258,0.1989342806394316,0.9948284816093222,0.21649484536032865
0.2376237623762376,0.1989342806394316,0.99483218053652,0.21656461488832118
0.23779193205944799,0.1989342806394316,0.994836085952618,0.2166344293998908
0.23796033994334279,0.1989342806394316,0.9948494657586496,0.2167042889385559
0.23812898653437278,0.1989342806394316,0.9948514936799144,0.21677419354789113
0.23829787234042554,0.1989342806394316,0.994851861005266,0.2168441432715273
0.23775727466288146,0.19834221432800472,0.9948523177057276,0.21626856036102765
0.2372159090909091,0.19775014801657786,0.9948528764432828,0.21569260574700172
0.23738450604122247,0.19775014801657786,0.994853781876306,0.21576227390131295
0.2375533428165007,0.19775014801657786,0.9948553196480324,0.2158319870754331
0.23701067615658364,0.19715808170515098,0.9948571462994013,0.21525533290189597
0.23717948717948717,0.19715808170515098,0.9948579945090834,0.2153249272545964
0.23734853884533144,0.19715808170515098,0.9948620595316288,0.21539456662304896
0.23680456490727533,0.1965660153937241,0.9948639481289904,0.21481721125799674
0.23625981441827265,0.1959739490822972,0.9948650421562836,0.2142394822001516
0.23642857142857143,0.1959739490822972,0.9948667091792684,0.2143088378110939
0.2365975696926376,0.1959739490822972,0.9948706397535072,0.21437823834147332
0.23676680972818312,0.1959739490822972,0.994870687230122,0.21444768383494336
0.23622047244094488,0.19538188277087035,0.9948719932130476,0.2138690861952271
0.23638968481375358,0.19538188277087035,0.9948742939407048,0.21393841166887245
0.23655913978494625,0.19538188277087035,0.9948758398911626,0.21400778210067192
0.23672883787661406,0.19538188277087035,0.9948758419789026,0.21407719753437324
0.23689877961234745,0.19538188277087035,0.9948796024859404,0.21414665801378105
0.23706896551724138,0.19538188277087035,0.9948810155999964,0.21421616358275683
0.2372393961179008,0.19538188277087035,0.994884459893378,0.214285714285219
0.23741007194244604,0.19538188277087035,0.9948856148890304,0.21435531016514292
0.23758099352051837,0.19538188277087035,0.994885976988196,0.21442495126656128
0.2377521613832853,0.19538188277087035,0.994887828020726,0.21449463763356394
0.23792357606344627,0.19538188277087035,0.9948879089760164,0.21456436931029807
0.23737373737373738,0.19478981645944346,0.994889483874869,0.21398373983690325
0.2375451263537906,0.19478981645944346,0.9948932780002716,0.2140533506826539
0.23771676300578035,0.19478981645944346,0.9948970171473264,0.21412300683321792
0.2378886478669559,0.19478981645944346,0.9949036347615754,0.21419270833283832
0.23733719247467439,0.19419775014801657,0.994905585842357,0.21361120156251376
0.23750905141202028,0.19419775014801657,0.9949097878035068,0.2136807817584627
0.23768115942028986,0.19419775014801657,0.9949104460612216,0.21375040729829947
0.2378535170413343,0.19419775014801657,0.9949121920954588,0.21382007822636298
0.23802612481857766,0.19419775014801657,0.9949151882109302,0.21388979458705001
0.2374727668845316,0.1936056838365897,0.9949168897632346,0.21330724070400614
0.2376453488372093,0.1936056838365897,0.9949183689992008,0.21337683523604684
0.23781818181818182,0.1936056838365897,0.994918832294861,0.2134464751953277
0.23799126637554585,0.1936056838365897,0.9949211617304304,0.21351616062634174
0.2381646030589949,0.1936056838365897,0.9949233673440818,0.21358589157363986
0.23760932944606414,0.19301361752516283,0.9949256823888136,0.21300228683387323
0.23778264040846098,0.19301361752516283,0.9949266456107988,0.21307189542434202
0.23795620437956205,0.19301361752516283,0.9949278536968388,0.21314154952549433
0.23739956172388604,0.19242155121373594,0.9949285132609684,0.21255722694522164
0.23757309941520469,0.19242155121373594,0.994931330481862,0.2126267582592373
0.2370153621068032,0.19182948490230906,0.9949367061787262,0.2120418848162595
0.23718887262079064,0.19182948490230906,0.9949375307213836,0.21211129296186237
0.23736263736263735,0.19182948490230906,0.994938879713314,0.2121807465613917
0.2375366568914956,0.19182948490230906,0.9949433562440048,0.21225024565951223
0.23771093176815847,0.19182948490230906,0.994944426740326,0.21231979030094741
0.23788546255506607,0.19182948490230906,0.9949454632855064,0.21238938053047918
0.23806024981631155,0.19182948490230906,0.9949505944568128,0.21245901639294842
0.23823529411764705,0.19182948490230906,0.9949540575004284,0.2125286979332546
0.23841059602649006,0.19182948490230906,0.9949544208977728,0.21259842519635624
0.23858615611192932,0.19182948490230906,0.9949559494281668,0.21266819822727095
0.23876197494473103,0.19182948490230906,0.9949561348352572,0.21273801707107526
0.23820058997050148,0.19123741859088217,0.9949598346550964,0.2121510673229871
0.23763837638376384,0.1906453522794553,0.9949599168084392,0.21156373193117486
0.2378138847858198,0.1906453522794553,0.9949608039989696,0.21163325665412325
0.23798965262379895,0.1906453522794553,0.994966667389262,0.2117028270869486
0.23816568047337278,0.1906453522794553,0.9949720382783896,0.21177244327474457
0.23834196891191708,0.1906453522794553,0.994972834961794,0.2118421052626641
0.23851851851851852,0.1906453522794553,0.9949736855092788,0.21191181309591953
0.2379540400296516,0.19005328596802842,0.9949759835634416,0.21132323897251484
0.2381305637982196,0.19005328596802842,0.9949768807481464,0.21139282186318759
0.2383073496659243,0.19005328596802842,0.9949829131628932,0.21146245059239174
0.2384843982169391,0.19005328596802842,0.994983107804138,0.2115321252054372
0.23866171003717473,0.19005328596802842,0.9949858432775748,0.21160184574769367
0.23809523809523808,0.18946121965660154,0.9949899170678984,0.2110121991422694
0.23827252419955325,0.18946121965660154,0.994990995944882,0.21108179419475714
0.23845007451564829,0.18946121965660154,0.994991278698879,0.21115143516941748
0.23862788963460105,0.18946121965660154,0.9949965912536968,0.2112211221117178
0.23880597014925373,0.18946121965660154,0.994998336297167,0.21129085506718573
0.23898431665421957,0.18946121965660154,0.9950014944145472,0.21136063408140895
0.2384155455904335,0.18886915334517465,0.9950025814209636,0.21076973901503365
0.23859386686611816,0.18886915334517465,0.9950035891448326,0.2108393919360567
0.23802395209580837,0.1882770870337478,0.9950041309504702,0.21024793388380433
0.23820224719101124,0.1882770870337478,0.9950054677580328,0.2103174603169672
0.2376311844077961,0.1876850207223209,0.9950067031205316,0.2097254383058251
0.23780945236309078,0.1876850207223209,0.9950073842358746,0.20979483785523165
0.23798798798798798,0.1876850207223209,0.9950080148837248,0.20986428334939114
0.23816679188580014,0.1876850207223209,0.9950083610127334,0.2099337748339441
0.23759398496240602,0.18709295441089402,0.995011732386093,0.20934084133769854
0.23777276147479307,0.18709295441089402,0.9950156564234084,0.2094102054335694
0.23795180722891565,0.18709295441089402,0.99502016898334,0.2094796155116053
0.23813112283345894,0.18709295441089402,0.9950214672461496,0.20954907161754435
0.2383107088989442,0.18709295441089402,0.9950232714435436,0.20961857379718551
0.23849056603773586,0.18709295441089402,0.9950242996276186,0.2096881220963885
0.23867069486404835,0.18709295441089402,0.9950255830831164,0.2097577165610739
0.23885109599395313,0.18709295441089402,0.9950285607385488,0.20982735723722318
0.23827534039334342,0.18650088809946713,0.9950333816110088,0.20923281301843802
0.2384557153671461,0.18650088809946713,0.9950339927149756,0.2093023255809028
0.23863636363636365,0.18650088809946713,0.995035371239058,0.20937188434646664
0.23881728582259287,0.18650088809946713,0.9950363193970524,0.2094414893612097
0.23823975720789076,0.18590882178804027,0.9950372874963872,0.2088460259389822
0.2384206529992407,0.18590882178804027,0.9950399945470034,0.20891550232818362
0.23860182370820668,0.18590882178804027,0.9950427287970453,0.20898502495791035
0.23878326996197718,0.18590882178804027,0.9950476729182534,0.20905459387434133
0.2389649923896499,0.18590882178804027,0.99504914606861,0.20912420912371693
0.2383853769992384,0.1853167554766134,0.9950496788449426,0.2085276482340182
0.23780487804878048,0.1847246891651865,0.9950510454103144,0.20793068976958456
0.2379862700228833,0.1847246891651865,0.9950543170375354,0.20799999999950797
0.2381679389312977,0.1847246891651865,0.9950569312077996,0.2080693564516587
0.23834988540870894,0.1847246891651865,0.9950573858680531,0.2081387591722899
0.23853211009174313,0.1847246891651865,0.9950616038991692,0.20820820820771632
0.23871461361897475,0.1847246891651865,0.9950620120840828,0.20827770360431455
0.23813169984686064,0.18413262285375961,0.9950656298013754,0.20767946577580199
0.23831417624521073,0.18413262285375961,0.9950657467595684,0.2077488309948322
0.23849693251533743,0.18413262285375961,0.995065908246826,0.20781824256549558
0.23791250959324636,0.18354055654233273,0.995070113620677,0.20721925133640673
0.23809523809523808,0.18354055654233273,0.9950777472939664,0.2072885322629654
0.2382782475019216,0.18354055654233273,0.9950859921190608,0.207357859531281
0.2376923076923077,0.18294849023090587,0.9950876079808976,0.20675811308080658
0.23787528868360278,0.18294849023090587,0.9950918515335718,0.20682730923645634
0.23728813559322035,0.18235642391947898,0.9950924573582004,0.20622698359508942
0.23747108712413262,0.18235642391947898,0.9950931575971276,0.20629604822455885
0.23765432098765432,0.18235642391947898,0.9950939619901298,0.2063651591284869
0.23783783783783785,0.18235642391947898,0.9950977761202418,0.20643431635339615
0.23724884080370942,0.1817643576080521,0.9951001630828432,0.20583305397201965
0.2374323279195669,0.1817643576080521,0.9951014251477216,0.20590207914102457
0.23684210526315788,0.1811722912966252,0.9951047493009886,0.20530023482003887
0.23625096824167313,0.18058022498519835,0.995105861465035,0.20469798657669017
0.2364341085271318,0.18058022498519835,0.995106392942818,0.20476670023448718
0.2366175329712956,0.18058022498519835,0.995106621344156,0.20483546003980452
0.23680124223602483,0.18058022498519835,0.9951066437668206,0.20490426603914633
0.236985236985237,0.18058022498519835,0.9951080080286884,0.20497311827907905
0.23716951788491447,0.18058022498519835,0.9951095348095416,0.2050420168062319
0.23735408560311283,0.18058022498519835,0.9951108677602478,0.2051109616672967
0.23753894080996885,0.18058022498519835,0.9951138401871342,0.20517995290902832
0.23694466095089634,0.17998815867377146,0.9951139439869644,0.20457604306815
0.23712948517940718,0.17998815867377146,0.995116325929896,0.20464490070634214
0.2373145979703357,0.17998815867377146,0.99511865918416,0.20471380471331418
0.23671875,0.17939609236234458,0.995122417074756,0.20410912765191772
0.236903831118061,0.17939609236234458,0.995122541746541,0.20417789757363353
0.23708920187793428,0.17939609236234458,0.9951233130360642,0.20424671385188575
0.2364917776037588,0.1788040260509177,0.9951252077928804,0.2036412677001165
0.2358934169278997,0.17821195973949083,0.99512570370767,0.2030354131529667
0.23529411764705882,0.17761989342806395,0.9951275448671536,0.20242914979708063
0.23469387755102042,0.17702782711663706,0.99513271847748,0.20182247721854457
0.23487824037706206,0.17702782711663706,0.9951377588372968,0.20189061444920603
0.235062893081761,0.17702782711663706,0.9951384801277452,0.20195879770298847
0.23524783634933125,0.17702782711663706,0.995139370279936,0.202027027026537
0.2346456692913386,0.17643576080521017,0.9951394975676096,0.20141939844493081
0.23483057525610718,0.17643576080521017,0.9951421109164748,0.20148749154785356
0.23501577287066247,0.17643576080521017,0.9951433836029224,0.20155563070630758
0.23520126282557222,0.17643576080521017,0.9951443436938416,0.20162381596703388
0.23459715639810427,0.17584369449378331,0.9951450103943648,0.2010152284259062
0.23478260869565218,0.17584369449378331,0.9951451724273832,0.20108327691217112
0.23417721518987342,0.17525162818235643,0.9951459962269568,0.20047409414106132
0.23436262866191607,0.17525162818235643,0.9951463632573998,0.20054200541956463
0.23454833597464342,0.17525162818235643,0.9951504036729584,0.20060996272401066
0.23473433782712133,0.17525162818235643,0.995152090371263,0.20067796610120542
0.23412698412698413,0.17465956187092954,0.9951522862597176,0.20006781959937495
0.23431294678316125,0.17465956187092954,0.9951582668296204,0.20013568520982275
0.23370429252782193,0.17406749555950266,0.995159832717396,0.19952494061708786
0.23389021479713604,0.17406749555950266,0.995165295228079,0.19959266802395068
0.2340764331210191,0.17406749555950266,0.995169346718766,0.19966044142565686
0.23346613545816733,0.1734754292480758,0.9951708919827672,0.19904891304298916
0.23365231259968103,0.1734754292480758,0.9951713272992776,0.19911654773991191
0.2338387869114126,0.1734754292480758,0.9951738025621109,0.19918422841555453
0.2340255591054313,0.1734754292480758,0.9951754353328568,0.1992519551168181
0.23421262989608313,0.1734754292480758,0.995177928799904,0.19931972789066754
0.2344,0.1734754292480758,0.9951799356992408,0.19938754678413179
0.2345876701361089,0.1734754292480758,0.9951853564747756,0.1994554118443036
0.23477564102564102,0.1734754292480758,0.9951903224886344,0.19952332311834003
0.23416198877305533,0.1728833629366489,0.9951904795672616,0.19891008174338057
0.23434991974317818,0.1728833629366489,0.995190574609094,0.1989778534918453
0.23453815261044178,0.1728833629366489,0.9951959737859076,0.19904567143782093
0.2347266881028939,0.1728833629366489,0.9951978183360356,0.19911353562856027
0.23491552695092519,0.1728833629366489,0.99519964993112,0.1991814461113806
0.23510466988727857,0.1728833629366489,0.9951996619270438,0.1992494029336638
0.23529411764705882,0.1728833629366489,0.9952001513471276,0.1993174061428564
0.23548387096774193,0.1728833629366489,0.9952018815837004,0.19938545578646977
0.23486682808716708,0.17229129662522202,0.9952032445776576,0.1987704918027905
0.23505654281098545,0.17229129662522202,0.9952035906029748,0.19883840109278147
0.23524656426839127,0.17229129662522202,0.995205105231427,0.1989063568006056
0.2354368932038835,0.17229129662522202,0.9952072667519808,0.19897435897387097
0.23562753036437248,0.17229129662522202,0.9952120907876114,0.19904240766025078
0.23581847649918963,0.17229129662522202,0.9952127108978202,0.1991105029074834
0.2360097323600973,0.17229129662522202,0.9952165906305366,0.19917864476337255
0.2362012987012987,0.17229129662522202,0.9952192757160714,0.1992468332757875
0.23639317627944761,0.17229129662522202,0.9952195147172204,0.199315068492663
0.23658536585365852,0.17229129662522202,0.9952218481075612,0.19938335046199954
0.2367778681855167,0.17229129662522202,0.9952224139245776,0.19945167923186333
0.23615635179153094,0.17169923031379514,0.9952267313349424,0.19883441892306408
0.23553382233088835,0.17110716400236828,0.9952291600154896,0.19821673525328487
0.23491027732463296,0.1705150976909414,0.9952295342149944,0.19759862778681966
0.23510204081632652,0.1705150976909414,0.9952330240042606,0.19766643788557997
0.23447712418300654,0.1699230313795145,0.9952337914740208,0.19704771712961916
0.2346688470973017,0.1699230313795145,0.9952340742234452,0.19711538461489742
0.234860883797054,0.1699230313795145,0.9952371872269998,0.19718309859106217
0.23505323505323505,0.1699230313795145,0.9952373784886412,0.19725085910604218
0.23442622950819672,0.16933096506808762,0.995240363720166,0.1966311447227856
0.23379819524200163,0.16873889875666073,0.9952419736267308,0.1960110041260605
0.23399014778325122,0.16873889875666073,0.995249543379172,0.19607843137206216
0.2341824157764996,0.16873889875666073,0.995249758384548,0.19614590502360127
0.234375,0.16873889875666073,0.9952498220176528,0.19621342512860104
0.2345679012345679,0.16873889875666073,0.9952504295310178,0.19628099173505048
0.23476112026359144,0.16873889875666073,0.995250778770574,0.19634860489100495
0.23495465787304204,0.16873889875666073,0.9952517886479086,0.19641626464458584
0.23432343234323433,0.16814683244523387,0.9952536388060156,0.19579455360171966
0.23451692815854666,0.16814683244523387,0.995254418921342,0.19586206896503086
0.23471074380165288,0.16814683244523387,0.9952652135296558,0.19592963090672305
0.23490488006617039,0.16814683244523387,0.9952652458433896,0.19599723947501407
0.23509933774834438,0.16814683244523387,0.995266586330052,0.1960648947181883
0.23529411764705882,0.16814683244523387,0.9952700555455668,0.19613259668459673
0.23466003316749584,0.167554766133807,0.9952711698213909,0.19550949913595608
0.23485477178423236,0.167554766133807,0.995272746426304,0.19557705597739927
0.2350498338870432,0.167554766133807,0.9952753256001275,0.19564465952250057
0.23524522028262676,0.167554766133807,0.9952812588245604,0.19571230981970775
0.23460898502495842,0.1669626998223801,0.9952824727293544,0.195088204772949
0.23480432972522897,0.1669626998223801,0.9952859042265124,0.19515570934207482
0.235,0.1669626998223801,0.995286268307746,0.19522326064333573
0.23519599666388658,0.1669626998223801,0.9952867614014668,0.19529085872527618
0.2345575959933222,0.16637063351095321,0.9952900153867266,0.19466574298531286
0.23475355054302421,0.16637063351095321,0.9952927208042146,0.19473319473270925
0.23494983277591974,0.16637063351095321,0.9952934098913097,0.1948006932404158
0.23430962343096234,0.16577856719952636,0.9952943317556832,0.1941747572810681
0.23450586264656617,0.16577856719952636,0.9953012565229457,0.19424210891384014
0.2338642078792959,0.16518650088809947,0.9953041849723244,0.19361554476009776
0.23406040268456377,0.16518650088809947,0.995304363352608,0.19368274904498523
0.23341729638958858,0.16459443457667258,0.9953047902449216,0.1930555555550705
0.23277310924369748,0.1640023682652457,0.995306093431505,0.19242792636283562
0.23296888141295205,0.1640023682652457,0.9953064356299308,0.19249478804677012
0.23316498316498316,0.1640023682652457,0.9953122440622196,0.19256169621084643
0.2333614153327717,0.1640023682652457,0.9953154811678336,0.1926286509035486
0.23355817875210794,0.1640023682652457,0.9953159764576944,0.19269565217342835
0.23375527426160336,0.1640023682652457,0.9953163055942624,0.1927627000691048
0.23395270270270271,0.1640023682652457,0.995316961631712,0.19282979463926483
0.23330515638207946,0.16341030195381884,0.995317450861956,0.1922005571025796
0.233502538071066,0.16341030195381884,0.995317772472319,0.1922675026118458
0.23370025402201525,0.16341030195381884,0.995319977041962,0.19233449477303483
0.23389830508474577,0.16341030195381884,0.9953199787893344,0.1924015336349288
0.2340966921119593,0.16341030195381884,0.9953210846820184,0.19246861924637776
0.233446519524618,0.16281823564239195,0.9953211263930116,0.1918381583531957
0.2336448598130841,0.16281823564239195,0.9953235900792956,0.19190509420747132
0.233843537414966,0.16281823564239195,0.9953242730325416,0.19197207678834677
0.23404255319148937,0.16281823564239195,0.9953244395201036,0.19203910614476752
0.2342419080068143,0.16281823564239195,0.9953250185948072,0.19210618232574742
0.23358908780903667,0.16222616933096506,0.9953254435241154,0.19147449336080208
0.23378839590443687,0.16222616933096506,0.99532580253675,0.1915414190837526
0.233134073441503,0.16163410301953818,0.99532914436773,0.19090909090860733
0.23247863247863249,0.16104203670811132,0.9953318483408696,0.19027632039126188
0.23267750213858,0.16104203670811132,0.9953318520344194,0.1903428971303773
0.2328767123287671,0.16104203670811132,0.9953320306654314,0.19040952047554047
0.23307626392459296,0.16104203670811132,0.9953327690491988,0.19047619047570719
0.2332761578044597,0.16104203670811132,0.9953340389078598,0.19054290717990213
0.23261802575107296,0.16044997039668443,0.9953362890401752,0.18990889978928563
0.23281786941580757,0.16044997039668443,0.995337614475803,0.1899754644229309
0.23301805674978504,0.16044997039668443,0.9953403364619068,0.19004207573584242
0.2332185886402754,0.16044997039668443,0.9953454024831564,0.19010873377713897
0.23255813953488372,0.15985790408525755,0.9953479791966884,0.18947368421004349
0.23275862068965517,0.15985790408525755,0.9953543800552008,0.1895401895397068
0.23209663503019845,0.15926583777383066,0.9953551990193712,0.18890449438153978
0.23229706390328153,0.15926583777383066,0.9953553187051384,0.1889708465046105
0.23249783923941228,0.15926583777383066,0.9953574647433,0.18903724525601784
0.23269896193771628,0.15926583777383066,0.9953596397477352,0.18910369068493052
0.2329004329004329,0.15926583777383066,0.9953622755193156,0.18917018284058656
0.23310225303292895,0.15926583777383066,0.9953627413046476,0.18923672177229298
0.23243712055507373,0.1586737714624038,0.9953631691592406,0.18859957776165717
0.23177083333333334,0.15808170515097691,0.9953649350074576,0.18796198521599097
0.2319721980886186,0.15808170515097691,0.9953678016111768,0.18802816901360248
0.23217391304347826,0.15808170515097691,0.9953692519001502,0.1880943994359393
0.23237597911227154,0.15808170515097691,0.9953696627856006,0.18816067653228766
0.23170731707317074,0.15748963883955003,0.9953708487950448,0.1875220303132299
0.23190932868352224,0.15748963883955003,0.9953755694135652,0.18758815232673973
0.23211169284467714,0.15748963883955003,0.995378033932694,0.1876543209871727
0.23231441048034934,0.15748963883955003,0.995379552481499,0.187720536343908
0.23164335664335664,0.15689757252812314,0.9953815971821594,0.1870808330386996
0.23184601924759404,0.15689757252812314,0.9953877494838894,0.18714689265488582
0.23117338003502627,0.15630550621669628,0.9953903654702598,0.18650653479287793
0.23137598597721298,0.15630550621669628,0.9953944043899088,0.18657243816206295
0.23157894736842105,0.15630550621669628,0.9953952734738508,0.1866383881225305
0.2317822651448639,0.15630550621669628,0.9953954475604792,0.18670438472370562
0.23198594024604569,0.15630550621669628,0.9953955351676134,0.18677042801508323
0.23218997361477572,0.15630550621669628,0.9953962526655716,0.1868365180462282
0.2323943661971831,0.15630550621669628,0.9953983457632298,0.18690265486677582
0.23259911894273128,0.15630550621669628,0.995400467034648,0.18696883852643145
0.23192239858906524,0.1557134399052694,0.9954005945160496,0.18632660290423064
0.2321270962047661,0.1557134399052694,0.995400673905432,0.18639262934041242
0.23233215547703182,0.1557134399052694,0.995400747098998,0.18645870258725436
0.23253757736516356,0.1557134399052694,0.9954021254739194,0.18652482269455503
0.2327433628318584,0.1557134399052694,0.995402613575078,0.1865909897121837
0.2329495128432241,0.1557134399052694,0.9954055805643884,0.18665720369008046
0.23315602836879432,0.1557134399052694,0.9954079178605496,0.1867234646782561
0.23247559893522626,0.1551213735938425,0.9954091971625808,0.18607954545406538
0.23268206039076378,0.1551213735938425,0.995410873307102,0.186145648312131
0.2328888888888889,0.1551213735938425,0.9954114204133896,0.1862117981516168
0.23309608540925267,0.1551213735938425,0.9954128508733286,0.18627799502262718
0.23241317898486197,0.15452930728241562,0.99541312805217,0.18563300142199538
0.23172905525846701,0.15393724097098876,0.9954131398248508,0.18498754891449723
0.2310437109723461,0.15334517465956188,0.995414905024824,0.1843416370101966
0.23125,0.15334517465956188,0.995415165813847,0.18440726237047103
0.23145665773011617,0.15334517465956188,0.9954159863219134,0.1844729344724551
0.23166368515205724,0.15334517465956188,0.9954165304186356,0.18453865336610423
0.23187108325872874,0.15334517465956188,0.99541767848483,0.18460441910144523
0.23207885304659498,0.15334517465956188,0.995422983686444,0.18467023172857613
0.23228699551569507,0.15334517465956188,0.9954236466288604,0.18473609129766647
0.2324955116696589,0.15334517465956188,0.9954308456872604,0.1848019978589574
0.23270440251572327,0.15334517465956188,0.9954308590692068,0.18486795146276166
0.2329136690647482,0.15334517465956188,0.9954315661872776,0.1849339521594641
0.23312331233123312,0.15334517465956188,0.9954319306101976,0.18499999999952133
0.23243243243243245,0.152753108348135,0.9954352746321772,0.18435155412599513
0.23264201983769162,0.152753108348135,0.995436821522336,0.18441744102882815
0.2328519855595668,0.152753108348135,0.995436920715958,0.1844833750442123
0.23306233062330622,0.152753108348135,0.9954370772701226,0.18454935622269764
0.2332730560578662,0.152753108348135,0.99543774494883,0.1846153846149064
0.2334841628959276,0.152753108348135,0.995439258453752,0.18468146027153332
0.23369565217391305,0.152753108348135,0.9954393771141286,0.1847475832433458
0.23390752493200362,0.152753108348135,0.9954429961224668,0.18481375358118393
0.23411978221415608,0.152753108348135,0.995444117265296,0.18487997133596068
0.23433242506811988,0.152753108348135,0.9954458925936112,0.184946236558662
0.23454545454545456,0.152753108348135,0.9954477087598572,0.18501254930034697
0.23475887170154686,0.152753108348135,0.9954503585295328,0.18507890961214796
0.23497267759562843,0.152753108348135,0.9954533442796548,0.18514531754527064
0.23427529626253418,0.1521610420367081,0.9954543206612922,0.18449389806125985
0.23448905109489052,0.1521610420367081,0.9954741904179352,0.18456014362609363
0.23378995433789954,0.15156897572528122,0.9954765760319584,0.18390804597653426
0.2340036563071298,0.15156897572528122,0.9954800459348184,0.18397412863768314
0.23330283623055809,0.15097690941385436,0.9954816247454634,0.18332135154517354
0.2326007326007326,0.15038484310242747,0.9954820980976592,0.18266810499772515
0.23189734188817598,0.1497927767910006,0.9954821406150218,0.1820143884887318
0.23211009174311928,0.1497927767910006,0.9954856572290458,0.18207988485018894
0.23232323232323232,0.1497927767910006,0.9954867767875876,0.18214542836525405
0.23161764705882354,0.1492007104795737,0.9954895554090132,0.18149081742840353
0.23091076356945722,0.14860864416814684,0.9954937330280548,0.18083573486984053
0.2302025782688766,0.14801657785671996,0.9954987567424618,0.1801801801797038
0.2304147465437788,0.14801657785671996,0.995500664058296,0.1802451333809224
0.23062730627306274,0.14801657785671996,0.9955056563529636,0.18031013342902258
0.23084025854108955,0.14801657785671996,0.9955057353059632,0.18037518037470426
0.23105360443622922,0.14801657785671996,0.9955116258121276,0.1804402742687409
0.2303422756706753,0.14742451154529307,0.9955172738857948,0.17978339350132916
0.22962962962962963,0.14683244523386618,0.9955175881948706,0.17912603828049206
0.22984244670991658,0.14683244523386618,0.9955180095372334,0.179190751444611
0.2300556586270872,0.14683244523386618,0.995518252023352,0.17925551138369497
0.23026926648096566,0.14683244523386618,0.9955187715756146,0.17932031814847604
0.2295539033457249,0.14624037892243932,0.9955228116987886,0.17866184448415387
0.2297674418604651,0.14624037892243932,0.99552307601324,0.17872648335697766
0.22998137802607077,0.14624037892243932,0.9955245087477576,0.1787911690187068
0.23019571295433364,0.14624037892243932,0.9955274766031406,0.17885590152016212
0.23041044776119404,0.14624037892243932,0.9955304366721522,0.17892068091223778
0.22969187675070027,0.14564831261101244,0.995533997705008,0.17826086956474246
0.22897196261682243,0.14505624629958555,0.9955380024173104,0.17760057991978614
0.22825070159027128,0.14446417998815866,0.995538585067304,0.17693981145710325
0.22846441947565543,0.14446417998815866,0.9955462701202475,0.17700398984355875
0.22774133083411435,0.1438721136767318,0.9955489531171804,0.17634252539865466
0.2270168855534709,0.14328004736530492,0.9955493865944308,0.175680580761776
0.2272300469483568,0.14328004736530492,0.9955510491589414,0.17574437182232885
0.2274436090225564,0.14328004736530492,0.9955519427804048,0.17580820922582435
0.22765757290686736,0.14328004736530492,0.9955520629543728,0.17587209302278173
0.22693032015065914,0.14268798105387803,0.995554583645614,0.17520901490319737
0.22714420358152687,0.14268798105387803,0.995558269756622,0.17527272727225338
0.22735849056603774,0.14268798105387803,0.99556105334628,0.17533648599443344
0.22757318224740322,0.14268798105387803,0.9955615147349376,0.17540029112034147
0.2277882797731569,0.14268798105387803,0.9955653203887675,0.17546414270065488
0.22705771050141912,0.14209591474245115,0.9955693354369036,0.1747997086666787
0.22632575757575757,0.1415038484310243,0.9955701423385566,0.17413479052775976
0.22559241706161137,0.1409117821195974,0.9955737330127896,0.17346938775462875
0.22580645161290322,0.1409117821195974,0.9955753908195868,0.17353262850845866
0.22602089268755934,0.1409117821195974,0.9955796313638824,0.17359591538975302
0.2262357414448669,0.1409117821195974,0.9955851710727956,0.173659248448998
0.22645099904852523,0.1409117821195974,0.995585760968748,0.17372262773675343
0.22666666666666666,0.1409117821195974,0.995586229095138,0.1737860533036528
0.2259294566253575,0.14031971580817051,0.9955888898121108,0.17311906501048424
0.22614503816793893,0.14031971580817051,0.9955952347167708,0.17318231640435022
0.22636103151862463,0.14031971580817051,0.9955962655860532,0.17324561403461528
0.22657743785850862,0.14031971580817051,0.9955974770082068,0.17330895795199566
0.22583732057416267,0.13972764949674363,0.995597987748231,0.1726408193118906
0.2260536398467433,0.13972764949674363,0.9956005787766647,0.17270398829078287
0.22627037392138064,0.13972764949674363,0.995600600804878,0.1727672035134372
0.22648752399232247,0.13972764949674363,0.995604013866161,0.1728304650306522
0.22574447646493756,0.13913558318531677,0.995604418357491,0.17216117216070034
0.22596153846153846,0.13913558318531677,0.9956049653279964,0.17222425796948065
0.22617901828681425,0.13913558318531677,0.9956056326370036,0.17228739002885393
0.22639691714836224,0.13913558318531677,0.9956084151869584,0.17235056838970086
0.2256509161041466,0.13854351687388988,0.9956093416997168,0.17168011738764308
0.2249034749034749,0.137951450562463,0.9956096209813444,0.17100917431145535
0.2251207729468599,0.137951450562463,0.9956102163366094,0.17107195300980782
0.22437137330754353,0.1373593842510361,0.99561248701407,0.17040029379313892
0.2245885769603098,0.1373593842510361,0.9956148507931448,0.17046289492972744
0.2238372093023256,0.13676731793960922,0.995615265554123,0.1697905181913704
0.22405431619786614,0.13676731793960922,0.9956169163968068,0.16985294117599983
0.22427184466019418,0.13676731793960922,0.9956188315134488,0.16991541007676364
0.22448979591836735,0.13676731793960922,0.9956202160419896,0.16997792494434186
0.2247081712062257,0.13676731793960922,0.9956214655183636,0.1700404858294891
0.22395326192794549,0.13617525162818236,0.9956218386830672,0.16936671575799805
0.22319688109161792,0.13558318531675548,0.995624604479128,0.1686924493549626
0.22341463414634147,0.13558318531675548,0.995629119020933,0.16875460574750342
0.22265625,0.1349911190053286,0.9956365712838744,0.16807961666005347
0.22287390029325513,0.1349911190053286,0.9956393095690568,0.16814159291988415
0.22309197651663404,0.1349911190053286,0.9956424603359076,0.16820361490178037
0.22331047992164543,0.1349911190053286,0.9956442861968092,0.16826568265635697
0.2235294117647059,0.1349911190053286,0.99564498000075,0.16832779623430347
0.2237487733071639,0.1349911190053286,0.995645178809096,0.16838995568638437
0.22298624754420432,0.1343990526939017,0.995647119674668,0.16771333579561495
0.2232055063913471,0.1343990526939017,0.9956535807097208,0.16777531411630836
0.2234251968503937,0.1343990526939017,0.9956541511049132,0.16783733826200786
0.22364532019704433,0.1343990526939017,0.9956544794679172,0.16789940828355474
0.22287968441814596,0.13380698638247485,0.9956550871168914,0.16722160562291263
0.22309970384995065,0.13380698638247485,0.99565526397961,0.1672834937078955
0.22233201581027667,0.13321492007104796,0.9956578183313288,0.1666049611250405
0.22255192878338279,0.13321492007104796,0.995657993678241,0.1666666666661982
0.22277227722772278,0.13321492007104796,0.9956622105755456,0.16672841793209928
0.22299306243805747,0.13321492007104796,0.9956632582084076,0.16679021497358662
0.22321428571428573,0.13321492007104796,0.9956638774770776,0.1668520578415786
0.2234359483614697,0.13321492007104796,0.9956707530944672,0.1669139465870691
0.22365805168986083,0.13321492007104796,0.9956707954717507,0.16697588126112764
0.22388059701492538,0.13321492007104796,0.9956709463184144,0.16703786191489972
0.22310756972111553,0.13262285375962107,0.99567157903492,0.16635722242805076
0.22233300099700898,0.1320307874481942,0.9956720282241918,0.16567607726550573
0.22255489021956087,0.1320307874481942,0.9956747474725718,0.16573764399804616
0.22277722277722278,0.1320307874481942,0.9956750473107032,0.1657992565051089
0.223,0.1320307874481942,0.9956768325551796,0.16586091483776266
0.2222222222222222,0.13143872113676733,0.995678200320374,0.16517857142810438
0.22244488977955912,0.13143872113676733,0.9956802081604532,0.1652400446590046
0.2226680040120361,0.13143872113676733,0.995680808162297,0.16530156366297327
0.22289156626506024,0.13143872113676733,0.995681143771934,0.16536312849115342
0.2221105527638191,0.13084665482534044,0.9956828239931416,0.16467958271190306
0.22233400402414488,0.13084665482534044,0.995685031818909,0.16474096160967144
0.22255790533736153,0.13084665482534044,0.9956896173648092,0.16480238627843005
0.2217741935483871,0.13025458851391356,0.9956905301656837,0.16411786646726972
0.22199798183652875,0.13025458851391356,0.9956915704292963,0.16417910447714584
0.2222222222222222,0.13025458851391356,0.9956921310235948,0.16424038820408798
0.2224469160768453,0.13025458851391356,0.9956997261705252,0.16430171769931012
0.22267206477732793,0.13025458851391356,0.9956999511645672,0.16436309301410285
0.22188449848024316,0.12966252220248667,0.9957002225282044,0.16367713004437748
0.2210953346855984,0.1290704558910598,0.9957026177825964,0.16299065420514203
0.22030456852791877,0.12847838957963292,0.9957032473341962,0.16230366492100065
0.22052845528455284,0.12847838957963292,0.9957040230203552,0.1623643845861416
0.21973550356052898,0.12788632326820604,0.9957047987855472,0.16167664670612175
0.219959266802444,0.12788632326820604,0.9957057995847488,0.16173717708676827
0.22018348623853212,0.12788632326820604,0.9957069509944034,0.16179775280852393
0.22040816326530613,0.12788632326820604,0.995712242995137,0.16185837392235283
0.21961184882533197,0.12729425695677915,0.9957126528886546,0.16116941529188922
0.21881390593047034,0.1267021906453523,0.9957148632994774,0.16047994000703464
0.21903787103377687,0.1267021906453523,0.9957168266159268,0.16054013503329412
0.2192622950819672,0.1267021906453523,0.9957180392945192,0.16060037523405737
0.21846153846153846,0.1261101243339254,0.9957200661231452,0.15990990990944584
0.21868583162217659,0.1261101243339254,0.995722332513564,0.1599699586927392
0.21891058581706063,0.1261101243339254,0.9957229310617128,0.16003005259157224
0.21810699588477367,0.12551805802249852,0.9957232592027044,0.15933859451287716
0.21833161688980432,0.12551805802249852,0.9957256785717938,0.15939849624013794
0.21855670103092784,0.12551805802249852,0.995726180857891,0.1594584430232297
0.21878224974200206,0.12551805802249852,0.9957261965023552,0.15951843491300544
0.21797520661157024,0.12492599171107165,0.9957276753283067,0.15882574331907015
0.21820062047569805,0.12492599171107165,0.995729380597256,0.15888554216821166
0.21842650103519667,0.12492599171107165,0.9957295285110976,0.1589453860635672
0.21761658031088082,0.12433392539964476,0.9957296934147402,0.15825169555341814
0.21680497925311204,0.12374185908821789,0.9957302228188304,0.157557482095278
0.21703011422637591,0.12374185908821789,0.9957332177482364,0.15761689291054806
0.21725571725571727,0.12374185908821789,0.9957333725775548,0.15767634854725548
0.21748178980228927,0.12374185908821789,0.995734064993634,0.15773584905614152
0.21770833333333334,0.12374185908821789,0.9957349068460146,0.1577953944880241
0.21689259645464026,0.123149792776791,0.9957350013415645,0.1570996978847344
0.21711899791231734,0.123149792776791,0.9957391692907336,0.15715904797838212
0.2173458725182863,0.123149792776791,0.9957463169238784,0.15721844293226692
0.21652719665271966,0.12255772646536411,0.9957472734066566,0.15652173912997316
0.21675392670157068,0.12255772646536411,0.9957479019427162,0.15658093797230707
0.2169811320754717,0.12255772646536411,0.9957483628595928,0.15664018161134344
0.21720881427072403,0.12255772646536411,0.9957533404157052,0.1566994700979491
0.21743697478991597,0.12255772646536411,0.9957541352622244,0.1567588034830679
0.21766561514195584,0.12255772646536411,0.9957547619391252,0.1568181818177209
0.2168421052631579,0.12196566015393724,0.9957575174117352,0.1561197423261781
0.21707060063224448,0.12196566015393724,0.9957622932853514,0.15617892342637787
0.21729957805907174,0.12196566015393724,0.9957627990990304,0.15623814941175035
0.21647307286166842,0.12137359384251035,0.9957648369459824,0.15553869499195236
0.2167019027484144,0.12137359384251035,0.9957666199248733,0.15559772295969157
0.21693121693121692,0.12137359384251035,0.995767057226139,0.15565679574745184
0.21716101694915255,0.12137359384251035,0.9957689414639336,0.1557159134063004
0.21739130434782608,0.12137359384251035,0.9957717622783772,0.1557750759873821
0.21762208067940553,0.12137359384251035,0.9957717908955186,0.15583428354191964
0.21785334750265675,0.12137359384251035,0.9957787006248782,0.15589353612121346
0.2170212765957447,0.12078152753108348,0.9957789063280748,0.15519208824602215
0.21725239616613418,0.12078152753108348,0.9957826989124938,0.15525114155205216
0.21748400852878466,0.12078152753108348,0.9957850120966418,0.15531023981682296
0.21771611526147278,0.12078152753108348,0.9957851779621892,0.1553693830916964
0.21794871794871795,0.12078152753108348,0.995786709954324,0.15542857142811256
0.21818181818181817,0.12078152753108348,0.9957885098544664,0.15548780487759006
0.21841541755888652,0.12078152753108348,0.9957900837753032,0.15554708349172597
0.21757770632368703,0.1201894612196566,0.9957964783889016,0.15484363081571245
0.21781115879828325,0.1201894612196566,0.9957996497038876,0.15490270888927846
0.21804511278195488,0.1201894612196566,0.9958008302516588,0.15496183206061054
0.2172043010752688,0.11959739490822972,0.9958012700432096,0.15425735013318082
0.21743810548977396,0.11959739490822972,0.995808292402976,0.15431627196287295
0.21767241379310345,0.11959739490822972,0.9958095571973972,0.15437523882262216
0.21790722761596548,0.11959739490822972,0.9958130247436224,0.15443425076406844
0.21814254859611232,0.11959739490822972,0.9958165390200802,0.15449330783893073
0.21837837837837837,0.11959739490822972,0.9958255823335402,0.15455241009900714
0.21861471861471862,0.11959739490822972,0.9958260859430166,0.15461155759617512
0.21776814734561215,0.11900532859680284,0.9958264252140088,0.15390505359831788
0.21691973969631237,0.11841326228537596,0.9958269049194975,0.1531980084254336
0.21715526601520088,0.11841326228537596,0.9958316389620774,0.15325670498038624
0.21739130434782608,0.11841326228537596,0.9958329658922104,0.1533154465307815
0.2176278563656148,0.11841326228537596,0.9958435952446972,0.15337423312837797
0.2178649237472767,0.11841326228537596,0.9958439258160244,0.15343306482501362
0.21810250817884405,0.11841326228537596,0.9958440951370776,0.15349194167260605
0.2183406113537118,0.11841326228537596,0.9958444670850196,0.1535508637231525
0.2185792349726776,0.11841326228537596,0.9958467285786168,0.15360983102873002
0.2188183807439825,0.11841326228537596,0.9958495919810916,0.1536688436414959
0.21905805038335158,0.11841326228537596,0.9958554366122028,0.15372790161368743
0.21929824561403508,0.11841326228537596,0.9958613191290822,0.1537870049976223
0.21953896816684962,0.11841326228537596,0.9958627799827984,0.15384615384569864
0.21978021978021978,0.11841326228537596,0.9958636081276028,0.15390534821039525
0.22002200220022003,0.11841326228537596,0.9958673673662756,0.15396458814427177
0.22026431718061673,0.11841326228537596,0.9958674527543294,0.15402387369996878
0.2205071664829107,0.11841326228537596,0.9958711962228448,0.15408320493020794
0.22075055187637968,0.11841326228537596,0.9958770721089067,0.15414258188779215
0.21988950276243094,0.11782119597394908,0.9958831256400577,0.1534309946024755
0.22013274336283187,0.11782119597394908,0.9958858864276064,0.1534901658306295
0.2203765227021041,0.11782119597394908,0.9958869649316596,0.15354938271559535
0.22062084257206208,0.11782119597394908,0.9958869655784596,0.153608645310237
0.22086570477247502,0.11782119597394908,0.9958872482617382,0.15366795366749994
0.22111111111111112,0.11782119597394908,0.9958878453351812,0.15372730784041166
0.22135706340378197,0.11782119597394908,0.9958920332510836,0.15378670788208137
0.22160356347438753,0.11782119597394908,0.995897645939881,0.1538461538457006
0.221850613154961,0.11782119597394908,0.995898528518438,0.15390564578454305
0.22209821428571427,0.11782119597394908,0.9959000561644322,0.15396518375196486
0.2223463687150838,0.11782119597394908,0.995901681973518,0.1540247678014048
0.2214765100671141,0.1172291296625222,0.9959029681610658,0.1533101045291641
0.2206047032474804,0.11663706335109532,0.9959038448084804,0.15259488768351345
0.21973094170403587,0.11604499703966845,0.995908394894091,0.15187911662101225
0.21885521885521886,0.11545293072824156,0.9959089258169782,0.15116279069722224
0.21910112359550563,0.11545293072824156,0.9959096649921244,0.1512214036443716
0.21822272215973004,0.11486086441681469,0.9959100269955968,0.15050426687309354
0.21846846846846846,0.11486086441681469,0.9959114937372162,0.15056266977059993
0.21871476888387825,0.11486086441681469,0.9959180336613782,0.15062111801197084
0.21896162528216703,0.11486086441681469,0.9959196043564936,0.15067961165003407
0.2192090395480226,0.11486086441681469,0.9959210028399176,0.15073815073769953
0.21945701357466063,0.11486086441681469,0.9959222006292452,0.15079673532795937
0.21970554926387317,0.11486086441681469,0.9959223664283108,0.15085536547388817
0.2199546485260771,0.11486086441681469,0.9959229406106364,0.150914041228643
0.22020431328036322,0.11486086441681469,0.995923475186191,0.15097276264546383
0.21931818181818183,0.1142687981053878,0.9959256979755204,0.15025301673757996
0.21956769055745165,0.1142687981053878,0.9959296715411295,0.15031152647930054
0.21867881548974943,0.11367673179396093,0.9959407002730388,0.14959096221224957
0.21892816419612315,0.11367673179396093,0.9959411742815932,0.14964925954748462
0.2191780821917808,0.11367673179396093,0.9959447545844802,0.14970760233873154
0.21828571428571428,0.11308466548253404,0.9959451803092748,0.14898595943792792
0.21853546910755148,0.11308466548253404,0.9959496719046396,0.1490440889578026
0.21878579610538373,0.11308466548253404,0.9959513919877816,0.14910226385591296
0.2190366972477064,0.11308466548253404,0.9959546561850156,0.14916048418541578
0.21814006888633755,0.11249259917110717,0.9959589942391596,0.14843749999955105
0.21839080459770116,0.11249259917110717,0.9959611490720248,0.14849550605660478
0.2186421173762946,0.11249259917110717,0.995962224864483,0.1485535574663223
0.21889400921658986,0.11249259917110717,0.9959634543272682,0.1486116542819137
0.2179930795847751,0.11190053285968028,0.9959634666556187,0.1478873239432137
0.21824480369515012,0.11190053285968028,0.9959638220960652,0.14794520547900392
0.2184971098265896,0.11190053285968028,0.9959642276062132,0.14800313234097728
0.21875,0.11190053285968028,0.9959643314920056,0.14806110458239594
0.2190034762456547,0.11190053285968028,0.9959652921390983,0.1481191222566057
0.21925754060324826,0.11190053285968028,0.995968704742678,0.1481771854170359
0.2183507549361208,0.11130846654825341,0.9959696744949662,0.1474509803917096
0.2186046511627907,0.11130846654825341,0.9959709897476714,0.14750882699052975
0.21885913853317812,0.11130846654825341,0.995971034738342,0.1475667189948435
0.2191142191142191,0.11130846654825341,0.9959733282928912,0.14762465645813194
0.2193698949824971,0.11130846654825341,0.9959781500687444,0.14768263943396034
0.21845794392523366,0.11071640023682652,0.9959789211836516,0.1469548133590821
0.21871345029239767,0.11071640023682652,0.9959800969147404,0.14701257861590594
0.2189695550351288,0.11071640023682652,0.9959829623169744,0.14707038930352562
0.21922626025791325,0.11071640023682652,0.9959853452406546,0.14712824547555725
0.21948356807511737,0.11071640023682652,0.9959855946580238,0.14718614718570144
0.21856639247943596,0.11012433392539965,0.9959862632745332,0.14645669291294028
0.2188235294117647,0.11012433392539965,0.9959911916512624,0.14651437573803433
0.21790341578327443,0.10953226761397276,0.9959916983626133,0.14578408195384948
0.21816037735849056,0.10953226761397276,0.9959925356758,0.1458415451316007
0.21841794569067297,0.10953226761397276,0.9959930787680472,0.14589905362731537
0.2186761229314421,0.10953226761397276,0.9960015101260956,0.14595660749462436
0.21893491124260356,0.10953226761397276,0.9960015837081588,0.14601420678724292
0.21919431279620852,0.10953226761397276,0.996005024329651,0.14607185155897137
0.21945432977461446,0.10953226761397276,0.9960098452837296,0.14612954186369484
0.21971496437054633,0.10953226761397276,0.9960118533612716,0.14618727775538373
0.21878715814506539,0.10894020130254589,0.996013224323689,0.14545454545410164
0.21904761904761905,0.10894020130254589,0.996016678382448,0.1455120601023638
0.21930870083432658,0.10894020130254589,0.9960181947934454,0.1455696202527211
0.21957040572792363,0.10894020130254589,0.9960205754113498,0.14562722595919264
0.21983273596176822,0.10894020130254589,0.9960219641732388,0.1456848772758831
0.22009569377990432,0.10894020130254589,0.9960226402419344,0.1457425742569828
0.22035928143712574,0.10894020130254589,0.9960243685452106,0.14580031695676804
0.22062350119904076,0.10894020130254589,0.996026829005816,0.14585810542960104
0.22088835534213686,0.10894020130254589,0.996028525261657,0.14591593972993033
0.22115384615384615,0.10894020130254589,0.9960343849602518,0.14597381991229083
0.2214199759326113,0.10894020130254589,0.9960369504923744,0.146031746031304
0.2216867469879518,0.10894020130254589,0.99603719220986,0.14608971814167804
0.22195416164053075,0.10894020130254589,0.9960390171493652,0.14614773629820807
0.2222222222222222,0.10894020130254589,0.996045381828406,0.14620580055577626
0.22249093107617895,0.10894020130254589,0.9960607143179412,0.14626391096935204
0.22276029055690072,0.10894020130254589,0.9960659178791478,0.1463220675939923
0.22303030303030302,0.10894020130254589,0.9960675825339188,0.14638027048484148
0.22330097087378642,0.10894020130254589,0.9960676547881172,0.1464385196971319
0.2235722964763062,0.10894020130254589,0.9960769891307422,0.14649681528618363
0.22262773722627738,0.108348134991119,0.9960794939184512,0.14575866188725375
0.22289890377588306,0.108348134991119,0.9960816817103828,0.1458167330672889
0.22317073170731708,0.108348134991119,0.9960826829050956,0.14587485053762295
0.2222222222222222,0.10775606867969213,0.9960857181914992,0.14513556618775794
0.22249388753056235,0.10775606867969213,0.99608899871588,0.14519345831627356
0.2215422276621787,0.10716400236826525,0.996093067273016,0.14445331205063797
0.22181372549019607,0.10716400236826525,0.9960931207897216,0.14451097804347293
0.22208588957055214,0.10716400236826525,0.9960971967513688,0.14456869009540757
0.22113022113022113,0.10657193605683836,0.9960986531652594,0.14382740711102737
0.22140221402214022,0.10657193605683836,0.9960999400348562,0.14388489208589225
0.2204433497536946,0.10597986974541149,0.996103619735542,0.14314274290240037
0.22071516646115907,0.10597986974541149,0.9961060580758324,0.14319999999956168
0.21975308641975308,0.1053878034339846,0.9961078923838425,0.1424569827926791
0.2200247218788628,0.1053878034339846,0.9961080484554072,0.14251401120852925
0.2202970297029703,0.1053878034339846,0.9961086810105848,0.14257108530192508
0.22057001239157373,0.1053878034339846,0.9961098286977804,0.14262820512776755
0.2196029776674938,0.10479573712255773,0.9961123629824908,0.14188376753463278
0.21987577639751552,0.10479573712255773,0.9961141354815376,0.14194065757775048
0.22014925373134328,0.10479573712255773,0.9961183116014988,0.1419975932606942
0.22042341220423411,0.10479573712255773,0.9961186810479497,0.1420545746384075
0.22069825436408977,0.10479573712255773,0.9961212363057648,0.1421116017659223
0.2209737827715356,0.10479573712255773,0.9961220372733628,0.14216867469835878
0.22,0.10420367081113084,0.9961247832722804,0.1414222579344774
0.2202753441802253,0.10420367081113084,0.9961347895300154,0.14147909967802058
0.22055137844611528,0.10420367081113084,0.9961385109980389,0.14153598713265625
0.22082810539523212,0.10420367081113084,0.9961440060480948,0.14159292035354668
0.22110552763819097,0.10420367081113084,0.9961486402975128,0.14164989939594286
0.22012578616352202,0.10361160449970397,0.9961491574332696,0.14090177133611873
0.22040302267002518,0.10361160449970397,0.9961543642235482,0.14095851792143366
0.22068095838587642,0.10361160449970397,0.9961556895068224,0.1410153102332477
0.2196969696969697,0.10301953818827708,0.9961572480979548,0.14026602176498254
0.21997471554993678,0.10301953818827708,0.996158236584086,0.14032258064472683
0.22025316455696203,0.10301953818827708,0.9961595282268818,0.14037918515487033
0.22053231939163498,0.10301953818827708,0.9961598529506556,0.14043583535065554
0.21954314720812182,0.10242747187685021,0.9961624317963698,0.1396851029466796
0.21982210927573062,0.10242747187685021,0.9961650796400896,0.13974151857791856
0.21882951653944022,0.10183540556542332,0.996166317514618,0.13898989898946557
0.21910828025477708,0.10183540556542332,0.996170390780339,0.13904607922349563
0.2193877551020408,0.10183540556542332,0.9961715906212238,0.13910230489240966
0.21966794380587484,0.10183540556542332,0.9961730302238976,0.13915857605134713
0.21994884910485935,0.10183540556542332,0.9961745749786312,0.1392148927555366
0.22023047375160051,0.10183540556542332,0.9961746345083498,0.1392712550602963
0.21923076923076923,0.10124333925399645,0.9961765016176648,0.1385176184685836
0.21951219512195122,0.10124333925399645,0.9961769544406862,0.1385737439217722
0.21979434447300772,0.10124333925399645,0.9961832176203568,0.13862991487593626
0.22007722007722008,0.10124333925399645,0.9961841378985984,0.13868613138642974
0.22036082474226804,0.10124333925399645,0.996185069581055,0.13874239350869638
0.22064516129032258,0.10124333925399645,0.9961854227673486,0.1387987012982701
0.21963824289405684,0.10065127294256956,0.9961865327603392,0.13804303694638184
0.21992238033635186,0.10065127294256956,0.9961994945505775,0.13809910641711592
0.22020725388601037,0.10065127294256956,0.996199955575995,0.13815522145426262
0.2204928664072633,0.10065127294256956,0.9962010312423442,0.13821138211339076
0.22077922077922077,0.10065127294256956,0.9962054145387254,0.13826758845015952
0.22106631989596878,0.10065127294256956,0.9962059667183464,0.13832384052031862
0.22135416666666666,0.10065127294256956,0.9962099849484334,0.13838013837970864
0.22164276401564537,0.10065127294256956,0.9962102878800156,0.13843648208426104
0.22193211488250653,0.10065127294256956,0.9962134758785426,0.13849287168999835
0.2222222222222222,0.10065127294256956,0.9962135194438736,0.1385493072530346
0.22251308900523561,0.10065127294256956,0.9962141292444596,0.1386057888295752
0.22280471821756226,0.10065127294256956,0.996215349883711,0.13866231647591717
0.22178477690288714,0.10005920663114269,0.9962210424920606,0.13790289677639733
0.22207621550591328,0.10005920663114269,0.9962238320025854,0.13795918367304114
0.22236842105263158,0.10005920663114269,0.9962243294623488,0.13801551653693417
0.22266139657444006,0.10005920663114269,0.996225857117824,0.13807189542440879
0.22295514511873352,0.10005920663114269,0.9962263721899705,0.13812832039188952
0.22324966974900926,0.10005920663114269,0.9962275678172344,0.13818479149589313
0.2222222222222222,0.0994671403197158,0.9962288686411264,0.13742331288300838
0.22251655629139072,0.0994671403197158,0.996229052220017,0.1374795417344339
0.22281167108753316,0.0994671403197158,0.9962317860881168,0.13753581661848444
0.22310756972111553,0.0994671403197158,0.9962361186453484,0.13759213759171107
0.22340425531914893,0.0994671403197158,0.9962369063586288,0.1376485047107576
0.2237017310252996,0.0994671403197158,0.9962369615863084,0.13770491803236076
0.22266666666666668,0.09887507400828893,0.9962400644740874,0.13694136941326826
0.22162883845126835,0.09828300769686205,0.996241502649876,0.13617719442123144
0.22192513368983957,0.09828300769686205,0.9962433144709052,0.13623307345053887
0.22088353413654618,0.09769094138543517,0.9962451582051496,0.1354679802951413
0.22117962466487937,0.09769094138543517,0.9962573183656538,0.135523613962614
0.2214765100671141,0.09769094138543517,0.9962578454866444,0.13557929334386448
0.22043010752688172,0.09709887507400829,0.9962623954106604,0.13481298808013442
0.22072678331090176,0.09709887507400829,0.9962625997316246,0.13486842105220723
0.2210242587601078,0.09709887507400829,0.9962627125654276,0.13492389962935786
0.2213225371120108,0.09709887507400829,0.9962651917511433,0.13497942386788886
0.22162162162162163,0.09709887507400829,0.9962675314586612,0.13503499382419554
0.2219215155615697,0.09709887507400829,0.9962693117184058,0.135090609554766
0.22086720867208673,0.09650680876258141,0.9962710108452516,0.13432220848742185
0.22116689280868385,0.09650680876258141,0.9962711536857858,0.1343775762567905
0.22146739130434784,0.09650680876258141,0.9962733958075332,0.1344329896902989
0.22040816326530613,0.09591474245115453,0.9962784161017744,0.13366336633621112
0.21934604904632152,0.09532267613972766,0.9962820446650744,0.13289310771728302
0.21828103683492497,0.09473060982830077,0.9962830812735168,0.13212221304664645
0.2185792349726776,0.09473060982830077,0.9962840163064244,0.13217678645145753
0.2188782489740082,0.09473060982830077,0.996285985255522,0.13223140495825603
0.21780821917808219,0.0941385435168739,0.9962885032927238,0.13145928069408047
0.21810699588477367,0.0941385435168739,0.9962911475510206,0.13151364764225873
0.2184065934065934,0.0941385435168739,0.996292431498402,0.1315680595775683
0.218707015130674,0.0941385435168739,0.9962948451581756,0.13162251655587065
0.2190082644628099,0.0941385435168739,0.996295944505568,0.13167701863311987
0.2193103448275862,0.0941385435168739,0.9962973825607804,0.1317315658653627
0.21823204419889503,0.09354647720544701,0.996301394570104,0.13095731454578802
0.21853388658367912,0.09354647720544701,0.9963080975266114,0.1310116086231291
0.2188365650969529,0.09354647720544701,0.9963086979249832,0.13106594773910762
0.21914008321775313,0.09354647720544701,0.9963094674468996,0.13112033194978814
0.21805555555555556,0.09295441089402014,0.9963112094271054,0.13034454130302633
0.21835883171070933,0.09295441089402014,0.9963155042294424,0.13039867109592665
0.21866295264623956,0.09295441089402014,0.996316121977376,0.1304528458658049
0.2175732217573222,0.09236234458259325,0.9963185564723822,0.12967581047339707
0.2164804469273743,0.09177027827116636,0.99631936843823,0.12889812889771074
0.21678321678321677,0.09177027827116636,0.996322234021774,0.12895174708776844
0.21708683473389356,0.09177027827116636,0.996324044577148,0.12900540990386863
0.21739130434782608,0.09177027827116636,0.996326243210196,0.12905911740174741
0.21769662921348315,0.09177027827116636,0.996327381837836,0.12911286963723378
0.2180028129395218,0.09177027827116636,0.9963343359867076,0.1291666666662497
0.21830985915492956,0.09177027827116636,0.9963422245656308,0.12922050854481046
0.21720733427362482,0.09117821195973949,0.9963465529605576,0.12844036697206057
0.2175141242937853,0.09117821195973949,0.9963470641086564,0.12849395077138184
0.21782178217821782,0.09117821195973949,0.9963490862141172,0.12854757929841537
0.21671388101983002,0.0905861456483126,0.9963492371059652,0.12776617954029407
0.2170212765957447,0.0905861456483126,0.9963501142292116,0.12781954887176494
0.21732954545454544,0.0905861456483126,0.9963511445569928,0.12787296280777527
0.21621621621621623,0.08999407933688573,0.996353602041088,0.12709030100292945
0.21652421652421652,0.08999407933688573,0.9963536960057342,0.12714345462108248
0.21683309557774608,0.08999407933688573,0.9963552252897168,0.12719665271925074
0.21714285714285714,0.08999407933688573,0.9963585041919736,0.12724989535329018
0.21745350500715308,0.08999407933688573,0.9963647749726516,0.12730318257915044
0.2177650429799427,0.08999407933688573,0.9963651559764688,0.12735651445287482
0.21807747489239598,0.08999407933688573,0.996365256577386,0.12740989103060069
0.21839080459770116,0.08999407933688573,0.9963654143838684,0.12746331236855943
0.218705035971223,0.08999407933688573,0.9963657042480982,0.12751677852307688
0.21902017291066284,0.08999407933688573,0.9963700556235716,0.12757028955057334
0.21933621933621933,0.08999407933688573,0.996373923115127,0.1276238455075639
0.21965317919075145,0.08999407933688573,0.9963764825932018,0.12767744645065865
0.2199710564399421,0.08999407933688573,0.996377789291224,0.12773109243656272
0.22028985507246376,0.08999407933688573,0.9963778986914776,0.12778478352207662
0.22060957910014514,0.08999407933688573,0.9963797585717188,0.12783851976409644
0.22093023255813954,0.08999407933688573,0.996387771057085,0.12789230121961392
0.22125181950509462,0.08999407933688573,0.9963941744424732,0.1279461279457169
0.22157434402332363,0.08999407933688573,0.9963976276268012,0.1279999999995892
0.22189781021897811,0.08999407933688573,0.9964012508222552,0.1280539174385111
0.2222222222222222,0.08999407933688573,0.9964025906099584,0.12810788031985937
0.2225475841874085,0.08999407933688573,0.9964070015649782,0.12816188870110765
0.22287390029325513,0.08999407933688573,0.99640738410969,0.12821594263982639
0.22320117474302498,0.08999407933688573,0.9964091420697784,0.12827004219368326
0.2235294117647059,0.08999407933688573,0.9964112880929878,0.1283241874204434
0.22385861561119294,0.08999407933688573,0.9964124606472162,0.12837837837796937
0.22418879056047197,0.08999407933688573,0.9964134565442736,0.12843261512422155
0.22451994091580502,0.08999407933688573,0.9964141716637408,0.12848689771725844
0.22485207100591717,0.08999407933688573,0.9964152797335188,0.12854122621523656
0.22518518518518518,0.08999407933688573,0.9964188784364868,0.12859560067641096
0.22551928783382788,0.08999407933688573,0.9964207385673804,0.1286500211591352
0.22585438335809807,0.08999407933688573,0.996424174615907,0.1287044877218618
0.2261904761904762,0.08999407933688573,0.9964269461194404,0.12875900042314212
0.22652757078986588,0.08999407933688573,0.99642954911867,0.12881355932162694
0.22686567164179106,0.08999407933688573,0.996430408641521,0.1288681644760664
0.2257100149476831,0.08940201302545885,0.9964314481223562,0.12807463952461476
0.22604790419161677,0.08940201302545885,0.99643161295565,0.12812897751338256
0.22638680659670166,0.08940201302545885,0.9964320875366606,0.12818336162947525
0.22672672672672672,0.08940201302545885,0.9964342575526186,0.1282377919316538
0.22706766917293233,0.08940201302545885,0.9964356944339656,0.12829226847877898
0.22740963855421686,0.08940201302545885,0.9964374272761716,0.12834679132981164
0.2277526395173454,0.08940201302545885,0.9964395888802842,0.12840136054381285
0.2280966767371601,0.08940201302545885,0.9964402525898182,0.1284559761799442
0.22844175491679275,0.08940201302545885,0.9964432580027024,0.12851063829746803
0.2287878787878788,0.08940201302545885,0.9964466846758262,0.1285653469557475
0.2291350531107739,0.08940201302545885,0.9964506613481212,0.128620102214247
0.22948328267477203,0.08940201302545885,0.9964528906762844,0.12867490413253213
0.2298325722983257,0.08940201302545885,0.9964536806758322,0.12872975277027024
0.2301829268292683,0.08940201302545885,0.996456638387022,0.1287846481872303
0.23053435114503817,0.08940201302545885,0.9964638724308106,0.1288395904432833
0.2308868501529052,0.08940201302545885,0.9964686171787248,0.12889457959840253
0.23124042879019907,0.08940201302545885,0.9964724157199693,0.1289496157126636
0.23159509202453987,0.08940201302545885,0.9964787176227304,0.12900469884624483
0.23195084485407066,0.08940201302545885,0.9964789091190632,0.12905982905942745
0.23076923076923078,0.08880994671403197,0.9964856674073584,0.12825994014495995
0.23112480739599384,0.08880994671403197,0.996486441676139,0.12831479897308057
0.23148148148148148,0.08880994671403197,0.9964934828215516,0.12836970474927828
0.23183925811437403,0.08880994671403197,0.9964948712418404,0.12842465753384608
0.23219814241486067,0.08880994671403197,0.9964969964914676,0.12847965738718006
0.2310077519379845,0.08821788040260509,0.9964982979868184,0.12767780634064546
0.23136645962732919,0.08821788040260509,0.996499044827168,0.1277325332186316
0.2317262830482115,0.08821788040260509,0.9964995932389022,0.12778730703219066
0.23208722741433022,0.08821788040260509,0.9965082726989768,0.12784212784172871
0.23244929797191888,0.08821788040260509,0.9965089037442408,0.12789699570775567
0.2328125,0.08821788040260509,0.9965090412166236,0.12795191069088524
0.23317683881064163,0.08821788040260509,0.996511466202247,0.1280068728518354
0.2335423197492163,0.08821788040260509,0.9965121802309208,0.12806188225142837
0.23390894819466249,0.08821788040260509,0.9965135006382636,0.1281169389505911
0.23427672955974843,0.08821788040260509,0.9965197226437978,0.12817204301035526
0.2346456692913386,0.08821788040260509,0.9965220203703627,0.12822719449185757
0.23501577287066247,0.08821788040260509,0.9965269726757848,0.1282823934563401
0.2353870458135861,0.08821788040260509,0.9965311215571028,0.12833763996515035
0.23575949367088608,0.08821788040260509,0.9965317285435422,0.1283929340797416
0.23454833597464342,0.08762581409117821,0.9965356367203448,0.1275862068961557
0.23492063492063492,0.08762581409117821,0.9965447556072348,0.1276412246654085
0.23529411764705882,0.08762581409117821,0.9965498832240104,0.12769628990469517
0.2356687898089172,0.08762581409117821,0.9965503278147324,0.12775140267547885
0.23604465709728867,0.08762581409117821,0.9965580201046982,0.1278065630393288
0.2364217252396166,0.08762581409117821,0.9965618826903896,0.12786177105792076
0.2368,0.08762581409117821,0.9965687983870416,0.12791702679303701
0.23557692307692307,0.08703374777975133,0.9965702325426248,0.1271076523990872
0.23595505617977527,0.08703374777975133,0.9965757127912112,0.12716262975739176
0.23633440514469453,0.08703374777975133,0.9965768537466342,0.12721765469454385
0.23671497584541062,0.08703374777975133,0.9965791599000904,0.12727272727233416
0.23709677419354838,0.08703374777975133,0.9965796686854642,0.12732784755266044
0.23747980613893377,0.08703374777975133,0.9965800569759676,0.12738301559752777
0.23786407766990292,0.08703374777975133,0.9965854672985576,0.1274382314690486
0.23824959481361427,0.08703374777975133,0.9965871488271524,0.12749349522944325
0.23863636363636365,0.08703374777975133,0.9965908697342416,0.12754880694104004
0.23902439024390243,0.08703374777975133,0.9965931054718176,0.1276041666662753
0.23941368078175895,0.08703374777975133,0.9965942921836368,0.12765957446769405
0.2398042414355628,0.08703374777975133,0.9965966302233872,0.12771503040794982
0.24019607843137256,0.08703374777975133,0.9965975017188288,0.1277705345498051
0.24058919803600654,0.08703374777975133,0.9965981644561448,0.12782608695613157
0.24098360655737705,0.08703374777975133,0.9966028666055436,0.1278816876899103
0.2413793103448276,0.08703374777975133,0.9966035162769852,0.12793733681423186
0.24177631578947367,0.08703374777975133,0.9966036213628856,0.12799303439229684
0.24217462932454695,0.08703374777975133,0.9966102860256274,0.12804878048741591
0.24257425742574257,0.08703374777975133,0.9966115059792936,0.12810457516301005
0.24297520661157024,0.08703374777975133,0.996611533670026,0.12816041848261078
0.2433774834437086,0.08703374777975133,0.9966119777400946,0.12821631050986054
0.24212271973466004,0.08644168146832445,0.9966143304395932,0.12739965095947267
0.2425249169435216,0.08644168146832445,0.9966180938564037,0.12745525971152877
0.24126455906821964,0.08584961515689757,0.9966233896556732,0.1266375545847657
0.24166666666666667,0.08584961515689757,0.9966238186584626,0.12669287898607015
0.24207011686143573,0.08584961515689757,0.9966239597388168,0.12674825174786522
0.24247491638795987,0.08584961515689757,0.9966314023938996,0.12680367293358843
0.24288107202680068,0.08584961515689757,0.9966331985442448,0.1268591426067882
0.24328859060402686,0.08584961515689757,0.9966339396870996,0.12691466083112424
0.24369747899159663,0.08584961515689757,0.996635008946524,0.12697022767036778
0.24242424242424243,0.0852575488454707,0.9966370637710515,0.126149802890548
0.2411467116357504,0.08466548253404381,0.9966376698747748,0.1253286590706057
0.23986486486486486,0.08407341622261694,0.9966624722748072,0.12450679526485021
0.24027072758037224,0.08407341622261694,0.9966656445930192,0.1245614035083879
0.23898305084745763,0.08348134991119005,0.9966719288145732,0.12373848178987516
0.23938879456706283,0.08348134991119005,0.996673466956986,0.12379280070198707
0.23979591836734693,0.08348134991119005,0.996679859400846,0.1238471673250451
0.2402044293015332,0.08348134991119005,0.9966811722932596,0.12390158172193709
0.24061433447098976,0.08348134991119005,0.996682328328045,0.12395604395566148
0.24102564102564103,0.08348134991119005,0.9966857255987752,0.1240105540893276
0.24143835616438356,0.08348134991119005,0.9966887822844052,0.12406511218615578
0.241852487135506,0.08348134991119005,0.9966897530433648,0.12411971830947764
0.2422680412371134,0.08348134991119005,0.996691581957653,0.12417437252273637
0.24096385542168675,0.08288928359976318,0.9966940471788306,0.12334801762076451
0.2396551724137931,0.08229721728833629,0.996695076160476,0.12252093433192443
0.24006908462867013,0.08229721728833629,0.9967025722384232,0.12257495590790901
0.24048442906574394,0.08229721728833629,0.9967055374591274,0.12262902514298137
0.24090121317157712,0.08229721728833629,0.9967057343215716,0.12268314210023823
0.24131944444444445,0.08229721728833629,0.9967103833506537,0.12273730684288785
0.24,0.08170515097690942,0.9967136407956216,0.12190812720810162
0.24041811846689895,0.08170515097690942,0.9967136709571676,0.12196199734827362
0.24083769633507854,0.08170515097690942,0.9967154540369564,0.1220159151189851
0.24125874125874125,0.08170515097690942,0.9967176817629284,0.12206988058343451
0.24168126094570927,0.08170515097690942,0.9967197495247672,0.1221238938049321
0.24210526315789474,0.08170515097690942,0.996721789674646,0.12217795484690025
0.24077328646748683,0.08111308466548253,0.9967243203105268,0.12134632418031391
0.23943661971830985,0.08052101835405566,0.996731363133619,0.12051395657915372
0.23809523809523808,0.07992895204262877,0.9967346964529532,0.11968085106345346
0.23851590106007067,0.07992895204262877,0.9967416194639224,0.11973392461159742
0.23893805309734514,0.07992895204262877,0.9967424747706324,0.1197870452525081
0.2393617021276596,0.07992895204262877,0.9967439318699188,0.11984021304889232
0.23978685612788633,0.07992895204262877,0.9967440764704784,0.11989342806356817
0.23843416370106763,0.0793368857312019,0.9967473392874484,0.11905819635679994
0.23885918003565063,0.0793368857312019,0.9967498630767198,0.11911111111073679
0.2392857142857143,0.0793368857312019,0.9967662163792524,0.11916407292092435
0.23792486583184258,0.07874481941977501,0.996769249965486,0.11832740213485766
0.23835125448028674,0.07874481941977501,0.9967699793842536,0.11838006230492264
0.23877917414721722,0.07874481941977501,0.9967740880929464,0.11843276936739193
0.2392086330935252,0.07874481941977501,0.996775980861059,0.11848552338492803
0.23963963963963963,0.07874481941977501,0.9967842343266902,0.11853832442030506
0.23826714801444043,0.07815275310834814,0.9967843576769212,0.11769950958500476
0.23869801084990958,0.07815275310834814,0.9967887687460392,0.11775200713611365
0.2391304347826087,0.07815275310834814,0.9967916029073942,0.11780455153912002
0.2395644283121597,0.07815275310834814,0.996791796829053,0.11785714285677193
0.24,0.07815275310834814,0.9968012915175852,0.11790978115192954
0.23861566484517305,0.07756068679692125,0.9968164989863596,0.11706881143841438
0.23722627737226276,0.07696862048549438,0.9968221813347417,0.11622708985211111
0.2376599634369287,0.07696862048549438,0.9968241311727202,0.11627906976707228
0.23626373626373626,0.0763765541740675,0.9968254150469812,0.11543624161036904
0.23669724770642203,0.0763765541740675,0.996826152573672,0.11548791405513696
0.23713235294117646,0.0763765541740675,0.9968273916541026,0.11553963278064357
0.23756906077348067,0.0763765541740675,0.9968295390597804,0.11559139784909418
0.23800738007380073,0.0763765541740675,0.996832653935438,0.11564320932280563
0.23844731977818853,0.0763765541740675,0.9968366014167904,0.11569506726420652
0.2388888888888889,0.0763765541740675,0.996837641435916,0.11574697173583745
0.23933209647495363,0.0763765541740675,0.9968391963887444,0.11579892280035135
0.2379182156133829,0.07578448786264061,0.9968406701730392,0.11495285136918904
0.23649906890130354,0.07519242155121374,0.9968419892422092,0.11410601976603106
0.23507462686567165,0.07460035523978685,0.996850196350324,0.11325842696592639
0.2336448598130841,0.07400828892835998,0.996853328229252,0.11241007194208068
0.2340823970037453,0.07400828892835998,0.9968546001255902,0.11246063877606323
0.23452157598499063,0.07400828892835998,0.9968561769782024,0.11251125112474784
0.23308270676691728,0.07341622261693309,0.996857423260743,0.11166141377721335
0.2335216572504708,0.07341622261693309,0.996863074569334,0.11171171171134775
0.2339622641509434,0.07341622261693309,0.9968635299550184,0.111762054979357
0.23440453686200377,0.07341622261693309,0.9968641204883816,0.11181244364255831
0.23484848484848486,0.07341622261693309,0.9968644537153236,0.11186287776237956
0.23529411764705882,0.07341622261693309,0.9968653886974248,0.1119133574003595
0.2338403041825095,0.07282415630550622,0.9968666003661226,0.11106094808090197
0.2342857142857143,0.07282415630550622,0.996869349442436,0.11111111111074932
0.23473282442748092,0.07282415630550622,0.9968722469980268,0.11116131947546325
0.23518164435946462,0.07282415630550622,0.9968767681085976,0.11121157323652862
0.23563218390804597,0.07282415630550622,0.9968794310466548,0.1112618724555416
0.236084452975048,0.07282415630550622,0.996879735989156,0.1113122171942098
0.23653846153846153,0.07282415630550622,0.9968830468052226,0.11136260751435256
0.23699421965317918,0.07282415630550622,0.9968833948782416,0.11141304347790126
0.23552123552123552,0.07223208999407933,0.9968836977802624,0.11055731762537706
0.23597678916827852,0.07223208999407933,0.9968853405345406,0.1106074342698134
0.2364341085271318,0.07223208999407933,0.9968873656961892,0.11065759637152357
0.23689320388349513,0.07223208999407933,0.9968883447415322,0.11070780399238232
0.23735408560311283,0.07223208999407933,0.9968968999767908,0.1107580571943767
0.2378167641325536,0.07223208999407933,0.9968984056029336,0.11080835603960627
0.236328125,0.07164002368265246,0.9969014037084104,0.10995002271658985
0.23679060665362034,0.07164002368265246,0.9969074959549764,0.10999999999964337
0.2372549019607843,0.07164002368265246,0.9969091607306384,0.11005002273725173
0.23772102161100198,0.07164002368265246,0.9969120021404104,0.11010009099145486
0.23818897637795275,0.07164002368265246,0.9969124804925223,0.11015020482440553
0.23865877712031558,0.07164002368265246,0.9969126638883824,0.11020036429836982
0.2391304347826087,0.07164002368265246,0.996913151417054,0.11025056947572724
0.2396039603960396,0.07164002368265246,0.9969148147630924,0.11030082041897106
0.2400793650793651,0.07164002368265246,0.9969176787301106,0.11035111719070848
0.24055666003976142,0.07164002368265246,0.996922990506992,0.11040145985366098
0.2410358565737052,0.07164002368265246,0.9969274245223438,0.11045184847066458
0.23952095808383234,0.07104795737122557,0.9969280046895516,0.10958904109553753
0.24,0.07104795737122557,0.9969321177833526,0.10963910461362651
0.23847695390781562,0.0704558910597987,0.9969334505586792,0.10877513711116528
0.2389558232931727,0.0704558910597987,0.9969348031143936,0.10882487425662132
0.23943661971830985,0.0704558910597987,0.9969387392694218,0.10887465690724246
0.2399193548387097,0.0704558910597987,0.9969454419618,0.10892448512550718
0.2404040404040404,0.0704558910597987,0.9969462939188288,0.10897435897400842
0.2408906882591093,0.0704558910597987,0.9969462946325948,0.10902427851545377
0.2413793103448276,0.0704558910597987,0.9969463501739644,0.10907424381266582
0.23983739837398374,0.06986382474837181,0.9969483199274588,0.10820724438296102
0.24032586558044808,0.06986382474837181,0.996949408970578,0.10825688073359596
0.24081632653061225,0.06986382474837181,0.9969498065548804,0.10830656264306579
0.2392638036809816,0.06927175843694494,0.996950455859277,0.1074380165285774
0.23770491803278687,0.06867969212551805,0.9969516647597332,0.10656867248472336
0.23819301848049282,0.06867969212551805,0.9969543308351548,0.10661764705847611
0.23868312757201646,0.06867969212551805,0.996954967731704,0.10666666666631963
0.23711340206185566,0.06808762581409118,0.9969597509243022,0.10579576816892661
0.23760330578512398,0.06808762581409118,0.996960208068446,0.10584445467061557
0.2360248447204969,0.0674955595026643,0.9969630696501276,0.1049723756902619
0.23651452282157676,0.0674955595026643,0.9969671074036096,0.10502072777487335
0.23492723492723494,0.06690349319123742,0.9969690900223718,0.10414746543744298
0.23541666666666666,0.06690349319123742,0.9969705409902128,0.10419548178849815
0.2359081419624217,0.06690349319123742,0.9969778896475068,0.10424354243508012
0.23640167364016737,0.06690349319123742,0.996979162388355,0.10429164743851171
0.2348008385744235,0.06631142687981054,0.9969877938665176,0.10341643582606469
0.23319327731092437,0.06571936056838366,0.9969905201330688,0.10254041570404496
0.2336842105263158,0.06571936056838366,0.9969938991826216,0.10258780036934315
0.23417721518987342,0.06571936056838366,0.9969994144209792,0.10263522884847887
0.2346723044397463,0.06571936056838366,0.9970067797640724,0.10268270120224837
0.23516949152542374,0.06571936056838366,0.997007016671326,0.10273021749156049
0.2356687898089172,0.06571936056838366,0.9970092390618824,0.10277777777743677
0.23617021276595745,0.06571936056838366,0.9970136306519584,0.10282538212101189
0.23667377398720682,0.06571936056838366,0.9970156736680114,0.10287303058353378
0.23717948717948717,0.06571936056838366,0.9970199533777576,0.10292072322636397
0.23554603854389722,0.06512729425695678,0.9970220207526004,0.10204081632619125
0.23390557939914164,0.0645352279455299,0.9970225222608392,0.10116009280708566
0.23440860215053763,0.0645352279455299,0.9970245280745056,0.10120705663847299
0.2349137931034483,0.0645352279455299,0.9970311801081996,0.10125406409627126
0.23542116630669546,0.0645352279455299,0.9970336268054044,0.10130111524129799
0.23593073593073594,0.0645352279455299,0.9970377192124772,0.10134821013448372
0.23644251626898047,0.0645352279455299,0.9970385724719696,0.10139534883687241
0.23478260869565218,0.06394316163410302,0.9970392043417688,0.10051186598384222
0.23529411764705882,0.06394316163410302,0.997041714004478,0.10055865921754105
0.23580786026200873,0.06394316163410302,0.997044723268412,0.1006054960406518
0.23413566739606126,0.06335109532267615,0.9970526485181924,0.09972041006490245
0.23464912280701755,0.06335109532267615,0.9970533421586198,0.099766899766565
0.23516483516483516,0.06335109532267615,0.9970600558738584,0.09981343283548655
0.2356828193832599,0.06335109532267615,0.9970678687640148,0.09986000933237722
0.23620309050772628,0.06335109532267615,0.9970685584759688,0.09990662931806052
0.23672566371681417,0.06335109532267615,0.9970718727844196,0.09995329285347354
0.23725055432372505,0.06335109532267615,0.9970727763263952,0.09999999999966735
0.23777777777777778,0.06335109532267615,0.997072899958281,0.10004675081780709
0.2383073496659243,0.06335109532267615,0.99707499257713,0.10009354536917241
0.23660714285714285,0.06275902901124926,0.9970840874490136,0.09920449227856427
0.2348993288590604,0.06216696269982238,0.9970861216447756,0.0983146067412421
0.23542600896860988,0.06216696269982238,0.9970865256439564,0.0983606557373744
0.23595505617977527,0.06216696269982238,0.997086599414574,0.09840674789095388
0.23423423423423423,0.0615748963883955,0.9970893857061216,0.09751523675541345
0.23476297968397292,0.0615748963883955,0.997090560510258,0.09756097560942689
0.2330316742081448,0.06098283007696862,0.9970972985827956,0.0966682308771935
0.23356009070294784,0.06098283007696862,0.9970981539402776,0.09671361502314584
0.2340909090909091,0.06098283007696862,0.997103642394962,0.09675904180333578
0.23462414578587698,0.06098283007696862,0.9971066555440355,0.096804511277868
0.23515981735159816,0.06098283007696862,0.9971075594764578,0.09685002350696023
0.2334096109839817,0.06039076376554174,0.9971075820773004,0.09595484477860097
0.23394495412844038,0.06039076376554174,0.9971143638066902,0.09599999999967386
0.23448275862068965,0.06039076376554174,0.9971156860999536,0.09604519773978729
0.2350230414746544,0.06039076376554174,0.9971182580983304,0.09609043805902472
0.23556581986143188,0.06039076376554174,0.9971182592924316,0.0961357210175828
0.2361111111111111,0.06039076376554174,0.997118423135762,0.0961810466757718
0.23665893271461716,0.06039076376554174,0.9971237890060992,0.0962264150940157
0.2372093023255814,0.06039076376554174,0.9971256483635662,0.09627182633285253
0.23543123543123542,0.05979869745411486,0.9971272351804386,0.09537299338966752
0.23598130841121495,0.05979869745411486,0.9971294193601464,0.09541804440213371
0.23653395784543327,0.05979869745411486,0.9971301609367048,0.09546313799589715
0.23708920187793428,0.05979869745411486,0.9971318041133144,0.09550827423135681
0.2376470588235294,0.05979869745411486,0.9971322125484328,0.09555345316902598
0.2358490566037736,0.05920663114268798,0.9971362538375734,0.09465215333616762
0.2364066193853428,0.05920663114268798,0.9971362803883784,0.09469696969664937
0.23696682464454977,0.05920663114268798,0.9971363128699328,0.09474182851697051
0.2375296912114014,0.05920663114268798,0.997138379805108,0.09478672985750047
0.23809523809523808,0.05920663114268798,0.9971389323299265,0.09483167377872323
0.23627684964200477,0.0586145648312611,0.997148284973645,0.0939278937378219
0.23684210526315788,0.0586145648312611,0.9971521099995706,0.09397247270969618
0.23741007194244604,0.0586145648312611,0.9971573898614224,0.09401709401677641
0.23798076923076922,0.0586145648312611,0.9971603091806898,0.09406175771939784
0.2385542168674699,0.0586145648312611,0.9971614324754404,0.09410646387801033
0.2391304347826087,0.0586145648312611,0.9971726954248128,0.0941512125531788
0.2397094430992736,0.0586145648312611,0.9971765627688842,0.0941960038055834
0.24029126213592233,0.0586145648312611,0.9971779231634514,0.0942408376960198
0.24087591240875914,0.0586145648312611,0.9971795739297872,0.09428571428539946
0.24146341463414633,0.0586145648312611,0.9971804152966844,0.09433063363474997
0.24205378973105135,0.0586145648312611,0.9971846126102736,0.09437559580521519
0.24019607843137256,0.05802249851983422,0.9971853319643628,0.09346685741504186
0.24078624078624078,0.05802249851983422,0.9971915862912616,0.09351145038136645
0.2413793103448276,0.05802249851983422,0.9971921608375628,0.09355608591854195
0.23950617283950618,0.057430432208407343,0.9971981842673998,0.09264565424992678
0.2400990099009901,0.057430432208407343,0.9971993499479312,0.09268991877656378
0.23821339950372208,0.056838365896980464,0.9972031442360192,0.09177820267655319
0.23880597014925373,0.056838365896980464,0.9972092895202068,0.09182209469122458
0.23940149625935161,0.056838365896980464,0.9972093777041464,0.09186602870782387
0.24,0.056838365896980464,0.9972104233044868,0.0919100047866698
0.24060150375939848,0.056838365896980464,0.9972144852532844,0.0919540229881966
0.24120603015075376,0.056838365896980464,0.997216309974624,0.09199808337295438
0.24181360201511334,0.056838365896980464,0.9972194679300924,0.09204218600160936
0.24242424242424243,0.056838365896980464,0.9972197924988152,0.09208633093494412
0.2430379746835443,0.056838365896980464,0.9972200192196468,0.09213051823385784
0.2436548223350254,0.056838365896980464,0.9972254579372704,0.09217474795936681
0.24427480916030533,0.056838365896980464,0.9972275589436216,0.09221902017260442
0.24489795918367346,0.056838365896980464,0.9972309802972876,0.09226333493482157
0.24552429667519182,0.056838365896980464,0.99723203680624,0.09230769230738704
0.24615384615384617,0.056838365896980464,0.9972322370964692,0.09235209235178758
0.2467866323907455,0.056838365896980464,0.9972383639787106,0.09239653512962834
0.24742268041237114,0.056838365896980464,0.9972455788292608,0.09244102070263313
0.24806201550387597,0.056838365896980464,0.9972512800005456,0.09248554913264467
0.24870466321243523,0.056838365896980464,0.9972550107386507,0.09253012048162489
0.24935064935064935,0.056838365896980464,0.9972590210762532,0.09257473481165523
0.25,0.056838365896980464,0.9972654639837024,0.09261939218493695
0.24804177545691905,0.056246299585553584,0.9972662309936228,0.09169884169854035
0.24607329842931938,0.055654233274126705,0.9972671079419648,0.09077740222084836
0.24671916010498687,0.055654233274126705,0.9972722753899288,0.090821256038347
0.24473684210526317,0.055062166962699825,0.9972725756775852,0.08989850169133863
0.24538258575197888,0.055062166962699825,0.9972730289401472,0.08994197292039698
0.24603174603174602,0.055062166962699825,0.9972783178258028,0.08998548621160246
0.246684350132626,0.055062166962699825,0.9972783717651144,0.09002904162603273
0.2473404255319149,0.055062166962699825,0.9972786026549512,0.09007263922488376
0.248,0.055062166962699825,0.9972838858916466,0.0901162790694701
0.24866310160427807,0.055062166962699825,0.9972901367772236,0.09015996122122522
0.24932975871313673,0.055062166962699825,0.9972988664528856,0.09020368574170173
0.25,0.055062166962699825,0.9973014669361702,0.09024745269257171
0.25067385444743934,0.055062166962699825,0.9973016230138204,0.090291262135627
0.25135135135135134,0.055062166962699825,0.9973058583650553,0.0903351141327795
0.24932249322493225,0.054470100651272946,0.9973092551431992,0.08940719144771349
0.25,0.054470100651272946,0.9973114263381057,0.0894506562952823
0.2506811989100817,0.054470100651272946,0.9973194436278768,0.08949416342383124
0.25136612021857924,0.054470100651272946,0.9973247403975496,0.08953771289508437
0.2493150684931507,0.053878034339846066,0.9973361266963732,0.08860759493641662
0.24725274725274726,0.05328596802841918,0.9973378800786792,0.08767657087160306
0.24793388429752067,0.05328596802841918,0.9973393782837364,0.08771929824532283
0.24585635359116023,0.0526939017169923,0.9973453709149986,0.08678693320302476
0.24376731301939059,0.05210183540556542,0.9973462333261116,0.0858536585362952
0.24166666666666667,0.05150976909413854,0.9973467434766978,0.08491947291332674
0.2395543175487465,0.05091770278271166,0.9973476001189552,0.08398437499971087
0.24022346368715083,0.05091770278271166,0.9973493373689044,0.08402540302853406
0.23809523809523808,0.05032563647128478,0.9973517260020532,0.08308895405640791
0.23876404494382023,0.05032563647128478,0.9973553838507148,0.08312958435179069
0.23943661971830985,0.05032563647128478,0.9973555236926916,0.08317025440284409
0.2401129943502825,0.05032563647128478,0.9973557655587088,0.08321096426794648
0.24079320113314448,0.05032563647128478,0.9973561394529276,0.08325171400559062
0.24147727272727273,0.05032563647128478,0.9973585998282648,0.08329250367438384
0.24216524216524216,0.05032563647128478,0.9973852111310006,0.08333333333304843
0.24285714285714285,0.05032563647128478,0.9973855534803846,0.08337420304042187
0.24355300859598855,0.05032563647128478,0.997386899381556,0.08341511285545708
0.2413793103448276,0.0497335701598579,0.9974040629958284,0.08247422680384041
0.2420749279538905,0.0497335701598579,0.9974051287984252,0.08251473477378404
0.24277456647398843,0.0497335701598579,0.9974058023508452,0.08255528255500032
0.24347826086956523,0.0497335701598579,0.9974078314230472,0.082595870206208
0.24127906976744187,0.04914150384843102,0.9974101245320212,0.0816527299554493
0.24198250728862974,0.04914150384843102,0.997410887561003,0.08169291338554617
0.24269005847953215,0.04914150384843102,0.997413579594759,0.08173313638573669
0.2434017595307918,0.04914150384843102,0.9974137497434346,0.0817733990144988
0.24411764705882352,0.04914150384843102,0.9974138524999496,0.08181370133042581
0.2448377581120944,0.04914150384843102,0.9974179057762322,0.0818540433922265
0.2455621301775148,0.04914150384843102,0.9974202217278444,0.08189442525872558
0.2433234421364985,0.04854943753700414,0.9974223899835128,0.08094768015766936
0.24404761904761904,0.04854943753700414,0.997423531440973,0.08098765432071087
0.24477611940298508,0.04854943753700414,0.997423738040334,0.08102766798391349
0.24550898203592814,0.04854943753700414,0.9974254722633602,0.08106772120585383
0.24624624624624625,0.04854943753700414,0.9974352076843152,0.08110781404522438
0.2469879518072289,0.04854943753700414,0.9974376069163656,0.08114794656083378
0.24773413897280966,0.04854943753700414,0.997437831387127,0.08118811881160717
0.24848484848484848,0.04854943753700414,0.99743982701055,0.08122833085658637
0.24924012158054712,0.04854943753700414,0.9974438612739662,0.08126858275493026
0.24695121951219512,0.047957371225577264,0.9974482633844146,0.08031730292486401
0.24464831804281345,0.047365304914150384,0.9974558171929724,0.07936507936480758
0.24539877300613497,0.047365304914150384,0.9974722090801018,0.07940446650096948
0.24307692307692308,0.046773238602723505,0.9974737160299052,0.07845084409108981
0.24074074074074073,0.046181172291296625,0.9974759129918188,0.0774962742173156
0.24148606811145512,0.046181172291296625,0.9974808339141898,0.07753479125221556
0.2391304347826087,0.045589105979869746,0.997481111558934,0.07657881650893045
0.2367601246105919,0.044997039668442866,0.9974859195686498,0.0756218905469953
0.2375,0.044997039668442866,0.997486100525939,0.07565953210525732
0.23824451410658307,0.044997039668442866,0.997493209976227,0.07569721115511124
0.2389937106918239,0.044997039668442866,0.9974940704929154,0.0757349277525983
0.23659305993690852,0.04440497335701599,0.9974963424382974,0.07477567298079073
0.23734177215189872,0.04440497335701599,0.9975033527154422,0.07481296758078186
0.23809523809523808,0.04440497335701599,0.9975063868078264,0.07485029940093266
0.2356687898089172,0.04381290704558911,0.997508269878383,0.0738891662503597
0.2364217252396166,0.04381290704558911,0.9975112509808426,0.07392607392581013
0.23717948717948717,0.04381290704558911,0.9975137133282764,0.07396301849049142
0.2347266881028939,0.04322084073416223,0.9975161907358264,0.07299999999973736
0.23548387096774193,0.04322084073416223,0.9975179409448836,0.07303651825886752
0.23624595469255663,0.04322084073416223,0.9975219140098104,0.0730730730728116
0.237012987012987,0.04322084073416223,0.9975286054893316,0.07310966449648425
0.23778501628664495,0.04322084073416223,0.9975289270690542,0.07314629258491005
0.23529411764705882,0.04262877442273535,0.9975301514979522,0.07218045112755984
0.23278688524590163,0.04203670811130847,0.9975348394359796,0.0712136409225092
0.23026315789473684,0.04144464179988159,0.9975384988427451,0.07024586051153274
0.23102310231023102,0.04144464179988159,0.9975404042973436,0.07028112449773403
0.22847682119205298,0.04085257548845471,0.997544380046404,0.06931190356578987
0.2292358803986711,0.04085257548845471,0.9975467283406853,0.06934673366808496
0.23,0.04085257548845471,0.997547949889252,0.06938159879310735
0.23076923076923078,0.04085257548845471,0.9975569945415086,0.06941649899370823
0.23154362416107382,0.04085257548845471,0.997560240978716,0.06945143432284519
0.23232323232323232,0.04085257548845471,0.9975707122028266,0.0694864048335825
0.23310810810810811,0.04085257548845471,0.9975721075362064,0.06952141057909134
0.23389830508474577,0.04085257548845471,0.9975744684455876,0.06955645161265007
0.23129251700680273,0.04026050917702783,0.9975745366853594,0.06858295511825477
0.22866894197952217,0.03966844286560095,0.9975798483816508,0.06760847628632725
0.22602739726027396,0.03907637655417407,0.997586769228512,0.06663301362922872
0.2268041237113402,0.03907637655417407,0.9975912160215632,0.06666666666641594
0.22758620689655173,0.03907637655417407,0.9976059295258968,0.06670035371374684
0.22837370242214533,0.03907637655417407,0.9976085196887796,0.06673407482280408
0.22916666666666666,0.03907637655417407,0.9976108485362084,0.06676783004527462
0.2264808362369338,0.03848431024274719,0.9976172646564748,0.06578947368396225
0.22727272727272727,0.03848431024274719,0.9976270706923452,0.06582278480987891
0.22807017543859648,0.03848431024274719,0.997627310355294,0.06585612968566987
0.22887323943661972,0.03848431024274719,0.9976278941662504,0.0658895083626527
0.22614840989399293,0.037892243931320305,0.9976310807763566,0.06490872210928765
0.22695035460992907,0.037892243931320305,0.9976346001667926,0.06494165398250468
0.2277580071174377,0.037892243931320305,0.997639046918005,0.06497461928909551
0.22857142857142856,0.037892243931320305,0.9976434414012316,0.0650076180799998
0.22580645161290322,0.037300177619893425,0.9976436138308916,0.0640243902436591
0.22661870503597123,0.037300177619893425,0.997647664471932,0.06405693950153665
0.22743682310469315,0.037300177619893425,0.9976577018147126,0.06408952187157888
0.22826086956521738,0.037300177619893425,0.997659314060362,0.0641221374043387
0.2290909090909091,0.037300177619893425,0.9976607264340028,0.064154786150472
0.22992700729927007,0.037300177619893425,0.9976633887254682,0.06418746816073789
0.23076923076923078,0.037300177619893425,0.9976657182846655,0.06422018348599896
0.22794117647058823,0.036708111308466546,0.9976670114075428,0.0632330443648809
0.22878228782287824,0.036708111308466546,0.9976728140696636,0.0632653061222107
0.22962962962962963,0.036708111308466546,0.9976766716677076,0.06329760081650558
0.23048327137546468,0.036708111308466546,0.9976806888257264,0.0633299284982308
0.23134328358208955,0.036708111308466546,0.9976879933685718,0.06336228921795473
0.22846441947565543,0.036116044997039666,0.9976881244849722,0.06237218813882356
0.22932330827067668,0.036116044997039666,0.9976983173861008,0.06240409207137616
0.23018867924528302,0.036116044997039666,0.9976985124647056,0.062436028658926244
0.23106060606060605,0.036116044997039666,0.9976996379096256,0.062467997951635115
0.23193916349809887,0.036116044997039666,0.9977041954994026,0.062499999999766846
0.22900763358778625,0.035523978685612786,0.9977133390963306,0.06150691952821444
0.2260536398467433,0.03493191237418591,0.9977137651316912,0.060512820512588654
0.22692307692307692,0.03493191237418591,0.9977155506717628,0.06054386865035884
0.2277992277992278,0.03493191237418591,0.9977215419372654,0.06057494866506719
0.22868217054263565,0.03493191237418591,0.9977271139795472,0.0606060606058307
0.22568093385214008,0.03433984606275903,0.997727847970916,0.059609455292679275
0.22265625,0.03374777975133215,0.9977337062482692,0.05861182519257347
0.2235294117647059,0.03374777975133215,0.9977404356329034,0.05864197530841404
0.22440944881889763,0.03374777975133215,0.9977411078914238,0.05867215645885662
0.22529644268774704,0.03374777975133215,0.9977541812487724,0.05870236869184342
0.2261904761904762,0.03374777975133215,0.9977580915347896,0.058732612055415474
0.22709163346613545,0.03374777975133215,0.9977586656265672,0.05876288659771286
0.228,0.03374777975133215,0.9977604495282282,0.05879319236697497
0.2289156626506024,0.03374777975133215,0.9977605432866528,0.05882352941154075
0.22580645161290322,0.03315571343990527,0.9977623601017364,0.05782137325739159
0.22672064777327935,0.03315571343990527,0.9977625282132648,0.057851239669198876
0.22764227642276422,0.03315571343990527,0.9977700000347618,0.057881136950682456
0.22448979591836735,0.03256364712847839,0.997771437880058,0.0568769389863351
0.22540983606557377,0.03256364712847839,0.9977717484266188,0.05690636316584252
0.22633744855967078,0.03256364712847839,0.9977743144834146,0.056935817805163116
0.22727272727272727,0.03256364712847839,0.997779291536474,0.05696530295161919
0.22821576763485477,0.03256364712847839,0.9977820554500174,0.05699481865263119
0.22916666666666666,0.03256364712847839,0.9977822617562238,0.057024364955717846
0.2301255230125523,0.03256364712847839,0.9977824596426212,0.05705394190849651
0.23109243697478993,0.03256364712847839,0.9977862546436264,0.05708354955868335
0.2320675105485232,0.03256364712847839,0.9977902237363808,0.05711318795409364
0.2330508474576271,0.03256364712847839,0.9977915837388482,0.057142857142642015
0.23404255319148937,0.03256364712847839,0.9977926172088468,0.057172557172342736
0.23504273504273504,0.03256364712847839,0.9977932724570076,0.057202288091309915
0.2317596566523605,0.03197158081705151,0.9977943307252236,0.056191467221431056
0.22844827586206898,0.03137951450562463,0.9978080931241908,0.05517959396126603
0.22943722943722944,0.03137951450562463,0.9978088795491948,0.05520833333312166
0.23043478260869565,0.03137951450562463,0.997812964155648,0.05523710265742321
0.2314410480349345,0.03137951450562463,0.9978135661824272,0.055265901981020174
0.2324561403508772,0.03137951450562463,0.9978186389093776,0.0552947313508598
0.2290748898678414,0.03078744819419775,0.9978192569843354,0.054279749477870454
0.23008849557522124,0.03078744819419775,0.997823224188005,0.0543080939945699
0.22666666666666666,0.03019538188277087,0.9978260056124012,0.053291536049949274
0.22321428571428573,0.02960331557134399,0.9978344196147264,0.05227391531605043
0.2242152466367713,0.02960331557134399,0.9978347669224732,0.05230125522991948
0.22522522522522523,0.02960331557134399,0.9978418101235684,0.05232862375698984
0.22171945701357465,0.02901124925991711,0.9978434036088611,0.05130890052335558
0.21818181818181817,0.028419182948490232,0.9978476287819464,0.050288108957365484
0.2191780821917808,0.028419182948490232,0.997848868564269,0.05031446540860182
0.22018348623853212,0.028419182948490232,0.9978515572994168,0.05034084950163285
0.22119815668202766,0.028419182948490232,0.9978594065280768,0.050367261279966116
0.2175925925925926,0.027827116637063352,0.9978734605974516,0.04934383202079632
0.2186046511627907,0.027827116637063352,0.997877448131832,0.04936974789895933
0.21962616822429906,0.027827116637063352,0.997879372949742,0.0493956910139885
0.22065727699530516,0.027827116637063352,0.997883587034024,0.04942166140884422
0.22169811320754718,0.027827116637063352,0.997884242012948,0.04944765912657721
0.22274881516587677,0.027827116637063352,0.99788452198915,0.049473684210328876
0.22380952380952382,0.027827116637063352,0.997890815452642,0.049499736703331465
0.22488038277511962,0.027827116637063352,0.9978913803561568,0.04952581664890835
0.22596153846153846,0.027827116637063352,0.9978965740132856,0.049551924090474236
0.2222222222222222,0.027235050325636473,0.997898248916409,0.04852320675086034
0.22330097087378642,0.027235050325636473,0.9979002503252808,0.048548812664713885
0.22439024390243903,0.027235050325636473,0.9979004925053364,0.048574445617547195
0.22549019607843138,0.027235050325636473,0.997902920490666,0.048600105652211296
0.22660098522167488,0.027235050325636473,0.9979107584312624,0.048625792811647764
0.22772277227722773,0.027235050325636473,0.9979148015001488,0.048651507138889036
0.22388059701492538,0.02664298401420959,0.9979194399978776,0.047619047618857546
0.22,0.02605091770278271,0.9979250705064148,0.04658549497069473
0.22110552763819097,0.02605091770278271,0.9979256119577148,0.04661016949133684
0.21717171717171718,0.02545885139135583,0.9979294450996968,0.045574986751269496
0.2182741116751269,0.02545885139135583,0.9979351635634196,0.04559915164350326
0.21428571428571427,0.02486678507992895,0.9979386345854278,0.04456233421732029
0.2153846153846154,0.02486678507992895,0.9979427322073362,0.04458598726096091
0.21649484536082475,0.02486678507992895,0.9979473224137227,0.04460966542732446
0.21761658031088082,0.02486678507992895,0.9979526533364742,0.0446333687564578
0.21354166666666666,0.02427471876850207,0.9979530782348028,0.04359383306733397
0.21465968586387435,0.02427471876850207,0.9979536864255244,0.04361702127641319
0.21578947368421053,0.02427471876850207,0.9979577482589288,0.043640234166928374
0.21693121693121692,0.02427471876850207,0.9979600688603372,0.04366347177830673
0.21808510638297873,0.02427471876850207,0.9979630430588816,0.043686734150059484
0.2192513368983957,0.02427471876850207,0.9979646296281416,0.04371002132178213
0.21505376344086022,0.023682652457075192,0.9979709000601112,0.04266666666648795
0.21621621621621623,0.023682652457075192,0.9979718924269212,0.04268943436481672
0.21739130434782608,0.023682652457075192,0.9979732798311164,0.04271222637462261
0.2185792349726776,0.023682652457075192,0.997974661911947,0.042735042734866335
0.21978021978021978,0.023682652457075192,0.9979855815027864,0.042757883484591884
0.22099447513812154,0.023682652457075192,0.997990459689562,0.04278074866292676
0.21666666666666667,0.023090586145648313,0.9979990482754704,0.04173354735135081
0.21787709497206703,0.023090586145648313,0.998003111052369,0.04175588865079031
0.21910112359550563,0.023090586145648313,0.9980036711537964,0.04177825388306263
0.22033898305084745,0.023090586145648313,0.9980092274888344,0.041800643086645
0.2215909090909091,0.023090586145648313,0.9980106660502222,0.04182305630009717
0.22285714285714286,0.023090586145648313,0.9980108138971432,0.04184549356206162
0.22413793103448276,0.023090586145648313,0.9980204012575088,0.04186795491126382
0.2254335260115607,0.023090586145648313,0.9980209813944824,0.04189044038651243
0.22093023255813954,0.022498519834221433,0.9980234287956165,0.04083825900036958
0.2222222222222222,0.022498519834221433,0.9980332760967056,0.04086021505359647
0.21764705882352942,0.021906453522794554,0.9980364959269488,0.03980634749848903
0.21893491124260356,0.021906453522794554,0.9980383786081456,0.039827771797466494
0.22023809523809523,0.021906453522794554,0.9980456454516916,0.03984921917054087
0.2215568862275449,0.021906453522794554,0.998053956361435,0.03987068965500865
0.22289156626506024,0.021906453522794554,0.9980721202850128,0.039892183288246744
0.22424242424242424,0.021906453522794554,0.9980773477053292,0.03991370010771271
0.22560975609756098,0.021906453522794554,0.9980797175889098,0.03993524015094497
0.22699386503067484,0.021906453522794554,0.9980831417927004,0.03995680345556301
0.2222222222222222,0.021314387211367674,0.9980838968676664,0.03889789303063444
0.2236024844720497,0.021314387211367674,0.998087759505894,0.038918918918760016
0.225,0.021314387211367674,0.9980922347288248,0.038939967549868955
0.22641509433962265,0.021314387211367674,0.998094168614359,0.03896103896088169
0.22784810126582278,0.021314387211367674,0.9981077437016024,0.03898213318879861
0.22929936305732485,0.021314387211367674,0.9981089554479264,0.03900325027070028
0.23076923076923078,0.021314387211367674,0.9981144998832832,0.03902439024374763
0.23225806451612904,0.021314387211367674,0.9981167459736444,0.03904555314518225
0.22727272727272727,0.020722320899940794,0.9981256689131188,0.037981551817535396
0.22875816993464052,0.020722320899940794,0.998125815816926,0.038002171552507825
0.23026315789473684,0.020722320899940794,0.9981259210724014,0.03802281368806144
0.2251655629139073,0.020130254588513915,0.9981313449635156,0.03695652173897978
0.22666666666666666,0.020130254588513915,0.9981363488165792,0.03697661772687573
0.22818791946308725,0.020130254588513915,0.9981382918254936,0.03699673558200553
0.22972972972972974,0.020130254588513915,0.9981416979721398,0.03701687534008048
0.23129251700680273,0.020130254588513915,0.9981504567460222,0.037037037036889736
0.2328767123287671,0.020130254588513915,0.9981519567721416,0.037057220708300406
0.23448275862068965,0.020130254588513915,0.9981547650128416,0.03707742639025788
0.2361111111111111,0.020130254588513915,0.9981577666364922,0.03709765411878594
0.23076923076923078,0.019538188277087035,0.9981686231576556,0.03602620087321852
0.2323943661971831,0.019538188277087035,0.998174644717814,0.036045876570037154
0.23404255319148937,0.019538188277087035,0.9981794804892712,0.036065573770349586
0.2357142857142857,0.019538188277087035,0.99819381381881,0.0360852925094267
0.23741007194244604,0.019538188277087035,0.9981977355440736,0.036105032822616595
0.2391304347826087,0.019538188277087035,0.998199829313968,0.036124794745344746
0.24087591240875914,0.019538188277087035,0.9982027841669074,0.03614457831311422
0.2426470588235294,0.019538188277087035,0.9982080950068686,0.036164383561505906
0.24444444444444444,0.019538188277087035,0.9982087596075536,0.03618421052617872
0.23880597014925373,0.018946121965660152,0.998212276622806,0.03510696653853631
0.24060150375939848,0.018946121965660152,0.9982213689081938,0.035126234906560604
0.24242424242424243,0.018946121965660152,0.9982250292897754,0.03514552443698799
0.24427480916030533,0.018946121965660152,0.998226742543978,0.03516483516470156
0.24615384615384617,0.018946121965660152,0.998227453926406,0.035184167124661124
0.24031007751937986,0.018354055654233273,0.9982283576595276,0.03410341034090226
0.234375,0.017761989342806393,0.9982283732799028,0.03302146395143756
0.23622047244094488,0.017761989342806393,0.9982292612082896,0.03303964757696242
0.23809523809523808,0.017761989342806393,0.9982347087273656,0.03305785123954022
0.232,0.017169923031379514,0.9982410042454728,0.031973539139893724
0.23387096774193547,0.017169923031379514,0.9982428509681124,0.03199117484819027
0.23577235772357724,0.017169923031379514,0.998245587208002,0.032008830021948514
0.23770491803278687,0.017169923031379514,0.9982561608687104,0.032026504693413824
0.23140495867768596,0.016577856719952634,0.9982572439857288,0.03093922651921225
0.23333333333333334,0.016577856719952634,0.9982599565364154,0.030956329463668282
0.23529411764705882,0.016577856719952634,0.9982670354292535,0.030973451327310657
0.23728813559322035,0.016577856719952634,0.998268546911098,0.030990592141549204
0.23931623931623933,0.016577856719952634,0.9982689819143052,0.031007751937863325
0.2413793103448276,0.016577856719952634,0.9982705556270132,0.031024930747802174
0.24347826086956523,0.016577856719952634,0.9982744725278204,0.031042128602984848
0.24561403508771928,0.016577856719952634,0.9982871616092944,0.03105934553510062
0.24778761061946902,0.016577856719952634,0.9982892810592636,0.031076581575909087
0.25,0.016577856719952634,0.9982893881787208,0.03109383675724038
0.24324324324324326,0.015985790408525755,0.9982963289591515,0.029999999999884272
0.24545454545454545,0.015985790408525755,0.9982993443286664,0.03001667593095801
0.24770642201834864,0.015985790408525755,0.9983088951504562,0.030033370411454516
0.25,0.015985790408525755,0.9983370030953784,0.030050083472341116
0.24299065420560748,0.015393724097098875,0.9983392138420312,0.028953229398551647
0.24528301886792453,0.015393724097098875,0.9983434522931612,0.028969359331365192
0.24761904761904763,0.015393724097098875,0.9983486118578412,0.02898550724626661
0.25,0.015393724097098875,0.9983650913343356,0.02900167317334304
0.2524271844660194,0.015393724097098875,0.9983689934410308,0.029017857142748796
0.2549019607843137,0.015393724097098875,0.998382106479838,0.02903405918470554
0.25742574257425743,0.015393724097098875,0.998397412348476,0.029050279329502455
0.26,0.015393724097098875,0.9984087931594194,0.029066517607496466
0.25252525252525254,0.014801657785671996,0.9984148388526072,0.02796420581645021
0.25510204081632654,0.014801657785671996,0.998425430807153,0.02797985450465291
0.25773195876288657,0.014801657785671996,0.998435587123667,0.02799552071658261
0.25,0.014209591474245116,0.9984441055305742,0.026890756302419234
0.24210526315789474,0.013617525162818236,0.9984453787620812,0.025784753363127872
0.23404255319148937,0.013025458851391355,0.9984472831317636,0.024677509814818793
0.23655913978494625,0.013025458851391355,0.9984521461432232,0.024691358024592425
0.2391304347826087,0.013025458851391355,0.9984537379073422,0.024705221785415784
0.24175824175824176,0.013025458851391355,0.9984602054141698,0.024719101123498486
0.24444444444444444,0.013025458851391355,0.9984666003189022,0.024732996065109113
0.24719101123595505,0.013025458851391355,0.99847216530811,0.02474690663657532
0.25,0.013025458851391355,0.9984761729744788,0.02476083286428403
0.2413793103448276,0.012433392539964476,0.9984794984018944,0.023648648648555474
0.2441860465116279,0.012433392539964476,0.998480173857546,0.023661971830893712
0.24705882352941178,0.012433392539964476,0.9984827371474077,0.023675310033730638
0.25,0.012433392539964476,0.9984898304574672,0.02368866328248165
0.25301204819277107,0.012433392539964476,0.998493030740402,0.023702031602619515
0.25609756097560976,0.012433392539964476,0.9984937448491622,0.023715415019674533
0.25925925925925924,0.012433392539964476,0.9984988855406032,0.023728813559234698
0.2625,0.012433392539964476,0.9985023008706037,0.023742227246945868
0.26582278481012656,0.012433392539964476,0.99850936552735,0.023755656108511915
0.2564102564102564,0.011841326228537596,0.9985199837827516,0.022637238256848265
0.24675324675324675,0.011249259917110717,0.9985234673759944,0.021517553793801086
0.25,0.011249259917110717,0.9985243629958168,0.02152974504241051
0.25333333333333335,0.011249259917110717,0.9985264944610746,0.021541950113297268
0.24324324324324326,0.010657193605683837,0.9985394792077076,0.02041973908103132
0.2465753424657534,0.010657193605683837,0.9985470702331992,0.020431328036242934
0.25,0.010657193605683837,0.9985489005424028,0.020442930153243548
0.2535211267605634,0.010657193605683837,0.9985572790055032,0.02045454545446803
0.24285714285714285,0.010065127294256957,0.9985687801841844,0.019329164297820115
0.2463768115942029,0.010065127294256957,0.9985697450284764,0.019340159271824472
0.25,0.010065127294256957,0.998573623802917,0.019351166761450923
0.2537313432835821,0.010065127294256957,0.9985874645013972,0.019362186788081503
0.25757575757575757,0.010065127294256957,0.9985925204004684,0.01937321937314699
0.26153846153846155,0.010065127294256957,0.998605773315365,0.019384264538127038
0.265625,0.010065127294256957,0.9986276042978276,0.0193953223045503
0.2698412698412698,0.010065127294256957,0.998630695708394,0.0194063926939946
0.27419354838709675,0.010065127294256957,0.9986307984466496,0.019417475728087035
0.2786885245901639,0.010065127294256957,0.998630993364436,0.019428571428504147
0.26666666666666666,0.009473060982830076,0.9986395454953368,0.01829616923949921
0.2542372881355932,0.008880994671403197,0.9986401422747936,0.01716247139581578
0.25862068965517243,0.008880994671403197,0.9986468435512847,0.01717229536341606
0.24561403508771928,0.008288928359976317,0.9986521760133462,0.016036655211849785
0.25,0.008288928359976317,0.9986593914872854,0.016045845272144182
0.2545454545454545,0.008288928359976317,0.998660656012008,0.01605504587149855
0.25925925925925924,0.008288928359976317,0.9986766937474189,0.01606425702805241
0.2641509433962264,0.008288928359976317,0.9986869181838064,0.016073478759986926
0.25,0.0076968620485494375,0.9986924406674244,0.014933946007983407
0.2549019607843137,0.0076968620485494375,0.9986953280410752,0.014942528735575285
0.26,0.0076968620485494375,0.9987330511917134,0.014951121334044208
0.2653061224489796,0.0076968620485494375,0.9987669993940278,0.01495972382042852
0.2708333333333333,0.0076968620485494375,0.9987695372789688,0.014968336211805789
0.2553191489361702,0.007104795737122558,0.9987700781496464,0.013824884792574047
0.2608695652173913,0.007104795737122558,0.9987862546576064,0.01383285302588498
0.24444444444444444,0.006512729425695678,0.9987874456530874,0.012687427912290853
0.25,0.006512729425695678,0.9987904854097354,0.012694748990140932
0.2558139534883721,0.006512729425695678,0.9987932482762536,0.012702078521891534
0.2619047619047619,0.006512729425695678,0.99879602686153,0.012709416522194128
0.24390243902439024,0.005920663114268798,0.998796237527569,0.011560693641572221
0.25,0.005920663114268798,0.9988081676843296,0.011567379988387421
0.23076923076923078,0.0053285968028419185,0.9988111449594947,0.010416666666622547
0.23684210526315788,0.0053285968028419185,0.9988137616419106,0.010422698320744455
0.24324324324324326,0.0053285968028419185,0.9988273112455276,0.01042873696403684
0.25,0.0053285968028419185,0.9988292212251916,0.010434782608654785
0.2571428571428571,0.0053285968028419185,0.998829484735216,0.010440835266781568
0.2647058823529412,0.0053285968028419185,0.998831096379624,0.010446894950628755
0.2727272727272727,0.0053285968028419185,0.998831675483753,0.010452961672436277
0.28125,0.0053285968028419185,0.9988338234813277,0.010459035444472511
0.2903225806451613,0.0053285968028419185,0.9988401858624658,0.010465116279034372
0.26666666666666666,0.004736530491415038,0.9988701562089128,0.009307737056393862
0.27586206896551724,0.004736530491415038,0.9988705782135254,0.00931315483116588
0.2857142857142857,0.004736530491415038,0.998874155803479,0.009318578916683118
0.2962962962962963,0.004736530491415038,0.9988743221297208,0.00932400932397835
0.2692307692307692,0.0041444641799881585,0.9988829405370612,0.008163265306092588
0.28,0.0041444641799881585,0.9988868408366232,0.008168028004638698
0.2916666666666667,0.0041444641799881585,0.998889041522676,0.008172796263836938
0.30434782608695654,0.0041444641799881585,0.9988894800331638,0.008177570093431437
0.2727272727272727,0.003552397868561279,0.998898904352006,0.007013442431301325
0.23809523809523808,0.002960331557134399,0.9989154458087296,0.005847953216350009
0.2,0.002368265245707519,0.9989210086036832,0.004681100058490618
0.21052631578947367,0.002368265245707519,0.998927333844785,0.004683840749392518
0.2222222222222222,0.002368265245707519,0.9989766563447152,0.004686584651414399
0.23529411764705882,0.002368265245707519,0.9989915071045086,0.004689331770203011
0.1875,0.0017761989342806395,0.998997970828748,0.0035190615835591207
0.2,0.0017761989342806395,0.9989987804493428,0.00352112676054593
0.21428571428571427,0.0017761989342806395,0.9990025044802872,0.003523194362872713
0.23076923076923078,0.0017761989342806395,0.9990652344422476,0.003525264394814453
0.25,0.0017761989342806395,0.999090197572365,0.003527336860656184
0.18181818181818182,0.0011841326228537595,0.9990966557857466,0.0023529411764577307
0.2,0.0011841326228537595,0.9991334820083012,0.0023543260741495688
0.2222222222222222,0.0011841326228537595,0.9991891914470854,0.0023557126030518817
0.25,0.0011841326228537595,0.9991964154128208,0.002357100766048365
0.2857142857142857,0.0011841326228537595,0.9992146171316144,0.002358490566029515
0.3333333333333333,0.0011841326228537595,0.999250173271264,0.0023598820058926503
0.4,0.0011841326228537595,0.9992527824311574,0.00236127508854193
0.25,0.0005920663114268798,0.9993984234264244,0.0011813349084418305
0.3333333333333333,0.0005920663114268798,0.9994049593735328,0.0011820330969231742
0.5,0.0005920663114268798,0.9994204711481308,0.0011827321111744558
1.0,0.0005920663114268798,0.999464760039884,0.0011834319526615388
