fpr,tpr,threshold
0.0,0.0,inf
0.0,0.0005920663114268798,0.999464760039884
0.0006127450980392157,0.0005920663114268798,0.9993984234264244
0.0006127450980392157,0.0011841326228537595,0.9992527824311574
0.001838235294117647,0.0011841326228537595,0.9990966557857466
0.001838235294117647,0.0017761989342806395,0.999090197572365
0.0026552287581699347,0.0017761989342806395,0.998997970828748
0.0026552287581699347,0.002368265245707519,0.9989915071045086
0.0032679738562091504,0.002368265245707519,0.9989210086036832
0.0032679738562091504,0.0041444641799881585,0.9988894800331638
0.003880718954248366,0.0041444641799881585,0.9988829405370612
0.003880718954248366,0.004736530491415038,0.9988743221297208
0.004493464052287581,0.004736530491415038,0.9988701562089128
0.004493464052287581,0.0053285968028419185,0.9988401858624658
0.006127450980392157,0.0053285968028419185,0.9988111449594947
0.006127450980392157,0.005920663114268798,0.9988081676843296
0.006331699346405229,0.005920663114268798,0.998796237527569
0.006331699346405229,0.006512729425695678,0.99879602686153
0.006944444444444444,0.006512729425695678,0.9987874456530874
0.006944444444444444,0.007104795737122558,0.9987862546576064
0.007148692810457516,0.007104795737122558,0.9987700781496464
0.007148692810457516,0.0076968620485494375,0.9987695372789688
0.007965686274509803,0.0076968620485494375,0.9986924406674244
0.007965686274509803,0.008288928359976317,0.9986869181838064
0.008782679738562092,0.008288928359976317,0.9986521760133462
0.008782679738562092,0.008880994671403197,0.9986468435512847
0.008986928104575163,0.008880994671403197,0.9986401422747936
0.008986928104575163,0.010065127294256957,0.998630993364436
0.01082516339869281,0.010065127294256957,0.9985687801841844
0.01082516339869281,0.010657193605683837,0.9985572790055032
0.011437908496732025,0.010657193605683837,0.9985394792077076
0.011437908496732025,0.011249259917110717,0.9985264944610746
0.01184640522875817,0.011249259917110717,0.9985234673759944
0.01184640522875817,0.012433392539964476,0.99850936552735
0.013480392156862746,0.012433392539964476,0.9984794984018944
0.013480392156862746,0.013025458851391355,0.9984761729744788
0.014705882352941176,0.013025458851391355,0.9984472831317636
0.014705882352941176,0.014801657785671996,0.998435587123667
0.01511437908496732,0.014801657785671996,0.9984148388526072
0.01511437908496732,0.015393724097098875,0.9984087931594194
0.016544117647058824,0.015393724097098875,0.9983392138420312
0.016544117647058824,0.015985790408525755,0.9983370030953784
0.01715686274509804,0.015985790408525755,0.9982963289591515
0.01715686274509804,0.016577856719952634,0.9982893881787208
0.018995098039215685,0.016577856719952634,0.9982572439857288
0.018995098039215685,0.017169923031379514,0.9982561608687104
0.0196078431372549,0.017169923031379514,0.9982410042454728
0.0196078431372549,0.017761989342806393,0.9982347087273656
0.020016339869281044,0.017761989342806393,0.9982283732799028
0.020016339869281044,0.018946121965660152,0.998227453926406
0.020833333333333332,0.018946121965660152,0.998212276622806
0.020833333333333332,0.019538188277087035,0.9982087596075536
0.02246732026143791,0.019538188277087035,0.9981686231576556
0.02246732026143791,0.020130254588513915,0.9981577666364922
0.02389705882352941,0.020130254588513915,0.9981313449635156
0.02389705882352941,0.020722320899940794,0.9981259210724014
0.024305555555555556,0.020722320899940794,0.9981256689131188
0.024305555555555556,0.021314387211367674,0.9981167459736444
0.025735294117647058,0.021314387211367674,0.9980838968676664
0.025735294117647058,0.021906453522794554,0.9980831417927004
0.027165032679738563,0.021906453522794554,0.9980364959269488
0.027165032679738563,0.022498519834221433,0.9980332760967056
0.027369281045751634,0.022498519834221433,0.9980234287956165
0.027369281045751634,0.023090586145648313,0.9980209813944824
0.028799019607843136,0.023090586145648313,0.9979990482754704
0.028799019607843136,0.023682652457075192,0.997990459689562
0.0298202614379085,0.023682652457075192,0.9979709000601112
0.0298202614379085,0.02427471876850207,0.9979646296281416
0.030841503267973858,0.02427471876850207,0.9979530782348028
0.030841503267973858,0.02486678507992895,0.9979526533364742
0.03145424836601307,0.02486678507992895,0.9979386345854278
0.03145424836601307,0.02545885139135583,0.9979351635634196
0.03165849673202614,0.02545885139135583,0.9979294450996968
0.03165849673202614,0.02605091770278271,0.9979256119577148
0.031862745098039214,0.02605091770278271,0.9979250705064148
0.031862745098039214,0.027235050325636473,0.9979148015001488
0.032883986928104576,0.027235050325636473,0.997898248916409
0.032883986928104576,0.027827116637063352,0.9978965740132856
0.03451797385620915,0.027827116637063352,0.9978734605974516
0.03451797385620915,0.028419182948490232,0.9978594065280768
0.035130718954248366,0.028419182948490232,0.9978476287819464
0.035130718954248366,0.02960331557134399,0.9978418101235684
0.03553921568627451,0.02960331557134399,0.9978344196147264
0.03553921568627451,0.03078744819419775,0.997823224188005
0.03574346405228758,0.03078744819419775,0.9978192569843354
0.03574346405228758,0.03137951450562463,0.9978186389093776
0.03656045751633987,0.03137951450562463,0.9978080931241908
0.03656045751633987,0.03256364712847839,0.9977932724570076
0.03880718954248366,0.03256364712847839,0.997771437880058
0.03880718954248366,0.03315571343990527,0.9977700000347618
0.0392156862745098,0.03315571343990527,0.9977623601017364
0.0392156862745098,0.03374777975133215,0.9977605432866528
0.04064542483660131,0.03374777975133215,0.9977337062482692
0.04064542483660131,0.03493191237418591,0.9977271139795472
0.04125816993464052,0.03493191237418591,0.9977137651316912
0.04125816993464052,0.036116044997039666,0.9977041954994026
0.042075163398692814,0.036116044997039666,0.9976881244849722
0.042075163398692814,0.036708111308466546,0.9976879933685718
0.0428921568627451,0.036708111308466546,0.9976670114075428
0.0428921568627451,0.037300177619893425,0.9976657182846655
0.04411764705882353,0.037300177619893425,0.9976436138308916
0.04411764705882353,0.037892243931320305,0.9976434414012316
0.044730392156862746,0.037892243931320305,0.9976310807763566
0.044730392156862746,0.03848431024274719,0.9976278941662504
0.04534313725490196,0.03848431024274719,0.9976172646564748
0.04534313725490196,0.03907637655417407,0.9976108485362084
0.04616013071895425,0.03907637655417407,0.997586769228512
0.04616013071895425,0.04085257548845471,0.9975744684455876
0.04758986928104575,0.04085257548845471,0.997544380046404
0.04758986928104575,0.04144464179988159,0.9975404042973436
0.04779411764705882,0.04144464179988159,0.9975384988427451
0.04779411764705882,0.04322084073416223,0.9975289270690542
0.04861111111111111,0.04322084073416223,0.9975161907358264
0.04861111111111111,0.04381290704558911,0.9975137133282764
0.049019607843137254,0.04381290704558911,0.997508269878383
0.049019607843137254,0.04440497335701599,0.9975063868078264
0.0494281045751634,0.04440497335701599,0.9974963424382974
0.0494281045751634,0.044997039668442866,0.9974940704929154
0.05004084967320262,0.044997039668442866,0.9974859195686498
0.05004084967320262,0.046181172291296625,0.9974808339141898
0.05024509803921569,0.046181172291296625,0.9974759129918188
0.05024509803921569,0.047365304914150384,0.9974722090801018
0.05044934640522876,0.047365304914150384,0.9974558171929724
0.05044934640522876,0.04854943753700414,0.9974438612739662
0.052083333333333336,0.04854943753700414,0.9974223899835128
0.052083333333333336,0.04914150384843102,0.9974202217278444
0.05330882352941176,0.04914150384843102,0.9974101245320212
0.05330882352941176,0.0497335701598579,0.9974078314230472
0.05392156862745098,0.0497335701598579,0.9974040629958284
0.05392156862745098,0.05032563647128478,0.997386899381556
0.05555555555555555,0.05032563647128478,0.9973517260020532
0.05555555555555555,0.05091770278271166,0.9973493373689044
0.05575980392156863,0.05091770278271166,0.9973476001189552
0.05575980392156863,0.05328596802841918,0.9973393782837364
0.0559640522875817,0.05328596802841918,0.9973378800786792
0.0559640522875817,0.054470100651272946,0.9973247403975496
0.056576797385620915,0.054470100651272946,0.9973092551431992
0.056576797385620915,0.055062166962699825,0.9973058583650553
0.058619281045751634,0.055062166962699825,0.9972725756775852
0.058619281045751634,0.055654233274126705,0.9972722753899288
0.058823529411764705,0.055654233274126705,0.9972671079419648
0.058823529411764705,0.056838365896980464,0.9972654639837024
0.06270424836601307,0.056838365896980464,0.9972031442360192
0.06270424836601307,0.057430432208407343,0.9971993499479312
0.06290849673202614,0.057430432208407343,0.9971981842673998
0.06290849673202614,0.05802249851983422,0.9971921608375628
0.06331699346405228,0.05802249851983422,0.9971853319643628
0.06331699346405228,0.0586145648312611,0.9971846126102736
0.06535947712418301,0.0586145648312611,0.997148284973645
0.06535947712418301,0.05920663114268798,0.9971389323299265
0.0661764705882353,0.05920663114268798,0.9971362538375734
0.0661764705882353,0.05979869745411486,0.9971322125484328
0.06699346405228758,0.05979869745411486,0.9971272351804386
0.06699346405228758,0.06039076376554174,0.9971256483635662
0.06842320261437909,0.06039076376554174,0.9971075820773004
0.06842320261437909,0.06098283007696862,0.9971075594764578
0.06924019607843138,0.06098283007696862,0.9970972985827956
0.06924019607843138,0.0615748963883955,0.997090560510258
0.06944444444444445,0.0615748963883955,0.9970893857061216
0.06944444444444445,0.06216696269982238,0.997086599414574
0.06985294117647059,0.06216696269982238,0.9970861216447756
0.06985294117647059,0.06335109532267615,0.99707499257713
0.07148692810457516,0.06335109532267615,0.9970526485181924
0.07148692810457516,0.06394316163410302,0.997044723268412
0.0718954248366013,0.06394316163410302,0.9970392043417688
0.0718954248366013,0.0645352279455299,0.9970385724719696
0.07291666666666667,0.0645352279455299,0.9970225222608392
0.07291666666666667,0.06571936056838366,0.9970199533777576
0.07455065359477124,0.06571936056838366,0.9969905201330688
0.07455065359477124,0.06690349319123742,0.996979162388355
0.07516339869281045,0.06690349319123742,0.9969690900223718
0.07516339869281045,0.0674955595026643,0.9969671074036096
0.07536764705882353,0.0674955595026643,0.9969630696501276
0.07536764705882353,0.06808762581409118,0.996960208068446
0.0755718954248366,0.06808762581409118,0.9969597509243022
0.0755718954248366,0.06867969212551805,0.996954967731704
0.07598039215686274,0.06867969212551805,0.9969516647597332
0.07598039215686274,0.06986382474837181,0.9969498065548804
0.0763888888888889,0.06986382474837181,0.9969483199274588
0.0763888888888889,0.0704558910597987,0.9969463501739644
0.07761437908496732,0.0704558910597987,0.9969334505586792
0.07761437908496732,0.07104795737122557,0.9969321177833526
0.0778186274509804,0.07104795737122557,0.9969280046895516
0.0778186274509804,0.07164002368265246,0.9969274245223438
0.0798611111111111,0.07164002368265246,0.9969014037084104
0.0798611111111111,0.07223208999407933,0.9968984056029336
0.08088235294117647,0.07223208999407933,0.9968836977802624
0.08088235294117647,0.07282415630550622,0.9968833948782416
0.08231209150326797,0.07282415630550622,0.9968666003661226
0.08231209150326797,0.07341622261693309,0.9968653886974248
0.08333333333333333,0.07341622261693309,0.996857423260743
0.08333333333333333,0.07400828892835998,0.9968561769782024
0.08374183006535947,0.07400828892835998,0.996853328229252
0.08374183006535947,0.0763765541740675,0.9968391963887444
0.08517156862745098,0.0763765541740675,0.9968254150469812
0.08517156862745098,0.07696862048549438,0.9968241311727202
0.08537581699346405,0.07696862048549438,0.9968221813347417
0.08537581699346405,0.07815275310834814,0.9968012915175852
0.08619281045751634,0.07815275310834814,0.9967843576769212
0.08619281045751634,0.07874481941977501,0.9967842343266902
0.08700980392156862,0.07874481941977501,0.996769249965486
0.08700980392156862,0.0793368857312019,0.9967662163792524
0.08741830065359477,0.0793368857312019,0.9967473392874484
0.08741830065359477,0.07992895204262877,0.9967440764704784
0.08823529411764706,0.07992895204262877,0.9967346964529532
0.08823529411764706,0.08170515097690942,0.996721789674646
0.08925653594771242,0.08170515097690942,0.9967136407956216
0.08925653594771242,0.08229721728833629,0.9967103833506537
0.0900735294117647,0.08229721728833629,0.996695076160476
0.0900735294117647,0.08348134991119005,0.996691581957653
0.09170751633986927,0.08348134991119005,0.9966719288145732
0.09170751633986927,0.08407341622261694,0.9966656445930192
0.09191176470588236,0.08407341622261694,0.9966624722748072
0.09191176470588236,0.08584961515689757,0.996635008946524
0.09313725490196079,0.08584961515689757,0.9966233896556732
0.09313725490196079,0.08644168146832445,0.9966180938564037
0.09334150326797386,0.08644168146832445,0.9966143304395932
0.09334150326797386,0.08703374777975133,0.9966119777400946
0.0974264705882353,0.08703374777975133,0.9965702325426248
0.0974264705882353,0.08762581409117821,0.9965687983870416
0.09865196078431372,0.08762581409117821,0.9965356367203448
0.09865196078431372,0.08821788040260509,0.9965317285435422
0.10130718954248366,0.08821788040260509,0.9964982979868184
0.10130718954248366,0.08880994671403197,0.9964969964914676
0.10212418300653595,0.08880994671403197,0.9964856674073584
0.10212418300653595,0.08940201302545885,0.9964789091190632
0.10580065359477124,0.08940201302545885,0.9964314481223562
0.10580065359477124,0.08999407933688573,0.996430408641521
0.11254084967320262,0.08999407933688573,0.996353602041088
0.11254084967320262,0.0905861456483126,0.9963511445569928
0.11294934640522876,0.0905861456483126,0.9963492371059652
0.11294934640522876,0.09117821195973949,0.9963490862141172
0.1133578431372549,0.09117821195973949,0.9963465529605576
0.1133578431372549,0.09177027827116636,0.9963422245656308
0.11458333333333333,0.09177027827116636,0.99631936843823
0.11458333333333333,0.09295441089402014,0.996316121977376
0.11499183006535947,0.09295441089402014,0.9963112094271054
0.11499183006535947,0.09354647720544701,0.9963094674468996
0.1156045751633987,0.09354647720544701,0.996301394570104
0.1156045751633987,0.0941385435168739,0.9962973825607804
0.11662581699346405,0.0941385435168739,0.9962885032927238
0.11662581699346405,0.09473060982830077,0.996285985255522
0.1170343137254902,0.09473060982830077,0.9962830812735168
0.1170343137254902,0.09650680876258141,0.9962733958075332
0.11744281045751634,0.09650680876258141,0.9962710108452516
0.11744281045751634,0.09709887507400829,0.9962693117184058
0.1184640522875817,0.09709887507400829,0.9962623954106604
0.1184640522875817,0.09769094138543517,0.9962578454866444
0.11887254901960784,0.09769094138543517,0.9962451582051496
0.11887254901960784,0.09828300769686205,0.9962433144709052
0.11907679738562091,0.09828300769686205,0.996241502649876
0.11907679738562091,0.0994671403197158,0.9962369615863084
0.12009803921568628,0.0994671403197158,0.9962288686411264
0.12009803921568628,0.10005920663114269,0.9962275678172344
0.12111928104575163,0.10005920663114269,0.9962210424920606
0.12111928104575163,0.10065127294256956,0.996215349883711
0.12336601307189543,0.10065127294256956,0.9961865327603392
0.12336601307189543,0.10124333925399645,0.9961854227673486
0.12438725490196079,0.10124333925399645,0.9961765016176648
0.12438725490196079,0.10183540556542332,0.9961746345083498
0.12540849673202614,0.10183540556542332,0.996166317514618
0.12540849673202614,0.10242747187685021,0.9961650796400896
0.1256127450980392,0.10242747187685021,0.9961624317963698
0.1256127450980392,0.10301953818827708,0.9961598529506556
0.12622549019607843,0.10301953818827708,0.9961572480979548
0.12622549019607843,0.10361160449970397,0.9961556895068224
0.12663398692810457,0.10361160449970397,0.9961491574332696
0.12663398692810457,0.10420367081113084,0.9961486402975128
0.12745098039215685,0.10420367081113084,0.9961247832722804
0.12745098039215685,0.10479573712255773,0.9961220372733628
0.1284722222222222,0.10479573712255773,0.9961123629824908
0.1284722222222222,0.1053878034339846,0.9961098286977804
0.12908496732026145,0.1053878034339846,0.9961078923838425
0.12908496732026145,0.10597986974541149,0.9961060580758324
0.12928921568627452,0.10597986974541149,0.996103619735542
0.12928921568627452,0.10657193605683836,0.9960999400348562
0.1294934640522876,0.10657193605683836,0.9960986531652594
0.1294934640522876,0.10716400236826525,0.9960971967513688
0.12990196078431374,0.10716400236826525,0.996093067273016
0.12990196078431374,0.10775606867969213,0.99608899871588
0.1301062091503268,0.10775606867969213,0.9960857181914992
0.1301062091503268,0.108348134991119,0.9960826829050956
0.13051470588235295,0.108348134991119,0.9960794939184512
0.13051470588235295,0.10894020130254589,0.9960769891307422
0.13419117647058823,0.10894020130254589,0.996013224323689
0.13419117647058823,0.10953226761397276,0.9960118533612716
0.13562091503267973,0.10953226761397276,0.9959916983626133
0.13562091503267973,0.11012433392539965,0.9959911916512624
0.1358251633986928,0.11012433392539965,0.9959862632745332
0.1358251633986928,0.11071640023682652,0.9959855946580238
0.13664215686274508,0.11071640023682652,0.9959789211836516
0.13664215686274508,0.11130846654825341,0.9959781500687444
0.1374591503267974,0.11130846654825341,0.9959696744949662
0.1374591503267974,0.11190053285968028,0.995968704742678
0.13848039215686275,0.11190053285968028,0.9959634666556187
0.13848039215686275,0.11249259917110717,0.9959634543272682
0.13909313725490197,0.11249259917110717,0.9959589942391596
0.13909313725490197,0.11308466548253404,0.9959546561850156
0.13970588235294118,0.11308466548253404,0.9959451803092748
0.13970588235294118,0.11367673179396093,0.9959447545844802
0.14011437908496732,0.11367673179396093,0.9959407002730388
0.14011437908496732,0.1142687981053878,0.9959296715411295
0.1403186274509804,0.1142687981053878,0.9959256979755204
0.1403186274509804,0.11486086441681469,0.995923475186191
0.14195261437908496,0.11486086441681469,0.9959100269955968
0.14195261437908496,0.11545293072824156,0.9959096649921244
0.14215686274509803,0.11545293072824156,0.9959089258169782
0.14215686274509803,0.11782119597394908,0.995901681973518
0.14419934640522875,0.11782119597394908,0.9958831256400577
0.14419934640522875,0.11841326228537596,0.9958770721089067
0.1474673202614379,0.11841326228537596,0.9958269049194975
0.1474673202614379,0.11959739490822972,0.9958260859430166
0.14869281045751634,0.11959739490822972,0.9958012700432096
0.14869281045751634,0.1201894612196566,0.9958008302516588
0.14910130718954248,0.1201894612196566,0.9957964783889016
0.14910130718954248,0.12078152753108348,0.9957900837753032
0.1503267973856209,0.12078152753108348,0.9957789063280748
0.1503267973856209,0.12137359384251035,0.9957787006248782
0.15155228758169934,0.12137359384251035,0.9957648369459824
0.15155228758169934,0.12196566015393724,0.9957627990990304
0.15196078431372548,0.12196566015393724,0.9957575174117352
0.15196078431372548,0.12255772646536411,0.9957547619391252
0.15298202614379086,0.12255772646536411,0.9957472734066566
0.15298202614379086,0.123149792776791,0.9957463169238784
0.153390522875817,0.123149792776791,0.9957350013415645
0.153390522875817,0.12374185908821789,0.9957349068460146
0.1542075163398693,0.12374185908821789,0.9957302228188304
0.1542075163398693,0.12492599171107165,0.9957295285110976
0.15461601307189543,0.12492599171107165,0.9957276753283067
0.15461601307189543,0.12551805802249852,0.9957261965023552
0.15522875816993464,0.12551805802249852,0.9957232592027044
0.15522875816993464,0.1261101243339254,0.9957229310617128
0.1556372549019608,0.1261101243339254,0.9957200661231452
0.1556372549019608,0.1267021906453523,0.9957180392945192
0.15604575163398693,0.1267021906453523,0.9957148632994774
0.15604575163398693,0.12788632326820604,0.995712242995137
0.15665849673202614,0.12788632326820604,0.9957047987855472
0.15665849673202614,0.12847838957963292,0.9957040230203552
0.1568627450980392,0.12847838957963292,0.9957032473341962
0.1568627450980392,0.13025458851391356,0.9956999511645672
0.1576797385620915,0.13025458851391356,0.9956905301656837
0.1576797385620915,0.13084665482534044,0.9956896173648092
0.15808823529411764,0.13084665482534044,0.9956828239931416
0.15808823529411764,0.13143872113676733,0.995681143771934
0.15870098039215685,0.13143872113676733,0.995678200320374
0.15870098039215685,0.1320307874481942,0.9956768325551796
0.15931372549019607,0.1320307874481942,0.9956720282241918
0.15931372549019607,0.13321492007104796,0.9956709463184144
0.1607434640522876,0.13321492007104796,0.9956578183313288
0.1607434640522876,0.13380698638247485,0.99565526397961
0.16094771241830066,0.13380698638247485,0.9956550871168914
0.16094771241830066,0.1343990526939017,0.9956544794679172
0.16156045751633988,0.1343990526939017,0.995647119674668
0.16156045751633988,0.1349911190053286,0.995645178809096
0.16258169934640523,0.1349911190053286,0.9956365712838744
0.16258169934640523,0.13558318531675548,0.995629119020933
0.1627859477124183,0.13558318531675548,0.995624604479128
0.1627859477124183,0.13676731793960922,0.9956214655183636
0.1636029411764706,0.13676731793960922,0.995615265554123
0.1636029411764706,0.1373593842510361,0.9956148507931448
0.16380718954248366,0.1373593842510361,0.99561248701407
0.16380718954248366,0.137951450562463,0.9956102163366094
0.16401143790849673,0.137951450562463,0.9956096209813444
0.16401143790849673,0.13913558318531677,0.9956084151869584
0.16462418300653595,0.13913558318531677,0.995604418357491
0.16462418300653595,0.13972764949674363,0.995604013866161
0.16523692810457516,0.13972764949674363,0.995597987748231
0.16523692810457516,0.14031971580817051,0.9955974770082068
0.16584967320261437,0.14031971580817051,0.9955888898121108
0.16584967320261437,0.1409117821195974,0.995586229095138
0.16687091503267973,0.1409117821195974,0.9955737330127896
0.16687091503267973,0.14268798105387803,0.9955653203887675
0.167687908496732,0.14268798105387803,0.995554583645614
0.167687908496732,0.14328004736530492,0.9955520629543728
0.16830065359477125,0.14328004736530492,0.9955493865944308
0.16830065359477125,0.14446417998815866,0.9955462701202475
0.16850490196078433,0.14446417998815866,0.995538585067304
0.16850490196078433,0.14624037892243932,0.9955304366721522
0.1693218954248366,0.14624037892243932,0.9955228116987886
0.1693218954248366,0.14683244523386618,0.9955187715756146
0.16993464052287582,0.14683244523386618,0.9955175881948706
0.16993464052287582,0.14801657785671996,0.9955116258121276
0.1707516339869281,0.14801657785671996,0.9954987567424618
0.1707516339869281,0.1497927767910006,0.9954867767875876
0.17116013071895425,0.1497927767910006,0.9954821406150218
0.17116013071895425,0.15156897572528122,0.9954800459348184
0.17136437908496732,0.15156897572528122,0.9954765760319584
0.17136437908496732,0.1521610420367081,0.9954741904179352
0.1715686274509804,0.1521610420367081,0.9954543206612922
0.1715686274509804,0.152753108348135,0.9954533442796548
0.17401960784313725,0.152753108348135,0.9954352746321772
0.17401960784313725,0.15334517465956188,0.9954319306101976
0.176062091503268,0.15334517465956188,0.995414905024824
0.176062091503268,0.1551213735938425,0.9954128508733286
0.1766748366013072,0.1551213735938425,0.9954091971625808
0.1766748366013072,0.1557134399052694,0.9954079178605496
0.17790032679738563,0.1557134399052694,0.9954005945160496
0.17790032679738563,0.15630550621669628,0.995400467034648
0.17933006535947713,0.15630550621669628,0.9953903654702598
0.17933006535947713,0.15689757252812314,0.9953877494838894
0.1795343137254902,0.15689757252812314,0.9953815971821594
0.1795343137254902,0.15748963883955003,0.995379552481499
0.1801470588235294,0.15748963883955003,0.9953708487950448
0.1801470588235294,0.15808170515097691,0.9953696627856006
0.18075980392156862,0.15808170515097691,0.9953649350074576
0.18075980392156862,0.15926583777383066,0.9953627413046476
0.18178104575163398,0.15926583777383066,0.9953551990193712
0.18178104575163398,0.15985790408525755,0.9953543800552008
0.18198529411764705,0.15985790408525755,0.9953479791966884
0.18198529411764705,0.16044997039668443,0.9953454024831564
0.18259803921568626,0.16044997039668443,0.9953362890401752
0.18259803921568626,0.16104203670811132,0.9953340389078598
0.18341503267973855,0.16104203670811132,0.9953318483408696
0.18341503267973855,0.16222616933096506,0.99532580253675
0.18361928104575165,0.16222616933096506,0.9953254435241154
0.18361928104575165,0.16281823564239195,0.9953250185948072
0.18443627450980393,0.16281823564239195,0.9953211263930116
0.18443627450980393,0.16341030195381884,0.9953210846820184
0.18525326797385622,0.16341030195381884,0.995317450861956
0.18525326797385622,0.1640023682652457,0.995316961631712
0.18647875816993464,0.1640023682652457,0.995306093431505
0.18647875816993464,0.16518650088809947,0.995304363352608
0.18668300653594772,0.16518650088809947,0.9953041849723244
0.18668300653594772,0.16577856719952636,0.9953012565229457
0.1868872549019608,0.16577856719952636,0.9952943317556832
0.1868872549019608,0.16637063351095321,0.9952934098913097
0.18729575163398693,0.16637063351095321,0.9952900153867266
0.18729575163398693,0.1669626998223801,0.9952867614014668
0.18790849673202614,0.1669626998223801,0.9952824727293544
0.18790849673202614,0.167554766133807,0.9952812588245604
0.18852124183006536,0.167554766133807,0.9952711698213909
0.18852124183006536,0.16814683244523387,0.9952700555455668
0.1895424836601307,0.16814683244523387,0.9952536388060156
0.1895424836601307,0.16873889875666073,0.9952517886479086
0.19076797385620914,0.16873889875666073,0.9952419736267308
0.19076797385620914,0.1699230313795145,0.9952373784886412
0.19138071895424835,0.1699230313795145,0.9952337914740208
0.19138071895424835,0.1705150976909414,0.9952330240042606
0.19158496732026145,0.1705150976909414,0.9952295342149944
0.19158496732026145,0.17229129662522202,0.9952224139245776
0.19362745098039216,0.17229129662522202,0.9952032445776576
0.19362745098039216,0.1728833629366489,0.9952018815837004
0.19505718954248366,0.1728833629366489,0.9951904795672616
0.19505718954248366,0.1734754292480758,0.9951903224886344
0.19648692810457516,0.1734754292480758,0.9951708919827672
0.19648692810457516,0.17406749555950266,0.995169346718766
0.1968954248366013,0.17406749555950266,0.995159832717396
0.1968954248366013,0.17465956187092954,0.9951582668296204
0.19709967320261437,0.17465956187092954,0.9951522862597176
0.19709967320261437,0.17525162818235643,0.995152090371263
0.1977124183006536,0.17525162818235643,0.9951459962269568
0.1977124183006536,0.17584369449378331,0.9951451724273832
0.19791666666666666,0.17584369449378331,0.9951450103943648
0.19791666666666666,0.17643576080521017,0.9951443436938416
0.19852941176470587,0.17643576080521017,0.9951394975676096
0.19852941176470587,0.17702782711663706,0.995139370279936
0.19914215686274508,0.17702782711663706,0.99513271847748
0.19914215686274508,0.17939609236234458,0.9951233130360642
0.19955065359477125,0.17939609236234458,0.995122417074756
0.19955065359477125,0.17998815867377146,0.99511865918416
0.1999591503267974,0.17998815867377146,0.9951139439869644
0.1999591503267974,0.18058022498519835,0.9951138401871342
0.2013888888888889,0.18058022498519835,0.995105861465035
0.2013888888888889,0.1817643576080521,0.9951014251477216
0.20159313725490197,0.1817643576080521,0.9951001630828432
0.20159313725490197,0.18235642391947898,0.9950977761202418
0.20220588235294118,0.18235642391947898,0.9950924573582004
0.20220588235294118,0.18294849023090587,0.9950918515335718
0.20241013071895425,0.18294849023090587,0.9950876079808976
0.20241013071895425,0.18354055654233273,0.9950859921190608
0.2028186274509804,0.18354055654233273,0.995070113620677
0.2028186274509804,0.18413262285375961,0.995065908246826
0.20322712418300654,0.18413262285375961,0.9950656298013754
0.20322712418300654,0.1847246891651865,0.9950620120840828
0.2042483660130719,0.1847246891651865,0.9950510454103144
0.2042483660130719,0.18590882178804027,0.99504914606861
0.20506535947712418,0.18590882178804027,0.9950372874963872
0.20506535947712418,0.18650088809946713,0.9950363193970524
0.2056781045751634,0.18650088809946713,0.9950333816110088
0.2056781045751634,0.18709295441089402,0.9950285607385488
0.20710784313725492,0.18709295441089402,0.995011732386093
0.20710784313725492,0.1876850207223209,0.9950083610127334
0.20772058823529413,0.1876850207223209,0.9950067031205316
0.20772058823529413,0.1882770870337478,0.9950054677580328
0.2079248366013072,0.1882770870337478,0.9950041309504702
0.2079248366013072,0.18886915334517465,0.9950035891448326
0.20812908496732027,0.18886915334517465,0.9950025814209636
0.20812908496732027,0.18946121965660154,0.9950014944145472
0.20915032679738563,0.18946121965660154,0.9949899170678984
0.20915032679738563,0.19005328596802842,0.9949858432775748
0.2099673202614379,0.19005328596802842,0.9949759835634416
0.2099673202614379,0.1906453522794553,0.9949736855092788
0.21098856209150327,0.1906453522794553,0.9949599168084392
0.21098856209150327,0.19182948490230906,0.9949561348352572
0.21303104575163398,0.19182948490230906,0.9949367061787262
0.21303104575163398,0.19242155121373594,0.994931330481862
0.21323529411764705,0.19242155121373594,0.9949285132609684
0.21323529411764705,0.19301361752516283,0.9949278536968388
0.2136437908496732,0.19301361752516283,0.9949256823888136
0.2136437908496732,0.1936056838365897,0.9949233673440818
0.21446078431372548,0.1936056838365897,0.9949168897632346
0.21446078431372548,0.19419775014801657,0.9949151882109302
0.2152777777777778,0.19419775014801657,0.994905585842357
0.2152777777777778,0.19478981645944346,0.9949036347615754
0.215890522875817,0.19478981645944346,0.994889483874869
0.215890522875817,0.19538188277087035,0.9948879089760164
0.21793300653594772,0.19538188277087035,0.9948719932130476
0.21793300653594772,0.1959739490822972,0.994870687230122
0.21854575163398693,0.1959739490822972,0.9948650421562836
0.21854575163398693,0.19715808170515098,0.9948620595316288
0.21895424836601307,0.19715808170515098,0.9948571462994013
0.21895424836601307,0.19775014801657786,0.9948553196480324
0.2193627450980392,0.19775014801657786,0.9948528764432828
0.2193627450980392,0.1989342806394316,0.994851861005266
0.22038398692810457,0.1989342806394316,0.9948284816093222
0.22038398692810457,0.1995263469508585,0.9948270378390092
0.221609477124183,0.1995263469508585,0.9948139115999316
0.221609477124183,0.20011841326228538,0.9948135914900808
0.22283496732026145,0.20011841326228538,0.994806490205643
0.22283496732026145,0.20130254588513913,0.9947985842518036
0.22344771241830066,0.20130254588513913,0.9947931265346184
0.22344771241830066,0.20189461219656601,0.9947925964730022
0.22365196078431374,0.20189461219656601,0.99479202948702
0.22365196078431374,0.2024866785079929,0.9947911865439854
0.22426470588235295,0.2024866785079929,0.9947835488879104
0.22426470588235295,0.2030787448194198,0.9947829101575638
0.22446895424836602,0.2030787448194198,0.9947822941228112
0.22446895424836602,0.20367081113084665,0.9947773884367196
0.2246732026143791,0.20367081113084665,0.9947772074261484
0.2246732026143791,0.20485494375370042,0.9947756903792564
0.22549019607843138,0.20485494375370042,0.9947668742210882
0.22549019607843138,0.2054470100651273,0.9947656622640106
0.2289624183006536,0.2054470100651273,0.9947270373402106
0.2289624183006536,0.20603907637655416,0.9947244449740604
0.23039215686274508,0.20603907637655416,0.9947164934237516
0.23039215686274508,0.20663114268798105,0.994715796889346
0.23202614379084968,0.20663114268798105,0.9946995469293828
0.23202614379084968,0.20722320899940794,0.9946991152659386
0.23243464052287582,0.20722320899940794,0.9946930942957946
0.23243464052287582,0.20840734162226168,0.9946892257216232
0.23366013071895425,0.20840734162226168,0.9946736739286024
0.23366013071895425,0.20899940793368857,0.994673564216006
0.23386437908496732,0.20899940793368857,0.9946729014616364
0.23386437908496732,0.20959147424511546,0.9946714947624886
0.23508986928104575,0.20959147424511546,0.9946648335686878
0.23508986928104575,0.2107756068679692,0.994662751261118
0.2354983660130719,0.2107756068679692,0.994660649302098
0.2354983660130719,0.2113676731793961,0.9946590355182524
0.23570261437908496,0.2113676731793961,0.994657172962378
0.23570261437908496,0.21195973949082297,0.9946561165293776
0.23590686274509803,0.21195973949082297,0.994653651072602
0.23590686274509803,0.21314387211367672,0.9946485593432628
0.2361111111111111,0.21314387211367672,0.994644455104122
0.2361111111111111,0.2137359384251036,0.9946438182441328
0.23651960784313725,0.2137359384251036,0.9946410126226146
0.23651960784313725,0.2143280047365305,0.994636557369898
0.23733660130718953,0.2143280047365305,0.994627591315958
0.23733660130718953,0.21492007104795738,0.9946222486353196
0.23774509803921567,0.21492007104795738,0.9946207836309452
0.23774509803921567,0.21551213735938426,0.9946204169976858
0.23794934640522875,0.21551213735938426,0.9946179353761184
0.23794934640522875,0.21610420367081112,0.9946165272188288
0.23897058823529413,0.21610420367081112,0.99460781744732
0.23897058823529413,0.2172883362936649,0.9946029583822652
0.23958333333333334,0.2172883362936649,0.9945986146575494
0.23958333333333334,0.21788040260509178,0.9945985773934928
0.23999183006535948,0.21788040260509178,0.9945960773089412
0.23999183006535948,0.21906453522794553,0.9945865267191644
0.24080882352941177,0.21906453522794553,0.99458327791415
0.24080882352941177,0.2202486678507993,0.9945820383901374
0.24223856209150327,0.2202486678507993,0.994557865940181
0.24223856209150327,0.22084073416222616,0.994556966290981
0.24285130718954248,0.22084073416222616,0.99454922964163
0.24285130718954248,0.22143280047365305,0.9945487273384814
0.24387254901960784,0.22143280047365305,0.9945387670472864
0.24387254901960784,0.22261693309650682,0.9945362012226788
0.24428104575163398,0.22261693309650682,0.9945323484442892
0.24428104575163398,0.22320899940793368,0.9945316795052708
0.2448937908496732,0.22320899940793368,0.9945200752639496
0.2448937908496732,0.22439313203078745,0.9945195842347776
0.24509803921568626,0.22439313203078745,0.9945191295994288
0.24509803921568626,0.22498519834221434,0.9945140162648718
0.24673202614379086,0.22498519834221434,0.9945017203573664
0.24673202614379086,0.22616933096506808,0.9944920273934206
0.24734477124183007,0.22616933096506808,0.9944835028852812
0.24734477124183007,0.22735346358792186,0.9944796188142552
0.24836601307189543,0.22735346358792186,0.9944561642365152
0.24836601307189543,0.22794552989934871,0.9944548614992644
0.24877450980392157,0.22794552989934871,0.9944509077616348
0.24877450980392157,0.2285375962107756,0.9944506087154104
0.2493872549019608,0.2285375962107756,0.9944408526830026
0.2493872549019608,0.2291296625222025,0.9944401471711324
0.25040849673202614,0.2291296625222025,0.9944332768944276
0.25040849673202614,0.22972172883362937,0.9944329077374888
0.2536764705882353,0.22972172883362937,0.9943992922231356
0.2536764705882353,0.23031379514505623,0.9943986468920608
0.25388071895424835,0.23031379514505623,0.9943984789405812
0.25388071895424835,0.23090586145648312,0.9943965255141636
0.2542892156862745,0.23090586145648312,0.9943873964357408
0.2542892156862745,0.2320899940793369,0.9943789314621334
0.25469771241830064,0.2320899940793369,0.9943750787167396
0.25469771241830064,0.23268206039076378,0.994374818464004
0.255718954248366,0.23268206039076378,0.9943569300468692
0.255718954248366,0.23327412670219064,0.9943562244660876
0.25674019607843135,0.23327412670219064,0.9943443887874804
0.25674019607843135,0.23386619301361752,0.994341508101554
0.258374183006536,0.23386619301361752,0.9943147316011196
0.258374183006536,0.2344582593250444,0.994314378937002
0.25857843137254904,0.2344582593250444,0.994312647447498
0.25857843137254904,0.2350503256364713,0.9943106487518318
0.25919117647058826,0.2350503256364713,0.9943081712143198
0.25919117647058826,0.23564239194789816,0.9943062877861152
0.26000816993464054,0.23564239194789816,0.9942937332701832
0.26000816993464054,0.23623445825932504,0.9942931161716304
0.2602124183006536,0.23623445825932504,0.9942920880487058
0.2602124183006536,0.23682652457075193,0.9942913929643178
0.2622549019607843,0.23682652457075193,0.9942689922715322
0.2622549019607843,0.23741859088217881,0.9942684793806498
0.2630718954248366,0.23741859088217881,0.9942585949689144
0.2630718954248366,0.23860272350503256,0.9942536702656156
0.2632761437908497,0.23860272350503256,0.994249212520885
0.2632761437908497,0.23919478981645945,0.99424714628683
0.2636846405228758,0.23919478981645945,0.994239269142638
0.2636846405228758,0.23978685612788633,0.9942388669962312
0.2638888888888889,0.23978685612788633,0.994235873079774
0.2638888888888889,0.2403789224393132,0.994235157516894
0.26409313725490197,0.2403789224393132,0.9942346028674344
0.26409313725490197,0.24097098875074008,0.9942335824165554
0.26633986928104575,0.24097098875074008,0.9942218103946968
0.26633986928104575,0.24215512137359385,0.9942187238090894
0.26695261437908496,0.24215512137359385,0.9942170628508572
0.26695261437908496,0.2427471876850207,0.9942157769131594
0.2679738562091503,0.2427471876850207,0.9942091505507368
0.2679738562091503,0.2433392539964476,0.9942067700624272
0.26838235294117646,0.2433392539964476,0.9942033464612624
0.26838235294117646,0.24393132030787448,0.9942016354309516
0.2689950980392157,0.24393132030787448,0.9941958223480932
0.2689950980392157,0.24452338661930137,0.9941913113491988
0.2694035947712418,0.24452338661930137,0.994187381951309
0.2694035947712418,0.24511545293072823,0.994182500689089
0.2696078431372549,0.24511545293072823,0.9941806004634196
0.2696078431372549,0.246299585553582,0.9941789436896952
0.26981209150326796,0.246299585553582,0.9941777604032628
0.26981209150326796,0.2468916518650089,0.994177732173642
0.27124183006535946,0.2468916518650089,0.9941644041314563
0.27124183006535946,0.24748371817643577,0.99416392604743
0.27185457516339867,0.24748371817643577,0.9941620281284892
0.27185457516339867,0.24807578448786263,0.9941605102050262
0.27205882352941174,0.24807578448786263,0.994159738378358
0.27205882352941174,0.2492599171107164,0.9941495872508412
0.27389705882352944,0.2492599171107164,0.9941398921758652
0.27389705882352944,0.2498519834221433,0.9941355071127878
0.27512254901960786,0.2498519834221433,0.99412189371243
0.27512254901960786,0.2516281823564239,0.9941181143633476
0.275531045751634,0.2516281823564239,0.9941095896850052
0.275531045751634,0.2522202486678508,0.994108950265888
0.27593954248366015,0.2522202486678508,0.9941058747330492
0.27593954248366015,0.2534043812907046,0.994103763532946
0.2763480392156863,0.2534043812907046,0.9940983403671072
0.2763480392156863,0.2539964476021314,0.994096593167442
0.27655228758169936,0.2539964476021314,0.9940963563390656
0.27655228758169936,0.2557726465364121,0.9940920841645732
0.27818627450980393,0.2557726465364121,0.9940804902385768
0.27818627450980393,0.25636471284783896,0.9940802115543096
0.278390522875817,0.25636471284783896,0.9940790824536174
0.278390522875817,0.25695677915926585,0.9940771739033036
0.27879901960784315,0.25695677915926585,0.9940704249426252
0.27879901960784315,0.25754884547069273,0.9940696359988954
0.2798202614379085,0.25754884547069273,0.9940658445080764
0.2798202614379085,0.25873297809354645,0.994060055553014
0.2800245098039216,0.25873297809354645,0.9940600381696324
0.2800245098039216,0.25932504440497334,0.9940571771808464
0.28084150326797386,0.25932504440497334,0.9940469522084074
0.28084150326797386,0.2599171107164002,0.994044222939446
0.28145424836601307,0.2599171107164002,0.9940380762817288
0.28145424836601307,0.261101243339254,0.9940341248430768
0.28165849673202614,0.261101243339254,0.994027504642433
0.28165849673202614,0.26228537596210777,0.9940255101556754
0.2820669934640523,0.26228537596210777,0.9940231876162812
0.2820669934640523,0.26287744227353466,0.9940200749703184
0.28308823529411764,0.26287744227353466,0.9940147672732372
0.28308823529411764,0.26346950858496154,0.9940127667422658
0.2834967320261438,0.26346950858496154,0.994008553942212
0.2834967320261438,0.2640615748963884,0.9940050575438042
0.2839052287581699,0.2640615748963884,0.9940021724239478
0.2839052287581699,0.26524570751924215,0.9939992436899664
0.28431372549019607,0.26524570751924215,0.9939978223381244
0.28431372549019607,0.26583777383066903,0.9939969558753148
0.28451797385620914,0.26583777383066903,0.9939961163024142
0.28451797385620914,0.2664298401420959,0.9939957247997602
0.2847222222222222,0.2664298401420959,0.9939956310199958
0.2847222222222222,0.2670219064535228,0.9939940956980589
0.28513071895424835,0.2670219064535228,0.9939868824526684
0.28513071895424835,0.2676139727649497,0.9939765483004452
0.28656045751633985,0.2676139727649497,0.9939526746136148
0.28656045751633985,0.2682060390763766,0.993952067707174
0.2867647058823529,0.2682060390763766,0.9939453848624906
0.2867647058823529,0.2687981053878034,0.9939439972146822
0.286968954248366,0.2687981053878034,0.9939433710167584
0.286968954248366,0.2693901716992303,0.993942152109758
0.28860294117647056,0.2693901716992303,0.9939205269788765
0.28860294117647056,0.2699822380106572,0.993918649153276
0.28880718954248363,0.2699822380106572,0.9939168486717544
0.28880718954248363,0.27057430432208407,0.9939144299290572
0.29044117647058826,0.27057430432208407,0.9939023105440046
0.29044117647058826,0.27175843694493784,0.993898745198317
0.29105392156862747,0.27175843694493784,0.9938872779151232
0.29105392156862747,0.27235050325636473,0.9938858393059868
0.29125816993464054,0.27235050325636473,0.993885753561062
0.29125816993464054,0.2729425695677916,0.9938826353041496
0.2914624183006536,0.2729425695677916,0.9938802437872428
0.2914624183006536,0.27412670219064533,0.993875933899222
0.2916666666666667,0.27412670219064533,0.9938755509174212
0.2916666666666667,0.2747187685020722,0.9938733729295076
0.2920751633986928,0.2747187685020722,0.9938694115226636
0.2920751633986928,0.2753108348134991,0.993866557374314
0.29248366013071897,0.2753108348134991,0.9938599237034792
0.29248366013071897,0.275902901124926,0.9938545181395144
0.29391339869281047,0.275902901124926,0.9938430667077458
0.29391339869281047,0.2764949674363529,0.9938408985298236
0.2949346405228758,0.2764949674363529,0.9938284165366492
0.2949346405228758,0.27767910005920665,0.9938237372114728
0.2951388888888889,0.27767910005920665,0.9938185656373056
0.2951388888888889,0.27827116637063354,0.993815371723255
0.2973856209150327,0.27827116637063354,0.9937971030946776
0.2973856209150327,0.27886323268206037,0.9937970270948736
0.29820261437908496,0.27886323268206037,0.9937924968672712
0.29820261437908496,0.27945529899348726,0.9937817189210918
0.29840686274509803,0.27945529899348726,0.9937781863726548
0.29840686274509803,0.28004736530491414,0.993777369392618
0.3000408496732026,0.28004736530491414,0.993763165407464
0.3000408496732026,0.28063943161634103,0.9937625852556732
0.3006535947712418,0.28063943161634103,0.9937574766978108
0.3006535947712418,0.2812314979277679,0.9937516883227048
0.3008578431372549,0.2812314979277679,0.9937476353510256
0.3008578431372549,0.2818235642391948,0.9937461077961472
0.30126633986928103,0.2818235642391948,0.9937353710184996
0.30126633986928103,0.2830076968620486,0.9937326963507198
0.3020833333333333,0.2830076968620486,0.9937234446342672
0.3020833333333333,0.2835997631734754,0.9937232818860008
0.30330882352941174,0.2835997631734754,0.9937090268646772
0.30330882352941174,0.2841918294849023,0.993708125411231
0.3035130718954248,0.2841918294849023,0.9937040978126426
0.3035130718954248,0.2847838957963292,0.9937021379060468
0.30514705882352944,0.2847838957963292,0.9936743581332286
0.30514705882352944,0.28537596210775606,0.993674022867716
0.3053513071895425,0.28537596210775606,0.9936734483051136
0.3053513071895425,0.28596802841918295,0.9936710943322876
0.30575980392156865,0.28596802841918295,0.9936593663352932
0.30575980392156865,0.28656009473060984,0.9936564354236556
0.30657679738562094,0.28656009473060984,0.9936526295519228
0.30657679738562094,0.2871521610420367,0.993649255333272
0.30718954248366015,0.2871521610420367,0.9936408737683576
0.30718954248366015,0.28892835997631733,0.9936387288320871
0.30923202614379086,0.28892835997631733,0.9936113814706752
0.30923202614379086,0.2895204262877442,0.993608900977648
0.3102532679738562,0.2895204262877442,0.9936023998835966
0.3102532679738562,0.2901124925991711,0.9935986378577656
0.31086601307189543,0.2901124925991711,0.993596124562454
0.31086601307189543,0.2912966252220249,0.9935879138823004
0.31147875816993464,0.2912966252220249,0.9935833238407812
0.31147875816993464,0.29248075784487865,0.9935788685266485
0.3116830065359477,0.29248075784487865,0.9935747087203206
0.3116830065359477,0.29484902309058614,0.993556200930394
0.31352124183006536,0.29484902309058614,0.9935387683803836
0.31352124183006536,0.295441089402013,0.9935366403523463
0.3137254901960784,0.295441089402013,0.993533504740206
0.3137254901960784,0.2960331557134399,0.9935323172279776
0.31413398692810457,0.2960331557134399,0.9935278456968776
0.31413398692810457,0.2966252220248668,0.9935268774008414
0.3147467320261438,0.2966252220248668,0.9935216971437132
0.3147467320261438,0.2972172883362937,0.9935197894257785
0.31556372549019607,0.2972172883362937,0.9935101011839071
0.31556372549019607,0.29780935464772057,0.9935064393868184
0.31638071895424835,0.29780935464772057,0.9935031828220118
0.31638071895424835,0.2984014209591474,0.9935006585927062
0.31781045751633985,0.2984014209591474,0.9934886009564056
0.31781045751633985,0.2989934872705743,0.993486276931388
0.318218954248366,0.2989934872705743,0.9934856424280704
0.318218954248366,0.30017761989342806,0.993480441534588
0.31842320261437906,0.30017761989342806,0.9934802449597412
0.31842320261437906,0.30076968620485495,0.9934792245471462
0.31924019607843135,0.30076968620485495,0.9934715078709492
0.31924019607843135,0.30136175251628183,0.9934688564881148
0.32005718954248363,0.30136175251628183,0.9934637912806974
0.32005718954248363,0.3019538188277087,0.9934634056852334
0.32046568627450983,0.3019538188277087,0.9934594428537804
0.32046568627450983,0.3025458851391356,0.993457510936468
0.3206699346405229,0.3025458851391356,0.9934552229401796
0.3206699346405229,0.3037300177619893,0.9934531392310896
0.32169117647058826,0.3037300177619893,0.993437520385608
0.32169117647058826,0.3043220840734162,0.9934362543182462
0.3220996732026144,0.3043220840734162,0.993433343651591
0.3220996732026144,0.30609828300769687,0.993423286785662
0.32230392156862747,0.30609828300769687,0.9934220381313204
0.32230392156862747,0.30669034931912376,0.9934199614162706
0.32312091503267976,0.30669034931912376,0.9934119834056714
0.32312091503267976,0.30728241563055064,0.9934077353437778
0.3235294117647059,0.30728241563055064,0.9934033847409744
0.3235294117647059,0.30787448194197753,0.9934011202935928
0.32455065359477125,0.30787448194197753,0.9933918803486964
0.32455065359477125,0.30846654825340436,0.9933876436583358
0.32516339869281047,0.30846654825340436,0.9933851669747364
0.32516339869281047,0.30905861456483125,0.9933840127026614
0.3257761437908497,0.30905861456483125,0.9933724844916908
0.3257761437908497,0.310242747187685,0.9933700856848386
0.3272058823529412,0.310242747187685,0.993358585738414
0.3272058823529412,0.3114268798105388,0.9933503259454914
0.32741013071895425,0.3114268798105388,0.9933481404903756
0.32741013071895425,0.31261101243339257,0.9933451164931656
0.32945261437908496,0.31261101243339257,0.993324038626472
0.32945261437908496,0.3137951450562463,0.9933226100298522
0.33026960784313725,0.3137951450562463,0.9933096629786662
0.33026960784313725,0.31438721136767317,0.99330938309582
0.33108660130718953,0.31438721136767317,0.9933017199921654
0.33108660130718953,0.31497927767910006,0.993301367878448
0.3312908496732026,0.31497927767910006,0.9932989622004696
0.3312908496732026,0.31557134399052694,0.9932976546332866
0.33231209150326796,0.31557134399052694,0.9932847915361463
0.33231209150326796,0.31616341030195383,0.9932835449868176
0.3333333333333333,0.31616341030195383,0.9932762193389733
0.3333333333333333,0.3173475429248076,0.9932712344624062
0.33374183006535946,0.3173475429248076,0.9932651739201934
0.33374183006535946,0.31793960923623443,0.993263240326608
0.33394607843137253,0.31793960923623443,0.9932573848682492
0.33394607843137253,0.3185316755476613,0.993249879315132
0.3341503267973856,0.3185316755476613,0.993248634565778
0.3341503267973856,0.3191237418590882,0.9932450043536778
0.33455882352941174,0.3191237418590882,0.9932405551531148
0.33455882352941174,0.3197158081705151,0.9932371211778728
0.3347630718954248,0.3197158081705151,0.9932339538885332
0.3347630718954248,0.320307874481942,0.993233068467196
0.33578431372549017,0.320307874481942,0.9932186307391968
0.33578431372549017,0.32089994079336887,0.9932134719681204
0.33700980392156865,0.32089994079336887,0.993197640460495
0.33700980392156865,0.32149200710479575,0.9931969786971891
0.3372140522875817,0.32149200710479575,0.9931951324806532
0.3372140522875817,0.32267613972764947,0.9931920966150164
0.3382352941176471,0.32267613972764947,0.9931809156246072
0.3382352941176471,0.32326820603907636,0.9931779397398056
0.3388480392156863,0.32326820603907636,0.9931694633944887
0.3388480392156863,0.32386027235050324,0.9931678222463356
0.33925653594771243,0.32386027235050324,0.9931667355038768
0.33925653594771243,0.32445233866193013,0.9931664625550524
0.3396650326797386,0.32445233866193013,0.9931596753098456
0.3396650326797386,0.325044404973357,0.9931593385081116
0.3425245098039216,0.325044404973357,0.9931370814866224
0.3425245098039216,0.3256364712847839,0.9931322429444768
0.3431372549019608,0.3256364712847839,0.9931291714506312
0.3431372549019608,0.3262285375962108,0.9931271768250044
0.34334150326797386,0.3262285375962108,0.9931271165316158
0.34334150326797386,0.32741267021906456,0.9931240778156624
0.34375,0.32741267021906456,0.9931221334435644
0.34375,0.32978093546477205,0.9931121643970102
0.34415849673202614,0.32978093546477205,0.993106610699283
0.34415849673202614,0.3309650680876258,0.993102906688899
0.3445669934640523,0.3309650680876258,0.9931001585898862
0.3445669934640523,0.3315571343990527,0.9930975984100324
0.34477124183006536,0.3315571343990527,0.993095482972446
0.34477124183006536,0.33274126702190643,0.9930904842614576
0.34538398692810457,0.33274126702190643,0.9930857137166862
0.34538398692810457,0.3333333333333333,0.9930844145744192
0.34558823529411764,0.3333333333333333,0.9930843342149094
0.34558823529411764,0.3345174659561871,0.9930790071987284
0.3472222222222222,0.3345174659561871,0.9930576781155004
0.3472222222222222,0.335109532267614,0.9930535630928956
0.34763071895424835,0.335109532267614,0.993043264594868
0.34763071895424835,0.33570159857904086,0.9930394115970078
0.34906045751633985,0.33570159857904086,0.9930234312819112
0.34906045751633985,0.33629366489046775,0.9930204656682032
0.34967320261437906,0.33629366489046775,0.9930139771447932
0.34967320261437906,0.33688573120189463,0.9930091186680892
0.34987745098039214,0.33688573120189463,0.9930085615245792
0.34987745098039214,0.33747779751332146,0.993006940935956
0.3502859477124183,0.33747779751332146,0.9930037296049364
0.3502859477124183,0.33866193013617524,0.9930004662553592
0.3515114379084967,0.33866193013617524,0.9929730922636304
0.3515114379084967,0.3392539964476021,0.9929726468720484
0.3525326797385621,0.3392539964476021,0.9929641802823868
0.3525326797385621,0.34221432800473656,0.9929394380601376
0.3527369281045752,0.34221432800473656,0.9929365259809012
0.3527369281045752,0.3433984606275903,0.9929340976451548
0.3533496732026144,0.3433984606275903,0.992932279266766
0.3533496732026144,0.34399052693901716,0.9929201048792936
0.35375816993464054,0.34399052693901716,0.9929172077409818
0.35375816993464054,0.34458259325044405,0.992914799099636
0.3539624183006536,0.34458259325044405,0.992913743503606
0.3539624183006536,0.34517465956187093,0.9929136513144888
0.3541666666666667,0.34517465956187093,0.9929135045398744
0.3541666666666667,0.3463587921847247,0.9929120682885006
0.3547794117647059,0.3463587921847247,0.9929072075895492
0.3547794117647059,0.3469508584961516,0.9929066397375196
0.35518790849673204,0.3469508584961516,0.9929054169339756
0.35518790849673204,0.3487270574304322,0.9928987361146208
0.35580065359477125,0.3487270574304322,0.9928925826100784
0.35580065359477125,0.34991119005328597,0.9928815478480372
0.3570261437908497,0.34991119005328597,0.992870680468286
0.3570261437908497,0.35050325636471286,0.9928691899036052
0.3574346405228758,0.35050325636471286,0.9928669916142898
0.3574346405228758,0.35109532267613974,0.9928659014063608
0.35804738562091504,0.35109532267613974,0.9928644623845108
0.35804738562091504,0.35168738898756663,0.9928638379967554
0.3584558823529412,0.35168738898756663,0.9928619273944036
0.3584558823529412,0.35227945529899346,0.992860873379876
0.35866013071895425,0.35227945529899346,0.9928584139944364
0.35866013071895425,0.35287152161042035,0.9928568932417658
0.3590686274509804,0.35287152161042035,0.9928547872739988
0.3590686274509804,0.35346358792184723,0.99285399396442
0.35947712418300654,0.35346358792184723,0.992850236047429
0.35947712418300654,0.3540556542332741,0.992848848784669
0.3596813725490196,0.3540556542332741,0.9928470534012102
0.3596813725490196,0.354647720544701,0.9928454460333151
0.36008986928104575,0.354647720544701,0.992838856848096
0.36008986928104575,0.3552397868561279,0.9928333423614476
0.3611111111111111,0.3552397868561279,0.9928159475983532
0.3611111111111111,0.3558318531675548,0.9928112416730126
0.3633578431372549,0.3558318531675548,0.9927914340726012
0.3633578431372549,0.35642391947898167,0.9927893085275856
0.3639705882352941,0.35642391947898167,0.992783382445747
0.3639705882352941,0.35701598579040855,0.992776526325392
0.3647875816993464,0.35701598579040855,0.9927673366406038
0.3647875816993464,0.3576080521018354,0.9927662355809136
0.36519607843137253,0.3576080521018354,0.9927592196068192
0.36519607843137253,0.35820011841326227,0.9927591414798482
0.36642156862745096,0.35820011841326227,0.9927519516185264
0.36642156862745096,0.35938425103611604,0.9927475906084996
0.366625816993464,0.35938425103611604,0.9927452661563424
0.366625816993464,0.35997631734754293,0.9927429963431796
0.3686683006535948,0.35997631734754293,0.9927324648385648
0.3686683006535948,0.3623445825932504,0.9927213358604086
0.3694852941176471,0.3623445825932504,0.9927108094309196
0.3694852941176471,0.3629366489046773,0.9927094212645292
0.3700980392156863,0.3629366489046773,0.9927047126266222
0.3700980392156863,0.3635287152161042,0.9927032886258064
0.3707107843137255,0.3635287152161042,0.9926978218543612
0.3707107843137255,0.3641207815275311,0.9926974828771752
0.37111928104575165,0.3641207815275311,0.992696702779406
0.37111928104575165,0.36471284783895797,0.992694317513824
0.3713235294117647,0.36471284783895797,0.9926941834256556
0.3713235294117647,0.36530491415038485,0.9926921697578226
0.37173202614379086,0.36530491415038485,0.9926806389610487
0.37173202614379086,0.36589698046181174,0.9926788680861856
0.372140522875817,0.36589698046181174,0.9926753982850132
0.372140522875817,0.3664890467732386,0.992672581144139
0.3729575163398693,0.3664890467732386,0.992664970745346
0.3729575163398693,0.36708111308466546,0.9926644923548752
0.3743872549019608,0.36708111308466546,0.992637024677963
0.3743872549019608,0.36767317939609234,0.9926347986567896
0.37479575163398693,0.36767317939609234,0.9926315754543612
0.37479575163398693,0.36826524570751923,0.9926249527034524
0.375,0.36826524570751923,0.9926247742480268
0.375,0.3700414446417999,0.9926208597822584
0.3776552287581699,0.3700414446417999,0.992593376036341
0.3776552287581699,0.37122557726465366,0.9925871257797791
0.37826797385620914,0.37122557726465366,0.9925798959413604
0.37826797385620914,0.3724097098875074,0.9925763782337876
0.37969771241830064,0.3724097098875074,0.99256143942853
0.37969771241830064,0.37300177619893427,0.9925589839669182
0.3799019607843137,0.37300177619893427,0.992558805546208
0.3799019607843137,0.37359384251036115,0.9925528453790348
0.380718954248366,0.37359384251036115,0.9925479460536016
0.380718954248366,0.37418590882178804,0.992546235027944
0.3813316993464052,0.37418590882178804,0.9925385803105486
0.3813316993464052,0.3747779751332149,0.992535876306598
0.3815359477124183,0.3747779751332149,0.99253306405506
0.3815359477124183,0.3753700414446418,0.99253289018622
0.38296568627450983,0.3753700414446418,0.9925222620028892
0.38296568627450983,0.3759621077560687,0.992518451771636
0.3831699346405229,0.3759621077560687,0.9925181095719672
0.3831699346405229,0.3771462403789224,0.9925162154439168
0.383374183006536,0.3771462403789224,0.9925153349113768
0.383374183006536,0.3777383066903493,0.9925143140182668
0.38357843137254904,0.3777383066903493,0.9925083002914508
0.38357843137254904,0.3783303730017762,0.992507636572902
0.3845996732026144,0.3783303730017762,0.9924936222474608
0.3845996732026144,0.3789224393132031,0.9924917205743616
0.38500816993464054,0.3789224393132031,0.992489832911684
0.38500816993464054,0.37951450562462996,0.9924838047095887
0.3852124183006536,0.37951450562462996,0.992481535331824
0.3852124183006536,0.38069863824748373,0.9924710870716666
0.3868464052287582,0.38069863824748373,0.9924406915440784
0.3868464052287582,0.3812907045589106,0.9924380730898166
0.38705065359477125,0.3812907045589106,0.992435063338502
0.38705065359477125,0.38188277087033745,0.9924343936942404
0.3872549019607843,0.38188277087033745,0.9924294673572982
0.3872549019607843,0.38247483718176434,0.992426534948752
0.3874591503267974,0.38247483718176434,0.992423294982048
0.3874591503267974,0.384251036116045,0.9924170312438994
0.38766339869281047,0.384251036116045,0.9924153161575064
0.38766339869281047,0.3848431024274719,0.99241474664346
0.3882761437908497,0.3848431024274719,0.9924105473805866
0.3882761437908497,0.38543516873889877,0.99241011800822
0.3886846405228758,0.38543516873889877,0.9924073362475778
0.3886846405228758,0.38602723505032566,0.9924065205615392
0.3895016339869281,0.38602723505032566,0.992391754898002
0.3895016339869281,0.38661930136175254,0.9923872712732362
0.39276960784313725,0.38661930136175254,0.9923529102167616
0.39276960784313725,0.3872113676731794,0.9923511906908706
0.3929738562091503,0.3872113676731794,0.9923505529683698
0.3929738562091503,0.38780343398460626,0.9923493581100198
0.39338235294117646,0.38780343398460626,0.9923475968741756
0.39338235294117646,0.38898756660746003,0.9923439674901098
0.3946078431372549,0.38898756660746003,0.9923232807459356
0.3946078431372549,0.3895796329188869,0.9923183458847612
0.3952205882352941,0.3895796329188869,0.9923077614091196
0.3952205882352941,0.3907637655417407,0.99230303814586
0.3958333333333333,0.3907637655417407,0.9922994473455746
0.3958333333333333,0.3913558318531676,0.9922870688287296
0.39624183006535946,0.3913558318531676,0.9922844281319324
0.39624183006535946,0.3919478981645944,0.9922837137938004
0.39869281045751637,0.3919478981645944,0.9922443739225848
0.39869281045751637,0.3925399644760213,0.9922437591035752
0.3997140522875817,0.3925399644760213,0.9922334014404856
0.3997140522875817,0.39372409709887507,0.992232242223774
0.40032679738562094,0.39372409709887507,0.992224953264381
0.40032679738562094,0.39431616341030196,0.9922233488710313
0.40155228758169936,0.39431616341030196,0.9922172670570656
0.40155228758169936,0.39490822972172884,0.9922083205679966
0.40175653594771243,0.39490822972172884,0.9922079409421548
0.40175653594771243,0.3960923623445826,0.992204564319468
0.4042075163398693,0.3960923623445826,0.9921760175479756
0.4042075163398693,0.39668442865600945,0.9921739551188936
0.4048202614379085,0.39668442865600945,0.9921656845518398
0.4048202614379085,0.3978685612788632,0.9921633991107066
0.4056372549019608,0.3978685612788632,0.9921608173938556
0.4056372549019608,0.3984606275902901,0.9921557320556502
0.40604575163398693,0.3984606275902901,0.9921517073190032
0.40604575163398693,0.399052693901717,0.992145513324474
0.4076797385620915,0.399052693901717,0.992125845151626
0.4076797385620915,0.3996447602131439,0.992123136551782
0.4089052287581699,0.3996447602131439,0.9921130210000788
0.4089052287581699,0.40023682652457077,0.9921120359835752
0.4113562091503268,0.40023682652457077,0.99208530739012
0.4113562091503268,0.40082889283599765,0.992081928568507
0.4125816993464052,0.40082889283599765,0.9920753036345002
0.4125816993464052,0.40142095914742454,0.9920744168900288
0.41299019607843135,0.40142095914742454,0.992069542991459
0.41299019607843135,0.40201302545885137,0.992067683820786
0.4131944444444444,0.40201302545885137,0.9920663740709728
0.4131944444444444,0.40260509177027826,0.9920595888257336
0.4152369281045752,0.40260509177027826,0.9920386693757268
0.4152369281045752,0.40319715808170514,0.992038073486669
0.4166666666666667,0.40319715808170514,0.9920034416109904
0.4166666666666667,0.40378922439313203,0.99200107815593
0.41687091503267976,0.40378922439313203,0.9919947935649956
0.41687091503267976,0.4043812907045589,0.9919914790915544
0.4193218954248366,0.4043812907045589,0.99197461662667
0.4193218954248366,0.4055654233274127,0.9919611360832874
0.4195261437908497,0.4055654233274127,0.991960096824567
0.4195261437908497,0.4061574896388396,0.991958085108804
0.42054738562091504,0.4061574896388396,0.9919511969610624
0.42054738562091504,0.4067495559502664,0.9919473664703562
0.4209558823529412,0.4067495559502664,0.9919373540064552
0.4209558823529412,0.4079336885731202,0.9919361081632724
0.4215686274509804,0.4079336885731202,0.9919321625379972
0.4215686274509804,0.40852575488454707,0.9919290609871164
0.42258986928104575,0.40852575488454707,0.9919186190611686
0.42258986928104575,0.40911782119597395,0.991910596540786
0.42340686274509803,0.40911782119597395,0.9919059293422176
0.42340686274509803,0.40970988750740084,0.9919045960264375
0.42401960784313725,0.40970988750740084,0.9918838859884376
0.42401960784313725,0.4103019538188277,0.9918807929847098
0.42544934640522875,0.4103019538188277,0.991858399004632
0.42544934640522875,0.41148608644168144,0.991856957395344
0.4258578431372549,0.41148608644168144,0.991854445594026
0.4258578431372549,0.41207815275310833,0.9918525464521442
0.4264705882352941,0.41207815275310833,0.9918483482335012
0.4264705882352941,0.4126702190645352,0.9918477654993
0.42687908496732024,0.4126702190645352,0.9918449505429164
0.42687908496732024,0.4132622853759621,0.99183885372759
0.4270833333333333,0.4132622853759621,0.9918373870862084
0.4270833333333333,0.413854351687389,0.9918329442067296
0.42830882352941174,0.413854351687389,0.9918229068805012
0.42830882352941174,0.41563055062166965,0.9918145169110736
0.4285130718954248,0.41563055062166965,0.991813947064106
0.4285130718954248,0.41622261693309653,0.9918087542632792
0.4293300653594771,0.41622261693309653,0.9918019744590404
0.4293300653594771,0.41681468324452337,0.9917992982731876
0.4303513071895425,0.41681468324452337,0.991785510063981
0.4303513071895425,0.41799881586737714,0.9917769573716556
0.43075980392156865,0.41799881586737714,0.9917657770074776
0.43075980392156865,0.4191829484902309,0.9917453418638116
0.43157679738562094,0.4191829484902309,0.9917357349575238
0.43157679738562094,0.4197750148016578,0.9917313801768206
0.431781045751634,0.4197750148016578,0.991726204996216
0.431781045751634,0.42095914742451157,0.9917152793041046
0.4323937908496732,0.42095914742451157,0.991706460806818
0.4323937908496732,0.4215512137359384,0.9917053433837286
0.43300653594771243,0.4215512137359384,0.9916969199299772
0.43300653594771243,0.4221432800473653,0.9916899094725112
0.4340277777777778,0.4221432800473653,0.991677527174464
0.4340277777777778,0.4227353463587922,0.9916759794140956
0.434640522875817,0.4227353463587922,0.9916715822822322
0.434640522875817,0.42332741267021906,0.9916696231712534
0.4348447712418301,0.42332741267021906,0.9916686648885024
0.4348447712418301,0.42391947898164595,0.9916675569402928
0.4354575163398693,0.42391947898164595,0.9916544453862008
0.4354575163398693,0.42451154529307283,0.9916543058020184
0.43566176470588236,0.42451154529307283,0.99164850004229
0.43566176470588236,0.4251036116044997,0.9916457327004318
0.4368872549019608,0.4251036116044997,0.9916393740081983
0.4368872549019608,0.42628774422735344,0.9916366011556934
0.43729575163398693,0.42628774422735344,0.9916326013982328
0.43729575163398693,0.4268798105387803,0.9916310654273686
0.4383169934640523,0.4268798105387803,0.9916220058770924
0.4383169934640523,0.4274718768502072,0.9916185932331802
0.43852124183006536,0.4274718768502072,0.9916182176368826
0.43852124183006536,0.428656009473061,0.9916126156154716
0.43913398692810457,0.428656009473061,0.9916023301238446
0.43913398692810457,0.42924807578448787,0.9916000878098112
0.44056372549019607,0.42924807578448787,0.9915957744512682
0.44056372549019607,0.42984014209591476,0.9915906671856478
0.44138071895424835,0.42984014209591476,0.9915786557293786
0.44138071895424835,0.43043220840734164,0.9915772465864854
0.4415849673202614,0.43043220840734164,0.991575165311784
0.4415849673202614,0.43102427471876853,0.991574751377357
0.4417892156862745,0.43102427471876853,0.9915746906390088
0.4417892156862745,0.43161634103019536,0.9915744104597116
0.44199346405228757,0.43161634103019536,0.9915695938388462
0.44199346405228757,0.43220840734162225,0.9915647917214148
0.4424019607843137,0.43220840734162225,0.9915581586493384
0.4424019607843137,0.433392539964476,0.9915566372766152
0.44342320261437906,0.433392539964476,0.9915462123079528
0.44342320261437906,0.4345766725873298,0.9915407932856452
0.4440359477124183,0.4345766725873298,0.9915387130085698
0.4440359477124183,0.4351687388987567,0.9915381363195096
0.4452614379084967,0.4351687388987567,0.9915142336725242
0.4452614379084967,0.4363528715216104,0.99150640023445
0.44546568627450983,0.4363528715216104,0.9915055478157752
0.44546568627450983,0.4369449378330373,0.9915031289378052
0.4456699346405229,0.4369449378330373,0.991501814788896
0.4456699346405229,0.43872113676731794,0.9914997300191836
0.44607843137254904,0.43872113676731794,0.9914982988526032
0.44607843137254904,0.43931320307874483,0.9914980320074248
0.4470996732026144,0.43931320307874483,0.991484380469694
0.4470996732026144,0.4399052693901717,0.991483249442165
0.4483251633986928,0.4399052693901717,0.9914626274119098
0.4483251633986928,0.4404973357015986,0.9914608491252644
0.44873366013071897,0.4404973357015986,0.9914368405697558
0.44873366013071897,0.44108940201302543,0.9914353286744206
0.4491421568627451,0.44108940201302543,0.9914322807400456
0.4491421568627451,0.4422735346358792,0.991416594871324
0.45179738562091504,0.4422735346358792,0.991389135210942
0.45179738562091504,0.4428656009473061,0.9913870803488682
0.4540441176470588,0.4428656009473061,0.9913450397396292
0.4540441176470588,0.44464179988158675,0.9913406835483892
0.45465686274509803,0.44464179988158675,0.9913248183474648
0.45465686274509803,0.44523386619301364,0.9913230380782576
0.4550653594771242,0.44523386619301364,0.9913214750313132
0.4550653594771242,0.44582593250444047,0.9913203747961724
0.45526960784313725,0.44582593250444047,0.9913145818545128
0.45526960784313725,0.44641799881586736,0.9913131829565216
0.45588235294117646,0.44641799881586736,0.991307758561417
0.45588235294117646,0.44701006512729424,0.9913074293029908
0.4579248366013072,0.44701006512729424,0.9912717120470153
0.4579248366013072,0.44760213143872113,0.9912676176530693
0.4585375816993464,0.44760213143872113,0.9912590266693772
0.4585375816993464,0.448194197750148,0.9912578617446222
0.45955882352941174,0.448194197750148,0.991249148645092
0.45955882352941174,0.4487862640615749,0.9912478271270097
0.4597630718954248,0.4487862640615749,0.9912472636882056
0.4597630718954248,0.4493783303730018,0.9912465819990576
0.4599673202614379,0.4493783303730018,0.9912447288532076
0.4599673202614379,0.4499703966844287,0.9912419746559098
0.460375816993464,0.4499703966844287,0.9912377827533816
0.460375816993464,0.45056246299585556,0.9912314038215152
0.46200980392156865,0.45056246299585556,0.9912043126219944
0.46200980392156865,0.4511545293072824,0.9912000935478642
0.4624183006535948,0.4511545293072824,0.9911935795865928
0.4624183006535948,0.4517465956187093,0.9911924696442792
0.4632352941176471,0.4517465956187093,0.99118067185405
0.4632352941176471,0.45233866193013617,0.9911806272415056
0.4636437908496732,0.45233866193013617,0.991174919330306
0.4636437908496732,0.45293072824156305,0.991171652290488
0.46425653594771243,0.45293072824156305,0.9911571021435857
0.46425653594771243,0.45352279455298994,0.9911516832101032
0.4650735294117647,0.45352279455298994,0.9911266337344318
0.4650735294117647,0.4541148608644168,0.9911253172803614
0.46629901960784315,0.4541148608644168,0.9911086414100628
0.46629901960784315,0.4547069271758437,0.9911033859367646
0.4675245098039216,0.4547069271758437,0.9910662151634344
0.4675245098039216,0.4552989934872706,0.9910657738382704
0.4681372549019608,0.4552989934872706,0.9910558998883356
0.4681372549019608,0.4564831261101243,0.9910455824035178
0.46875,0.4564831261101243,0.9910348770539428
0.46875,0.4570751924215512,0.991032568068902
0.4695669934640523,0.4570751924215512,0.991026903229701
0.4695669934640523,0.45885139135583186,0.9910157299136456
0.4699754901960784,0.45885139135583186,0.991015298202669
0.4699754901960784,0.45944345766725875,0.9910100589588484
0.4701797385620915,0.45944345766725875,0.9910094496349232
0.4701797385620915,0.46003552397868563,0.9910043775254678
0.47038398692810457,0.46003552397868563,0.9909994249195556
0.47038398692810457,0.46062759029011247,0.9909926462965468
0.471609477124183,0.46062759029011247,0.9909833022378904
0.471609477124183,0.46121965660153935,0.990979239871104
0.47201797385620914,0.46121965660153935,0.9909776413468574
0.47201797385620914,0.46181172291296624,0.990976758082894
0.4730392156862745,0.46181172291296624,0.990956422086914
0.4730392156862745,0.4624037892243931,0.9909545787846896
0.47324346405228757,0.4624037892243931,0.9909484297768372
0.47324346405228757,0.4635879218472469,0.9909469560888136
0.47344771241830064,0.4635879218472469,0.990939319522376
0.47344771241830064,0.4641799881586738,0.9909348234673072
0.4736519607843137,0.4641799881586738,0.9909346057033585
0.4736519607843137,0.46477205447010067,0.9909304762114544
0.4769199346405229,0.46477205447010067,0.990869680187713
0.4769199346405229,0.46536412078152756,0.9908689640648364
0.47732843137254904,0.46536412078152756,0.9908678428391928
0.47732843137254904,0.4665482534043813,0.9908634889794694
0.47794117647058826,0.4665482534043813,0.990852918603033
0.47794117647058826,0.46773238602723505,0.9908509221712344
0.4820261437908497,0.46773238602723505,0.9907879295635376
0.4820261437908497,0.46832445233866193,0.9907872014204702
0.48427287581699346,0.46832445233866193,0.990759429601551
0.48427287581699346,0.4695085849615157,0.9907523872454872
0.48447712418300654,0.4695085849615157,0.9907482223347306
0.48447712418300654,0.4701006512729426,0.990743233815693
0.4846813725490196,0.4701006512729426,0.9907431760488437
0.4846813725490196,0.4712847838957963,0.9907228793989729
0.4848856209150327,0.4712847838957963,0.9907206498410016
0.4848856209150327,0.4718768502072232,0.990717538838238
0.48570261437908496,0.4718768502072232,0.9907051510898016
0.48570261437908496,0.4724689165186501,0.9907023091281402
0.48590686274509803,0.4724689165186501,0.9907021552589328
0.48590686274509803,0.47306098283007697,0.990695592376978
0.4861111111111111,0.47306098283007697,0.9906946263514064
0.4861111111111111,0.47365304914150386,0.990694476261376
0.48651960784313725,0.47365304914150386,0.9906923577439584
0.48651960784313725,0.47424511545293074,0.9906916271072256
0.4867238562091503,0.47424511545293074,0.9906914015434698
0.4867238562091503,0.47483718176435763,0.9906910781216228
0.4877450980392157,0.47483718176435763,0.9906770728517096
0.4877450980392157,0.47542924807578446,0.9906759884662828
0.4883578431372549,0.47542924807578446,0.9906701206399616
0.4883578431372549,0.47602131438721135,0.990669849508198
0.4891748366013072,0.47602131438721135,0.990653226207969
0.4891748366013072,0.47661338069863823,0.9906522767500135
0.4897875816993464,0.47661338069863823,0.9906422680422692
0.4897875816993464,0.4772054470100651,0.990637078126822
0.4904003267973856,0.4772054470100651,0.9906298155512814
0.4904003267973856,0.477797513321492,0.990627405545321
0.49060457516339867,0.477797513321492,0.9906245320406182
0.49060457516339867,0.4789816459443458,0.990619966412182
0.4912173202614379,0.4789816459443458,0.9906146652762446
0.4912173202614379,0.47957371225577267,0.9906141238041452
0.49142156862745096,0.47957371225577267,0.9906136706906904
0.49142156862745096,0.48016577856719955,0.9906128051962212
0.4930555555555556,0.48016577856719955,0.990580517768664
0.4930555555555556,0.4807578448786264,0.9905755386522171
0.4934640522875817,0.4807578448786264,0.990572528726238
0.4934640522875817,0.48134991119005327,0.9905703718565612
0.4944852941176471,0.48134991119005327,0.9905647485507992
0.4944852941176471,0.48194197750148016,0.9905595688822206
0.49468954248366015,0.48194197750148016,0.9905591719385468
0.49468954248366015,0.48253404381290704,0.9905574760755368
0.4959150326797386,0.48253404381290704,0.9905504127055316
0.4959150326797386,0.48312611012433393,0.990547399533084
0.497140522875817,0.48312611012433393,0.9905354964126338
0.497140522875817,0.4837181764357608,0.9905219461223442
0.4973447712418301,0.4837181764357608,0.9905215464674556
0.4973447712418301,0.4843102427471877,0.9905200497037076
0.49754901960784315,0.4843102427471877,0.990517836725614
0.49754901960784315,0.4849023090586146,0.990513620184366
0.4979575163398693,0.4849023090586146,0.9905125558431144
0.4979575163398693,0.4854943753700414,0.99051213600724
0.5,0.4854943753700414,0.9904956771349104
0.5,0.4860864416814683,0.9904942119612272
0.5014297385620915,0.4860864416814683,0.990478455902074
0.5014297385620915,0.4872705743043221,0.990474975948674
0.5024509803921569,0.4872705743043221,0.9904574222552012
0.5024509803921569,0.48786264061574897,0.990457218960827
0.5051062091503268,0.48786264061574897,0.9904302667764942
0.5051062091503268,0.48845470692717585,0.9904253814645568
0.5059232026143791,0.48845470692717585,0.9904150456551646
0.5059232026143791,0.48904677323860274,0.990413019151358
0.5063316993464052,0.48904677323860274,0.9904084044405496
0.5063316993464052,0.49023090586145646,0.9904060575829688
0.5075571895424836,0.49023090586145646,0.990394343892392
0.5075571895424836,0.49082297217288334,0.9903793722378836
0.5093954248366013,0.49082297217288334,0.9903533023399144
0.5093954248366013,0.49141503848431023,0.9903531952630358
0.5100081699346405,0.49141503848431023,0.990345877097889
0.5100081699346405,0.492599171107164,0.9903425443484004
0.5110294117647058,0.492599171107164,0.9903087824808092
0.5110294117647058,0.4931912374185909,0.9903086349999036
0.5130718954248366,0.4931912374185909,0.9902880261397424
0.5130718954248366,0.4937833037300178,0.9902877759595616
0.5134803921568627,0.4937833037300178,0.9902843472889312
0.5134803921568627,0.49437537004144466,0.9902828761695596
0.5149101307189542,0.49437537004144466,0.990264212345106
0.5149101307189542,0.49496743635287155,0.9902638468294632
0.5157271241830066,0.49496743635287155,0.9902546041499192
0.5157271241830066,0.4955595026642984,0.9902545708587148
0.5159313725490197,0.4955595026642984,0.9902510860054472
0.5159313725490197,0.49615156897572527,0.9902481081037948
0.5165441176470589,0.49615156897572527,0.9902349001209194
0.5165441176470589,0.49674363528715215,0.9902305832063972
0.5173611111111112,0.49674363528715215,0.9902129208923932
0.5173611111111112,0.4979277679100059,0.990204110405326
0.5179738562091504,0.4979277679100059,0.9901763868328636
0.5179738562091504,0.5002960331557135,0.9901691678031308
0.5181781045751634,0.5002960331557135,0.9901688875049371
0.5181781045751634,0.5008880994671403,0.9901686301503024
0.5185866013071896,0.5008880994671403,0.9901604434793596
0.5185866013071896,0.5014801657785672,0.99015806285273
0.5194035947712419,0.5014801657785672,0.990152404625928
0.5194035947712419,0.5026642984014209,0.9901492752602372
0.5200163398692811,0.5026642984014209,0.9901352585693188
0.5200163398692811,0.5032563647128478,0.9901350899508732
0.5204248366013072,0.5032563647128478,0.9901311208567728
0.5204248366013072,0.5038484310242747,0.9901284929890626
0.5216503267973857,0.5038484310242747,0.990112726930202
0.5216503267973857,0.5044404973357016,0.9901114345333344
0.5218545751633987,0.5044404973357016,0.9901091320247162
0.5218545751633987,0.5050325636471285,0.990106765206434
0.522671568627451,0.5050325636471285,0.9901012811782994
0.522671568627451,0.5056246299585554,0.9901000440657136
0.5230800653594772,0.5056246299585554,0.9900946545819204
0.5230800653594772,0.5062166962699822,0.990094115501565
0.5232843137254902,0.5062166962699822,0.9900920472678594
0.5232843137254902,0.5068087625814092,0.990090980293769
0.5259395424836601,0.5068087625814092,0.9900378490209883
0.5259395424836601,0.5079928952042628,0.9900312740557768
0.5261437908496732,0.5079928952042628,0.9900271607873056
0.5261437908496732,0.5085849615156898,0.9900245624463976
0.5263480392156863,0.5085849615156898,0.9900233270345538
0.5263480392156863,0.5091770278271166,0.9900224546122404
0.5265522875816994,0.5091770278271166,0.990021747258352
0.5265522875816994,0.5097690941385435,0.9900193767010008
0.5267565359477124,0.5097690941385435,0.9900181437890692
0.5267565359477124,0.5103611604499704,0.9900178830934196
0.5269607843137255,0.5103611604499704,0.9900171048617948
0.5269607843137255,0.5109532267613973,0.990006157535254
0.5271650326797386,0.5109532267613973,0.9900051624787808
0.5271650326797386,0.5115452930728241,0.9900050287713232
0.5273692810457516,0.5115452930728241,0.9899993410861504
0.5273692810457516,0.5121373593842511,0.9899974208579404
0.5281862745098039,0.5121373593842511,0.9899878050588278
0.5281862745098039,0.5127294256956779,0.9899866183262572
0.5287990196078431,0.5127294256956779,0.9899769450583332
0.5287990196078431,0.5133214920071048,0.9899731395793184
0.5300245098039216,0.5133214920071048,0.9899636401034676
0.5300245098039216,0.5145056246299585,0.9899612599385792
0.5304330065359477,0.5145056246299585,0.9899574526525076
0.5304330065359477,0.5168738898756661,0.9899503617984632
0.5306372549019608,0.5168738898756661,0.9899498995250602
0.5306372549019608,0.5180580224985198,0.9899460272511332
0.5310457516339869,0.5180580224985198,0.989937045839075
0.5310457516339869,0.5186500888099467,0.9899347973001648
0.53125,0.5186500888099467,0.989930191582106
0.53125,0.5192421551213736,0.9899265274150072
0.5337009803921569,0.5192421551213736,0.9898748279330204
0.5337009803921569,0.5198342214328004,0.98987277281806
0.5339052287581699,0.5198342214328004,0.9898691092094668
0.5339052287581699,0.5204262877442274,0.9898689130257864
0.5347222222222222,0.5204262877442274,0.9898526718401712
0.5347222222222222,0.5210183540556542,0.9898506063293386
0.5359477124183006,0.5210183540556542,0.98982123542222
0.5359477124183006,0.522202486678508,0.9898038613598908
0.5361519607843137,0.522202486678508,0.989798898761574
0.5361519607843137,0.5227945529899348,0.9897971240053044
0.5367647058823529,0.5227945529899348,0.989789614326864
0.5367647058823529,0.5233866193013618,0.9897886492660192
0.5371732026143791,0.5233866193013618,0.9897876926832972
0.5371732026143791,0.5239786856127886,0.9897801396152108
0.5377859477124183,0.5239786856127886,0.9897755582234148
0.5377859477124183,0.5245707519242155,0.989773856168995
0.5402369281045751,0.5245707519242155,0.9897215704951944
0.5402369281045751,0.5257548845470693,0.9897177319429484
0.5404411764705882,0.5257548845470693,0.9897174049480026
0.5404411764705882,0.5263469508584961,0.98971354851818
0.5410539215686274,0.5263469508584961,0.9896993309586176
0.5410539215686274,0.5269390171699231,0.989698107487536
0.5420751633986928,0.5269390171699231,0.989671597181604
0.5420751633986928,0.5275310834813499,0.9896703999143656
0.5422794117647058,0.5275310834813499,0.9896701587427446
0.5422794117647058,0.5281231497927767,0.9896640494993824
0.5461601307189542,0.5281231497927767,0.9896168611726022
0.5461601307189542,0.5287152161042037,0.9896155361622588
0.5475898692810458,0.5287152161042037,0.989605590816975
0.5475898692810458,0.5293072824156305,0.989603421249354
0.5484068627450981,0.5293072824156305,0.9895931251997084
0.5484068627450981,0.5298993487270575,0.9895914762372712
0.5486111111111112,0.5298993487270575,0.9895893069010806
0.5486111111111112,0.5304914150384843,0.9895868129397996
0.5490196078431373,0.5304914150384843,0.9895815596407604
0.5490196078431373,0.5310834813499112,0.9895808382680032
0.5494281045751634,0.5310834813499112,0.9895693764196656
0.5494281045751634,0.5316755476613381,0.9895630165842516
0.5500408496732027,0.5316755476613381,0.989556191942683
0.5500408496732027,0.5322676139727649,0.9895494795389128
0.5518790849673203,0.5322676139727649,0.9894974711763784
0.5518790849673203,0.5328596802841918,0.989493530752118
0.5526960784313726,0.5328596802841918,0.9894816786858608
0.5526960784313726,0.5334517465956187,0.989479675657486
0.5533088235294118,0.5334517465956187,0.9894698367903954
0.5533088235294118,0.5340438129070456,0.989464101778038
0.5557598039215687,0.5340438129070456,0.9894222662515308
0.5557598039215687,0.5346358792184724,0.9894201793117684
0.5559640522875817,0.5346358792184724,0.9894149616753348
0.5559640522875817,0.5352279455298994,0.9894118364716632
0.5565767973856209,0.5352279455298994,0.9893949619745126
0.5565767973856209,0.5358200118413262,0.9893910323530956
0.5575980392156863,0.5358200118413262,0.9893658984910504
0.5575980392156863,0.5364120781527532,0.9893640027594376
0.5580065359477124,0.5364120781527532,0.9893594434776458
0.5580065359477124,0.53700414446418,0.9893506702058203
0.5598447712418301,0.53700414446418,0.9893108132551192
0.5598447712418301,0.5381882770870338,0.9893057188370468
0.5600490196078431,0.5381882770870338,0.9893034269390876
0.5600490196078431,0.5387803433984606,0.98930196807204
0.5618872549019608,0.5387803433984606,0.9892779202270175
0.5618872549019608,0.5393724097098875,0.98927258497812
0.5625,0.5393724097098875,0.9892664363179128
0.5625,0.5399644760213144,0.9892662609123024
0.5627042483660131,0.5399644760213144,0.9892640447443092
0.5627042483660131,0.5405565423327413,0.989263299918707
0.5633169934640523,0.5405565423327413,0.9892565843557436
0.5633169934640523,0.5411486086441681,0.9892553942438308
0.5635212418300654,0.5411486086441681,0.9892498760964454
0.5635212418300654,0.5417406749555951,0.9892452503256632
0.5643382352941176,0.5417406749555951,0.9892359753616472
0.5643382352941176,0.5423327412670219,0.9892353376411402
0.5649509803921569,0.5423327412670219,0.9892241535284492
0.5649509803921569,0.5429248075784487,0.9892212232283084
0.5669934640522876,0.5429248075784487,0.9891873351355632
0.5669934640522876,0.5441089402013025,0.989182852508981
0.5671977124183006,0.5441089402013025,0.9891807365256232
0.5671977124183006,0.5447010065127295,0.9891790605404878
0.5692401960784313,0.5447010065127295,0.9891480679700752
0.5692401960784313,0.5476613380698638,0.9891302362756024
0.5696486928104575,0.5476613380698638,0.9891190054913956
0.5696486928104575,0.5488454706927176,0.9891154148150744
0.5702614379084967,0.5488454706927176,0.9891016503498264
0.5702614379084967,0.5494375370041444,0.9890986334506756
0.5706699346405228,0.5494375370041444,0.9890901142995
0.5706699346405228,0.551805802249852,0.9890652212394796
0.571078431372549,0.551805802249852,0.9890640291212028
0.571078431372549,0.5523978685612788,0.9890635133324864
0.5718954248366013,0.5523978685612788,0.9890461378023978
0.5718954248366013,0.5529899348727058,0.9890442959105514
0.5731209150326797,0.5529899348727058,0.9890311373714143
0.5731209150326797,0.5535820011841326,0.989031004408838
0.5751633986928104,0.5535820011841326,0.9889922835474492
0.5751633986928104,0.5541740674955595,0.988989188950856
0.5763888888888888,0.5541740674955595,0.988977511236676
0.5763888888888888,0.5547661338069864,0.9889761826276836
0.576797385620915,0.5547661338069864,0.9889710277565428
0.576797385620915,0.5553582001184133,0.988969710740023
0.5774101307189542,0.5553582001184133,0.9889535827883787
0.5774101307189542,0.5559502664298401,0.9889456602079922
0.5780228758169934,0.5559502664298401,0.988931975335501
0.5780228758169934,0.5571343990526939,0.9889270482119312
0.5782271241830066,0.5571343990526939,0.988926024976546
0.5782271241830066,0.5577264653641207,0.988925333217758
0.5786356209150327,0.5577264653641207,0.9889198020942676
0.5786356209150327,0.5600947306098283,0.9889062289880716
0.579452614379085,0.5600947306098283,0.98889837259245
0.579452614379085,0.5624629958555358,0.9888698694225656
0.5798611111111112,0.5624629958555358,0.9888628993148842
0.5798611111111112,0.5630550621669627,0.9888628075582336
0.5800653594771242,0.5630550621669627,0.9888471371853425
0.5800653594771242,0.5642391947898164,0.988826712078036
0.5804738562091504,0.5642391947898164,0.9888224441691004
0.5804738562091504,0.5648312611012434,0.9888201371331
0.5808823529411765,0.5648312611012434,0.9888165600096216
0.5808823529411765,0.5654233274126702,0.9888159964698802
0.5827205882352942,0.5654233274126702,0.988769609830782
0.5827205882352942,0.566607460035524,0.9887663329681716
0.5831290849673203,0.566607460035524,0.9887595209390208
0.5831290849673203,0.5671995263469508,0.9887511647710594
0.585171568627451,0.5671995263469508,0.9887208452707936
0.585171568627451,0.5677915926583778,0.9887185457039372
0.5863970588235294,0.5677915926583778,0.9887027924903372
0.5863970588235294,0.5683836589698046,0.9886944726523426
0.5868055555555556,0.5683836589698046,0.9886881885407804
0.5868055555555556,0.5689757252812315,0.9886795186980528
0.5872140522875817,0.5689757252812315,0.988671552227588
0.5872140522875817,0.5701598579040853,0.9886688091240146
0.5874183006535948,0.5701598579040853,0.9886684904836888
0.5874183006535948,0.5707519242155121,0.988664403516498
0.5876225490196079,0.5707519242155121,0.9886578435710144
0.5876225490196079,0.5713439905269391,0.9886563289025828
0.5886437908496732,0.5713439905269391,0.9886468908013568
0.5886437908496732,0.5719360568383659,0.988644916533217
0.5890522875816994,0.5719360568383659,0.9886425572922048
0.5890522875816994,0.5725281231497927,0.9886338920377508
0.5892565359477124,0.5725281231497927,0.9886300777317314
0.5892565359477124,0.5731201894612197,0.9886278401618912
0.5894607843137255,0.5731201894612197,0.9886165629103753
0.5894607843137255,0.5748963883955003,0.9886071542233033
0.5900735294117647,0.5748963883955003,0.9885955817978748
0.5900735294117647,0.5754884547069272,0.9885886068019404
0.5904820261437909,0.5754884547069272,0.988580733900838
0.5904820261437909,0.576080521018354,0.9885771003442636
0.5912990196078431,0.576080521018354,0.9885633183124344
0.5912990196078431,0.5766725873297809,0.988560912885529
0.5919117647058824,0.5766725873297809,0.988547882551642
0.5919117647058824,0.5772646536412078,0.988541506669814
0.5925245098039216,0.5772646536412078,0.988536148711696
0.5925245098039216,0.5778567199526347,0.9885357031794804
0.5933415032679739,0.5778567199526347,0.9885248691857348
0.5933415032679739,0.5790408525754884,0.988522142159785
0.5935457516339869,0.5790408525754884,0.9885212500166888
0.5935457516339869,0.5802249851983422,0.9885143772260228
0.5949754901960784,0.5802249851983422,0.9884928525310448
0.5949754901960784,0.5808170515097691,0.988489510955755
0.5953839869281046,0.5808170515097691,0.9884722619748936
0.5953839869281046,0.581409117821196,0.9884646208807903
0.5962009803921569,0.581409117821196,0.9884522244524748
0.5962009803921569,0.5820011841326228,0.9884479591883124
0.5968137254901961,0.5820011841326228,0.9884395501600058
0.5968137254901961,0.5825932504440497,0.9884389267145666
0.5974264705882353,0.5825932504440497,0.988433607063635
0.5974264705882353,0.5831853167554766,0.9884297574471604
0.5980392156862745,0.5831853167554766,0.988415068068352
0.5980392156862745,0.5837773830669035,0.9884143427918408
0.599468954248366,0.5837773830669035,0.9884052043591992
0.599468954248366,0.5843694493783304,0.9884016843637056
0.5996732026143791,0.5843694493783304,0.9884012524212636
0.5996732026143791,0.5849615156897573,0.9883998319989058
0.6011029411764706,0.5849615156897573,0.9883856032899748
0.6011029411764706,0.5861456483126111,0.9883840218651349
0.6015114379084967,0.5861456483126111,0.9883705286671408
0.6015114379084967,0.5867377146240379,0.988368799791684
0.6019199346405228,0.5867377146240379,0.9883659448171294
0.6019199346405228,0.5885139135583185,0.9883557608236836
0.6027369281045751,0.5885139135583185,0.9883449460490106
0.6027369281045751,0.5891059798697454,0.9883448766866558
0.6047794117647058,0.5891059798697454,0.9883117082754144
0.6047794117647058,0.5902901124925992,0.9883114324957004
0.605187908496732,0.5902901124925992,0.9883057360150668
0.605187908496732,0.590882178804026,0.9883050087866618
0.6058006535947712,0.590882178804026,0.988286522035644
0.6058006535947712,0.5914742451154529,0.9882778223077868
0.6060049019607843,0.5914742451154529,0.9882775002015828
0.6060049019607843,0.5920663114268798,0.9882750161122824
0.6062091503267973,0.5920663114268798,0.9882730243799288
0.6062091503267973,0.5926583777383067,0.9882715447761304
0.6078431372549019,0.5926583777383067,0.9882587896862174
0.6078431372549019,0.5938425103611604,0.988252060806016
0.6092728758169934,0.5938425103611604,0.988227106548651
0.6092728758169934,0.5950266429840142,0.988222827759
0.6102941176470589,0.5950266429840142,0.9882120486120448
0.6102941176470589,0.5956187092954411,0.988209341204076
0.610702614379085,0.5956187092954411,0.9881986567380796
0.610702614379085,0.596210775606868,0.988197210402468
0.613562091503268,0.596210775606868,0.988150410952731
0.613562091503268,0.5973949082297217,0.9881428868239732
0.6143790849673203,0.5973949082297217,0.9881156131532878
0.6143790849673203,0.5979869745411486,0.9881125758517492
0.6147875816993464,0.5979869745411486,0.9881106734622752
0.6147875816993464,0.5985790408525755,0.9881105564425268
0.6151960784313726,0.5985790408525755,0.9881064757602722
0.6151960784313726,0.5997631734754293,0.9880892910532793
0.6154003267973857,0.5997631734754293,0.9880866929303668
0.6154003267973857,0.6003552397868561,0.988084448484878
0.6158088235294118,0.6003552397868561,0.9880760427110624
0.6158088235294118,0.6015393724097099,0.9880667676005396
0.6205065359477124,0.6015393724097099,0.9879759048673132
0.6205065359477124,0.6027235050325637,0.98797225465347
0.6215277777777778,0.6027235050325637,0.9879511510587482
0.6215277777777778,0.6033155713439905,0.9879504202990236
0.6217320261437909,0.6033155713439905,0.9879452112424388
0.6217320261437909,0.6039076376554174,0.9879390960084744
0.6229575163398693,0.6039076376554174,0.9879278769869032
0.6229575163398693,0.6044997039668443,0.9879278574325194
0.6233660130718954,0.6044997039668443,0.9879040588987996
0.6233660130718954,0.605683836589698,0.9878955518880131
0.6237745098039216,0.605683836589698,0.987885326645454
0.6237745098039216,0.6086441681468324,0.9878680631110996
0.6239787581699346,0.6086441681468324,0.9878625337342508
0.6239787581699346,0.6092362344582594,0.9878531546768065
0.6258169934640523,0.6092362344582594,0.9878144717134144
0.6258169934640523,0.6098283007696862,0.9878135183515332
0.6262254901960784,0.6098283007696862,0.9878008189394354
0.6262254901960784,0.6104203670811131,0.9878003276019244
0.6266339869281046,0.6104203670811131,0.9877841574703664
0.6266339869281046,0.6116044997039668,0.9877541648287518
0.6270424836601307,0.6116044997039668,0.9877358863720715
0.6270424836601307,0.6121965660153937,0.9877212216927368
0.6274509803921569,0.6121965660153937,0.9877134954269092
0.6274509803921569,0.6133806986382475,0.987710977833888
0.630718954248366,0.6133806986382475,0.987653324918352
0.630718954248366,0.6157489638839551,0.9876394748543736
0.6313316993464052,0.6157489638839551,0.9876254429437824
0.6313316993464052,0.6163410301953819,0.9876222438467216
0.6315359477124183,0.6163410301953819,0.9876162129501174
0.6315359477124183,0.6169330965068087,0.9876130497260396
0.6327614379084967,0.6169330965068087,0.9875851100937844
0.6327614379084967,0.6175251628182357,0.9875825763218388
0.633578431372549,0.6175251628182357,0.9875570445971812
0.633578431372549,0.6181172291296625,0.9875543073718092
0.6350081699346405,0.6181172291296625,0.9875347192784608
0.6350081699346405,0.6193013617525163,0.987513431128151
0.6352124183006536,0.6193013617525163,0.9875119449380918
0.6352124183006536,0.6198934280639432,0.9875036677394182
0.6356209150326797,0.6198934280639432,0.9874942054781648
0.6356209150326797,0.6216696269982238,0.9874818042655068
0.6360294117647058,0.6216696269982238,0.9874553526320646
0.6360294117647058,0.6222616933096506,0.9874550216732096
0.636437908496732,0.6222616933096506,0.9874407257971456
0.636437908496732,0.6228537596210776,0.98743729661505
0.6380718954248366,0.6228537596210776,0.9874073787392008
0.6380718954248366,0.6234458259325044,0.9874012000313346
0.6382761437908496,0.6234458259325044,0.987398963948864
0.6382761437908496,0.625814091178212,0.987388052309898
0.6386846405228758,0.625814091178212,0.987380020935034
0.6386846405228758,0.6264061574896388,0.9873777530019217
0.6405228758169934,0.6264061574896388,0.9873437411235289
0.6405228758169934,0.6275902901124926,0.9873301754728864
0.6407271241830066,0.6275902901124926,0.9873296389759952
0.6407271241830066,0.6281823564239195,0.9873292532544438
0.6409313725490197,0.6281823564239195,0.9873251998528668
0.6409313725490197,0.6287744227353463,0.9873248180906812
0.6415441176470589,0.6287744227353463,0.987315548860804
0.6415441176470589,0.6293664890467733,0.9873137370670986
0.6427696078431373,0.6293664890467733,0.987290173599572
0.6427696078431373,0.6299585553582001,0.9872881394315104
0.6431781045751634,0.6299585553582001,0.9872788233219876
0.6431781045751634,0.6317347542924807,0.9872626834695276
0.6462418300653595,0.6317347542924807,0.9872001379521986
0.6462418300653595,0.6323268206039077,0.9871982508240064
0.6472630718954249,0.6323268206039077,0.9871736422691224
0.6472630718954249,0.6329188869153345,0.9871726584412236
0.647671568627451,0.6329188869153345,0.9871485151281838
0.647671568627451,0.6341030195381883,0.9871431016124323
0.6484885620915033,0.6341030195381883,0.9871354101647414
0.6484885620915033,0.6346950858496152,0.9871277283107428
0.6507352941176471,0.6346950858496152,0.9870857496588916
0.6507352941176471,0.635287152161042,0.9870823665946884
0.6511437908496732,0.635287152161042,0.9870698974167892
0.6511437908496732,0.6358792184724689,0.9870555112363872
0.6515522875816994,0.6358792184724689,0.987053022151926
0.6515522875816994,0.6370633510953226,0.9870523593129704
0.6517565359477124,0.6370633510953226,0.9870404597202886
0.6517565359477124,0.6376554174067496,0.9870362474900798
0.6521650326797386,0.6376554174067496,0.9870260642974232
0.6521650326797386,0.6382474837181764,0.9870252047119896
0.6525735294117647,0.6382474837181764,0.9870207884981036
0.6525735294117647,0.6388395500296034,0.987011642089176
0.653390522875817,0.6388395500296034,0.986996217463424
0.653390522875817,0.6394316163410302,0.9869946165958704
0.6558415032679739,0.6394316163410302,0.9869409310040924
0.6558415032679739,0.6400236826524571,0.9869333615672352
0.6564542483660131,0.6400236826524571,0.9869278917130242
0.6564542483660131,0.6412078152753108,0.9869215956742728
0.6566584967320261,0.6412078152753108,0.986917842342655
0.6566584967320261,0.6417998815867377,0.98691391596575
0.6576797385620915,0.6417998815867377,0.9868719832533503
0.6576797385620915,0.6429840142095915,0.9868624428270864
0.6582924836601307,0.6429840142095915,0.9868263952790186
0.6582924836601307,0.6441681468324453,0.9868011637736448
0.6587009803921569,0.6441681468324453,0.9867822374781312
0.6587009803921569,0.6471284783895797,0.9867719570753796
0.6589052287581699,0.6471284783895797,0.986752026858764
0.6589052287581699,0.6477205447010065,0.9867459589016596
0.6601307189542484,0.6477205447010065,0.9867276481514428
0.6601307189542484,0.6483126110124334,0.9867166367831768
0.6609477124183006,0.6483126110124334,0.9866877114545096
0.6609477124183006,0.6489046773238603,0.9866846028693874
0.6623774509803921,0.6489046773238603,0.986651522608617
0.6623774509803921,0.6494967436352872,0.986645657900709
0.6627859477124183,0.6494967436352872,0.9866430080387968
0.6627859477124183,0.6512729425695678,0.9866356313762435
0.6631944444444444,0.6512729425695678,0.9866320356830368
0.6631944444444444,0.6524570751924216,0.9866260054026632
0.6633986928104575,0.6524570751924216,0.9866256607760536
0.6633986928104575,0.6530491415038484,0.9866138047983052
0.6644199346405228,0.6530491415038484,0.9866007812473436
0.6644199346405228,0.6536412078152753,0.986594135353009
0.6652369281045751,0.6536412078152753,0.9865893082551398
0.6652369281045751,0.6542332741267022,0.986570880019792
0.6664624183006536,0.6542332741267022,0.9865623566343408
0.6664624183006536,0.6548253404381291,0.986562178468225
0.6680964052287581,0.6548253404381291,0.986525902709108
0.6680964052287581,0.655417406749556,0.98651664770448
0.6693218954248366,0.655417406749556,0.9864960729927978
0.6693218954248366,0.6560094730609828,0.986495529487879
0.6695261437908496,0.6560094730609828,0.9864922506665608
0.6695261437908496,0.6566015393724097,0.9864906096690552
0.6697303921568627,0.6566015393724097,0.9864845890910234
0.6697303921568627,0.6571936056838366,0.9864796455335114
0.6699346405228758,0.6571936056838366,0.9864716599314958
0.6699346405228758,0.6577856719952635,0.9864709902571276
0.6711601307189542,0.6577856719952635,0.9864415220363096
0.6711601307189542,0.6583777383066903,0.9864314449682292
0.6713643790849673,0.6583777383066903,0.9864261566791848
0.6713643790849673,0.6589698046181173,0.9864228542371252
0.6717728758169934,0.6589698046181173,0.986421765711848
0.6717728758169934,0.6595618709295441,0.9864064126379188
0.6719771241830066,0.6595618709295441,0.9864035384346272
0.6719771241830066,0.6613380698638247,0.9863862896084226
0.6725898692810458,0.6613380698638247,0.986375415394479
0.6725898692810458,0.6619301361752516,0.9863653625817832
0.6727941176470589,0.6619301361752516,0.9863634356245152
0.6727941176470589,0.664890467732386,0.986350904921633
0.6738153594771242,0.664890467732386,0.986314472860337
0.6738153594771242,0.6654825340438129,0.9863072440435964
0.6744281045751634,0.6654825340438129,0.9862877151107936
0.6744281045751634,0.6660746003552398,0.9862831892148552
0.6754493464052288,0.6660746003552398,0.9862550635869738
0.6754493464052288,0.6666666666666666,0.9862499886929148
0.6766748366013072,0.6666666666666666,0.9862158954701604
0.6766748366013072,0.6684428656009473,0.9861948410525748
0.6774918300653595,0.6684428656009473,0.9861775631766304
0.6774918300653595,0.6690349319123742,0.9861753067436224
0.6776960784313726,0.6690349319123742,0.986173990021676
0.6776960784313726,0.6696269982238011,0.986157104351946
0.6787173202614379,0.6696269982238011,0.9861402788960149
0.6787173202614379,0.6708111308466548,0.9861257142480836
0.678921568627451,0.6708111308466548,0.986124254694146
0.678921568627451,0.6714031971580817,0.9861161292152856
0.6791258169934641,0.6714031971580817,0.9861147122411846
0.6791258169934641,0.6719952634695086,0.9861060291508076
0.6803513071895425,0.6719952634695086,0.986075018744285
0.6803513071895425,0.6725873297809355,0.9860687724515996
0.6805555555555556,0.6725873297809355,0.9860536605343684
0.6805555555555556,0.6743635287152161,0.986042643801625
0.6834150326797386,0.6743635287152161,0.9860069021333862
0.6834150326797386,0.6749555950266429,0.9860014245401572
0.6840277777777778,0.6749555950266429,0.9859810618654048
0.6840277777777778,0.6761397276494967,0.9859734149030336
0.6844362745098039,0.6761397276494967,0.9859623247186312
0.6844362745098039,0.6767317939609236,0.985953745146448
0.6852532679738562,0.6767317939609236,0.985938369961509
0.6852532679738562,0.6773238602723505,0.9859379008472856
0.6854575163398693,0.6773238602723505,0.9859376333938952
0.6854575163398693,0.6779159265837774,0.9859374614253498
0.6856617647058824,0.6779159265837774,0.9859282321016176
0.6856617647058824,0.6785079928952042,0.9859245469508466
0.6864787581699346,0.6785079928952042,0.9859127652903612
0.6864787581699346,0.6791000592066312,0.985912685370046
0.6875,0.6791000592066312,0.9858961047446476
0.6875,0.6808762581409118,0.9858831079886166
0.6877042483660131,0.6808762581409118,0.9858819245848514
0.6877042483660131,0.6814683244523386,0.9858790987953608
0.6883169934640523,0.6814683244523386,0.9858561551688454
0.6883169934640523,0.6820603907637656,0.9858561265429404
0.6891339869281046,0.6820603907637656,0.9858461289338388
0.6891339869281046,0.6826524570751924,0.9858441881251618
0.6897467320261438,0.6826524570751924,0.9858211528195132
0.6897467320261438,0.6832445233866193,0.9858202693650158
0.6899509803921569,0.6832445233866193,0.9858095830921858
0.6899509803921569,0.6838365896980462,0.9858091509360531
0.6901552287581699,0.6838365896980462,0.9858085660713752
0.6901552287581699,0.6850207223208999,0.9857654923729902
0.6905637254901961,0.6850207223208999,0.9857631028879824
0.6905637254901961,0.6856127886323268,0.985761797095202
0.6907679738562091,0.6856127886323268,0.985756560951047
0.6907679738562091,0.6862048549437537,0.985753594235039
0.693218954248366,0.6862048549437537,0.9856946058251552
0.693218954248366,0.6873889875666075,0.985683036851936
0.6938316993464052,0.6873889875666075,0.985662618207017
0.6938316993464052,0.6879810538780343,0.985652008348202
0.6942401960784313,0.6879810538780343,0.9856474703585674
0.6942401960784313,0.6891651865008881,0.9856441007488606
0.6954656862745098,0.6891651865008881,0.9856179726889296
0.6954656862745098,0.6903493191237419,0.9856100944018852
0.6966911764705882,0.6903493191237419,0.9855917494367484
0.6966911764705882,0.6909413854351687,0.985591683848048
0.6985294117647058,0.6909413854351687,0.9855465632326272
0.6985294117647058,0.6915334517465956,0.9855362642311334
0.6991421568627451,0.6915334517465956,0.985529854688234
0.6991421568627451,0.6927175843694494,0.9855007197069472
0.6999591503267973,0.6927175843694494,0.9854851315469096
0.6999591503267973,0.6939017169923032,0.9854596049423392
0.7011846405228758,0.6939017169923032,0.9854426564461702
0.7011846405228758,0.69449378330373,0.9854408662649508
0.7013888888888888,0.69449378330373,0.9854391115556668
0.7013888888888888,0.6950858496151568,0.985435421823682
0.7026143790849673,0.6950858496151568,0.9853980152596388
0.7026143790849673,0.6956779159265838,0.9853934154522004
0.7046568627450981,0.6956779159265838,0.9853430354293856
0.7046568627450981,0.6968620485494376,0.9853368950786584
0.7054738562091504,0.6968620485494376,0.9853123913654014
0.7054738562091504,0.6974541148608644,0.985309667548071
0.707312091503268,0.6974541148608644,0.985270859981072
0.707312091503268,0.6980461811722913,0.985268393220299
0.7081290849673203,0.6980461811722913,0.9852304867942528
0.7081290849673203,0.6986382474837182,0.9852215978799884
0.7103758169934641,0.6986382474837182,0.9851581845420434
0.7103758169934641,0.6992303137951451,0.9851416257606986
0.7107843137254902,0.6992303137951451,0.9851330803503592
0.7107843137254902,0.6998223801065719,0.9851247040197172
0.7111928104575164,0.6998223801065719,0.9851215854380776
0.7111928104575164,0.7010065127294257,0.9851163001829176
0.7118055555555556,0.7010065127294257,0.9851050692354376
0.7118055555555556,0.7015985790408525,0.9851005563341146
0.7134395424836601,0.7015985790408525,0.9850379988912596
0.7134395424836601,0.7033747779751333,0.985028001260014
0.7138480392156863,0.7033747779751333,0.9850216265228172
0.7138480392156863,0.7039668442865601,0.9849972806760174
0.7169117647058824,0.7039668442865601,0.9849024173024084
0.7169117647058824,0.7045589105979869,0.9848902130555836
0.7175245098039216,0.7045589105979869,0.9848854344335032
0.7175245098039216,0.7051509769094139,0.9848826904765504
0.7181372549019608,0.7051509769094139,0.9848632734993588
0.7181372549019608,0.7057430432208407,0.9848611034869326
0.7193627450980392,0.7057430432208407,0.984829041545776
0.7193627450980392,0.7063351095322676,0.9847974292828175
0.7218137254901961,0.7063351095322676,0.9847315496301878
0.7218137254901961,0.7069271758436945,0.9847299933143674
0.7224264705882353,0.7069271758436945,0.9847178429637912
0.7224264705882353,0.7075192421551214,0.984715616889833
0.7236519607843137,0.7075192421551214,0.9846696406835274
0.7236519607843137,0.7081113084665482,0.9846694192016974
0.724468954248366,0.7081113084665482,0.98464445223066
0.724468954248366,0.7087033747779752,0.984637653611886
0.7256944444444444,0.7087033747779752,0.9845975399961012
0.7256944444444444,0.709295441089402,0.9845952078202704
0.7267156862745098,0.709295441089402,0.9845768471477964
0.7267156862745098,0.7098875074008288,0.9845734447147791
0.727328431372549,0.7098875074008288,0.9845599952353092
0.727328431372549,0.7104795737122558,0.9845441102461272
0.7277369281045751,0.7104795737122558,0.9845329278536076
0.7277369281045751,0.7110716400236826,0.984532096254702
0.7279411764705882,0.7110716400236826,0.9845245701921624
0.7279411764705882,0.7116637063351096,0.9845194298715814
0.7289624183006536,0.7116637063351096,0.9844898210359936
0.7289624183006536,0.7122557726465364,0.9844750172978995
0.7295751633986928,0.7122557726465364,0.9844697032464468
0.7295751633986928,0.7128478389579633,0.9844664611251904
0.7297794117647058,0.7128478389579633,0.9844638620475774
0.7297794117647058,0.7134399052693902,0.9844538265497168
0.7303921568627451,0.7134399052693902,0.9844478061224522
0.7303921568627451,0.7140319715808171,0.9844425313203732
0.7322303921568627,0.7140319715808171,0.9843865438852188
0.7322303921568627,0.7146240378922439,0.9843796223939978
0.7328431372549019,0.7146240378922439,0.9843385274678138
0.7328431372549019,0.7152161042036708,0.9843344714539928
0.7346813725490197,0.7152161042036708,0.9842503859386
0.7346813725490197,0.7164002368265245,0.9842357380495032
0.7348856209150327,0.7164002368265245,0.984231471499832
0.7348856209150327,0.7169923031379515,0.9842260411141086
0.7350898692810458,0.7169923031379515,0.9842248936947668
0.7350898692810458,0.7175843694493783,0.9842191906720544
0.7352941176470589,0.7175843694493783,0.98421716632065
0.7352941176470589,0.7181764357608053,0.9842161299374872
0.7361111111111112,0.7181764357608053,0.9841954393471946
0.7361111111111112,0.7187685020722321,0.9841918778753695
0.7363153594771242,0.7187685020722321,0.9841903551497831
0.7363153594771242,0.7193605683836589,0.9841839185472973
0.7375408496732027,0.7193605683836589,0.984169670910312
0.7375408496732027,0.7199526346950859,0.984166633830535
0.7379493464052288,0.7199526346950859,0.9841394930935154
0.7379493464052288,0.7223208999407934,0.9841166702983896
0.7393790849673203,0.7223208999407934,0.984088242238145
0.7393790849673203,0.7235050325636472,0.9840551098550177
0.7406045751633987,0.7235050325636472,0.98402247291316
0.7406045751633987,0.724097098875074,0.9840215925738558
0.7436683006535948,0.724097098875074,0.9839272706437094
0.7436683006535948,0.7246891651865008,0.9839155141401495
0.7438725490196079,0.7246891651865008,0.9839132377511592
0.7438725490196079,0.7258732978093546,0.9839021356467484
0.7444852941176471,0.7258732978093546,0.9838956977069316
0.7444852941176471,0.7288336293664891,0.9838723684688072
0.7465277777777778,0.7288336293664891,0.9837732317878976
0.7465277777777778,0.7294256956779159,0.9837731280288684
0.7467320261437909,0.7294256956779159,0.9837661566069292
0.7467320261437909,0.7306098283007697,0.983754175343188
0.747140522875817,0.7306098283007697,0.9837417077284432
0.747140522875817,0.7312018946121965,0.9837360399176622
0.7473447712418301,0.7312018946121965,0.9837353326619208
0.7473447712418301,0.7317939609236235,0.983726111846618
0.7481617647058824,0.7317939609236235,0.9837129919171532
0.7481617647058824,0.7323860272350503,0.9837090624308792
0.7485702614379085,0.7323860272350503,0.9837023562000852
0.7485702614379085,0.7329780935464772,0.9837000070963337
0.7495915032679739,0.7329780935464772,0.9836852005017258
0.7495915032679739,0.7347542924807579,0.9836686848600122
0.7538807189542484,0.7347542924807579,0.9835029422461156
0.7538807189542484,0.7359384251036116,0.9834936757224396
0.7540849673202614,0.7359384251036116,0.9834882671503068
0.7540849673202614,0.7365304914150385,0.983483933402946
0.7542892156862745,0.7365304914150385,0.9834802143386816
0.7542892156862745,0.7371225577264654,0.983474446655423
0.7546977124183006,0.7371225577264654,0.9834665965746212
0.7546977124183006,0.7383066903493192,0.9834591613616376
0.7551062091503268,0.7383066903493192,0.9834358334750906
0.7551062091503268,0.738898756660746,0.9834342261133576
0.7555147058823529,0.738898756660746,0.9834256029460162
0.7555147058823529,0.7394908229721728,0.9834231572922398
0.7559232026143791,0.7394908229721728,0.983375627445404
0.7559232026143791,0.7406749555950266,0.9833548250955142
0.7561274509803921,0.7406749555950266,0.9833470025840934
0.7561274509803921,0.7412670219064535,0.983336917766406
0.7563316993464052,0.7412670219064535,0.9833339657456152
0.7563316993464052,0.7418590882178804,0.9833268591045732
0.7565359477124183,0.7418590882178804,0.9833232911052812
0.7565359477124183,0.7424511545293073,0.9833058545841342
0.7567401960784313,0.7424511545293073,0.983302766599904
0.7567401960784313,0.7430432208407342,0.9832937387602384
0.7571486928104575,0.7430432208407342,0.9832838478170112
0.7571486928104575,0.7436352871521611,0.9832783736499636
0.7573529411764706,0.7436352871521611,0.9832740361913566
0.7573529411764706,0.7442273534635879,0.9832630027556346
0.7581699346405228,0.7442273534635879,0.9832159502255188
0.7581699346405228,0.7448194197750148,0.9832147400925612
0.7583741830065359,0.7448194197750148,0.9832129522871098
0.7583741830065359,0.7454114860864417,0.9832096535608648
0.758578431372549,0.7454114860864417,0.9832094722719912
0.758578431372549,0.7465956187092955,0.983206259694372
0.7587826797385621,0.7465956187092955,0.9832058747054652
0.7587826797385621,0.7471876850207223,0.9831943854157256
0.7618464052287581,0.7471876850207223,0.9830567339369768
0.7618464052287581,0.7477797513321492,0.9830421101887404
0.7628676470588235,0.7477797513321492,0.983025155697304
0.7628676470588235,0.7483718176435761,0.9830064206795576
0.7630718954248366,0.7483718176435761,0.9829970695917798
0.7630718954248366,0.7489638839550029,0.9829964450918768
0.7634803921568627,0.7489638839550029,0.9829568427828964
0.7634803921568627,0.7495559502664298,0.9829560390664064
0.7651143790849673,0.7495559502664298,0.9828938001780788
0.7651143790849673,0.7501480165778567,0.98288087481916
0.766748366013072,0.7501480165778567,0.9828381508837816
0.766748366013072,0.7507400828892836,0.9828317689695694
0.7689950980392157,0.7507400828892836,0.9827751907469052
0.7689950980392157,0.7513321492007105,0.9827671351285988
0.7696078431372549,0.7513321492007105,0.9827588044416592
0.7696078431372549,0.7525162818235642,0.982734506860056
0.769812091503268,0.7525162818235642,0.98273307540051
0.769812091503268,0.7531083481349912,0.9827310689372252
0.7700163398692811,0.7531083481349912,0.982728486672814
0.7700163398692811,0.753700414446418,0.9827266641293516
0.7710375816993464,0.753700414446418,0.9826816513676526
0.7710375816993464,0.7542924807578448,0.9826724368121672
0.7714460784313726,0.7542924807578448,0.9826541021843564
0.7714460784313726,0.7548845470692718,0.982649805413942
0.7716503267973857,0.7548845470692718,0.982640646589855
0.7716503267973857,0.7554766133806986,0.9826386879050756
0.7720588235294118,0.7554766133806986,0.9826297213904344
0.7720588235294118,0.7566607460035524,0.9826275815444494
0.7722630718954249,0.7566607460035524,0.9826244012052944
0.7722630718954249,0.7572528123149793,0.9825955862292906
0.7734885620915033,0.7572528123149793,0.982551122877672
0.7734885620915033,0.7578448786264061,0.9825484005239196
0.7749183006535948,0.7578448786264061,0.9825129854566244
0.7749183006535948,0.7584369449378331,0.9825048290689848
0.7771650326797386,0.7584369449378331,0.9824223381643324
0.7771650326797386,0.7590290112492599,0.9824212602394892
0.7777777777777778,0.7590290112492599,0.9824089589170222
0.7777777777777778,0.7596210775606868,0.9824050946792476
0.7798202614379085,0.7596210775606868,0.9823475953289244
0.7798202614379085,0.7602131438721137,0.9823457090930564
0.7800245098039216,0.7602131438721137,0.982303862404554
0.7800245098039216,0.7613972764949675,0.9822914292794422
0.7806372549019608,0.7613972764949675,0.9822730775255696
0.7806372549019608,0.7625814091178212,0.9822539883635736
0.7816584967320261,0.7625814091178212,0.9822351815145548
0.7816584967320261,0.7631734754292481,0.98222165670572
0.7818627450980392,0.7631734754292481,0.9822193002778628
0.7818627450980392,0.7643576080521018,0.9822085559816078
0.7820669934640523,0.7643576080521018,0.982205862715559
0.7820669934640523,0.7649496743635287,0.98218908608763
0.7824754901960784,0.7649496743635287,0.9821853390331066
0.7824754901960784,0.7667258732978094,0.9821713519213568
0.7828839869281046,0.7667258732978094,0.982155838363808
0.7828839869281046,0.7673179396092362,0.982124427890538
0.7834967320261438,0.7673179396092362,0.9821018704806714
0.7834967320261438,0.76850207223209,0.9820787471848248
0.7839052287581699,0.76850207223209,0.9820405818735984
0.7839052287581699,0.7696862048549438,0.9820202957854928
0.7843137254901961,0.7696862048549438,0.9820062780297424
0.7843137254901961,0.7708703374777975,0.9819934850019544
0.7849264705882353,0.7708703374777975,0.9819571587563236
0.7849264705882353,0.7720544701006513,0.9819528944598171
0.7855392156862745,0.7720544701006513,0.9819169442151704
0.7855392156862745,0.7726465364120781,0.9819146548148454
0.7857434640522876,0.7726465364120781,0.9819046572533696
0.7857434640522876,0.7732386027235051,0.9819011459318026
0.7875816993464052,0.7732386027235051,0.9818421547483976
0.7875816993464052,0.7738306690349319,0.9818401868666516
0.7892156862745098,0.7738306690349319,0.981777033751782
0.7892156862745098,0.7744227353463587,0.9817743645459932
0.789828431372549,0.7744227353463587,0.981756876022008
0.789828431372549,0.7750148016577857,0.9817464571371431
0.7902369281045751,0.7750148016577857,0.981721033748714
0.7902369281045751,0.7756068679692125,0.9817206558660424
0.7904411764705882,0.7756068679692125,0.9817156645917422
0.7904411764705882,0.7761989342806395,0.9816946627274524
0.7910539215686274,0.7761989342806395,0.9816669282634658
0.7910539215686274,0.7767910005920663,0.9816466723208714
0.7912581699346405,0.7767910005920663,0.9816442904217476
0.7912581699346405,0.7773830669034932,0.981635195272873
0.7943218954248366,0.7773830669034932,0.9815206508356124
0.7943218954248366,0.7779751332149201,0.9815122157270452
0.7953431372549019,0.7779751332149201,0.9814566865053812
0.7953431372549019,0.7785671995263469,0.98145201128386
0.795751633986928,0.7785671995263469,0.981444667218625
0.795751633986928,0.7797513321492007,0.9814294899792086
0.7959558823529411,0.7797513321492007,0.9814242071007496
0.7959558823529411,0.7803433984606276,0.9814199170103924
0.7961601307189542,0.7803433984606276,0.981414130585736
0.7961601307189542,0.7815275310834814,0.9814052454438922
0.7967728758169934,0.7815275310834814,0.9813770416401736
0.7967728758169934,0.7821195973949082,0.9813731989027484
0.7986111111111112,0.7821195973949082,0.9812963751211146
0.7986111111111112,0.7844878626406158,0.9812727949918928
0.8004493464052288,0.7844878626406158,0.98123089250893
0.8004493464052288,0.7856719952634695,0.9812081094071056
0.801062091503268,0.7856719952634695,0.9811660133346736
0.801062091503268,0.7862640615748964,0.9811584186489584
0.8016748366013072,0.7862640615748964,0.9811436217018146
0.8016748366013072,0.7868561278863233,0.981123255660483
0.8018790849673203,0.7868561278863233,0.9811162153960122
0.8018790849673203,0.7874481941977501,0.9811037114077048
0.8029003267973857,0.7874481941977501,0.9810688261114228
0.8029003267973857,0.7880402605091771,0.981066450617927
0.8041258169934641,0.7880402605091771,0.9810329916424584
0.8041258169934641,0.7886323268206039,0.9810188822584118
0.8043300653594772,0.7886323268206039,0.98100504572672
0.8043300653594772,0.7892243931320307,0.9809744977098962
0.8045343137254902,0.7892243931320307,0.9809650881118126
0.8045343137254902,0.7898164594434577,0.9809617500782556
0.8065767973856209,0.7898164594434577,0.9808541773863062
0.8065767973856209,0.7904085257548845,0.9808441770732969
0.8084150326797386,0.7904085257548845,0.9807151390490024
0.8084150326797386,0.7927767910005921,0.9806736324191024
0.8090277777777778,0.7927767910005921,0.9806458698157736
0.8090277777777778,0.7933688573120189,0.9806392070859388
0.8092320261437909,0.7933688573120189,0.9806268766817464
0.8092320261437909,0.7939609236234458,0.9806233417370483
0.8102532679738562,0.7939609236234458,0.9805675640469612
0.8102532679738562,0.7945529899348727,0.9805599148960658
0.8104575163398693,0.7945529899348727,0.980550996318136
0.8104575163398693,0.7957371225577264,0.9805441285115022
0.8116830065359477,0.7957371225577264,0.9804802150406908
0.8116830065359477,0.7963291888691534,0.9804791903882124
0.8120915032679739,0.7963291888691534,0.9804696098632169
0.8120915032679739,0.7975133214920072,0.9804588167453128
0.8125,0.7975133214920072,0.9804380894862652
0.8125,0.7986974541148608,0.9804073134234106
0.8127042483660131,0.7986974541148608,0.9804070285705382
0.8127042483660131,0.7992895204262878,0.9804047009500474
0.8141339869281046,0.7992895204262878,0.9803041512275696
0.8141339869281046,0.8004736530491415,0.9802894052344712
0.8157679738562091,0.8004736530491415,0.9801810663046376
0.8157679738562091,0.8010657193605684,0.9801802629897642
0.8161764705882353,0.8010657193605684,0.9801411350581246
0.8161764705882353,0.8016577856719953,0.9801230587215226
0.8163807189542484,0.8016577856719953,0.9801156408776116
0.8163807189542484,0.8028419182948491,0.980092577522636
0.8169934640522876,0.8028419182948491,0.9800679349633894
0.8169934640522876,0.8058022498519835,0.98002511750779
0.8174019607843137,0.8058022498519835,0.9800142834746216
0.8174019607843137,0.8063943161634103,0.9800011653408937
0.8180147058823529,0.8063943161634103,0.9799661816057756
0.8180147058823529,0.8069863824748372,0.979964521489216
0.8186274509803921,0.8069863824748372,0.9799487574417532
0.8186274509803921,0.8081705150976909,0.9799197025608096
0.8192401960784313,0.8081705150976909,0.979891064459296
0.8192401960784313,0.8087625814091178,0.9798771819396914
0.8198529411764706,0.8087625814091178,0.979857247381738
0.8198529411764706,0.8093546477205447,0.9798401968213348
0.8206699346405228,0.8093546477205447,0.9797938710740944
0.8206699346405228,0.8099467140319716,0.9797936377207036
0.8212826797385621,0.8099467140319716,0.9797658367763832
0.8212826797385621,0.8105387803433984,0.9797645587581758
0.8214869281045751,0.8105387803433984,0.9797370824270456
0.8214869281045751,0.8111308466548254,0.9797277877313626
0.8227124183006536,0.8111308466548254,0.9796286372058124
0.8227124183006536,0.8117229129662522,0.9796165188534582
0.8245506535947712,0.8117229129662522,0.9794970208598216
0.8245506535947712,0.8123149792776792,0.9794960186321392
0.8255718954248366,0.8123149792776792,0.97948393459868
0.8255718954248366,0.8134991119005328,0.979473315557868
0.8257761437908496,0.8134991119005328,0.9794712851469198
0.8257761437908496,0.8140911782119598,0.9794623421327237
0.8288398692810458,0.8140911782119598,0.9792964808202902
0.8288398692810458,0.8146832445233866,0.979290101906472
0.829248366013072,0.8146832445233866,0.9792809651166756
0.829248366013072,0.8158673771462404,0.9792462144712816
0.8298611111111112,0.8158673771462404,0.9792078633396988
0.8298611111111112,0.8170515097690941,0.979203836133692
0.8310866013071896,0.8170515097690941,0.9791387660962964
0.8310866013071896,0.8176435760805211,0.979123639457632
0.8319035947712419,0.8176435760805211,0.9790814357320536
0.8319035947712419,0.8182356423919479,0.9790757344347778
0.8327205882352942,0.8182356423919479,0.9790427492648976
0.8327205882352942,0.8188277087033747,0.9790296746999484
0.8329248366013072,0.8188277087033747,0.9790250730498048
0.8329248366013072,0.8211959739490823,0.9789271642063426
0.8337418300653595,0.8211959739490823,0.9788696286377034
0.8337418300653595,0.8217880402605092,0.9788604320872484
0.8347630718954249,0.8217880402605092,0.9788034342317872
0.8347630718954249,0.822380106571936,0.9787990011761818
0.8355800653594772,0.822380106571936,0.9787653607089032
0.8355800653594772,0.8229721728833629,0.9787572883958586
0.8357843137254902,0.8229721728833629,0.9787490838368806
0.8357843137254902,0.8253404381290704,0.9786999132344244
0.8361928104575164,0.8253404381290704,0.9786892115040448
0.8361928104575164,0.8265245707519242,0.9786299180307372
0.8376225490196079,0.8265245707519242,0.9785573765269387
0.8376225490196079,0.8271166370633511,0.9785556883121485
0.8384395424836601,0.8271166370633511,0.9784703278855156
0.8384395424836601,0.827708703374778,0.9784667168152568
0.8392565359477124,0.827708703374778,0.978415049742468
0.8392565359477124,0.8283007696862048,0.978411011997421
0.8398692810457516,0.8283007696862048,0.9783479922010354
0.8398692810457516,0.8288928359976317,0.9783249777754062
0.8410947712418301,0.8288928359976317,0.9782622535509682
0.8410947712418301,0.8294849023090586,0.9782515387288108
0.8415032679738562,0.8294849023090586,0.978234290171148
0.8415032679738562,0.8306690349319124,0.9781440434506276
0.8443627450980392,0.8306690349319124,0.978009117904789
0.8443627450980392,0.8312611012433393,0.9780043830776156
0.8453839869281046,0.8312611012433393,0.9779365529963056
0.8453839869281046,0.8324452338661931,0.977884856284946
0.8462009803921569,0.8324452338661931,0.9778731185949684
0.8462009803921569,0.8330373001776199,0.9778657052641184
0.8464052287581699,0.8330373001776199,0.9778618107272924
0.8464052287581699,0.8348134991119005,0.977819435824428
0.8468137254901961,0.8348134991119005,0.9778142954797592
0.8468137254901961,0.8354055654233274,0.9778111427730732
0.8476307189542484,0.8354055654233274,0.9777683292632976
0.8476307189542484,0.8365896980461812,0.9777499077591992
0.8478349673202614,0.8365896980461812,0.9777430831094216
0.8478349673202614,0.837181764357608,0.9777337377452556
0.8480392156862745,0.837181764357608,0.9777277035803456
0.8480392156862745,0.8377738306690349,0.9777272045789988
0.8490604575163399,0.8377738306690349,0.9776475142110908
0.8490604575163399,0.8383658969804618,0.9776207555355736
0.8513071895424836,0.8383658969804618,0.9774818508688796
0.8513071895424836,0.8389579632918887,0.9774789791418216
0.8515114379084967,0.8389579632918887,0.9774762418135832
0.8515114379084967,0.8395500296033156,0.977468140870581
0.8525326797385621,0.8395500296033156,0.9773302940233322
0.8525326797385621,0.8401420959147424,0.977329686702028
0.8537581699346405,0.8401420959147424,0.977258298284498
0.8537581699346405,0.8407341622261694,0.9772551931394936
0.855187908496732,0.8407341622261694,0.977180986966418
0.855187908496732,0.8413262285375962,0.9771676377784566
0.8564133986928104,0.8413262285375962,0.9770831300074634
0.8564133986928104,0.8419182948490231,0.9770824112652888
0.8574346405228758,0.8419182948490231,0.9770157897541816
0.8574346405228758,0.84251036116045,0.9769994993010808
0.8584558823529411,0.84251036116045,0.976933990388852
0.8584558823529411,0.8431024274718768,0.9769223566969634
0.8586601307189542,0.8431024274718768,0.9769071925065872
0.8586601307189542,0.8436944937833037,0.9769071235332524
0.8594771241830066,0.8436944937833037,0.976846036974969
0.8594771241830066,0.8442865600947306,0.9768388114716112
0.8602941176470589,0.8442865600947306,0.9766739274796364
0.8602941176470589,0.8448786264061575,0.9766668459419774
0.8619281045751634,0.8448786264061575,0.9765855129441384
0.8619281045751634,0.8460627590290113,0.9765261744053167
0.8625408496732027,0.8460627590290113,0.97646428003735
0.8625408496732027,0.8466548253404381,0.9764405574306516
0.8637663398692811,0.8466548253404381,0.9763260485123956
0.8637663398692811,0.8472468916518651,0.9763241645300728
0.8641748366013072,0.8472468916518651,0.97630042301437
0.8641748366013072,0.8484310242747187,0.9762422156910138
0.8666258169934641,0.8484310242747187,0.9761236936684072
0.8666258169934641,0.8490230905861457,0.9760705521089854
0.8672385620915033,0.8490230905861457,0.9760418995390334
0.8672385620915033,0.8496151568975725,0.9759875908796212
0.8682598039215687,0.8496151568975725,0.9759269380734624
0.8682598039215687,0.8502072232089994,0.975913421484326
0.8713235294117647,0.8502072232089994,0.9756536792051174
0.8713235294117647,0.8507992895204263,0.975637251749133
0.8717320261437909,0.8507992895204263,0.9756070149905238
0.8717320261437909,0.8513913558318532,0.9755993830630774
0.872140522875817,0.8513913558318532,0.9755764740684156
0.872140522875817,0.85198342214328,0.9755721862303663
0.8723447712418301,0.85198342214328,0.9755650479124924
0.8723447712418301,0.8525754884547069,0.9755575412593352
0.8731617647058824,0.8525754884547069,0.9755044070934202
0.8731617647058824,0.8531675547661338,0.9755029555528304
0.8735702614379085,0.8531675547661338,0.9754994416922648
0.8735702614379085,0.8537596210775606,0.9754770047473972
0.8780637254901961,0.8537596210775606,0.9750825847088862
0.8780637254901961,0.8543516873889876,0.975072911087008
0.8788807189542484,0.8543516873889876,0.9750032392727253
0.8788807189542484,0.8549437537004144,0.974999756606172
0.8790849673202614,0.8549437537004144,0.9749962148402302
0.8790849673202614,0.8555358200118414,0.9749768926097953
0.8801062091503268,0.8555358200118414,0.9748572537875304
0.8801062091503268,0.8567199526346951,0.9748353577752144
0.8803104575163399,0.8567199526346951,0.974833815279594
0.8803104575163399,0.857312018946122,0.974729387817684
0.880718954248366,0.857312018946122,0.9746982071157588
0.880718954248366,0.8579040852575488,0.9746902831221552
0.8815359477124183,0.8579040852575488,0.9745826614831964
0.8815359477124183,0.8584961515689757,0.9745814524519052
0.8827614379084967,0.8584961515689757,0.9744231656084918
0.8827614379084967,0.8596802841918295,0.974360854518416
0.8831699346405228,0.8596802841918295,0.9743399338977436
0.8831699346405228,0.8602723505032563,0.974326778457724
0.8839869281045751,0.8602723505032563,0.9742423332356522
0.8839869281045751,0.8608644168146833,0.974236675025062
0.8845996732026143,0.8608644168146833,0.9741491842683664
0.8845996732026143,0.8614564831261101,0.9741466533905334
0.8854166666666666,0.8614564831261101,0.9739928541848848
0.8854166666666666,0.8620485494375371,0.9739552018115968
0.8856209150326797,0.8620485494375371,0.9739358778041072
0.8856209150326797,0.8626406157489639,0.9739340290959226
0.8874591503267973,0.8626406157489639,0.9737962873610856
0.8874591503267973,0.8632326820603907,0.9737944720604936
0.8876633986928104,0.8632326820603907,0.973756128203783
0.8876633986928104,0.8638247483718177,0.9737456085037456
0.8882761437908496,0.8638247483718177,0.9737142623177172
0.8882761437908496,0.8644168146832445,0.9736990342427354
0.8884803921568627,0.8644168146832445,0.9736940948952776
0.8884803921568627,0.8650088809946714,0.9736839178805928
0.8890931372549019,0.8650088809946714,0.9736273371865184
0.8890931372549019,0.8656009473060983,0.9736231094900828
0.889501633986928,0.8656009473060983,0.9736020226177412
0.889501633986928,0.8661930136175252,0.9735860232249453
0.8899101307189542,0.8661930136175252,0.9735567700118596
0.8899101307189542,0.866785079928952,0.9735386319184722
0.8909313725490197,0.866785079928952,0.9734389258383164
0.8909313725490197,0.8673771462403789,0.9734294538999304
0.891952614379085,0.8673771462403789,0.9732741646684288
0.891952614379085,0.8679692125518058,0.9731955723487796
0.8921568627450981,0.8679692125518058,0.9731750863181003
0.8921568627450981,0.8685612788632326,0.9731226756550106
0.8927696078431373,0.8685612788632326,0.9730518350737256
0.8927696078431373,0.8691533451746596,0.9730472642653858
0.8939950980392157,0.8691533451746596,0.9729876058459176
0.8939950980392157,0.8697454114860864,0.9729494125342716
0.8941993464052288,0.8697454114860864,0.9729223121952206
0.8941993464052288,0.8703374777975134,0.9729198248077152
0.8946078431372549,0.8703374777975134,0.9729104746263328
0.8946078431372549,0.8709295441089402,0.9728827157325408
0.8966503267973857,0.8709295441089402,0.9726074439086794
0.8966503267973857,0.8715216104203671,0.9725960431467824
0.8970588235294118,0.8715216104203671,0.9725683537629362
0.8970588235294118,0.872113676731794,0.972565533993498
0.8984885620915033,0.872113676731794,0.9724754673128352
0.8984885620915033,0.8727057430432208,0.9724739671407868
0.8991013071895425,0.8727057430432208,0.9724177940037324
0.8991013071895425,0.8732978093546477,0.9723981523047768
0.8999183006535948,0.8732978093546477,0.9722795752658282
0.8999183006535948,0.8738898756660746,0.9722770170606668
0.9001225490196079,0.8738898756660746,0.9722597816923576
0.9001225490196079,0.8744819419775015,0.9722474938781572
0.900531045751634,0.8744819419775015,0.9721160385253886
0.900531045751634,0.8750740082889283,0.9721090318239618
0.9013480392156863,0.8750740082889283,0.9719983878343326
0.9013480392156863,0.8756660746003553,0.9719270451960168
0.9040032679738562,0.8756660746003553,0.9716387103815378
0.9040032679738562,0.8762581409117821,0.9716300368370894
0.9042075163398693,0.8762581409117821,0.9716202489711564
0.9042075163398693,0.8768502072232089,0.971615182039162
0.9054330065359477,0.8768502072232089,0.971494383476682
0.9054330065359477,0.8786264061574897,0.9714139443795616
0.9060457516339869,0.8786264061574897,0.9713784744834002
0.9060457516339869,0.8798105387803434,0.9713625825726604
0.9068627450980392,0.8798105387803434,0.971348636850838
0.9068627450980392,0.8804026050917703,0.9713374694871392
0.9080882352941176,0.8804026050917703,0.9711964628523886
0.9080882352941176,0.881586737714624,0.9711834673379528
0.9082924836601307,0.881586737714624,0.9711793609243692
0.9082924836601307,0.8827708703374778,0.9710865617887164
0.9087009803921569,0.8827708703374778,0.9709370742863086
0.9087009803921569,0.8839550029603316,0.970902928399774
0.909109477124183,0.8839550029603316,0.9708067642664908
0.909109477124183,0.8845470692717584,0.9707878588623556
0.9125816993464052,0.8845470692717584,0.9703726917617684
0.9125816993464052,0.886915334517466,0.9702871362545176
0.9142156862745098,0.886915334517466,0.9701969724987498
0.9142156862745098,0.8875074008288928,0.9701462553485244
0.9152369281045751,0.8875074008288928,0.970069204778322
0.9152369281045751,0.8880994671403197,0.9700604156606532
0.9166666666666666,0.8880994671403197,0.969925993788241
0.9166666666666666,0.8886915334517466,0.9698955903912824
0.9187091503267973,0.8886915334517466,0.969713183008795
0.9187091503267973,0.8892835997631735,0.969712539100622
0.9195261437908496,0.8892835997631735,0.9696412937447269
0.9195261437908496,0.8898756660746003,0.969628998742262
0.920751633986928,0.8898756660746003,0.9694882132075696
0.920751633986928,0.8904677323860273,0.9694861297475968
0.9211601307189542,0.8904677323860273,0.9694572322405132
0.9211601307189542,0.8916518650088809,0.969420642930744
0.9215686274509803,0.8916518650088809,0.969385549847753
0.9215686274509803,0.8928359976317347,0.9690945998047272
0.923202614379085,0.8928359976317347,0.9688950084951782
0.923202614379085,0.8940201302545885,0.9688527014164554
0.9234068627450981,0.8940201302545885,0.9687599471790592
0.9234068627450981,0.8946121965660154,0.9687395482662198
0.9242238562091504,0.8946121965660154,0.9686579221279206
0.9242238562091504,0.8952042628774423,0.968643175903546
0.9250408496732027,0.8952042628774423,0.9685892423549308
0.9250408496732027,0.8957963291888692,0.9685597603091408
0.926062091503268,0.8957963291888692,0.9684223232629184
0.926062091503268,0.8981645944345766,0.968287691061831
0.9266748366013072,0.8981645944345766,0.9682025165271212
0.9266748366013072,0.8987566607460036,0.9681844099417644
0.9276960784313726,0.8987566607460036,0.968065556409556
0.9276960784313726,0.9005328596802842,0.9680094108406267
0.9291258169934641,0.9005328596802842,0.9679273686550788
0.9291258169934641,0.9011249259917111,0.967903292530597
0.9293300653594772,0.9011249259917111,0.9678921897225184
0.9293300653594772,0.901716992303138,0.9678837281784912
0.9295343137254902,0.901716992303138,0.9678402290140324
0.9295343137254902,0.9023090586145648,0.9677971671818352
0.9297385620915033,0.9023090586145648,0.9676972886869932
0.9297385620915033,0.9029011249259917,0.9676927850351644
0.9311683006535948,0.9029011249259917,0.9675162276755596
0.9311683006535948,0.9034931912374186,0.96746494199084
0.9319852941176471,0.9034931912374186,0.9673663572014032
0.9319852941176471,0.9040852575488455,0.9673459222590296
0.9330065359477124,0.9040852575488455,0.9671288238343958
0.9330065359477124,0.9046773238602723,0.967119417273402
0.9332107843137255,0.9046773238602723,0.9670988287682654
0.9332107843137255,0.9052693901716993,0.9670909118199597
0.9334150326797386,0.9052693901716993,0.9670893724922384
0.9334150326797386,0.9058614564831261,0.9670694961466147
0.9336192810457516,0.9058614564831261,0.9670611102265416
0.9336192810457516,0.9064535227945529,0.9670529720375678
0.9342320261437909,0.9064535227945529,0.96701692948917
0.9342320261437909,0.9070455891059799,0.96697888265912
0.9344362745098039,0.9070455891059799,0.9669719190110831
0.9344362745098039,0.9076376554174067,0.9669663114177842
0.9350490196078431,0.9076376554174067,0.9666579211053244
0.9350490196078431,0.9082297217288336,0.9665530897559678
0.9360702614379085,0.9082297217288336,0.9663960159000968
0.9360702614379085,0.9105979869745412,0.9662386544412428
0.9364787581699346,0.9105979869745412,0.9660632617878204
0.9364787581699346,0.9117821195973949,0.966029768331354
0.9397467320261438,0.9117821195973949,0.965494525326266
0.9397467320261438,0.9123741859088218,0.9654876794998934
0.9405637254901961,0.9123741859088218,0.9654264067140168
0.9405637254901961,0.9129662522202486,0.965348495096222
0.9409722222222222,0.9129662522202486,0.9653139180584552
0.9409722222222222,0.9135583185316756,0.9652664618729456
0.9419934640522876,0.9135583185316756,0.9650418940261964
0.9419934640522876,0.9141503848431024,0.9649821737440832
0.9424019607843137,0.9141503848431024,0.9649688985018764
0.9424019607843137,0.9147424511545293,0.9649503441678076
0.9434232026143791,0.9147424511545293,0.9648765589429836
0.9434232026143791,0.9153345174659562,0.9647623061212028
0.9462826797385621,0.9153345174659562,0.9640534719189756
0.9462826797385621,0.9171107164002368,0.963840267550928
0.9470996732026143,0.9171107164002368,0.9637478350742696
0.9470996732026143,0.9182948490230906,0.9636812425085476
0.9473039215686274,0.9182948490230906,0.9635998637180327
0.9473039215686274,0.9188869153345175,0.9635735785353784
0.9487336601307189,0.9188869153345175,0.9632189731686348
0.9487336601307189,0.9194789816459443,0.9631563443786552
0.948937908496732,0.9194789816459443,0.9631404240579406
0.948937908496732,0.9200710479573713,0.9631281722944852
0.9491421568627451,0.9200710479573713,0.963073063129982
0.9491421568627451,0.9206631142687981,0.9630675940994442
0.9493464052287581,0.9206631142687981,0.9630604797242556
0.9493464052287581,0.9212551805802249,0.963025466051002
0.9501633986928104,0.9212551805802249,0.9628602491877168
0.9501633986928104,0.9218472468916519,0.9627634678429922
0.9505718954248366,0.9218472468916519,0.9627297035535668
0.9505718954248366,0.9224393132030787,0.9627210206805988
0.9511846405228758,0.9224393132030787,0.9626437483045658
0.9511846405228758,0.9230313795145056,0.962627881974958
0.9513888888888888,0.9230313795145056,0.9626079552067052
0.9513888888888888,0.9236234458259325,0.9625706585162368
0.951797385620915,0.9236234458259325,0.9625551908979836
0.951797385620915,0.9242155121373594,0.9624404741621326
0.9522058823529411,0.9242155121373594,0.9623123587675751
0.9522058823529411,0.9248075784487862,0.962303044780768
0.9530228758169934,0.9248075784487862,0.962172993519274
0.9530228758169934,0.9253996447602132,0.9620356267154068
0.954248366013072,0.9253996447602132,0.9618662368053416
0.954248366013072,0.92599171107164,0.961828469702276
0.954452614379085,0.92599171107164,0.9616897393812291
0.954452614379085,0.9271758436944938,0.961505765634666
0.9554738562091504,0.9271758436944938,0.9613492684118988
0.9554738562091504,0.9277679100059206,0.9613379343592292
0.9556781045751634,0.9277679100059206,0.9612307564471556
0.9556781045751634,0.9283599763173476,0.9611687231768844
0.9558823529411765,0.9283599763173476,0.9611218505202872
0.9558823529411765,0.9289520426287744,0.9609444573910736
0.957312091503268,0.9289520426287744,0.960569231958868
0.957312091503268,0.9295441089402013,0.9604258838713162
0.9581290849673203,0.9295441089402013,0.9601622859307442
0.9581290849673203,0.9301361752516282,0.9601203914487269
0.9585375816993464,0.9301361752516282,0.9600604350006284
0.9585375816993464,0.9307282415630551,0.9599911943693928
0.9587418300653595,0.9307282415630551,0.959943289685605
0.9587418300653595,0.931320307874482,0.9599360614853056
0.9589460784313726,0.931320307874482,0.9598144198610798
0.9589460784313726,0.9319123741859088,0.9598086148921046
0.9591503267973857,0.9319123741859088,0.9597854748320068
0.9591503267973857,0.9325044404973357,0.9596705107787576
0.9603758169934641,0.9325044404973357,0.9594366186574228
0.9603758169934641,0.9330965068087625,0.959199787489082
0.9607843137254902,0.9330965068087625,0.9590651232333796
0.9607843137254902,0.9336885731201895,0.959030820931906
0.9611928104575164,0.9336885731201895,0.9589939835960009
0.9611928104575164,0.9342806394316163,0.9589570101051834
0.9620098039215687,0.9342806394316163,0.9588643974584894
0.9620098039215687,0.9348727057430433,0.9588516944362164
0.9622140522875817,0.9348727057430433,0.9587303344749594
0.9622140522875817,0.9354647720544701,0.9586689088064266
0.9624183006535948,0.9354647720544701,0.9586194249077438
0.9624183006535948,0.9366489046773239,0.9584352290091038
0.9626225490196079,0.9366489046773239,0.9583733574276572
0.9626225490196079,0.9372409709887507,0.9583364710441769
0.9628267973856209,0.9372409709887507,0.9582865552679714
0.9628267973856209,0.9378330373001776,0.9582563030750342
0.9634395424836601,0.9378330373001776,0.9581389374742042
0.9634395424836601,0.9390171699230314,0.9579444746466624
0.9638480392156863,0.9390171699230314,0.9578453844589828
0.9638480392156863,0.9396092362344582,0.9577367709115708
0.9644607843137255,0.9396092362344582,0.9576761879785016
0.9644607843137255,0.9402013025458852,0.9576556865112118
0.9646650326797386,0.9402013025458852,0.9576426994402624
0.9646650326797386,0.940793368857312,0.957584480798232
0.9648692810457516,0.940793368857312,0.9575537228505582
0.9648692810457516,0.9419775014801658,0.9573471658187518
0.9656862745098039,0.9419775014801658,0.956961310968405
0.9656862745098039,0.9425695677915926,0.9567364326751746
0.9660947712418301,0.9425695677915926,0.9565264270283924
0.9660947712418301,0.9437537004144464,0.9564825746277714
0.9667075163398693,0.9437537004144464,0.9561485201672446
0.9667075163398693,0.9443457667258733,0.9560927049740984
0.9673202614379085,0.9443457667258733,0.955880803111658
0.9673202614379085,0.9449378330373002,0.9558408898575548
0.9677287581699346,0.9449378330373002,0.9556843324366432
0.9677287581699346,0.9461219656601539,0.9556579116045214
0.9679330065359477,0.9461219656601539,0.9556569301083002
0.9679330065359477,0.9467140319715808,0.955519313537389
0.96875,0.9467140319715808,0.9551912561514172
0.96875,0.9473060982830077,0.9551331466878245
0.9689542483660131,0.9473060982830077,0.9550646032111982
0.9689542483660131,0.9478981645944345,0.95506298238662
0.9691584967320261,0.9478981645944345,0.9549901419495874
0.9691584967320261,0.9484902309058615,0.9549665699182328
0.9693627450980392,0.9484902309058615,0.9549126877896756
0.9693627450980392,0.9496743635287153,0.9547969732523848
0.9695669934640523,0.9496743635287153,0.9547645298988656
0.9695669934640523,0.9508584961515689,0.9544802813535084
0.9703839869281046,0.9508584961515689,0.9541910735664972
0.9703839869281046,0.9514505624629959,0.9541893432357296
0.9712009803921569,0.9514505624629959,0.9538031531004472
0.9712009803921569,0.9520426287744227,0.953616921295698
0.9722222222222222,0.9520426287744227,0.9532391391762248
0.9722222222222222,0.9526346950858496,0.9531946174772424
0.9736519607843137,0.9526346950858496,0.9527178522938402
0.9736519607843137,0.9532267613972765,0.9526599284346008
0.9742647058823529,0.9532267613972765,0.9525674112985888
0.9742647058823529,0.9550029603315572,0.9519684221072796
0.9752859477124183,0.9550029603315572,0.9512541049742664
0.9752859477124183,0.955595026642984,0.951068631404944
0.9754901960784313,0.955595026642984,0.9508713935370634
0.9754901960784313,0.9561870929544108,0.9507053898926928
0.9767156862745098,0.9561870929544108,0.949983081532218
0.9767156862745098,0.9567791592658378,0.9499729890366952
0.9769199346405228,0.9567791592658378,0.9497942360232337
0.9769199346405228,0.9573712255772646,0.9495383607793668
0.977328431372549,0.9573712255772646,0.9480121422169644
0.977328431372549,0.9585553582001184,0.947945165330966
0.9779411764705882,0.9585553582001184,0.9475519904833584
0.9779411764705882,0.9591474245115453,0.9474696090696694
0.9789624183006536,0.9591474245115453,0.946922795107656
0.9789624183006536,0.9609236234458259,0.9468023306303528
0.9791666666666666,0.9609236234458259,0.9465110281889793
0.9791666666666666,0.9615156897572528,0.946178476461418
0.9795751633986928,0.9615156897572528,0.9453921306965872
0.9795751633986928,0.9621077560686797,0.9452205553971088
0.9799836601307189,0.9621077560686797,0.9449209229408272
0.9799836601307189,0.9626998223801065,0.9448163019746788
0.9808006535947712,0.9626998223801065,0.9443068427755938
0.9808006535947712,0.9650680876258141,0.9434264232980802
0.9820261437908496,0.9650680876258141,0.9428184056490772
0.9820261437908496,0.9662522202486679,0.9426419766429592
0.9826388888888888,0.9662522202486679,0.9423110646029668
0.9826388888888888,0.9668442865600947,0.942290688194146
0.9828431372549019,0.9668442865600947,0.9422636353395744
0.9828431372549019,0.9674363528715216,0.9422144528564408
0.983047385620915,0.9674363528715216,0.9419438993953728
0.983047385620915,0.9680284191829485,0.9419301435954546
0.9834558823529411,0.9680284191829485,0.9418906718121492
0.9834558823529411,0.9686204854943754,0.9416512100745122
0.9840686274509803,0.9686204854943754,0.9414208832182488
0.9840686274509803,0.9692125518058022,0.9406794854430718
0.9842728758169934,0.9692125518058022,0.9406575843080052
0.9842728758169934,0.9698046181172292,0.9405600877493208
0.9861111111111112,0.9698046181172292,0.9391159359657666
0.9861111111111112,0.970396684428656,0.938771839112554
0.9863153594771242,0.970396684428656,0.9387704764584668
0.9863153594771242,0.9709887507400828,0.9385302123849356
0.9869281045751634,0.9709887507400828,0.9373779130803954
0.9869281045751634,0.9727649496743636,0.9370621989224917
0.9871323529411765,0.9727649496743636,0.9365880678082296
0.9871323529411765,0.9733570159857904,0.9365880227233948
0.9875408496732027,0.9733570159857904,0.9363703649026308
0.9875408496732027,0.9745411486086442,0.9357828722064934
0.9879493464052288,0.9745411486086442,0.934029579609068
0.9879493464052288,0.9751332149200711,0.9337592210354816
0.9889705882352942,0.9751332149200711,0.9322213534746868
0.9889705882352942,0.9757252812314979,0.932105255724405
0.9891748366013072,0.9757252812314979,0.9315766381674102
0.9891748366013072,0.9763173475429248,0.9311651489247827
0.9908088235294118,0.9763173475429248,0.9286607339155358
0.9908088235294118,0.9775014801657785,0.928258239501894
0.9922385620915033,0.9775014801657785,0.926230878632485
0.9922385620915033,0.9780935464772055,0.9252647395852158
0.9926470588235294,0.9780935464772055,0.925172051598526
0.9926470588235294,0.9786856127886323,0.9251193284384802
0.9930555555555556,0.9786856127886323,0.9247234507420348
0.9930555555555556,0.9792776791000593,0.9243693635615554
0.9938725490196079,0.9792776791000593,0.9229461198019548
0.9938725490196079,0.9798697454114861,0.9229248790016488
0.9940767973856209,0.9798697454114861,0.9218661646296664
0.9940767973856209,0.9804618117229129,0.9214432090239189
0.994281045751634,0.9804618117229129,0.9212735970823588
0.994281045751634,0.9810538780343399,0.9211947827483642
0.9944852941176471,0.9810538780343399,0.921183583722679
0.9944852941176471,0.9816459443457667,0.9210557750088332
0.9946895424836601,0.9816459443457667,0.9206463494578664
0.9946895424836601,0.9828300769686205,0.9202651619612788
0.9948937908496732,0.9828300769686205,0.9194564299735696
0.9948937908496732,0.9834221432800474,0.9190427484042454
0.9950980392156863,0.9834221432800474,0.918228590348522
0.9950980392156863,0.9840142095914742,0.9174811943839062
0.9953022875816994,0.9840142095914742,0.9153376675182172
0.9953022875816994,0.9863824748371818,0.9138573940659604
0.9955065359477124,0.9863824748371818,0.9136949850269778
0.9955065359477124,0.9869745411486086,0.9134577890023258
0.9961192810457516,0.9869745411486086,0.9115486624889602
0.9961192810457516,0.9875666074600356,0.9110855798676238
0.9965277777777778,0.9875666074600356,0.9097473483349704
0.9965277777777778,0.9887507400828893,0.9074394455426332
0.9967320261437909,0.9887507400828893,0.9062035401150974
0.9967320261437909,0.9893428063943162,0.9053008825295462
0.9969362745098039,0.9893428063943162,0.9052058002896896
0.9969362745098039,0.9899348727057431,0.9042814792738538
0.9977532679738562,0.9899348727057431,0.9024090491854192
0.9977532679738562,0.9911190053285968,0.901677871604353
0.9979575163398693,0.9911190053285968,0.9011482191867336
0.9979575163398693,0.9917110716400237,0.9004367746444415
0.9983660130718954,0.9917110716400237,0.8965339297347213
0.9983660130718954,0.9934872705743043,0.8956471995689904
0.9985702614379085,0.9934872705743043,0.8949483302482414
0.9985702614379085,0.9958555358200119,0.8844554916354369
0.9989787581699346,0.9958555358200119,0.8840042714973326
0.9989787581699346,0.9964476021314387,0.8836680901649038
0.9991830065359477,0.9964476021314387,0.8828852150158435
0.9991830065359477,0.9976317347542925,0.8784634095392201
0.9993872549019608,0.9976317347542925,0.8784102661354312
0.9993872549019608,1.0,0.864525290264016
1.0,1.0,0.8244382577548981
